session,variant,model,batch_size,run_index,img_size,attempt_timestamp,started_at,fwd_mean_ms,fwd_median_ms,fwd_std_ms,fwd_p95_ms,fwd_min_ms,fwd_max_ms,fwd_n,fwd_nms_mean_ms,fwd_nms_median_ms,fwd_nms_p95_ms,loop_mean_ms,per_image_ms,peak_memory_mib,device,gpu_name,driver,sm_clock_start_mhz,sm_clock_end_mhz,sm_clock_max_mhz,temp_start_c,temp_end_c,power_end_w,mem_used_start_mib,other_procs_start,other_procs_end,throttle_end,engine_trt_subgraphs,engine_torch_subgraphs,engine_fallback_ops,engine_compile_s,engine_load_s,tf32,torch,torch_tensorrt,ultralytics,file,interference
main,eager_fp32,yolov8l,1,0,640,20260930T144543_611449Z,2026-09-30T14:45:44+00:00,8.080829861573875,8.043344598263502,0.2171887049873227,8.13351550605148,8.015668950974941,9.914906695485115,100,13.340694378130138,8.759100688621402,8.851961302570999,7.978541739284993,8.080829861573875,423.75146484375,cuda:0,NVIDIA A100-PCIE-40GB,535.288.01,345.0,1410.0,1410.0,40.0,44.0,64.0,13.0,0,0,,,,,,,True,2.3.1+cu121,2.3.0+cu121,8.4.153,raw/main/runs/eager_fp32/yolov8l/bs1__run0__20260930T144543_611449Z__ok.json,
main,eager_fp32,yolov8l,1,1,640,20260930T150610_976618Z,2026-09-30T15:06:12+00:00,8.084394671022892,8.063620887696743,0.10645826882130192,8.156459406018257,8.028805255889893,9.07701812684536,100,13.237589793279767,8.785225916653872,8.899438893422484,8.01996377762407,8.084394671022892,423.7509765625,cuda:0,NVIDIA A100-PCIE-40GB,535.288.01,765.0,1410.0,1410.0,43.0,46.0,179.32,13.0,0,0,,,,,,,True,2.3.1+cu121,2.3.0+cu121,8.4.153,raw/main/runs/eager_fp32/yolov8l/bs1__run1__20260930T150610_976618Z__ok.json,
main,eager_fp32,yolov8l,1,2,640,20260930T153057_440992Z,2026-09-30T15:30:58+00:00,8.076506308279932,8.045608410611749,0.11270123985110925,8.152026101015508,8.008378092199564,9.089964907616377,100,13.311450416222215,8.767585502937436,8.893393795005977,7.973918858915567,8.076506308279932,423.7509765625,cuda:0,NVIDIA A100-PCIE-40GB,535.288.01,765.0,1410.0,1410.0,46.0,49.0,66.09,13.0,0,0,,,,,,,True,2.3.1+cu121,2.3.0+cu121,8.4.153,raw/main/runs/eager_fp32/yolov8l/bs1__run2__20260930T153057_440992Z__ok.json,
main,eager_fp32,yolov8l,1,3,640,20260930T154542_002825Z,2026-09-30T15:45:43+00:00,8.090401059016585,8.08194256387651,0.10330678467354582,8.130875555798411,8.014816790819168,9.029344655573368,100,13.687994899228215,8.81373998709023,8.89295048546046,7.970563136041164,8.090401059016585,423.7509765625,cuda:0,NVIDIA A100-PCIE-40GB,535.288.01,360.0,1410.0,1410.0,40.0,43.0,177.4,13.0,0,0,,,,,,,True,2.3.1+cu121,2.3.0+cu121,8.4.153,raw/main/runs/eager_fp32/yolov8l/bs1__run3__20260930T154542_002825Z__ok.json,
main,eager_fp32,yolov8l,1,4,640,20260930T160724_656223Z,2026-09-30T16:07:25+00:00,8.121599368751049,8.102012798190117,0.10952683520585223,8.182339859195054,8.048261981457472,9.131012950092554,100,13.83050411939621,8.818770060315728,8.925469149835408,8.041909257881343,8.121599368751049,423.7509765625,cuda:0,NVIDIA A100-PCIE-40GB,535.288.01,765.0,1410.0,1410.0,41.0,45.0,188.93,13.0,0,0,,,,,,,True,2.3.1+cu121,2.3.0+cu121,8.4.153,raw/main/runs/eager_fp32/yolov8l/bs1__run4__20260930T160724_656223Z__ok.json,
main,eager_fp32,yolov8l,2,0,640,20260930T144007_447873Z,2026-09-30T14:40:08+00:00,8.874514666385949,8.881290908902884,0.10979953334314871,8.912001154385507,8.762348908931017,9.88471694290638,100,14.677516175433993,10.077109094709158,10.120875481516123,9.097738680429757,4.437257333192974,516.19287109375,cuda:0,NVIDIA A100-PCIE-40GB,535.288.01,510.0,1380.0,1410.0,39.0,46.0,106.66,13.0,0,0,sw_power_cap,,,,,,True,2.3.1+cu121,2.3.0+cu121,8.4.153,raw/main/runs/eager_fp32/yolov8l/bs2__run0__20260930T144007_447873Z__ok.json,throttle sw_power_cap
main,eager_fp32,yolov8l,2,1,640,20260930T145944_592958Z,2026-09-30T14:59:45+00:00,8.872006740421057,8.841782109811902,0.25626341216178145,8.91603697091341,8.713718969374895,11.358559131622314,100,14.48603481054306,10.039134416729212,10.110115958377719,9.087176318280399,4.436003370210528,516.193359375,cuda:0,NVIDIA A100-PCIE-40GB,535.288.01,450.0,1380.0,1410.0,45.0,51.0,253.96,13.0,0,0,sw_power_cap,,,,,,True,2.3.1+cu121,2.3.0+cu121,8.4.153,raw/main/runs/eager_fp32/yolov8l/bs2__run1__20260930T145944_592958Z__ok.json,throttle sw_power_cap
main,eager_fp32,yolov8l,2,2,640,20260930T151907_365476Z,2026-09-30T15:19:08+00:00,8.883846080861986,8.867564145475626,0.06631091245553726,8.948819804936647,8.739206939935684,9.272994939237833,100,14.36600900720805,10.049508651718497,10.132877412252128,9.127341210842133,4.441923040430993,516.19287109375,cuda:0,NVIDIA A100-PCIE-40GB,535.288.01,765.0,1380.0,1410.0,47.0,53.0,213.45,13.0,0,0,sw_power_cap,,,,,,True,2.3.1+cu121,2.3.0+cu121,8.4.153,raw/main/runs/eager_fp32/yolov8l/bs2__run2__20260930T151907_365476Z__ok.json,throttle sw_power_cap
main,eager_fp32,yolov8l,2,3,640,20260930T154212_646045Z,2026-09-30T15:42:13+00:00,8.840085021220148,8.788511855527759,0.25177351455186,8.91295075416565,8.68025328963995,11.252006981521845,100,15.86969771888107,9.986870922148228,10.117238527163863,9.08329239115119,4.420042510610074,516.19287109375,cuda:0,NVIDIA A100-PCIE-40GB,535.288.01,765.0,1380.0,1410.0,42.0,49.0,84.7,13.0,0,0,sw_power_cap,,,,,,True,2.3.1+cu121,2.3.0+cu121,8.4.153,raw/main/runs/eager_fp32/yolov8l/bs2__run3__20260930T154212_646045Z__ok.json,throttle sw_power_cap
main,eager_fp32,yolov8l,2,4,640,20260930T160733_489557Z,2026-09-30T16:07:34+00:00,8.864601142704487,8.857394801452756,0.055438841068312254,8.958435128442943,8.707439061254263,9.071222972124815,100,14.521658150479198,10.0665632635355,10.15309328213334,9.062195741571486,4.432300571352243,516.19384765625,cuda:0,NVIDIA A100-PCIE-40GB,535.288.01,435.0,1380.0,1410.0,40.0,48.0,66.88,13.0,0,0,sw_power_cap,,,,,,True,2.3.1+cu121,2.3.0+cu121,8.4.153,raw/main/runs/eager_fp32/yolov8l/bs2__run4__20260930T160733_489557Z__ok.json,throttle sw_power_cap
main,eager_fp32,yolov8l,4,0,640,20260930T144743_883745Z,2026-09-30T14:47:45+00:00,15.36283808760345,15.367018524557352,0.15035961716662483,15.546856075525284,14.769748784601688,15.890725888311863,100,23.263012203387916,17.480639507994056,17.69317095167935,15.831618998199701,3.8407095219008625,806.32763671875,cuda:0,NVIDIA A100-PCIE-40GB,535.288.01,1410.0,1365.0,1410.0,48.0,54.0,246.24,13.0,0,0,sw_power_cap,,,,,,True,2.3.1+cu121,2.3.0+cu121,8.4.153,raw/main/runs/eager_fp32/yolov8l/bs4__run0__20260930T144743_883745Z__ok.json,throttle sw_power_cap
main,eager_fp32,yolov8l,4,1,640,20260930T145539_448036Z,2026-09-30T14:55:40+00:00,15.303656780160964,15.29199699871242,0.12546978971172407,15.43394485488534,14.774299692362547,15.81502566114068,100,21.955072339624166,17.405715072527528,17.550610518082976,15.760117312893271,3.825914195040241,806.32763671875,cuda:0,NVIDIA A100-PCIE-40GB,535.288.01,435.0,1365.0,1410.0,43.0,50.0,65.59,13.0,0,0,sw_power_cap,,,,,,True,2.3.1+cu121,2.3.0+cu121,8.4.153,raw/main/runs/eager_fp32/yolov8l/bs4__run1__20260930T145539_448036Z__ok.json,throttle sw_power_cap
main,eager_fp32,yolov8l,4,2,640,20260930T152040_025428Z,2026-09-30T15:20:41+00:00,15.302165318280458,15.284938970580697,0.1368527988311172,15.506315627135336,14.742615167051554,15.852624084800482,100,21.835391647182405,17.38254399970174,17.621738137677312,15.745690357871354,3.8255413295701146,806.3271484375,cuda:0,NVIDIA A100-PCIE-40GB,535.288.01,765.0,1365.0,1410.0,45.0,52.0,251.23,13.0,0,0,sw_power_cap,,,,,,True,2.3.1+cu121,2.3.0+cu121,8.4.153,raw/main/runs/eager_fp32/yolov8l/bs4__run2__20260930T152040_025428Z__ok.json,throttle sw_power_cap
main,eager_fp32,yolov8l,4,3,640,20260930T154631_886626Z,2026-09-30T15:46:33+00:00,15.23631019052118,15.223083086311817,0.12801111564477047,15.374619397334754,14.933077152818441,15.756935812532902,100,22.31325812637806,17.322698840871453,17.49846723396331,15.672607659362257,3.809077547630295,806.32763671875,cuda:0,NVIDIA A100-PCIE-40GB,535.288.01,495.0,1365.0,1410.0,40.0,48.0,251.22,13.0,0,0,sw_power_cap,,,,,,True,2.3.1+cu121,2.3.0+cu121,8.4.153,raw/main/runs/eager_fp32/yolov8l/bs4__run3__20260930T154631_886626Z__ok.json,throttle sw_power_cap
main,eager_fp32,yolov8l,4,4,640,20260930T161220_174479Z,2026-09-30T16:12:21+00:00,15.233870511874557,15.223007649183273,0.14596412519801324,15.45444957446307,14.669886790215969,15.733978245407343,100,22.785046035423875,17.34192483127117,17.580933310091496,15.67585518117994,3.808467627968639,806.32763671875,cuda:0,NVIDIA A100-PCIE-40GB,535.288.01,615.0,1365.0,1410.0,42.0,49.0,86.07,13.0,0,0,sw_power_cap,,,,,,True,2.3.1+cu121,2.3.0+cu121,8.4.153,raw/main/runs/eager_fp32/yolov8l/bs4__run4__20260930T161220_174479Z__ok.json,throttle sw_power_cap
main,eager_fp32,yolov8l,8,0,640,20260930T143726_652357Z,2026-09-30T14:37:27+00:00,28.86752433143556,28.836089186370373,0.3185886180972882,29.389724601060152,27.473832946270704,29.657545033842325,100,37.99118938855827,32.79526578262448,33.338872413150966,29.615937280468643,3.608440541429445,1193.34619140625,cuda:0,NVIDIA A100-PCIE-40GB,535.288.01,765.0,1365.0,1410.0,43.0,52.0,161.5,13.0,0,0,sw_power_cap,,,,,,True,2.3.1+cu121,2.3.0+cu121,8.4.153,raw/main/runs/eager_fp32/yolov8l/bs8__run0__20260930T143726_652357Z__ok.json,throttle sw_power_cap
main,eager_fp32,yolov8l,8,1,640,20260930T145706_325670Z,2026-09-30T14:57:07+00:00,28.769764695316553,28.74277299270034,0.32739932890569773,29.233302315697074,27.361037209630013,29.3410480953753,100,37.318529756739736,32.66798099502921,33.24196059256792,29.490961018018425,3.596220586914569,1193.34619140625,cuda:0,NVIDIA A100-PCIE-40GB,535.288.01,345.0,1350.0,1410.0,42.0,52.0,252.77,13.0,0,0,sw_power_cap,,,,,,True,2.3.1+cu121,2.3.0+cu121,8.4.153,raw/main/runs/eager_fp32/yolov8l/bs8__run1__20260930T145706_325670Z__ok.json,throttle sw_power_cap
main,eager_fp32,yolov8l,8,2,640,20260930T151525_455563Z,2026-09-30T15:15:26+00:00,28.788950815796852,28.774440055713058,0.27324174782800476,29.137506056576967,28.001905884593725,29.588203877210617,100,37.841239725239575,32.75057370774448,33.12752211932093,29.595184661448002,3.5986188519746065,1193.34619140625,cuda:0,NVIDIA A100-PCIE-40GB,535.288.01,765.0,1365.0,1410.0,45.0,53.0,240.95,13.0,0,0,sw_power_cap,,,,,,True,2.3.1+cu121,2.3.0+cu121,8.4.153,raw/main/runs/eager_fp32/yolov8l/bs8__run2__20260930T151525_455563Z__ok.json,throttle sw_power_cap
main,eager_fp32,yolov8l,8,3,640,20260930T153540_932103Z,2026-09-30T15:35:42+00:00,28.733796612359583,28.724461561068892,0.3284812516311013,29.175181966274977,27.354985009878874,29.57849996164441,100,37.643367163836956,32.59027702733874,33.13774841371924,29.492901316843927,3.591724576544948,1193.34619140625,cuda:0,NVIDIA A100-PCIE-40GB,535.288.01,375.0,1350.0,1410.0,41.0,49.0,247.38,13.0,0,0,sw_power_cap,,,,,,True,2.3.1+cu121,2.3.0+cu121,8.4.153,raw/main/runs/eager_fp32/yolov8l/bs8__run3__20260930T153540_932103Z__ok.json,throttle sw_power_cap
main,eager_fp32,yolov8l,8,4,640,20260930T161312_863129Z,2026-09-30T16:13:14+00:00,28.765596263110638,28.760199435055256,0.3145196136153015,29.18249969370663,27.460644952952862,29.547426849603653,100,37.274876767769456,32.70528209395707,33.161652414128184,29.504298670217395,3.5956995328888297,1193.34716796875,cuda:0,NVIDIA A100-PCIE-40GB,535.288.01,765.0,1350.0,1410.0,42.0,50.0,71.24,13.0,0,0,sw_power_cap,,,,,,True,2.3.1+cu121,2.3.0+cu121,8.4.153,raw/main/runs/eager_fp32/yolov8l/bs8__run4__20260930T161312_863129Z__ok.json,throttle sw_power_cap
main,eager_fp32,yolov8l,12,0,640,20260930T144435_190582Z,2026-09-30T14:44:36+00:00,43.90019633807242,43.939310824498534,0.35935786321438146,44.38799109775573,42.39257890731096,44.92116579785943,100,54.32137165218592,49.76357682608068,50.26236737612635,44.96169752907008,3.658349694839368,1702.865234375,cuda:0,NVIDIA A100-PCIE-40GB,535.288.01,630.0,1350.0,1410.0,43.0,53.0,247.93,13.0,0,0,sw_power_cap,,,,,,True,2.3.1+cu121,2.3.0+cu121,8.4.153,raw/main/runs/eager_fp32/yolov8l/bs12__run0__20260930T144435_190582Z__ok.json,throttle sw_power_cap
main,eager_fp32,yolov8l,12,1,640,20260930T145736_442510Z,2026-09-30T14:57:37+00:00,43.811087724752724,43.87689405120909,0.3343609650759897,44.25214580260217,42.27115027606487,44.943928718566895,100,54.11851086653769,49.68197038397193,50.07057026959956,44.840835253708065,3.650923977062727,1702.865234375,cuda:0,NVIDIA A100-PCIE-40GB,535.288.01,435.0,1350.0,1410.0,42.0,51.0,244.35,13.0,0,0,sw_power_cap,,,,,,True,2.3.1+cu121,2.3.0+cu121,8.4.153,raw/main/runs/eager_fp32/yolov8l/bs12__run1__20260930T145736_442510Z__ok.json,throttle sw_power_cap
main,eager_fp32,yolov8l,12,2,640,20260930T151744_155632Z,2026-09-30T15:17:45+00:00,43.86521023698151,43.91824034973979,0.3502131500142293,44.34286809992045,42.34322905540466,44.79191126301885,100,54.03302161023021,49.63678331114352,50.16974445898086,44.85338720027357,3.655434186415126,1702.86572265625,cuda:0,NVIDIA A100-PCIE-40GB,535.288.01,765.0,1365.0,1410.0,41.0,51.0,245.11,13.0,0,0,sw_power_cap,,,,,,True,2.3.1+cu121,2.3.0+cu121,8.4.153,raw/main/runs/eager_fp32/yolov8l/bs12__run2__20260930T151744_155632Z__ok.json,throttle sw_power_cap
main,eager_fp32,yolov8l,12,3,640,20260930T154940_812324Z,2026-09-30T15:49:42+00:00,43.90010709874332,43.962766882032156,0.4023216956536764,44.4447718327865,41.947613935917616,45.0257807970047,100,53.89615115709603,49.70157356001437,50.30352028552443,44.91048474796116,3.65834225822861,1702.865234375,cuda:0,NVIDIA A100-PCIE-40GB,535.288.01,765.0,1350.0,1410.0,46.0,55.0,154.24,13.0,0,0,sw_power_cap,,,,,,True,2.3.1+cu121,2.3.0+cu121,8.4.153,raw/main/runs/eager_fp32/yolov8l/bs12__run3__20260930T154940_812324Z__ok.json,throttle sw_power_cap
main,eager_fp32,yolov8l,12,4,640,20260930T160451_253997Z,2026-09-30T16:04:52+00:00,43.90532798599452,43.97808131761849,0.34210640976825446,44.325407524593174,42.448076885193586,44.77048013359308,100,54.57065175753087,49.848584458231926,50.18525009509176,44.94464045390487,3.65877733216621,1702.86474609375,cuda:0,NVIDIA A100-PCIE-40GB,535.288.01,480.0,1350.0,1410.0,43.0,52.0,245.6,13.0,0,0,sw_power_cap,,,,,,True,2.3.1+cu121,2.3.0+cu121,8.4.153,raw/main/runs/eager_fp32/yolov8l/bs12__run4__20260930T160451_253997Z__ok.json,throttle sw_power_cap
main,eager_fp32,yolov8l,16,0,640,20260930T145404_398540Z,2026-09-30T14:54:05+00:00,57.45371490716934,57.42730502970517,0.47021893672308995,58.225589827634394,55.5353369563818,59.27721317857504,100,70.17139194533229,65.0740135461092,65.9126432146877,58.97457655984908,3.590857181698084,2219.55859375,cuda:0,NVIDIA A100-PCIE-40GB,535.288.01,600.0,1335.0,1410.0,47.0,56.0,249.25,13.0,0,0,sw_power_cap,,,,,,True,2.3.1+cu121,2.3.0+cu121,8.4.153,raw/main/runs/eager_fp32/yolov8l/bs16__run0__20260930T145404_398540Z__ok.json,throttle sw_power_cap
main,eager_fp32,yolov8l,16,1,640,20260930T145902_399902Z,2026-09-30T14:59:03+00:00,57.29406794067472,57.255497900769114,0.4456591709628329,57.96580088790506,55.57702807709575,59.025160036981106,100,69.25599575508386,64.83546085655689,65.65168863162398,58.805798208341,3.58087924629217,2219.55859375,cuda:0,NVIDIA A100-PCIE-40GB,535.288.01,615.0,1350.0,1410.0,45.0,54.0,250.23,13.0,0,0,sw_power_cap,,,,,,True,2.3.1+cu121,2.3.0+cu121,8.4.153,raw/main/runs/eager_fp32/yolov8l/bs16__run1__20260930T145902_399902Z__ok.json,throttle sw_power_cap
main,eager_fp32,yolov8l,16,2,640,20260930T153106_225331Z,2026-09-30T15:31:07+00:00,57.39162478130311,57.32675222679973,0.47949303854101577,58.1795864040032,55.500878021121025,58.72749909758568,100,69.33959725312889,64.92426316253841,65.79644377343357,58.85030687786639,3.5869765488314442,2219.55859375,cuda:0,NVIDIA A100-PCIE-40GB,535.288.01,765.0,1335.0,1410.0,44.0,54.0,65.31,13.0,0,0,sw_power_cap,,,,,,True,2.3.1+cu121,2.3.0+cu121,8.4.153,raw/main/runs/eager_fp32/yolov8l/bs16__run2__20260930T153106_225331Z__ok.json,throttle sw_power_cap
main,eager_fp32,yolov8l,16,3,640,20260930T154003_622887Z,2026-09-30T15:40:04+00:00,57.32646962162107,57.31083918362856,0.4590027597741412,58.03882093168795,55.65586918964982,59.223290998488665,100,69.70109529327601,64.95923036709428,65.77987356577069,58.77793523017317,3.582904351351317,2219.55859375,cuda:0,NVIDIA A100-PCIE-40GB,535.288.01,765.0,1335.0,1410.0,43.0,54.0,61.83,13.0,0,0,sw_power_cap,,,,,,True,2.3.1+cu121,2.3.0+cu121,8.4.153,raw/main/runs/eager_fp32/yolov8l/bs16__run3__20260930T154003_622887Z__ok.json,throttle sw_power_cap
main,eager_fp32,yolov8l,16,4,640,20260930T160421_306846Z,2026-09-30T16:04:22+00:00,57.27915170136839,57.21875815652311,0.4867062457328102,57.90402551647276,55.31740793958306,59.12291491404176,100,69.44075478240848,64.849185757339,65.70140996482223,58.69546327739954,3.5799469813355245,2219.55859375,cuda:0,NVIDIA A100-PCIE-40GB,535.288.01,435.0,1335.0,1410.0,40.0,52.0,249.3,13.0,0,0,sw_power_cap,,,,,,True,2.3.1+cu121,2.3.0+cu121,8.4.153,raw/main/runs/eager_fp32/yolov8l/bs16__run4__20260930T160421_306846Z__ok.json,throttle sw_power_cap
main,eager_fp32,yolov8l,32,0,640,20260930T144317_366415Z,2026-09-30T14:43:18+00:00,113.02589789964259,113.00309770740569,0.4561464156216029,113.53213898837566,111.6154519841075,115.2013847604394,100,132.53665141761303,127.97175953164697,128.8138575386256,115.69061377085745,3.532059309363831,4381.95947265625,cuda:0,NVIDIA A100-PCIE-40GB,535.288.01,1410.0,1350.0,1410.0,48.0,58.0,101.7,13.0,0,0,sw_power_cap,,,,,,True,2.3.1+cu121,2.3.0+cu121,8.4.153,raw/main/runs/eager_fp32/yolov8l/bs32__run0__20260930T144317_366415Z__ok.json,throttle sw_power_cap
main,eager_fp32,yolov8l,32,1,640,20260930T150351_849974Z,2026-09-30T15:03:53+00:00,112.77852066326886,112.77188803069293,0.4946046880777868,113.26940171420574,110.08907901123166,114.57718163728714,100,132.750538662076,127.88968486711383,128.70877292007208,115.43519573286176,3.524328770727152,4381.9599609375,cuda:0,NVIDIA A100-PCIE-40GB,535.288.01,765.0,1335.0,1410.0,43.0,57.0,59.37,13.0,0,0,sw_power_cap,,,,,,True,2.3.1+cu121,2.3.0+cu121,8.4.153,raw/main/runs/eager_fp32/yolov8l/bs32__run1__20260930T150351_849974Z__ok.json,throttle sw_power_cap
main,eager_fp32,yolov8l,32,2,640,20260930T153015_118340Z,2026-09-30T15:30:16+00:00,112.71392888855189,112.6683303155005,0.561849293609654,113.48005158361048,110.88549578562379,115.02864304929972,100,131.88636003993452,127.58471304550767,128.52399304974824,115.3290287964046,3.5223102777672466,4381.95947265625,cuda:0,NVIDIA A100-PCIE-40GB,535.288.01,360.0,1335.0,1410.0,41.0,56.0,66.58,13.0,0,0,sw_power_cap,,,,,,True,2.3.1+cu121,2.3.0+cu121,8.4.153,raw/main/runs/eager_fp32/yolov8l/bs32__run2__20260930T153015_118340Z__ok.json,throttle sw_power_cap
main,eager_fp32,yolov8l,32,3,640,20260930T153859_026301Z,2026-09-30T15:39:00+00:00,112.62135536409914,112.4972440302372,0.5976691361073034,113.3554567815736,110.76805368065834,115.27924193069339,100,132.26835588924587,127.46825907379389,128.49561537150294,115.2539900271222,3.5194173551280983,4381.95947265625,cuda:0,NVIDIA A100-PCIE-40GB,535.288.01,405.0,1320.0,1410.0,40.0,55.0,252.68,13.0,0,0,sw_power_cap,,,,,,True,2.3.1+cu121,2.3.0+cu121,8.4.153,raw/main/runs/eager_fp32/yolov8l/bs32__run3__20260930T153859_026301Z__ok.json,throttle sw_power_cap
main,eager_fp32,yolov8l,32,4,640,20260930T160937_883345Z,2026-09-30T16:09:39+00:00,112.71094956435263,112.64503397978842,0.45108231659283743,113.1470728898421,111.50894686579704,115.15654530376196,100,132.0383959216997,127.59062158875167,128.1351141165942,115.27747037820518,3.5222171738860197,4381.95849609375,cuda:0,NVIDIA A100-PCIE-40GB,535.288.01,765.0,1335.0,1410.0,41.0,55.0,251.38,13.0,0,0,sw_power_cap,,,,,,True,2.3.1+cu121,2.3.0+cu121,8.4.153,raw/main/runs/eager_fp32/yolov8l/bs32__run4__20260930T160937_883345Z__ok.json,throttle sw_power_cap
main,eager_fp32,yolov8l,48,0,640,20260930T145056_841731Z,2026-09-30T14:50:58+00:00,169.00355499237776,168.99929358623922,0.6189563179732135,169.90875026676804,167.14115580543876,171.65468307211995,100,196.0797956911847,191.21413375250995,192.24539292044938,172.4171384377405,3.5209073956745365,5756.783203125,cuda:0,NVIDIA A100-PCIE-40GB,535.288.01,765.0,1335.0,1410.0,42.0,59.0,260.23,13.0,0,0,sw_power_cap,,,,,,True,2.3.1+cu121,2.3.0+cu121,8.4.153,raw/main/runs/eager_fp32/yolov8l/bs48__run0__20260930T145056_841731Z__ok.json,throttle sw_power_cap
main,eager_fp32,yolov8l,48,1,640,20260930T150701_714013Z,2026-09-30T15:07:03+00:00,168.90834657941014,168.90676505863667,0.5531422816874277,169.54758709762245,166.78832191973925,171.58878222107887,100,195.96414894331247,191.31856854073703,192.0488849747926,172.41390062961727,3.5189238870710446,5756.783203125,cuda:0,NVIDIA A100-PCIE-40GB,535.288.01,420.0,1350.0,1410.0,41.0,58.0,256.71,13.0,0,0,sw_power_cap,,,,,,True,2.3.1+cu121,2.3.0+cu121,8.4.153,raw/main/runs/eager_fp32/yolov8l/bs48__run1__20260930T150701_714013Z__ok.json,throttle sw_power_cap
main,eager_fp32,yolov8l,48,2,640,20260930T152149_486273Z,2026-09-30T15:21:50+00:00,168.89070705045015,168.9318739809096,0.5512709726384033,169.69349791761488,166.42626514658332,171.03409301489592,100,195.7506393827498,191.13692524842918,191.92329407669604,172.39100870210677,3.518556396884378,5756.78271484375,cuda:0,NVIDIA A100-PCIE-40GB,535.288.01,765.0,1335.0,1410.0,41.0,58.0,252.49,13.0,0,0,sw_power_cap,,,,,,True,2.3.1+cu121,2.3.0+cu121,8.4.153,raw/main/runs/eager_fp32/yolov8l/bs48__run2__20260930T152149_486273Z__ok.json,throttle sw_power_cap
main,eager_fp32,yolov8l,48,3,640,20260930T155311_607598Z,2026-09-30T15:53:12+00:00,169.0997611824423,169.13623199798167,0.5841002706607852,169.82520814053714,165.8274531364441,171.29506962373853,100,196.16572194267064,191.48548413068056,192.22053783014417,172.57320842705667,3.5229116913008816,5756.783203125,cuda:0,NVIDIA A100-PCIE-40GB,535.288.01,765.0,1320.0,1410.0,44.0,59.0,180.18,13.0,0,0,sw_power_cap,,,,,,True,2.3.1+cu121,2.3.0+cu121,8.4.153,raw/main/runs/eager_fp32/yolov8l/bs48__run3__20260930T155311_607598Z__ok.json,throttle sw_power_cap
main,eager_fp32,yolov8l,48,4,640,20260930T160219_946208Z,2026-09-30T16:02:21+00:00,169.15099784266204,169.11760764196515,0.5556843614171139,169.93540413677692,167.72655257955194,171.914619859308,100,196.02034894749522,191.38452922925353,192.32595218345523,172.63189139775932,3.523979121722126,5756.78369140625,cuda:0,NVIDIA A100-PCIE-40GB,535.288.01,765.0,1320.0,1410.0,44.0,59.0,65.1,13.0,0,0,sw_power_cap,,,,,,True,2.3.1+cu121,2.3.0+cu121,8.4.153,raw/main/runs/eager_fp32/yolov8l/bs48__run4__20260930T160219_946208Z__ok.json,throttle sw_power_cap
main,eager_fp32,yolov8m,1,0,640,20260930T143740_800190Z,2026-09-30T14:37:42+00:00,6.71649138443172,6.708183558657765,0.12241208884621539,6.749239563941956,6.630578078329563,7.634132169187069,100,12.009736970067024,7.441005203872919,7.485128520056605,6.656606602482498,6.71649138443172,325.08203125,cuda:0,NVIDIA A100-PCIE-40GB,535.288.01,765.0,1410.0,1410.0,45.0,47.0,128.25,13.0,0,0,,,,,,,True,2.3.1+cu121,2.3.0+cu121,8.4.153,raw/main/runs/eager_fp32/yolov8m/bs1__run0__20260930T143740_800190Z__ok.json,
main,eager_fp32,yolov8m,1,1,640,20260930T150834_011306Z,2026-09-30T15:08:35+00:00,6.7625573091208935,6.763241486623883,0.09762271567186485,6.8089613458141685,6.656159181147814,7.656949106603861,100,11.901833186857402,7.492705946788192,7.552198716439307,6.705269757658243,6.7625573091208935,325.08203125,cuda:0,NVIDIA A100-PCIE-40GB,535.288.01,765.0,1410.0,1410.0,50.0,52.0,66.78,13.0,0,0,,,,,,,True,2.3.1+cu121,2.3.0+cu121,8.4.153,raw/main/runs/eager_fp32/yolov8m/bs1__run1__20260930T150834_011306Z__ok.json,
main,eager_fp32,yolov8m,1,2,640,20260930T151701_786923Z,2026-09-30T15:17:03+00:00,6.60922999959439,6.58825202845037,0.13092853832718973,6.660655164159834,6.551021710038185,7.529278285801411,100,12.170728580094874,7.305494975298643,7.39520292263478,6.546009010635316,6.60922999959439,325.08203125,cuda:0,NVIDIA A100-PCIE-40GB,535.288.01,570.0,1410.0,1410.0,44.0,46.0,67.16,13.0,0,0,,,,,,,True,2.3.1+cu121,2.3.0+cu121,8.4.153,raw/main/runs/eager_fp32/yolov8m/bs1__run2__20260930T151701_786923Z__ok.json,
main,eager_fp32,yolov8m,1,3,640,20260930T154132_703542Z,2026-09-30T15:41:34+00:00,6.780121973715723,6.7704061511904,0.08712313087778097,6.835273024626076,6.67082192376256,7.595180068165064,100,11.961070653051138,7.496927632018924,7.57131059654057,6.71529068145901,6.780121973715723,325.08203125,cuda:0,NVIDIA A100-PCIE-40GB,535.288.01,765.0,1410.0,1410.0,46.0,48.0,153.8,13.0,0,0,,,,,,,True,2.3.1+cu121,2.3.0+cu121,8.4.153,raw/main/runs/eager_fp32/yolov8m/bs1__run3__20260930T154132_703542Z__ok.json,
main,eager_fp32,yolov8m,1,4,640,20260930T160307_765325Z,2026-09-30T16:03:09+00:00,6.698133274912834,6.682808045297861,0.09712483016669844,6.752601615153253,6.639622617512941,7.6214331202209,100,12.394257322885096,7.399969967082143,7.491207541897893,6.615482931956649,6.698133274912834,325.08203125,cuda:0,NVIDIA A100-PCIE-40GB,535.288.01,1410.0,1410.0,1410.0,52.0,53.0,70.04,13.0,0,0,,,,,,,True,2.3.1+cu121,2.3.0+cu121,8.4.153,raw/main/runs/eager_fp32/yolov8m/bs1__run4__20260930T160307_765325Z__ok.json,
main,eager_fp32,yolov8m,2,0,640,20260930T144416_865880Z,2026-09-30T14:44:18+00:00,6.784862102940679,6.733919493854046,0.37113176776303936,6.809349660761654,6.690909154713154,10.36015385761857,100,12.241742219775915,7.917982060462236,8.015918335877359,6.674147872254252,3.3924310514703393,385.94140625,cuda:0,NVIDIA A100-PCIE-40GB,535.288.01,765.0,1410.0,1410.0,45.0,50.0,241.26,13.0,0,0,,,,,,,True,2.3.1+cu121,2.3.0+cu121,8.4.153,raw/main/runs/eager_fp32/yolov8m/bs2__run0__20260930T144416_865880Z__ok.json,
main,eager_fp32,yolov8m,2,1,640,20260930T150653_280262Z,2026-09-30T15:06:54+00:00,6.743136113509536,6.691589718684554,0.3765289448024761,6.765509117394686,6.647704169154167,10.375468991696835,100,12.627805755473673,7.858383236452937,7.940552639774978,6.61221613176167,3.371568056754768,385.94140625,cuda:0,NVIDIA A100-PCIE-40GB,535.288.01,765.0,1410.0,1410.0,42.0,47.0,66.08,13.0,0,0,,,,,,,True,2.3.1+cu121,2.3.0+cu121,8.4.153,raw/main/runs/eager_fp32/yolov8m/bs2__run1__20260930T150653_280262Z__ok.json,
main,eager_fp32,yolov8m,2,2,640,20260930T151604_385475Z,2026-09-30T15:16:05+00:00,6.913516442291439,6.83782366104424,0.2099620684811779,7.094538048841059,6.732885725796223,8.54358822107315,100,13.034172784537077,8.034178987145424,8.306106831878424,6.75177110824734,3.4567582211457193,385.94140625,cuda:0,NVIDIA A100-PCIE-40GB,535.288.01,765.0,1410.0,1410.0,45.0,50.0,68.44,13.0,0,0,,,,,,,True,2.3.1+cu121,2.3.0+cu121,8.4.153,raw/main/runs/eager_fp32/yolov8m/bs2__run2__20260930T151604_385475Z__ok.json,
main,eager_fp32,yolov8m,2,3,640,20260930T153946_907482Z,2026-09-30T15:39:48+00:00,6.757687856443226,6.714270915836096,0.3672462051830322,6.763982097618282,6.666556932032108,10.293914936482906,100,12.40249038208276,7.9023512080311775,7.971783517859876,6.664701872505248,3.378843928221613,385.94140625,cuda:0,NVIDIA A100-PCIE-40GB,535.288.01,465.0,1410.0,1410.0,47.0,52.0,253.07,13.0,0,0,,,,,,,True,2.3.1+cu121,2.3.0+cu121,8.4.153,raw/main/runs/eager_fp32/yolov8m/bs2__run3__20260930T153946_907482Z__ok.json,
main,eager_fp32,yolov8m,2,4,640,20260930T160029_306386Z,2026-09-30T16:00:30+00:00,6.746953851543367,6.700389087200165,0.28711867216824916,6.798965088091791,6.652398034930229,9.449244011193514,100,12.255528219975531,7.872639689594507,7.997285178862512,6.618779371492565,3.3734769257716835,385.94140625,cuda:0,NVIDIA A100-PCIE-40GB,535.288.01,345.0,1410.0,1410.0,39.0,46.0,67.05,13.0,0,0,,,,,,,True,2.3.1+cu121,2.3.0+cu121,8.4.153,raw/main/runs/eager_fp32/yolov8m/bs2__run4__20260930T160029_306386Z__ok.json,
main,eager_fp32,yolov8m,4,0,640,20260930T144501_332577Z,2026-09-30T14:45:02+00:00,9.704116731882095,9.705783566460013,0.06781242082813414,9.762380900792778,9.5498519949615,10.144350118935108,100,16.253735832870007,11.795575032010674,11.872380832210183,10.04681252874434,2.426029182970524,616.3857421875,cuda:0,NVIDIA A100-PCIE-40GB,535.288.01,405.0,1380.0,1410.0,44.0,50.0,248.62,13.0,0,0,sw_power_cap,,,,,,True,2.3.1+cu121,2.3.0+cu121,8.4.153,raw/main/runs/eager_fp32/yolov8m/bs4__run0__20260930T144501_332577Z__ok.json,throttle sw_power_cap
main,eager_fp32,yolov8m,4,1,640,20260930T145607_564478Z,2026-09-30T14:56:08+00:00,9.691519299522042,9.6956598572433,0.08771392402043089,9.72242911811918,9.564661886543036,10.46679588034749,100,16.862930771894753,11.784655507653952,11.841274448670447,10.024212687276304,2.4228798248805106,616.38720703125,cuda:0,NVIDIA A100-PCIE-40GB,535.288.01,345.0,1380.0,1410.0,41.0,48.0,61.22,13.0,0,0,sw_power_cap,,,,,,True,2.3.1+cu121,2.3.0+cu121,8.4.153,raw/main/runs/eager_fp32/yolov8m/bs4__run1__20260930T145607_564478Z__ok.json,throttle sw_power_cap
main,eager_fp32,yolov8m,4,2,640,20260930T152928_091278Z,2026-09-30T15:29:29+00:00,9.695305181667209,9.703875053673983,0.05978332568335745,9.755981899797916,9.560034144669771,10.093941818922758,100,17.313920268788934,11.786833871155977,11.84854491148144,10.044891089200974,2.423826295416802,616.38720703125,cuda:0,NVIDIA A100-PCIE-40GB,535.288.01,420.0,1380.0,1410.0,44.0,51.0,63.9,13.0,0,0,sw_power_cap,,,,,,True,2.3.1+cu121,2.3.0+cu121,8.4.153,raw/main/runs/eager_fp32/yolov8m/bs4__run2__20260930T152928_091278Z__ok.json,throttle sw_power_cap
main,eager_fp32,yolov8m,4,3,640,20260930T154203_361516Z,2026-09-30T15:42:04+00:00,9.665697198361158,9.660739917308092,0.06637960206414248,9.735218435525894,9.524100925773382,10.066836141049862,100,16.35279302019626,11.76115358248353,11.838475707918406,9.986403291113675,2.4164242995902896,616.38623046875,cuda:0,NVIDIA A100-PCIE-40GB,535.288.01,765.0,1380.0,1410.0,43.0,50.0,74.9,13.0,0,0,sw_power_cap,,,,,,True,2.3.1+cu121,2.3.0+cu121,8.4.153,raw/main/runs/eager_fp32/yolov8m/bs4__run3__20260930T154203_361516Z__ok.json,throttle sw_power_cap
main,eager_fp32,yolov8m,4,4,640,20260930T161036_055439Z,2026-09-30T16:10:37+00:00,9.687884887680411,9.687632089480758,0.06303541701515158,9.749283781275153,9.516190271824598,10.064636822789907,100,16.251063607633114,11.788074159994721,11.879105027765036,10.017743078060448,2.421971221920103,616.38720703125,cuda:0,NVIDIA A100-PCIE-40GB,535.288.01,765.0,1380.0,1410.0,46.0,52.0,64.31,13.0,0,0,sw_power_cap,,,,,,True,2.3.1+cu121,2.3.0+cu121,8.4.153,raw/main/runs/eager_fp32/yolov8m/bs4__run4__20260930T161036_055439Z__ok.json,throttle sw_power_cap
main,eager_fp32,yolov8m,8,0,640,20260930T143903_587505Z,2026-09-30T14:39:04+00:00,19.078164347447455,19.18259751982987,0.24057857825761453,19.3562452448532,18.521173391491175,19.73598077893257,100,27.239474686793983,23.105069994926453,23.314326140098274,19.776385040022433,2.384770543430932,877.302734375,cuda:0,NVIDIA A100-PCIE-40GB,535.288.01,345.0,1365.0,1410.0,39.0,48.0,244.9,13.0,0,0,sw_power_cap,,,,,,True,2.3.1+cu121,2.3.0+cu121,8.4.153,raw/main/runs/eager_fp32/yolov8m/bs8__run0__20260930T143903_587505Z__ok.json,throttle sw_power_cap
main,eager_fp32,yolov8m,8,1,640,20260930T151212_891381Z,2026-09-30T15:12:14+00:00,19.090243680402637,19.153856905177236,0.22637087980075227,19.356537982821465,18.596296664327383,19.91338189691305,100,28.80797917023301,23.01639784127474,23.28993969131261,19.84956261701882,2.3862804600503296,877.302734375,cuda:0,NVIDIA A100-PCIE-40GB,535.288.01,465.0,1365.0,1410.0,45.0,52.0,245.34,13.0,0,0,sw_power_cap,,,,,,True,2.3.1+cu121,2.3.0+cu121,8.4.153,raw/main/runs/eager_fp32/yolov8m/bs8__run1__20260930T151212_891381Z__ok.json,throttle sw_power_cap
main,eager_fp32,yolov8m,8,2,640,20260930T152916_251127Z,2026-09-30T15:29:17+00:00,19.06001593451947,19.107206724584103,0.24717358387696728,19.366909586824477,18.491887021809816,19.717616960406303,100,27.328072721138597,23.04436988197267,23.340423963963985,19.848794848658144,2.3825019918149337,877.302734375,cuda:0,NVIDIA A100-PCIE-40GB,535.288.01,765.0,1380.0,1410.0,45.0,52.0,61.85,13.0,0,0,sw_power_cap,,,,,,True,2.3.1+cu121,2.3.0+cu121,8.4.153,raw/main/runs/eager_fp32/yolov8m/bs8__run2__20260930T152916_251127Z__ok.json,throttle sw_power_cap
main,eager_fp32,yolov8m,8,3,640,20260930T154046_144389Z,2026-09-30T15:40:47+00:00,19.10228635184467,19.170128973200917,0.23394105232158152,19.395871949382126,18.506004009395838,19.851333927363157,100,27.965958402492106,23.12662568874657,23.39043461252004,19.86715593840927,2.3877857939805835,877.302734375,cuda:0,NVIDIA A100-PCIE-40GB,535.288.01,615.0,1365.0,1410.0,48.0,55.0,244.69,13.0,0,0,sw_power_cap,,,,,,True,2.3.1+cu121,2.3.0+cu121,8.4.153,raw/main/runs/eager_fp32/yolov8m/bs8__run3__20260930T154046_144389Z__ok.json,throttle sw_power_cap
main,eager_fp32,yolov8m,8,4,640,20260930T160838_831775Z,2026-09-30T16:08:40+00:00,19.016749975271523,19.054262433201075,0.22855768491279163,19.260552991181612,18.485561944544315,19.67732422053814,100,27.176807802170515,23.00694352015853,23.239241703413427,19.766158908605576,2.3770937469089404,877.302734375,cuda:0,NVIDIA A100-PCIE-40GB,535.288.01,765.0,1335.0,1410.0,39.0,47.0,251.09,13.0,0,0,sw_power_cap,,,,,,True,2.3.1+cu121,2.3.0+cu121,8.4.153,raw/main/runs/eager_fp32/yolov8m/bs8__run4__20260930T160838_831775Z__ok.json,throttle sw_power_cap
main,eager_fp32,yolov8m,12,0,640,20260930T143644_190441Z,2026-09-30T14:36:45+00:00,27.513422779738903,27.47214282862842,0.25173936236463845,27.87041028495878,26.740842033177614,28.278524987399578,100,38.862677249126136,33.19143154658377,33.66944899316877,28.42937398236245,2.2927852316449084,1261.966796875,cuda:0,NVIDIA A100-PCIE-40GB,535.288.01,435.0,1365.0,1410.0,46.0,53.0,250.89,13.0,0,0,sw_power_cap,,,,,,True,2.3.1+cu121,2.3.0+cu121,8.4.153,raw/main/runs/eager_fp32/yolov8m/bs12__run0__20260930T143644_190441Z__ok.json,throttle sw_power_cap
main,eager_fp32,yolov8m,12,1,640,20260930T150842_394176Z,2026-09-30T15:08:43+00:00,27.484397320076823,27.427495690062642,0.25713137563663224,27.8716599335894,26.713146828114986,28.41382985934615,100,37.83325022086501,33.1418018322438,33.599149412475526,28.429782278835773,2.2903664433397353,1261.966796875,cuda:0,NVIDIA A100-PCIE-40GB,535.288.01,765.0,1365.0,1410.0,48.0,55.0,242.4,13.0,0,0,sw_power_cap,,,,,,True,2.3.1+cu121,2.3.0+cu121,8.4.153,raw/main/runs/eager_fp32/yolov8m/bs12__run1__20260930T150842_394176Z__ok.json,throttle sw_power_cap
main,eager_fp32,yolov8m,12,2,640,20260930T152026_080527Z,2026-09-30T15:20:27+00:00,27.4332694709301,27.391585987061262,0.25858377207148225,27.796854730695486,26.686353608965874,28.255059849470854,100,37.98714910633862,33.15967647358775,33.614502241835,28.369276807643473,2.286105789244175,1261.966796875,cuda:0,NVIDIA A100-PCIE-40GB,535.288.01,765.0,1380.0,1410.0,43.0,52.0,60.17,13.0,0,0,sw_power_cap,,,,,,True,2.3.1+cu121,2.3.0+cu121,8.4.153,raw/main/runs/eager_fp32/yolov8m/bs12__run2__20260930T152026_080527Z__ok.json,throttle sw_power_cap
main,eager_fp32,yolov8m,12,3,640,20260930T154724_767118Z,2026-09-30T15:47:26+00:00,27.406982677057385,27.37076417542994,0.26944491801452497,27.772248722612858,26.591834146529436,28.307443019002676,100,38.79292224533856,33.12746458686888,33.5626607760787,28.331362949684262,2.2839152230881155,1261.966796875,cuda:0,NVIDIA A100-PCIE-40GB,535.288.01,765.0,1365.0,1410.0,44.0,51.0,95.38,13.0,0,0,sw_power_cap,,,,,,True,2.3.1+cu121,2.3.0+cu121,8.4.153,raw/main/runs/eager_fp32/yolov8m/bs12__run3__20260930T154724_767118Z__ok.json,throttle sw_power_cap
main,eager_fp32,yolov8m,12,4,640,20260930T161022_010268Z,2026-09-30T16:10:23+00:00,27.44796014390886,27.406314155086875,0.269300308415933,27.762414794415236,26.659030001610518,28.500780928879976,100,38.78144011832774,33.074733102694154,33.48988487850875,28.39425508864224,2.2873300119924047,1261.96728515625,cuda:0,NVIDIA A100-PCIE-40GB,535.288.01,765.0,1350.0,1410.0,46.0,53.0,166.33,13.0,0,0,sw_power_cap,,,,,,True,2.3.1+cu121,2.3.0+cu121,8.4.153,raw/main/runs/eager_fp32/yolov8m/bs12__run4__20260930T161022_010268Z__ok.json,throttle sw_power_cap
main,eager_fp32,yolov8m,16,0,640,20260930T144559_329488Z,2026-09-30T14:46:00+00:00,36.12461434677243,36.060224985703826,0.31332392152386856,36.62873627617955,35.01250920817256,37.27298183366656,100,49.52214651275426,43.6356021091342,44.196851179003716,37.3392900172621,2.257788396673277,1650.8447265625,cuda:0,NVIDIA A100-PCIE-40GB,535.288.01,345.0,1350.0,1410.0,38.0,48.0,165.71,13.0,0,0,sw_power_cap,,,,,,True,2.3.1+cu121,2.3.0+cu121,8.4.153,raw/main/runs/eager_fp32/yolov8m/bs16__run0__20260930T144559_329488Z__ok.json,throttle sw_power_cap
main,eager_fp32,yolov8m,16,1,640,20260930T150044_024475Z,2026-09-30T15:00:45+00:00,36.118548177182674,36.053822841495275,0.29081323642578805,36.59658257383853,35.19417531788349,37.233213894069195,100,49.58453147672117,43.711601523682475,44.292273093014956,37.35792970750481,2.257409261073917,1650.84521484375,cuda:0,NVIDIA A100-PCIE-40GB,535.288.01,765.0,1365.0,1410.0,41.0,51.0,252.99,13.0,0,0,sw_power_cap,,,,,,True,2.3.1+cu121,2.3.0+cu121,8.4.153,raw/main/runs/eager_fp32/yolov8m/bs16__run1__20260930T150044_024475Z__ok.json,throttle sw_power_cap
main,eager_fp32,yolov8m,16,2,640,20260930T152825_180352Z,2026-09-30T15:28:26+00:00,36.19585609063506,36.17519745603204,0.31564780811270615,36.69619432184845,35.11727601289749,37.489722948521376,100,48.01644676364958,43.79362449981272,44.326530280523,37.34669163823128,2.2622410056646913,1650.84521484375,cuda:0,NVIDIA A100-PCIE-40GB,535.288.01,765.0,1350.0,1410.0,43.0,52.0,253.64,13.0,0,0,sw_power_cap,,,,,,True,2.3.1+cu121,2.3.0+cu121,8.4.153,raw/main/runs/eager_fp32/yolov8m/bs16__run2__20260930T152825_180352Z__ok.json,throttle sw_power_cap
main,eager_fp32,yolov8m,16,3,640,20260930T154708_515700Z,2026-09-30T15:47:09+00:00,36.13433531019837,36.13708564080298,0.31634347782981864,36.59360802266747,35.07467871531844,37.294475827366114,100,48.142734565772116,43.57397952117026,44.15605610702187,37.39402191247791,2.258395956887398,1650.84423828125,cuda:0,NVIDIA A100-PCIE-40GB,535.288.01,765.0,1350.0,1410.0,43.0,51.0,245.29,13.0,0,0,sw_power_cap,,,,,,True,2.3.1+cu121,2.3.0+cu121,8.4.153,raw/main/runs/eager_fp32/yolov8m/bs16__run3__20260930T154708_515700Z__ok.json,throttle sw_power_cap
main,eager_fp32,yolov8m,16,4,640,20260930T155719_976911Z,2026-09-30T15:57:21+00:00,36.17540820967406,36.12124361097813,0.301667881843339,36.72193638049066,35.209410823881626,37.2496172785759,100,48.18064637016505,43.71460806578398,44.34734091628343,37.39247389137745,2.2609630131046288,1650.84619140625,cuda:0,NVIDIA A100-PCIE-40GB,535.288.01,375.0,1350.0,1410.0,43.0,51.0,143.44,13.0,0,0,sw_power_cap,,,,,,True,2.3.1+cu121,2.3.0+cu121,8.4.153,raw/main/runs/eager_fp32/yolov8m/bs16__run4__20260930T155719_976911Z__ok.json,throttle sw_power_cap
main,eager_fp32,yolov8m,32,0,640,20260930T144718_059219Z,2026-09-30T14:47:19+00:00,72.38775236997753,72.32456840574741,0.3710984044115066,72.92014418635517,71.44302083179355,74.7447400353849,100,92.84344964195043,87.2245654463768,87.90332404896617,74.63984835892916,2.262117261561798,3314.201171875,cuda:0,NVIDIA A100-PCIE-40GB,535.288.01,765.0,1365.0,1410.0,43.0,55.0,60.16,13.0,0,0,sw_power_cap,,,,,,True,2.3.1+cu121,2.3.0+cu121,8.4.153,raw/main/runs/eager_fp32/yolov8m/bs32__run0__20260930T144718_059219Z__ok.json,throttle sw_power_cap
main,eager_fp32,yolov8m,32,1,640,20260930T145625_235643Z,2026-09-30T14:56:26+00:00,72.29400292504579,72.31474225409329,0.37928094634862447,72.82293646130711,70.93581696972251,74.10289300605655,100,93.01543354056776,87.14940352365375,87.8001349279657,74.5003566890955,2.259187591407681,3314.20068359375,cuda:0,NVIDIA A100-PCIE-40GB,535.288.01,765.0,1335.0,1410.0,40.0,52.0,255.35,13.0,0,0,sw_power_cap,,,,,,True,2.3.1+cu121,2.3.0+cu121,8.4.153,raw/main/runs/eager_fp32/yolov8m/bs32__run1__20260930T145625_235643Z__ok.json,throttle sw_power_cap
main,eager_fp32,yolov8m,32,2,640,20260930T151937_511094Z,2026-09-30T15:19:38+00:00,72.58649335708469,72.54462805576622,0.4234968760399974,72.9710997780785,71.0074077360332,74.895812664181,100,92.08198462612927,87.382135912776,87.94101804960519,74.81708781793714,2.2683279174088966,3314.20068359375,cuda:0,NVIDIA A100-PCIE-40GB,535.288.01,1410.0,1335.0,1410.0,48.0,56.0,84.62,13.0,0,0,sw_power_cap,,,,,,True,2.3.1+cu121,2.3.0+cu121,8.4.153,raw/main/runs/eager_fp32/yolov8m/bs32__run2__20260930T151937_511094Z__ok.json,throttle sw_power_cap
main,eager_fp32,yolov8m,32,3,640,20260930T154904_098046Z,2026-09-30T15:49:05+00:00,72.37401227001101,72.34636601060629,0.39143297208451755,72.82180967740715,70.75531873852015,74.17715527117252,100,92.04054459929466,87.38534012809396,88.08746146969497,74.64784428011626,2.261687883437844,3314.20166015625,cuda:0,NVIDIA A100-PCIE-40GB,535.288.01,360.0,1365.0,1410.0,44.0,55.0,251.19,13.0,0,0,sw_power_cap,,,,,,True,2.3.1+cu121,2.3.0+cu121,8.4.153,raw/main/runs/eager_fp32/yolov8m/bs32__run3__20260930T154904_098046Z__ok.json,throttle sw_power_cap
main,eager_fp32,yolov8m,32,4,640,20260930T155359_479520Z,2026-09-30T15:54:00+00:00,72.6938494015485,72.6844531018287,0.32717986451889514,73.00615485291928,71.19824597612023,74.73280793055892,100,91.81151086464524,87.49571396037936,87.9318568855524,75.01062443945557,2.2716827937983908,3314.201171875,cuda:0,NVIDIA A100-PCIE-40GB,535.288.01,1410.0,1350.0,1410.0,52.0,59.0,99.61,13.0,0,0,sw_power_cap,,,,,,True,2.3.1+cu121,2.3.0+cu121,8.4.153,raw/main/runs/eager_fp32/yolov8m/bs32__run4__20260930T155359_479520Z__ok.json,throttle sw_power_cap
main,eager_fp32,yolov8m,48,0,640,20260930T144119_575800Z,2026-09-30T14:41:20+00:00,110.3950420115143,110.32251990400255,0.47015653808749797,111.11192672979087,109.1931127011776,112.26174794137478,100,138.10126094613224,132.29991937987506,133.44954156782478,113.19082024041563,2.2998967085732147,4186.087890625,cuda:0,NVIDIA A100-PCIE-40GB,535.288.01,660.0,1350.0,1410.0,47.0,59.0,140.96,13.0,0,0,sw_power_cap,,,,,,True,2.3.1+cu121,2.3.0+cu121,8.4.153,raw/main/runs/eager_fp32/yolov8m/bs48__run0__20260930T144119_575800Z__ok.json,throttle sw_power_cap
main,eager_fp32,yolov8m,48,1,640,20260930T150147_820814Z,2026-09-30T15:01:49+00:00,109.88716423045844,109.84297725372016,0.4106777974970847,110.44825501739979,108.27519418671727,111.93482857197523,100,137.0156071987003,132.1072590071708,132.80629492364824,112.69960979931056,2.289315921467884,4186.087890625,cuda:0,NVIDIA A100-PCIE-40GB,535.288.01,345.0,1365.0,1410.0,40.0,56.0,259.87,13.0,0,0,sw_power_cap,,,,,,True,2.3.1+cu121,2.3.0+cu121,8.4.153,raw/main/runs/eager_fp32/yolov8m/bs48__run1__20260930T150147_820814Z__ok.json,throttle sw_power_cap
main,eager_fp32,yolov8m,48,2,640,20260930T153257_919420Z,2026-09-30T15:32:59+00:00,109.92587310262024,109.86170056276023,0.47226793566238523,110.45452000107616,108.09212410822511,112.1418378315866,100,136.70526322443038,132.11199012584984,132.7887666411698,112.7432897593826,2.2901223563045883,4186.0888671875,cuda:0,NVIDIA A100-PCIE-40GB,535.288.01,600.0,1335.0,1410.0,41.0,55.0,251.47,13.0,0,0,sw_power_cap,,,,,,True,2.3.1+cu121,2.3.0+cu121,8.4.153,raw/main/runs/eager_fp32/yolov8m/bs48__run2__20260930T153257_919420Z__ok.json,throttle sw_power_cap
main,eager_fp32,yolov8m,48,3,640,20260930T154747_095455Z,2026-09-30T15:47:48+00:00,110.05200465209782,109.9898333195597,0.5102818536338197,110.53157553542405,108.77735260874033,112.8350431099534,100,136.69205277692527,132.3141548782587,132.98621524591,112.84977982752025,2.2927500969187045,4186.08740234375,cuda:0,NVIDIA A100-PCIE-40GB,535.288.01,405.0,1335.0,1410.0,43.0,56.0,247.55,13.0,0,0,sw_power_cap,,,,,,True,2.3.1+cu121,2.3.0+cu121,8.4.153,raw/main/runs/eager_fp32/yolov8m/bs48__run3__20260930T154747_095455Z__ok.json,throttle sw_power_cap
main,eager_fp32,yolov8m,48,4,640,20260930T160526_866098Z,2026-09-30T16:05:28+00:00,110.25110654067248,110.19665095955133,0.4291505824534613,110.74486009310931,108.94909221678972,112.99026058986783,100,137.79563069809228,132.44020054116845,133.07879487983882,113.07494534179568,2.296898052930677,4186.0888671875,cuda:0,NVIDIA A100-PCIE-40GB,535.288.01,765.0,1365.0,1410.0,46.0,57.0,252.05,13.0,0,0,sw_power_cap,,,,,,True,2.3.1+cu121,2.3.0+cu121,8.4.153,raw/main/runs/eager_fp32/yolov8m/bs48__run4__20260930T160526_866098Z__ok.json,throttle sw_power_cap
main,eager_fp32,yolov8n,1,0,640,20260930T144633_189748Z,2026-09-30T14:46:34+00:00,4.994908678345382,4.975414136424661,0.0993663687960949,5.057270056568086,4.947883076965809,5.937296897172928,100,11.284686517901719,5.700614536181092,5.797131429426372,4.910579170100391,4.994908678345382,196.7578125,cuda:0,NVIDIA A100-PCIE-40GB,535.288.01,615.0,1350.0,1410.0,44.0,43.0,63.21,13.0,0,0,,,,,,,True,2.3.1+cu121,2.3.0+cu121,8.4.153,raw/main/runs/eager_fp32/yolov8n/bs1__run0__20260930T144633_189748Z__ok.json,
main,eager_fp32,yolov8n,1,1,640,20260930T145650_858160Z,2026-09-30T14:56:52+00:00,5.024205236695707,5.00875455327332,0.10452171809892477,5.062074027955532,4.984583705663681,6.037720944732428,100,10.051624039188027,5.7363861706107855,5.797873809933662,4.940716200508177,5.024205236695707,196.7578125,cuda:0,NVIDIA A100-PCIE-40GB,535.288.01,1410.0,1335.0,1410.0,46.0,45.0,76.46,13.0,0,0,,,,,,,True,2.3.1+cu121,2.3.0+cu121,8.4.153,raw/main/runs/eager_fp32/yolov8n/bs1__run1__20260930T145650_858160Z__ok.json,
main,eager_fp32,yolov8n,1,2,640,20260930T152849_111859Z,2026-09-30T15:28:50+00:00,5.033117788843811,5.030055996030569,0.09076256534036829,5.049556586891413,4.967669956386089,5.896904971450567,100,10.711110872216523,5.758302286267281,5.7983518578112125,4.968598359264433,5.033117788843811,196.7578125,cuda:0,NVIDIA A100-PCIE-40GB,535.288.01,345.0,1335.0,1410.0,43.0,43.0,74.77,13.0,0,0,,,,,,,True,2.3.1+cu121,2.3.0+cu121,8.4.153,raw/main/runs/eager_fp32/yolov8n/bs1__run2__20260930T152849_111859Z__ok.json,
main,eager_fp32,yolov8n,1,3,640,20260930T153718_862367Z,2026-09-30T15:37:20+00:00,5.0027849012985826,4.9998045433312654,0.09082831101701697,5.026041739620268,4.932648036628962,5.876043811440468,100,10.242227176204324,5.7250456884503365,5.7807618752121925,4.937206688337028,5.0027849012985826,196.7578125,cuda:0,NVIDIA A100-PCIE-40GB,535.288.01,1410.0,1335.0,1410.0,48.0,46.0,55.37,13.0,0,0,,,,,,,True,2.3.1+cu121,2.3.0+cu121,8.4.153,raw/main/runs/eager_fp32/yolov8n/bs1__run3__20260930T153718_862367Z__ok.json,
main,eager_fp32,yolov8n,1,4,640,20260930T155642_694840Z,2026-09-30T15:56:44+00:00,5.011946186423302,4.994311835616827,0.10151467902798292,5.049329181201756,4.96129784733057,5.987974349409342,100,10.367737608030438,5.726417759433389,5.800491524860263,4.943380919285119,5.011946186423302,196.7578125,cuda:0,NVIDIA A100-PCIE-40GB,535.288.01,765.0,1335.0,1410.0,42.0,41.0,74.38,13.0,0,0,,,,,,,True,2.3.1+cu121,2.3.0+cu121,8.4.153,raw/main/runs/eager_fp32/yolov8n/bs1__run4__20260930T155642_694840Z__ok.json,
main,eager_fp32,yolov8n,2,0,640,20260930T144526_438009Z,2026-09-30T14:45:27+00:00,5.098520684987307,5.082300398498774,0.07697186043911543,5.137678422033787,5.034973844885826,5.808915942907333,100,10.377771044149995,6.2766228802502155,6.355037144385278,5.029116468504071,2.5492603424936533,251.35302734375,cuda:0,NVIDIA A100-PCIE-40GB,535.288.01,480.0,1410.0,1410.0,41.0,42.0,106.7,13.0,0,0,,,,,,,True,2.3.1+cu121,2.3.0+cu121,8.4.153,raw/main/runs/eager_fp32/yolov8n/bs2__run0__20260930T144526_438009Z__ok.json,
main,eager_fp32,yolov8n,2,1,640,20260930T150019_068442Z,2026-09-30T15:00:20+00:00,5.088309440761805,5.070860264822841,0.08450521987380943,5.128999217413366,5.036165006458759,5.880367010831833,100,11.188224777579308,6.282243644818664,6.340744183398783,5.043122861534357,2.5441547203809023,251.35302734375,cuda:0,NVIDIA A100-PCIE-40GB,535.288.01,765.0,1410.0,1410.0,45.0,45.0,63.22,13.0,0,0,,,,,,,True,2.3.1+cu121,2.3.0+cu121,8.4.153,raw/main/runs/eager_fp32/yolov8n/bs2__run1__20260930T150019_068442Z__ok.json,
main,eager_fp32,yolov8n,2,2,640,20260930T153157_796562Z,2026-09-30T15:31:59+00:00,5.077670514583588,5.075371125712991,0.07341910396076838,5.102404183708131,5.01656997948885,5.767111200839281,100,10.761355222202837,6.269530160352588,6.343957153148949,5.008953278884292,2.538835257291794,251.35302734375,cuda:0,NVIDIA A100-PCIE-40GB,535.288.01,330.0,1410.0,1410.0,44.0,45.0,110.07,13.0,0,0,,,,,,,True,2.3.1+cu121,2.3.0+cu121,8.4.153,raw/main/runs/eager_fp32/yolov8n/bs2__run2__20260930T153157_796562Z__ok.json,
main,eager_fp32,yolov8n,2,3,640,20260930T154558_719365Z,2026-09-30T15:46:00+00:00,5.0956057058647275,5.088092992082238,0.07129836821621018,5.106559512205422,5.035107955336571,5.788515787571669,100,11.465376485139132,6.2766349874436855,6.327214441262186,5.031482260674238,2.5478028529323637,251.35302734375,cuda:0,NVIDIA A100-PCIE-40GB,535.288.01,765.0,1410.0,1410.0,38.0,39.0,61.53,13.0,0,0,,,,,,,True,2.3.1+cu121,2.3.0+cu121,8.4.153,raw/main/runs/eager_fp32/yolov8n/bs2__run3__20260930T154558_719365Z__ok.json,
main,eager_fp32,yolov8n,2,4,640,20260930T161053_322183Z,2026-09-30T16:10:54+00:00,5.120103657245636,5.117079243063927,0.08027580119563908,5.152278370223939,5.065853241831064,5.874662194401026,100,11.374286408536136,6.312636425718665,6.389946211129427,5.064365440048277,2.560051828622818,251.35302734375,cuda:0,NVIDIA A100-PCIE-40GB,535.288.01,345.0,1410.0,1410.0,43.0,44.0,89.63,13.0,0,0,,,,,,,True,2.3.1+cu121,2.3.0+cu121,8.4.153,raw/main/runs/eager_fp32/yolov8n/bs2__run4__20260930T161053_322183Z__ok.json,
main,eager_fp32,yolov8n,4,0,640,20260930T144352_010396Z,2026-09-30T14:43:53+00:00,5.230315369553864,5.214662058278918,0.08726151444334722,5.290397861972451,5.185797344893217,6.025258917361498,100,12.936372784897685,7.30418786406517,7.407835475169122,5.174287427216768,1.307578842388466,354.76220703125,cuda:0,NVIDIA A100-PCIE-40GB,535.288.01,1410.0,1410.0,1410.0,52.0,52.0,68.07,13.0,0,0,,,,,,,True,2.3.1+cu121,2.3.0+cu121,8.4.153,raw/main/runs/eager_fp32/yolov8n/bs4__run0__20260930T144352_010396Z__ok.json,
main,eager_fp32,yolov8n,4,1,640,20260930T145531_113027Z,2026-09-30T14:55:32+00:00,5.240574353374541,5.22621744312346,0.08369634830021523,5.294194212183356,5.199408158659935,6.040060427039862,100,12.929019662551582,7.335879374295473,7.412998587824404,5.16525172162801,1.3101435883436352,354.7626953125,cuda:0,NVIDIA A100-PCIE-40GB,535.288.01,765.0,1410.0,1410.0,44.0,47.0,74.61,13.0,0,0,,,,,,,True,2.3.1+cu121,2.3.0+cu121,8.4.153,raw/main/runs/eager_fp32/yolov8n/bs4__run1__20260930T145531_113027Z__ok.json,
main,eager_fp32,yolov8n,4,2,640,20260930T152937_626648Z,2026-09-30T15:29:38+00:00,5.277867936529219,5.269474582746625,0.10744542437995895,5.305869760923088,5.194822791963816,6.070827133953571,100,11.670889682136476,7.37366802059114,7.445495692081749,5.198262487538159,1.3194669841323048,354.76220703125,cuda:0,NVIDIA A100-PCIE-40GB,535.288.01,765.0,1410.0,1410.0,43.0,46.0,160.24,13.0,0,0,,,,,,,True,2.3.1+cu121,2.3.0+cu121,8.4.153,raw/main/runs/eager_fp32/yolov8n/bs4__run2__20260930T152937_626648Z__ok.json,
main,eager_fp32,yolov8n,4,3,640,20260930T154427_533007Z,2026-09-30T15:44:28+00:00,5.266141998581588,5.259743658825755,0.07559468135702851,5.304025486111641,5.192324053496122,5.963149946182966,100,12.06008720677346,7.372202351689339,7.4331303825601935,5.199948912486434,1.316535499645397,354.76220703125,cuda:0,NVIDIA A100-PCIE-40GB,535.288.01,765.0,1410.0,1410.0,40.0,42.0,61.82,13.0,0,0,,,,,,,True,2.3.1+cu121,2.3.0+cu121,8.4.153,raw/main/runs/eager_fp32/yolov8n/bs4__run3__20260930T154427_533007Z__ok.json,
main,eager_fp32,yolov8n,4,4,640,20260930T155449_971392Z,2026-09-30T15:54:51+00:00,5.251958495937288,5.244289059191942,0.07336267662269963,5.299205356277525,5.165222566574812,5.925187841057777,100,13.006311538629234,7.351668085902929,7.4233479565009475,5.166420536115766,1.312989623984322,354.76220703125,cuda:0,NVIDIA A100-PCIE-40GB,535.288.01,630.0,1410.0,1410.0,52.0,53.0,79.88,13.0,0,0,,,,,,,True,2.3.1+cu121,2.3.0+cu121,8.4.153,raw/main/runs/eager_fp32/yolov8n/bs4__run4__20260930T155449_971392Z__ok.json,
main,eager_fp32,yolov8n,8,0,640,20260930T144517_801839Z,2026-09-30T14:45:19+00:00,5.342898718081415,5.273837596178055,0.1579150161004649,5.6075363187119365,5.2196369506418705,6.015419028699398,100,14.824568810872734,9.191171498969197,9.57988842856139,5.167190711945295,0.6678623397601768,570.82470703125,cuda:0,NVIDIA A100-PCIE-40GB,535.288.01,765.0,1395.0,1410.0,42.0,49.0,88.45,13.0,0,0,sw_power_cap,,,,,,True,2.3.1+cu121,2.3.0+cu121,8.4.153,raw/main/runs/eager_fp32/yolov8n/bs8__run0__20260930T144517_801839Z__ok.json,throttle sw_power_cap
main,eager_fp32,yolov8n,8,1,640,20260930T150249_560684Z,2026-09-30T15:02:50+00:00,5.26560194324702,5.2286130376160145,0.3093822362088501,5.276794033125043,5.188648123294115,8.237352594733238,100,13.359299972653389,9.140810696408153,9.242267231456935,5.091667012311518,0.6582002429058775,570.8251953125,cuda:0,NVIDIA A100-PCIE-40GB,535.288.01,600.0,1395.0,1410.0,47.0,52.0,213.14,13.0,0,0,sw_power_cap,,,,,,True,2.3.1+cu121,2.3.0+cu121,8.4.153,raw/main/runs/eager_fp32/yolov8n/bs8__run1__20260930T150249_560684Z__ok.json,throttle sw_power_cap
main,eager_fp32,yolov8n,8,2,640,20260930T153216_570302Z,2026-09-30T15:32:17+00:00,5.305324816145003,5.265979096293449,0.31280562977489856,5.3054592572152615,5.205312743782997,8.329323027282953,100,14.125955067574978,9.220191976055503,9.302801406010985,5.1561913918703794,0.6631656020181254,570.8251953125,cuda:0,NVIDIA A100-PCIE-40GB,535.288.01,765.0,1410.0,1410.0,42.0,47.0,145.43,13.0,0,0,,,,,,,True,2.3.1+cu121,2.3.0+cu121,8.4.153,raw/main/runs/eager_fp32/yolov8n/bs8__run2__20260930T153216_570302Z__ok.json,
main,eager_fp32,yolov8n,8,3,640,20260930T155015_233485Z,2026-09-30T15:50:16+00:00,5.2835543313995,5.2497959695756435,0.31144658005162956,5.281546642072499,5.18390629440546,8.288566023111343,100,14.85610896255821,9.186997544020414,9.249116759747267,5.1416589599102736,0.6604442914249375,570.82470703125,cuda:0,NVIDIA A100-PCIE-40GB,535.288.01,465.0,1410.0,1410.0,44.0,49.0,253.56,13.0,0,0,sw_power_cap,,,,,,True,2.3.1+cu121,2.3.0+cu121,8.4.153,raw/main/runs/eager_fp32/yolov8n/bs8__run3__20260930T155015_233485Z__ok.json,throttle sw_power_cap
main,eager_fp32,yolov8n,8,4,640,20260930T155604_748254Z,2026-09-30T15:56:06+00:00,5.402171453461051,5.2375574596226215,0.37986585582660765,6.201018579304218,5.165347829461098,6.337915081530809,100,15.04984603729099,9.121970040723681,10.183253581635654,5.123111638240516,0.6752714316826314,570.8251953125,cuda:0,NVIDIA A100-PCIE-40GB,535.288.01,765.0,1395.0,1410.0,45.0,51.0,85.41,13.0,0,0,sw_power_cap,,,,,,True,2.3.1+cu121,2.3.0+cu121,8.4.153,raw/main/runs/eager_fp32/yolov8n/bs8__run4__20260930T155604_748254Z__ok.json,throttle sw_power_cap
main,eager_fp32,yolov8n,12,0,640,20260930T143958_210742Z,2026-09-30T14:39:59+00:00,6.981261349283159,6.947277579456568,0.3272311510165635,6.95890027564019,6.934002973139286,10.21801121532917,100,17.593162264674902,12.64727651141584,12.680871365591884,7.065923400223255,0.5817717791069299,780.29443359375,cuda:0,NVIDIA A100-PCIE-40GB,535.288.01,615.0,1395.0,1410.0,39.0,46.0,156.16,13.0,0,0,sw_power_cap,,,,,,True,2.3.1+cu121,2.3.0+cu121,8.4.153,raw/main/runs/eager_fp32/yolov8n/bs12__run0__20260930T143958_210742Z__ok.json,throttle sw_power_cap
main,eager_fp32,yolov8n,12,1,640,20260930T150619_760338Z,2026-09-30T15:06:21+00:00,6.977311749942601,6.9228969514369965,0.20542363929921106,7.091484148986638,6.902940571308136,8.886612951755524,100,16.83399754576385,12.663999805226922,12.844041781499982,7.042263322509825,0.5814426458285501,780.29443359375,cuda:0,NVIDIA A100-PCIE-40GB,535.288.01,405.0,1395.0,1410.0,41.0,48.0,249.54,13.0,0,0,sw_power_cap,,,,,,True,2.3.1+cu121,2.3.0+cu121,8.4.153,raw/main/runs/eager_fp32/yolov8n/bs12__run1__20260930T150619_760338Z__ok.json,throttle sw_power_cap
main,eager_fp32,yolov8n,12,2,640,20260930T153236_994302Z,2026-09-30T15:32:38+00:00,6.974838669411838,6.928010610863566,0.42426677924112466,6.938669621013105,6.912121083587408,11.157607659697533,100,16.960422499105334,12.63990649022162,12.720736558549106,7.052137781865895,0.5812365557843199,780.294921875,cuda:0,NVIDIA A100-PCIE-40GB,535.288.01,450.0,1395.0,1410.0,42.0,48.0,248.06,13.0,0,0,sw_power_cap,,,,,,True,2.3.1+cu121,2.3.0+cu121,8.4.153,raw/main/runs/eager_fp32/yolov8n/bs12__run2__20260930T153236_994302Z__ok.json,throttle sw_power_cap
main,eager_fp32,yolov8n,12,3,640,20260930T154140_985301Z,2026-09-30T15:41:42+00:00,6.954726087860763,6.911162054166198,0.4201836582354367,6.922071916051209,6.895751692354679,11.111893691122532,100,17.19827018212527,12.656648177653551,12.714779237285256,7.037807232700288,0.5795605073217303,780.294921875,cuda:0,NVIDIA A100-PCIE-40GB,535.288.01,405.0,1395.0,1410.0,44.0,49.0,250.99,13.0,0,0,sw_power_cap,,,,,,True,2.3.1+cu121,2.3.0+cu121,8.4.153,raw/main/runs/eager_fp32/yolov8n/bs12__run3__20260930T154140_985301Z__ok.json,throttle sw_power_cap
main,eager_fp32,yolov8n,12,4,640,20260930T160324_383377Z,2026-09-30T16:03:25+00:00,6.9411911722272635,6.936331046745181,0.03434536766094344,6.949049211107194,6.922815926373005,7.2479890659451485,100,16.91343294456601,12.626505456864834,12.680968502536416,7.077497034333646,0.5784325976856053,780.294921875,cuda:0,NVIDIA A100-PCIE-40GB,535.288.01,435.0,1395.0,1410.0,46.0,51.0,68.29,13.0,0,0,sw_power_cap,,,,,,True,2.3.1+cu121,2.3.0+cu121,8.4.153,raw/main/runs/eager_fp32/yolov8n/bs12__run4__20260930T160324_383377Z__ok.json,throttle sw_power_cap
main,eager_fp32,yolov8n,16,0,640,20260930T143610_365488Z,2026-09-30T14:36:11+00:00,8.925951672717929,8.918145438656211,0.05352829182146866,8.933953591622412,8.894700091332197,9.333177004009485,100,22.168526113964617,16.394500620663166,16.48119173478335,9.229547288268805,0.5578719795448706,942.33349609375,cuda:0,NVIDIA A100-PCIE-40GB,535.288.01,510.0,1380.0,1410.0,49.0,54.0,234.12,13.0,0,0,sw_power_cap,,,,,,True,2.3.1+cu121,2.3.0+cu121,8.4.153,raw/main/runs/eager_fp32/yolov8n/bs16__run0__20260930T143610_365488Z__ok.json,throttle sw_power_cap
main,eager_fp32,yolov8n,16,1,640,20260930T150130_046431Z,2026-09-30T15:01:31+00:00,8.899668958038092,8.88464692980051,0.1401144531835028,8.899222314357758,8.862792979925871,10.277562774717808,100,22.37198828253895,16.441234853118658,16.495352564379573,9.158119717612863,0.5562293098773807,942.33251953125,cuda:0,NVIDIA A100-PCIE-40GB,535.288.01,765.0,1365.0,1410.0,42.0,48.0,252.18,13.0,0,0,sw_power_cap,,,,,,True,2.3.1+cu121,2.3.0+cu121,8.4.153,raw/main/runs/eager_fp32/yolov8n/bs16__run1__20260930T150130_046431Z__ok.json,throttle sw_power_cap
main,eager_fp32,yolov8n,16,2,640,20260930T152543_335339Z,2026-09-30T15:25:44+00:00,8.914143177680671,8.905550232157111,0.0512537641957402,8.930030860938132,8.883734233677387,9.392731823027134,100,20.772121576592326,16.357194865122437,16.42199291381985,9.16828032117337,0.557133948605042,942.3330078125,cuda:0,NVIDIA A100-PCIE-40GB,535.288.01,765.0,1365.0,1410.0,39.0,45.0,59.26,13.0,0,0,sw_power_cap,,,,,,True,2.3.1+cu121,2.3.0+cu121,8.4.153,raw/main/runs/eager_fp32/yolov8n/bs16__run2__20260930T152543_335339Z__ok.json,throttle sw_power_cap
main,eager_fp32,yolov8n,16,3,640,20260930T153458_981414Z,2026-09-30T15:35:00+00:00,8.894015224650502,8.888221345841885,0.03809182573008337,8.904669852927327,8.869821205735207,9.17694577947259,100,20.835808836854994,16.45027636550367,16.51007696054876,9.154126420617104,0.5558759515406564,942.33251953125,cuda:0,NVIDIA A100-PCIE-40GB,535.288.01,405.0,1365.0,1410.0,41.0,48.0,247.04,13.0,0,0,sw_power_cap,,,,,,True,2.3.1+cu121,2.3.0+cu121,8.4.153,raw/main/runs/eager_fp32/yolov8n/bs16__run3__20260930T153458_981414Z__ok.json,throttle sw_power_cap
main,eager_fp32,yolov8n,16,4,640,20260930T155621_718272Z,2026-09-30T15:56:23+00:00,8.917003921233118,8.907554438337684,0.057604551978034595,8.931376575492322,8.889485150575638,9.343068115413189,100,21.24812902417034,16.32882421836257,16.385667957365513,9.179064529016614,0.5573127450770698,942.3330078125,cuda:0,NVIDIA A100-PCIE-40GB,535.288.01,765.0,1380.0,1410.0,42.0,48.0,143.83,13.0,0,0,sw_power_cap,,,,,,True,2.3.1+cu121,2.3.0+cu121,8.4.153,raw/main/runs/eager_fp32/yolov8n/bs16__run4__20260930T155621_718272Z__ok.json,throttle sw_power_cap
main,eager_fp32,yolov8n,32,0,640,20260930T144641_223818Z,2026-09-30T14:46:42+00:00,17.498896955512464,17.480839509516954,0.06941891463799325,17.56418899167329,17.43192784488201,18.09411821886897,100,36.57902035396546,32.18907327391207,32.41230193525553,18.160468423739076,0.5468405298597645,1818.2041015625,cuda:0,NVIDIA A100-PCIE-40GB,535.288.01,390.0,1365.0,1410.0,41.0,49.0,78.95,13.0,0,0,sw_power_cap,,,,,,True,2.3.1+cu121,2.3.0+cu121,8.4.153,raw/main/runs/eager_fp32/yolov8n/bs32__run0__20260930T144641_223818Z__ok.json,throttle sw_power_cap
main,eager_fp32,yolov8n,32,1,640,20260930T151401_126763Z,2026-09-30T15:14:02+00:00,17.49834872316569,17.440923489630222,0.3336895119880216,17.547804629430175,17.40913698449731,20.716476254165173,100,36.34447338525206,32.10543212480843,32.23850354552269,18.115220861509442,0.5468233975989278,1818.20458984375,cuda:0,NVIDIA A100-PCIE-40GB,535.288.01,765.0,1380.0,1410.0,41.0,49.0,254.45,13.0,0,0,sw_power_cap,,,,,,True,2.3.1+cu121,2.3.0+cu121,8.4.153,raw/main/runs/eager_fp32/yolov8n/bs32__run1__20260930T151401_126763Z__ok.json,throttle sw_power_cap
main,eager_fp32,yolov8n,32,2,640,20260930T152428_501179Z,2026-09-30T15:24:29+00:00,17.499499591067433,17.473494866862893,0.08108875435004485,17.56566520780325,17.427843995392323,18.179066013544798,100,36.502264542505145,32.22638973966241,32.369069126434624,18.158583720214665,0.5468593622208573,1818.2041015625,cuda:0,NVIDIA A100-PCIE-40GB,535.288.01,765.0,1380.0,1410.0,45.0,51.0,249.01,13.0,0,0,sw_power_cap,,,,,,True,2.3.1+cu121,2.3.0+cu121,8.4.153,raw/main/runs/eager_fp32/yolov8n/bs32__run2__20260930T152428_501179Z__ok.json,throttle sw_power_cap
main,eager_fp32,yolov8n,32,3,640,20260930T154150_219813Z,2026-09-30T15:41:51+00:00,17.469936436973512,17.447486519813538,0.07737506221179147,17.54046326968819,17.41051208227873,18.123161979019642,100,36.29678206983954,32.05691929906607,32.16808226425201,18.14555407036096,0.5459355136554223,1818.2041015625,cuda:0,NVIDIA A100-PCIE-40GB,535.288.01,510.0,1380.0,1410.0,43.0,50.0,246.82,13.0,0,0,sw_power_cap,,,,,,True,2.3.1+cu121,2.3.0+cu121,8.4.153,raw/main/runs/eager_fp32/yolov8n/bs32__run3__20260930T154150_219813Z__ok.json,throttle sw_power_cap
main,eager_fp32,yolov8n,32,4,640,20260930T155954_514998Z,2026-09-30T15:59:55+00:00,17.493132879026234,17.465061508119106,0.08310323109645215,17.560525704175234,17.424211371690035,18.203048035502434,100,36.661859629675746,32.18390862457454,32.39615219645202,18.150241868570447,0.5466604024695698,1818.2041015625,cuda:0,NVIDIA A100-PCIE-40GB,535.288.01,765.0,1365.0,1410.0,43.0,51.0,249.88,13.0,0,0,sw_power_cap,,,,,,True,2.3.1+cu121,2.3.0+cu121,8.4.153,raw/main/runs/eager_fp32/yolov8n/bs32__run4__20260930T155954_514998Z__ok.json,throttle sw_power_cap
main,eager_fp32,yolov8n,48,0,640,20260930T145220_610961Z,2026-09-30T14:52:21+00:00,26.4557343441993,26.42232901416719,0.11628897948247356,26.602593413554132,26.298790704458952,27.32846699655056,100,52.620725110173225,48.28243795782328,48.50956527516246,27.401515413075686,0.5511611321708187,2051.3369140625,cuda:0,NVIDIA A100-PCIE-40GB,535.288.01,435.0,1380.0,1410.0,44.0,52.0,247.46,13.0,0,0,sw_power_cap,,,,,,True,2.3.1+cu121,2.3.0+cu121,8.4.153,raw/main/runs/eager_fp32/yolov8n/bs48__run0__20260930T145220_610961Z__ok.json,throttle sw_power_cap
main,eager_fp32,yolov8n,48,1,640,20260930T151317_923924Z,2026-09-30T15:13:19+00:00,26.43820329103619,26.404460426419973,0.12569687633134888,26.588963204994798,26.333789806813,27.429549023509026,100,52.53520471975207,48.18748403340578,48.47467020153999,27.353799901902676,0.5507959018965872,2051.3369140625,cuda:0,NVIDIA A100-PCIE-40GB,535.288.01,435.0,1365.0,1410.0,42.0,50.0,251.59,13.0,0,0,sw_power_cap,,,,,,True,2.3.1+cu121,2.3.0+cu121,8.4.153,raw/main/runs/eager_fp32/yolov8n/bs48__run1__20260930T151317_923924Z__ok.json,throttle sw_power_cap
main,eager_fp32,yolov8n,48,2,640,20260930T152606_164186Z,2026-09-30T15:26:07+00:00,26.441049724817276,26.406007818877697,0.11494861661763778,26.56773943454027,26.29741607233882,27.380293235182762,100,53.123902371153235,47.94947197660804,48.36720053572208,27.335038520395756,0.5508552026003599,2051.33642578125,cuda:0,NVIDIA A100-PCIE-40GB,535.288.01,765.0,1380.0,1410.0,41.0,49.0,253.86,13.0,0,0,sw_power_cap,,,,,,True,2.3.1+cu121,2.3.0+cu121,8.4.153,raw/main/runs/eager_fp32/yolov8n/bs48__run2__20260930T152606_164186Z__ok.json,throttle sw_power_cap
main,eager_fp32,yolov8n,48,3,640,20260930T154445_400983Z,2026-09-30T15:44:46+00:00,26.421072003431618,26.385687990114093,0.11744249317257946,26.559408521279693,26.28545369952917,27.318987995386124,100,53.41949747875333,48.31531969830394,48.6663528252393,27.288271579891443,0.550439000071492,2051.3369140625,cuda:0,NVIDIA A100-PCIE-40GB,535.288.01,765.0,1365.0,1410.0,39.0,48.0,253.97,13.0,0,0,sw_power_cap,,,,,,True,2.3.1+cu121,2.3.0+cu121,8.4.153,raw/main/runs/eager_fp32/yolov8n/bs48__run3__20260930T154445_400983Z__ok.json,throttle sw_power_cap
main,eager_fp32,yolov8n,48,4,640,20260930T161101_253003Z,2026-09-30T16:11:02+00:00,26.411071247421205,26.3688990380615,0.1207353666836816,26.552125671878457,26.313467882573605,27.361289132386446,100,52.62355724349618,48.02249860949814,48.46220735926181,27.367933518253267,0.5502306509879418,2051.3369140625,cuda:0,NVIDIA A100-PCIE-40GB,535.288.01,390.0,1365.0,1410.0,42.0,50.0,128.39,13.0,0,0,sw_power_cap,,,,,,True,2.3.1+cu121,2.3.0+cu121,8.4.153,raw/main/runs/eager_fp32/yolov8n/bs48__run4__20260930T161101_253003Z__ok.json,throttle sw_power_cap
main,eager_fp32,yolov8s,1,0,640,20260930T143831_497882Z,2026-09-30T14:38:32+00:00,4.987864592112601,4.976648138836026,0.1005546536981448,5.002395296469331,4.956991877406836,5.9757172130048275,100,10.288942330516875,5.6919490452855825,5.733724683523178,4.924896261654794,4.987864592112601,232.64501953125,cuda:0,NVIDIA A100-PCIE-40GB,535.288.01,360.0,1410.0,1410.0,41.0,43.0,112.52,13.0,0,0,,,,,,,True,2.3.1+cu121,2.3.0+cu121,8.4.153,raw/main/runs/eager_fp32/yolov8s/bs1__run0__20260930T143831_497882Z__ok.json,
main,eager_fp32,yolov8s,1,1,640,20260930T145822_060734Z,2026-09-30T14:58:23+00:00,5.135702872648835,5.050846142694354,0.6339546170889664,5.163541925139725,5.002675112336874,11.265937238931656,100,10.521010574884713,5.7786565739661455,5.958231701515615,4.983570147305727,5.135702872648835,232.64501953125,cuda:0,NVIDIA A100-PCIE-40GB,535.288.01,765.0,1410.0,1410.0,41.0,42.0,104.31,13.0,0,0,,,,,,,True,2.3.1+cu121,2.3.0+cu121,8.4.153,raw/main/runs/eager_fp32/yolov8s/bs1__run1__20260930T145822_060734Z__ok.json,
main,eager_fp32,yolov8s,1,2,640,20260930T152303_208636Z,2026-09-30T15:23:04+00:00,5.0251841731369495,5.010701948776841,0.09461673874370177,5.072022974491119,4.956032149493694,5.913437344133854,100,10.297345691360533,5.73116890154779,5.8239290956407785,4.939315333031118,5.0251841731369495,232.64501953125,cuda:0,NVIDIA A100-PCIE-40GB,535.288.01,765.0,1410.0,1410.0,45.0,46.0,63.71,13.0,0,0,,,,,,,True,2.3.1+cu121,2.3.0+cu121,8.4.153,raw/main/runs/eager_fp32/yolov8s/bs1__run2__20260930T152303_208636Z__ok.json,
main,eager_fp32,yolov8s,1,3,640,20260930T154550_735833Z,2026-09-30T15:45:52+00:00,5.037771994248033,5.024327896535397,0.0929525889441263,5.07060291711241,4.985866602510214,5.909353960305452,100,10.815238724462688,5.739370360970497,5.809444491751492,4.9545177817344666,5.037771994248033,232.64501953125,cuda:0,NVIDIA A100-PCIE-40GB,535.288.01,765.0,1410.0,1410.0,39.0,40.0,112.42,13.0,0,0,,,,,,,True,2.3.1+cu121,2.3.0+cu121,8.4.153,raw/main/runs/eager_fp32/yolov8s/bs1__run3__20260930T154550_735833Z__ok.json,
main,eager_fp32,yolov8s,1,4,640,20260930T160344_710015Z,2026-09-30T16:03:46+00:00,4.968664436601102,4.956132965162396,0.08998595206323916,5.019095307216048,4.932847805321217,5.833955947309732,100,11.518499841913581,5.676589673385024,5.763866752386093,4.901814297772944,4.968664436601102,232.64501953125,cuda:0,NVIDIA A100-PCIE-40GB,535.288.01,765.0,1410.0,1410.0,44.0,45.0,64.91,13.0,0,0,,,,,,,True,2.3.1+cu121,2.3.0+cu121,8.4.153,raw/main/runs/eager_fp32/yolov8s/bs1__run4__20260930T160344_710015Z__ok.json,
main,eager_fp32,yolov8s,2,0,640,20260930T143847_014389Z,2026-09-30T14:38:48+00:00,5.290745948441327,5.274777999147773,0.0932486658443841,5.3605635883286595,5.244386848062277,6.067459937185049,100,11.290133115835488,6.4609956461936235,6.545622437261045,5.22427739109844,2.6453729742206633,293.234375,cuda:0,NVIDIA A100-PCIE-40GB,535.288.01,765.0,1410.0,1410.0,40.0,42.0,75.4,13.0,0,0,,,,,,,True,2.3.1+cu121,2.3.0+cu121,8.4.153,raw/main/runs/eager_fp32/yolov8s/bs2__run0__20260930T143847_014389Z__ok.json,
main,eager_fp32,yolov8s,2,1,640,20260930T145617_051335Z,2026-09-30T14:56:18+00:00,5.266358130611479,5.259588593617082,0.08245383264490384,5.301529518328607,5.209617782384157,6.034069694578648,100,11.275987969711423,6.4643011428415775,6.507248315028846,5.222568893805146,2.6331790653057396,293.234375,cuda:0,NVIDIA A100-PCIE-40GB,535.288.01,765.0,1410.0,1410.0,41.0,43.0,156.89,13.0,0,0,,,,,,,True,2.3.1+cu121,2.3.0+cu121,8.4.153,raw/main/runs/eager_fp32/yolov8s/bs2__run1__20260930T145617_051335Z__ok.json,
main,eager_fp32,yolov8s,2,2,640,20260930T153400_264844Z,2026-09-30T15:34:01+00:00,5.426927139051259,5.286989035084844,0.22217051839166774,5.72381520178169,5.188751965761185,5.935223773121834,100,11.539594614878297,6.477243034169078,7.003030995838344,5.198153238743544,2.7134635695256293,293.23486328125,cuda:0,NVIDIA A100-PCIE-40GB,535.288.01,765.0,1410.0,1410.0,43.0,46.0,64.01,13.0,0,0,,,,,,,True,2.3.1+cu121,2.3.0+cu121,8.4.153,raw/main/runs/eager_fp32/yolov8s/bs2__run2__20260930T153400_264844Z__ok.json,
main,eager_fp32,yolov8s,2,3,640,20260930T153850_943234Z,2026-09-30T15:38:52+00:00,5.335520249791443,5.325817037373781,0.0807710569231564,5.343287345021963,5.272832699120045,6.0341376811265945,100,10.98741770721972,6.512307794764638,6.569981458596885,5.266208196990192,2.6677601248957217,293.23486328125,cuda:0,NVIDIA A100-PCIE-40GB,535.288.01,390.0,1410.0,1410.0,41.0,43.0,85.1,13.0,0,0,,,,,,,True,2.3.1+cu121,2.3.0+cu121,8.4.153,raw/main/runs/eager_fp32/yolov8s/bs2__run3__20260930T153850_943234Z__ok.json,
main,eager_fp32,yolov8s,2,4,640,20260930T155922_495824Z,2026-09-30T15:59:23+00:00,5.258764275349677,5.238419631496072,0.09270662970625308,5.321162263862789,5.213484168052673,6.028241012245417,100,10.859231646172702,6.420049117878079,6.522778351791203,5.186132318340242,2.6293821376748383,293.234375,cuda:0,NVIDIA A100-PCIE-40GB,535.288.01,765.0,1410.0,1410.0,46.0,48.0,163.57,13.0,0,0,,,,,,,True,2.3.1+cu121,2.3.0+cu121,8.4.153,raw/main/runs/eager_fp32/yolov8s/bs2__run4__20260930T155922_495824Z__ok.json,
main,eager_fp32,yolov8s,4,0,640,20260930T143815_929547Z,2026-09-30T14:38:17+00:00,5.270534264855087,5.22638694383204,0.3070849679856569,5.2921487018466,5.206367000937462,8.18502064794302,100,11.8309292383492,7.300166878849268,7.390012522228062,5.1759313233196735,1.3176335662137717,449.31005859375,cuda:0,NVIDIA A100-PCIE-40GB,535.288.01,765.0,1395.0,1410.0,44.0,50.0,250.38,13.0,0,0,sw_power_cap,,,,,,True,2.3.1+cu121,2.3.0+cu121,8.4.153,raw/main/runs/eager_fp32/yolov8s/bs4__run0__20260930T143815_929547Z__ok.json,throttle sw_power_cap
main,eager_fp32,yolov8s,4,1,640,20260930T145953_677258Z,2026-09-30T14:59:54+00:00,5.533002447336912,5.189272575080395,0.5911518146050698,6.431627320125699,5.155686754733324,7.863317150622606,100,12.4469841318205,7.274283096194267,8.580549946054816,5.123058152385056,1.383250611834228,449.31005859375,cuda:0,NVIDIA A100-PCIE-40GB,535.288.01,450.0,1395.0,1410.0,44.0,49.0,79.25,13.0,0,0,sw_power_cap,,,,,,True,2.3.1+cu121,2.3.0+cu121,8.4.153,raw/main/runs/eager_fp32/yolov8s/bs4__run1__20260930T145953_677258Z__ok.json,throttle sw_power_cap
main,eager_fp32,yolov8s,4,2,640,20260930T152809_517699Z,2026-09-30T15:28:10+00:00,5.309882839210331,5.262365099042654,0.30444231047393144,5.337471282109618,5.22156385704875,8.229481987655163,100,12.44366331025958,7.390684215351939,7.483985996805131,5.193277508951724,1.3274707098025829,449.310546875,cuda:0,NVIDIA A100-PCIE-40GB,535.288.01,765.0,1395.0,1410.0,46.0,52.0,66.99,13.0,0,0,sw_power_cap,,,,,,True,2.3.1+cu121,2.3.0+cu121,8.4.153,raw/main/runs/eager_fp32/yolov8s/bs4__run2__20260930T152809_517699Z__ok.json,throttle sw_power_cap
main,eager_fp32,yolov8s,4,3,640,20260930T154501_249142Z,2026-09-30T15:45:02+00:00,5.30201620887965,5.262024002149701,0.3016337021744542,5.304908566176891,5.237228702753782,8.174876682460308,100,11.8199468171224,7.366580422967672,7.42863432969898,5.1940281596034765,1.3255040522199124,449.310546875,cuda:0,NVIDIA A100-PCIE-40GB,535.288.01,1410.0,1395.0,1410.0,42.0,48.0,251.83,13.0,0,0,sw_power_cap,,,,,,True,2.3.1+cu121,2.3.0+cu121,8.4.153,raw/main/runs/eager_fp32/yolov8s/bs4__run3__20260930T154501_249142Z__ok.json,throttle sw_power_cap
main,eager_fp32,yolov8s,4,4,640,20260930T160316_098691Z,2026-09-30T16:03:17+00:00,5.253673023544252,5.214805016294122,0.3053085766556253,5.237424001097679,5.192928947508335,8.165646810084581,100,11.538062617182732,7.304939674213529,7.3391706217080355,5.14593634288758,1.313418255886063,449.31005859375,cuda:0,NVIDIA A100-PCIE-40GB,535.288.01,405.0,1395.0,1410.0,48.0,53.0,250.92,13.0,0,0,sw_power_cap,,,,,,True,2.3.1+cu121,2.3.0+cu121,8.4.153,raw/main/runs/eager_fp32/yolov8s/bs4__run4__20260930T160316_098691Z__ok.json,throttle sw_power_cap
main,eager_fp32,yolov8s,8,0,640,20260930T143806_341433Z,2026-09-30T14:38:07+00:00,8.48553720396012,8.451848989352584,0.3199247389142127,8.465758734382689,8.434853982180357,11.64946099743247,100,18.047078996896744,12.38902797922492,12.44039407465607,8.789156931452453,1.060692150495015,651.52099609375,cuda:0,NVIDIA A100-PCIE-40GB,535.288.01,570.0,1365.0,1410.0,45.0,51.0,238.06,13.0,0,0,sw_power_cap,,,,,,True,2.3.1+cu121,2.3.0+cu121,8.4.153,raw/main/runs/eager_fp32/yolov8s/bs8__run0__20260930T143806_341433Z__ok.json,throttle sw_power_cap
main,eager_fp32,yolov8s,8,1,640,20260930T150856_339083Z,2026-09-30T15:08:57+00:00,8.443137975409627,8.434267481788993,0.05135906700553438,8.476477372460067,8.421741891652346,8.918751031160355,100,16.90622509457171,12.336167506873608,12.399358698166907,8.800002089701593,1.0553922469262034,651.52001953125,cuda:0,NVIDIA A100-PCIE-40GB,535.288.01,765.0,1365.0,1410.0,48.0,54.0,71.25,13.0,0,0,sw_power_cap,,,,,,True,2.3.1+cu121,2.3.0+cu121,8.4.153,raw/main/runs/eager_fp32/yolov8s/bs8__run1__20260930T150856_339083Z__ok.json,throttle sw_power_cap
main,eager_fp32,yolov8s,8,2,640,20260930T152140_248935Z,2026-09-30T15:21:41+00:00,8.498851074837148,8.456419687718153,0.41869876574200837,8.471633424051106,8.429749868810177,12.640390079468489,100,16.978935501538217,12.387810042127967,12.415431905537844,8.775241882540286,1.0623563843546435,651.5205078125,cuda:0,NVIDIA A100-PCIE-40GB,535.288.01,765.0,1380.0,1410.0,41.0,47.0,138.14,13.0,0,0,sw_power_cap,,,,,,True,2.3.1+cu121,2.3.0+cu121,8.4.153,raw/main/runs/eager_fp32/yolov8s/bs8__run2__20260930T152140_248935Z__ok.json,throttle sw_power_cap
main,eager_fp32,yolov8s,8,3,640,20260930T153602_057089Z,2026-09-30T15:36:03+00:00,8.42721336055547,8.422269020229578,0.04242336728869919,8.431873889639974,8.402432780712843,8.821930270642042,100,17.519101556390524,12.359566055238247,12.389415293000638,8.746854080818594,1.0534016700694337,651.52001953125,cuda:0,NVIDIA A100-PCIE-40GB,535.288.01,360.0,1380.0,1410.0,41.0,47.0,127.09,13.0,0,0,sw_power_cap,,,,,,True,2.3.1+cu121,2.3.0+cu121,8.4.153,raw/main/runs/eager_fp32/yolov8s/bs8__run3__20260930T153602_057089Z__ok.json,throttle sw_power_cap
main,eager_fp32,yolov8s,8,4,640,20260930T160821_616130Z,2026-09-30T16:08:22+00:00,8.431791649200022,8.421776816248894,0.05494210922883336,8.47071607131511,8.404596708714962,8.940243162214756,100,17.054468309506774,12.329346965998411,12.393882870674133,8.737326781265438,1.0539739561500028,651.5205078125,cuda:0,NVIDIA A100-PCIE-40GB,535.288.01,765.0,1365.0,1410.0,39.0,46.0,246.88,13.0,0,0,sw_power_cap,,,,,,True,2.3.1+cu121,2.3.0+cu121,8.4.153,raw/main/runs/eager_fp32/yolov8s/bs8__run4__20260930T160821_616130Z__ok.json,throttle sw_power_cap
main,eager_fp32,yolov8s,12,0,640,20260930T144918_968442Z,2026-09-30T14:49:20+00:00,12.830997821874917,12.8109659999609,0.06647382069866649,12.882831948809326,12.773209251463413,13.352838810533285,100,24.03952786233276,18.548100721091032,18.64029746502638,13.294953680597246,1.0692498184895765,1033.09423828125,cuda:0,NVIDIA A100-PCIE-40GB,535.288.01,765.0,1380.0,1410.0,42.0,49.0,254.73,13.0,0,0,sw_power_cap,,,,,,True,2.3.1+cu121,2.3.0+cu121,8.4.153,raw/main/runs/eager_fp32/yolov8s/bs12__run0__20260930T144918_968442Z__ok.json,throttle sw_power_cap
main,eager_fp32,yolov8s,12,1,640,20260930T145830_093769Z,2026-09-30T14:58:31+00:00,12.80102834571153,12.780580902472138,0.07508818562825666,12.846695515327156,12.746889144182205,13.457320164889097,100,23.55545506812632,18.56773137114942,18.651412264443934,13.264411040581763,1.0667523621426274,1033.09375,cuda:0,NVIDIA A100-PCIE-40GB,535.288.01,765.0,1380.0,1410.0,40.0,48.0,252.27,13.0,0,0,sw_power_cap,,,,,,True,2.3.1+cu121,2.3.0+cu121,8.4.153,raw/main/runs/eager_fp32/yolov8s/bs12__run1__20260930T145830_093769Z__ok.json,throttle sw_power_cap
main,eager_fp32,yolov8s,12,2,640,20260930T152457_511077Z,2026-09-30T15:24:58+00:00,12.822913927957416,12.799957767128944,0.08355302520869796,12.87487237714231,12.771467212587595,13.573450036346912,100,23.544208887033165,18.541606375947595,18.63442298490554,13.282664171420038,1.068576160663118,1033.09423828125,cuda:0,NVIDIA A100-PCIE-40GB,535.288.01,765.0,1380.0,1410.0,41.0,49.0,65.8,13.0,0,0,sw_power_cap,,,,,,True,2.3.1+cu121,2.3.0+cu121,8.4.153,raw/main/runs/eager_fp32/yolov8s/bs12__run2__20260930T152457_511077Z__ok.json,throttle sw_power_cap
main,eager_fp32,yolov8s,12,3,640,20260930T155052_211717Z,2026-09-30T15:50:53+00:00,12.81175332609564,12.821785872802138,0.06677267125788136,12.891993299126625,12.736755888909101,13.318507000803947,100,22.885397779755294,18.504481995478272,18.597549782134593,13.272319049574435,1.06764611050797,1033.09375,cuda:0,NVIDIA A100-PCIE-40GB,535.288.01,1410.0,1380.0,1410.0,45.0,51.0,255.35,13.0,0,0,sw_power_cap,,,,,,True,2.3.1+cu121,2.3.0+cu121,8.4.153,raw/main/runs/eager_fp32/yolov8s/bs12__run3__20260930T155052_211717Z__ok.json,throttle sw_power_cap
main,eager_fp32,yolov8s,12,4,640,20260930T160900_358432Z,2026-09-30T16:09:01+00:00,12.796117509715259,12.772796908393502,0.06463413571231336,12.848553247749805,12.740692123770714,13.317128643393517,100,22.847729017958045,18.535462440922856,18.621091824024916,13.239057217724621,1.066343125809605,1033.09375,cuda:0,NVIDIA A100-PCIE-40GB,535.288.01,600.0,1380.0,1410.0,39.0,47.0,94.97,13.0,0,0,sw_power_cap,,,,,,True,2.3.1+cu121,2.3.0+cu121,8.4.153,raw/main/runs/eager_fp32/yolov8s/bs12__run4__20260930T160900_358432Z__ok.json,throttle sw_power_cap
main,eager_fp32,yolov8s,16,0,640,20260930T143620_454033Z,2026-09-30T14:36:21+00:00,16.402861764654517,16.384045127779245,0.10631474334361893,16.52773218229413,16.289268620312214,17.072409857064486,100,29.02198353316635,23.955001030117273,24.18746273033321,17.10611817892641,1.0251788602909073,1321.7373046875,cuda:0,NVIDIA A100-PCIE-40GB,535.288.01,420.0,1350.0,1410.0,47.0,53.0,63.91,13.0,0,0,sw_power_cap,,,,,,True,2.3.1+cu121,2.3.0+cu121,8.4.153,raw/main/runs/eager_fp32/yolov8s/bs16__run0__20260930T143620_454033Z__ok.json,throttle sw_power_cap
main,eager_fp32,yolov8s,16,1,640,20260930T150559_133649Z,2026-09-30T15:06:00+00:00,16.361053893342614,16.325057949870825,0.10561636372489261,16.50114671792835,16.207225620746613,17.038792837411165,100,29.38328551594168,23.903629975393414,24.129035137593746,17.00346569996327,1.0225658683339134,1321.73828125,cuda:0,NVIDIA A100-PCIE-40GB,535.288.01,765.0,1365.0,1410.0,42.0,50.0,89.64,13.0,0,0,sw_power_cap,,,,,,True,2.3.1+cu121,2.3.0+cu121,8.4.153,raw/main/runs/eager_fp32/yolov8s/bs16__run1__20260930T150559_133649Z__ok.json,throttle sw_power_cap
main,eager_fp32,yolov8s,16,2,640,20260930T152508_148927Z,2026-09-30T15:25:09+00:00,16.385766183957458,16.34559570811689,0.10347511637245453,16.521128616295755,16.2365329451859,17.053707968443632,100,28.15391949377954,23.882952984422445,24.130359943956137,17.016358310356736,1.024110386497341,1321.73779296875,cuda:0,NVIDIA A100-PCIE-40GB,535.288.01,765.0,1365.0,1410.0,42.0,49.0,253.29,13.0,0,0,sw_power_cap,,,,,,True,2.3.1+cu121,2.3.0+cu121,8.4.153,raw/main/runs/eager_fp32/yolov8s/bs16__run2__20260930T152508_148927Z__ok.json,throttle sw_power_cap
main,eager_fp32,yolov8s,16,3,640,20260930T155259_866238Z,2026-09-30T15:53:01+00:00,16.372540616430342,16.349812038242817,0.10762628424579795,16.497992514632642,16.212597023695707,17.05041015520692,100,28.851520754396915,23.99648819118738,24.18256620876491,17.03855306841433,1.0232837885268964,1321.73876953125,cuda:0,NVIDIA A100-PCIE-40GB,535.288.01,765.0,1365.0,1410.0,44.0,51.0,252.26,13.0,0,0,sw_power_cap,,,,,,True,2.3.1+cu121,2.3.0+cu121,8.4.153,raw/main/runs/eager_fp32/yolov8s/bs16__run3__20260930T155259_866238Z__ok.json,throttle sw_power_cap
main,eager_fp32,yolov8s,16,4,640,20260930T161136_372388Z,2026-09-30T16:11:37+00:00,16.34928227867931,16.313133528456092,0.10227823734993349,16.484957933425903,16.199423000216484,17.015970777720213,100,28.800661666318774,23.875119164586067,24.07157006673515,16.99362555053085,1.021830142417457,1321.73779296875,cuda:0,NVIDIA A100-PCIE-40GB,535.288.01,360.0,1380.0,1410.0,41.0,49.0,108.39,13.0,0,0,sw_power_cap,,,,,,True,2.3.1+cu121,2.3.0+cu121,8.4.153,raw/main/runs/eager_fp32/yolov8s/bs16__run4__20260930T161136_372388Z__ok.json,throttle sw_power_cap
main,eager_fp32,yolov8s,32,0,640,20260930T145012_426245Z,2026-09-30T14:50:13+00:00,32.770498995669186,32.68780023790896,0.4983229602342219,32.956302794627845,32.4644329957664,37.221282720565796,100,51.971581312827766,47.597152879461646,47.93117600493133,34.02729972265661,1.024078093614662,2381.8125,cuda:0,NVIDIA A100-PCIE-40GB,535.288.01,360.0,1350.0,1410.0,42.0,51.0,246.17,13.0,0,0,sw_power_cap,,,,,,True,2.3.1+cu121,2.3.0+cu121,8.4.153,raw/main/runs/eager_fp32/yolov8s/bs32__run0__20260930T145012_426245Z__ok.json,throttle sw_power_cap
main,eager_fp32,yolov8s,32,1,640,20260930T151231_561562Z,2026-09-30T15:12:32+00:00,32.72711324039847,32.66894863918424,0.22212685460608408,32.951575983315706,32.41627477109432,33.99267420172691,100,52.34901905525476,47.439409885555506,47.834019851870835,33.98009299766272,1.022722288762452,2381.8125,cuda:0,NVIDIA A100-PCIE-40GB,535.288.01,345.0,1350.0,1410.0,43.0,51.0,121.04,13.0,0,0,sw_power_cap,,,,,,True,2.3.1+cu121,2.3.0+cu121,8.4.153,raw/main/runs/eager_fp32/yolov8s/bs32__run1__20260930T151231_561562Z__ok.json,throttle sw_power_cap
main,eager_fp32,yolov8s,32,2,640,20260930T151630_939039Z,2026-09-30T15:16:32+00:00,32.69442429766059,32.64759085141122,0.19808030778458774,32.918488373979926,32.37575571984053,33.78918021917343,100,52.365816165693104,47.51061601564288,47.8507807245478,33.97489581722766,1.0217007593018934,2381.81298828125,cuda:0,NVIDIA A100-PCIE-40GB,535.288.01,315.0,1365.0,1410.0,41.0,51.0,67.39,13.0,0,0,sw_power_cap,,,,,,True,2.3.1+cu121,2.3.0+cu121,8.4.153,raw/main/runs/eager_fp32/yolov8s/bs32__run2__20260930T151630_939039Z__ok.json,throttle sw_power_cap
main,eager_fp32,yolov8s,32,3,640,20260930T155128_803951Z,2026-09-30T15:51:30+00:00,32.715507918037474,32.69718587398529,0.2208221920118586,33.01580441184342,32.34951430931687,34.100941848009825,100,52.21963153220713,47.56575939245522,47.9876181576401,33.96893633995205,1.022359622438671,2381.8125,cuda:0,NVIDIA A100-PCIE-40GB,535.288.01,765.0,1350.0,1410.0,41.0,50.0,239.35,13.0,0,0,sw_power_cap,,,,,,True,2.3.1+cu121,2.3.0+cu121,8.4.153,raw/main/runs/eager_fp32/yolov8s/bs32__run3__20260930T155128_803951Z__ok.json,throttle sw_power_cap
main,eager_fp32,yolov8s,32,4,640,20260930T160107_757326Z,2026-09-30T16:01:09+00:00,32.706193048506975,32.67246880568564,0.2160607995166578,32.94262911658734,32.401401083916426,33.95299520343542,100,51.71721792779863,47.41284204646945,47.78261166065931,33.97980420850217,1.022068532765843,2381.8125,cuda:0,NVIDIA A100-PCIE-40GB,535.288.01,765.0,1350.0,1410.0,40.0,49.0,236.47,13.0,0,0,sw_power_cap,,,,,,True,2.3.1+cu121,2.3.0+cu121,8.4.153,raw/main/runs/eager_fp32/yolov8s/bs32__run4__20260930T160107_757326Z__ok.json,throttle sw_power_cap
main,eager_fp32,yolov8s,48,0,640,20260930T144255_962887Z,2026-09-30T14:42:57+00:00,50.28557232581079,50.23666354827583,0.2729129209415748,50.54769730195403,49.892077688127756,52.112840581685305,100,77.0071630179882,72.27601925842464,72.65833434648812,52.022400689311326,1.047616090121058,2817.3876953125,cuda:0,NVIDIA A100-PCIE-40GB,535.288.01,765.0,1350.0,1410.0,45.0,53.0,80.07,13.0,0,0,sw_power_cap,,,,,,True,2.3.1+cu121,2.3.0+cu121,8.4.153,raw/main/runs/eager_fp32/yolov8s/bs48__run0__20260930T144255_962887Z__ok.json,throttle sw_power_cap
main,eager_fp32,yolov8s,48,1,640,20260930T150435_381188Z,2026-09-30T15:04:36+00:00,50.29818668495864,50.26320298202336,0.24849804047495055,50.541748106479645,49.74690405651927,52.08679521456361,100,77.55421007052064,72.5283280480653,72.9278975399211,52.0273986691609,1.0478788892699715,2817.38818359375,cuda:0,NVIDIA A100-PCIE-40GB,535.288.01,765.0,1380.0,1410.0,47.0,55.0,204.07,13.0,0,0,sw_power_cap,,,,,,True,2.3.1+cu121,2.3.0+cu121,8.4.153,raw/main/runs/eager_fp32/yolov8s/bs48__run1__20260930T150435_381188Z__ok.json,throttle sw_power_cap
main,eager_fp32,yolov8s,48,2,640,20260930T151916_349984Z,2026-09-30T15:19:17+00:00,50.27559756767005,50.21264706738293,0.2515654236566853,50.520463357679546,49.85069576650858,51.76918767392635,100,76.90545230638236,72.37706403248012,72.76475883554667,52.02614697162062,1.0474082826597926,2817.3876953125,cuda:0,NVIDIA A100-PCIE-40GB,535.288.01,765.0,1350.0,1410.0,46.0,54.0,69.95,13.0,0,0,sw_power_cap,,,,,,True,2.3.1+cu121,2.3.0+cu121,8.4.153,raw/main/runs/eager_fp32/yolov8s/bs48__run2__20260930T151916_349984Z__ok.json,throttle sw_power_cap
main,eager_fp32,yolov8s,48,3,640,20260930T155030_848648Z,2026-09-30T15:50:32+00:00,50.19140672404319,50.16303504817188,0.2242559259829285,50.43462936300784,49.73890399560332,51.933000795543194,100,78.18334197625518,72.10840517655015,72.43038231972605,51.92649728152901,1.0456543067508999,2817.38671875,cuda:0,NVIDIA A100-PCIE-40GB,535.288.01,765.0,1380.0,1410.0,41.0,51.0,59.65,13.0,0,0,sw_power_cap,,,,,,True,2.3.1+cu121,2.3.0+cu121,8.4.153,raw/main/runs/eager_fp32/yolov8s/bs48__run3__20260930T155030_848648Z__ok.json,throttle sw_power_cap
main,eager_fp32,yolov8s,48,4,640,20260930T155533_598821Z,2026-09-30T15:55:34+00:00,50.264728968031704,50.197227858006954,0.28615190940584945,50.50128099974245,49.785011913627386,51.88323697075248,100,77.04684247728437,72.34728103503585,72.99471797887236,51.95868020411581,1.0471818535006605,2817.38818359375,cuda:0,NVIDIA A100-PCIE-40GB,535.288.01,765.0,1365.0,1410.0,43.0,52.0,250.7,13.0,0,0,sw_power_cap,,,,,,True,2.3.1+cu121,2.3.0+cu121,8.4.153,raw/main/runs/eager_fp32/yolov8s/bs48__run4__20260930T155533_598821Z__ok.json,throttle sw_power_cap
main,trt_fp16,yolov8l,1,0,640,20260930T144836_552732Z,2026-09-30T14:48:37+00:00,2.847474031150341,2.6523699052631855,0.578750158382308,4.214354977011681,2.4497760459780693,4.544947296380997,100,3.5456288000568748,2.9756040312349796,4.546148073859513,2.3043590411543846,2.847474031150341,44.98193359375,cuda:0,NVIDIA A100-PCIE-40GB,535.288.01,345.0,1395.0,1410.0,40.0,45.0,257.54,13.0,0,0,sw_power_cap,1.0,0.0,,292.6757967406884,1.1756348758935928,True,2.3.1+cu121,2.3.0+cu121,8.4.153,raw/main/runs/trt_fp16/yolov8l/bs1__run0__20260930T144836_552732Z__ok.json,throttle sw_power_cap
main,trt_fp16,yolov8l,1,1,640,20260930T150140_286177Z,2026-09-30T15:01:41+00:00,2.9103285586461425,2.881913213059306,0.5007720414449828,4.188771289773285,2.437676303088665,4.481866955757141,100,3.582854801788926,3.202138002961874,4.513403493911028,2.304004840552807,2.9103285586461425,44.98193359375,cuda:0,NVIDIA A100-PCIE-40GB,535.288.01,765.0,1395.0,1410.0,41.0,46.0,242.66,13.0,0,0,sw_power_cap,1.0,0.0,,292.6757967406884,1.1829295232892036,True,2.3.1+cu121,2.3.0+cu121,8.4.153,raw/main/runs/trt_fp16/yolov8l/bs1__run1__20260930T150140_286177Z__ok.json,throttle sw_power_cap
main,trt_fp16,yolov8l,1,2,640,20260930T152731_138880Z,2026-09-30T15:27:32+00:00,3.1434754375368357,3.625113284215331,0.612440898878103,3.6531814839690915,2.4522398598492146,4.51219268143177,100,3.825542056001723,3.9480042178183794,3.980865119956433,2.3153057415038347,3.1434754375368357,44.98193359375,cuda:0,NVIDIA A100-PCIE-40GB,535.288.01,1410.0,1395.0,1410.0,47.0,50.0,251.53,13.0,0,0,sw_power_cap,1.0,0.0,,292.6757967406884,1.1780847827903926,True,2.3.1+cu121,2.3.0+cu121,8.4.153,raw/main/runs/trt_fp16/yolov8l/bs1__run2__20260930T152731_138880Z__ok.json,throttle sw_power_cap
main,trt_fp16,yolov8l,1,3,640,20260930T155102_850427Z,2026-09-30T15:51:04+00:00,2.8622161084786057,2.7429501060396433,0.5285295863313114,4.181181592866778,2.4323193356394768,4.515727050602436,100,3.62184414640069,3.0673067085444927,4.512794362381101,2.29866995010525,2.8622161084786057,44.98193359375,cuda:0,NVIDIA A100-PCIE-40GB,535.288.01,765.0,1395.0,1410.0,44.0,48.0,71.71,13.0,0,0,sw_power_cap,1.0,0.0,,292.6757967406884,1.1768861380405724,True,2.3.1+cu121,2.3.0+cu121,8.4.153,raw/main/runs/trt_fp16/yolov8l/bs1__run3__20260930T155102_850427Z__ok.json,throttle sw_power_cap
main,trt_fp16,yolov8l,1,4,640,20260930T160405_989437Z,2026-09-30T16:04:07+00:00,2.909564063884318,2.4862841237336397,0.7605652133181888,4.219854483380914,2.4491329677402973,4.5417738147079945,100,3.5932293580845,2.8047822415828705,4.545396147295833,2.305848919786513,2.909564063884318,44.98193359375,cuda:0,NVIDIA A100-PCIE-40GB,535.288.01,765.0,1395.0,1410.0,43.0,48.0,240.34,13.0,0,0,sw_power_cap,1.0,0.0,,292.6757967406884,1.1797778108157218,True,2.3.1+cu121,2.3.0+cu121,8.4.153,raw/main/runs/trt_fp16/yolov8l/bs1__run4__20260930T160405_989437Z__ok.json,throttle sw_power_cap
main,trt_fp16,yolov8l,2,0,640,20260930T143915_329702Z,2026-09-30T14:39:16+00:00,3.8800327805802226,3.659724025055766,0.32289566925370783,4.222109983675182,3.611932974308729,5.4421802051365376,100,4.615381020121276,4.048759816214442,4.610841860994697,3.602431360632181,1.9400163902901113,91.00830078125,cuda:0,NVIDIA A100-PCIE-40GB,535.288.01,555.0,1380.0,1410.0,40.0,46.0,246.99,13.0,0,0,sw_power_cap,1.0,0.0,,277.2841225527227,1.1729913470335305,True,2.3.1+cu121,2.3.0+cu121,8.4.153,raw/main/runs/trt_fp16/yolov8l/bs2__run0__20260930T143915_329702Z__ok.json,throttle sw_power_cap
main,trt_fp16,yolov8l,2,1,640,20260930T150222_464663Z,2026-09-30T15:02:23+00:00,3.819582350552082,3.652379382401705,0.6012324694532383,5.918671051040292,3.6145439371466637,6.23750314116478,100,4.573595547117293,4.031050251796842,6.311484728939831,3.591502537019551,1.909791175276041,91.00830078125,cuda:0,NVIDIA A100-PCIE-40GB,535.288.01,1410.0,1380.0,1410.0,49.0,52.0,251.9,13.0,0,0,sw_power_cap,1.0,0.0,,277.2841225527227,1.181021356023848,True,2.3.1+cu121,2.3.0+cu121,8.4.153,raw/main/runs/trt_fp16/yolov8l/bs2__run1__20260930T150222_464663Z__ok.json,throttle sw_power_cap
main,trt_fp16,yolov8l,2,2,640,20260930T153149_964986Z,2026-09-30T15:31:51+00:00,3.851065640337765,3.7075344007462263,0.5922017389549211,5.934970150701702,3.636328037828207,6.2889112159609795,100,4.822499267756939,4.085845546796918,6.3275744672864676,3.6048707691952586,1.9255328201688826,91.00830078125,cuda:0,NVIDIA A100-PCIE-40GB,535.288.01,600.0,1380.0,1410.0,46.0,51.0,146.48,13.0,0,0,sw_power_cap,1.0,0.0,,277.2841225527227,1.1965689021162689,True,2.3.1+cu121,2.3.0+cu121,8.4.153,raw/main/runs/trt_fp16/yolov8l/bs2__run2__20260930T153149_964986Z__ok.json,throttle sw_power_cap
main,trt_fp16,yolov8l,2,3,640,20260930T154057_984716Z,2026-09-30T15:40:59+00:00,3.8966127997264266,3.6548611242324114,0.36484971782780584,4.261786281131208,3.6214711144566536,5.919750779867172,100,4.815172953531146,4.035941557958722,4.6535583678632975,3.5919062700122595,1.9483063998632133,91.00830078125,cuda:0,NVIDIA A100-PCIE-40GB,535.288.01,525.0,1395.0,1410.0,47.0,51.0,78.87,13.0,0,0,sw_power_cap,1.0,0.0,,277.2841225527227,1.1717149880714715,True,2.3.1+cu121,2.3.0+cu121,8.4.153,raw/main/runs/trt_fp16/yolov8l/bs2__run3__20260930T154057_984716Z__ok.json,throttle sw_power_cap
main,trt_fp16,yolov8l,2,4,640,20260930T160830_899874Z,2026-09-30T16:08:32+00:00,3.920226152986288,3.628722857683897,0.47607248480746084,4.6654799953103065,3.5980767570436,5.056022200733423,100,4.874108312651515,4.005796508863568,5.047505162656307,3.588525289669633,1.960113076493144,91.00830078125,cuda:0,NVIDIA A100-PCIE-40GB,535.288.01,765.0,1380.0,1410.0,39.0,45.0,61.9,13.0,0,0,sw_power_cap,1.0,0.0,,277.2841225527227,1.2035776069387794,True,2.3.1+cu121,2.3.0+cu121,8.4.153,raw/main/runs/trt_fp16/yolov8l/bs2__run4__20260930T160830_899874Z__ok.json,throttle sw_power_cap
main,trt_fp16,yolov8l,4,0,640,20260930T143855_149196Z,2026-09-30T14:38:56+00:00,6.23597139492631,6.1012746300548315,0.6775845469086529,6.226239562965924,5.901906173676252,9.640992153435946,100,7.107831467874348,6.602731999009848,6.734612816944713,6.150148347951472,1.5589928487315774,179.60888671875,cuda:0,NVIDIA A100-PCIE-40GB,535.288.01,405.0,1380.0,1410.0,39.0,45.0,59.43,13.0,0,0,sw_power_cap,1.0,0.0,,285.7162584341131,1.195162975229323,True,2.3.1+cu121,2.3.0+cu121,8.4.153,raw/main/runs/trt_fp16/yolov8l/bs4__run0__20260930T143855_149196Z__ok.json,throttle sw_power_cap
main,trt_fp16,yolov8l,4,1,640,20260930T150100_477985Z,2026-09-30T15:01:01+00:00,6.152783147990704,6.082655396312475,0.17642544860772252,6.502576055936515,6.036620121449232,6.817030720412731,100,7.02362940646708,6.581473164260387,7.005890575237572,6.140519022010267,1.538195786997676,179.60888671875,cuda:0,NVIDIA A100-PCIE-40GB,535.288.01,735.0,1350.0,1410.0,43.0,49.0,58.18,13.0,0,0,sw_power_cap,1.0,0.0,,285.7162584341131,1.1986957769840956,True,2.3.1+cu121,2.3.0+cu121,8.4.153,raw/main/runs/trt_fp16/yolov8l/bs4__run1__20260930T150100_477985Z__ok.json,throttle sw_power_cap
main,trt_fp16,yolov8l,4,2,640,20260930T152131_715165Z,2026-09-30T15:21:33+00:00,6.130515895783901,6.08836580067873,0.3828870083998803,6.1233594082295895,5.822585895657539,8.825725875794888,100,7.226018561050296,6.58203405328095,6.619264371693134,6.161400089040399,1.5326289739459753,179.60888671875,cuda:0,NVIDIA A100-PCIE-40GB,535.288.01,465.0,1365.0,1410.0,41.0,47.0,156.21,13.0,0,0,sw_power_cap,1.0,0.0,,285.7162584341131,1.1856995900161564,True,2.3.1+cu121,2.3.0+cu121,8.4.153,raw/main/runs/trt_fp16/yolov8l/bs4__run2__20260930T152131_715165Z__ok.json,throttle sw_power_cap
main,trt_fp16,yolov8l,4,3,640,20260930T155251_483783Z,2026-09-30T15:52:52+00:00,6.11384604126215,6.09896145761013,0.32088938271976675,6.1079769395291805,5.815431009978056,9.23098810017109,100,6.974344812333584,6.5979789942502975,6.6269817762076855,6.143248351290822,1.5284615103155375,179.60888671875,cuda:0,NVIDIA A100-PCIE-40GB,535.288.01,1410.0,1350.0,1410.0,47.0,51.0,249.37,13.0,0,0,sw_power_cap,1.0,0.0,,285.7162584341131,1.1871339152567089,True,2.3.1+cu121,2.3.0+cu121,8.4.153,raw/main/runs/trt_fp16/yolov8l/bs4__run3__20260930T155251_483783Z__ok.json,throttle sw_power_cap
main,trt_fp16,yolov8l,4,4,640,20260930T155900_614168Z,2026-09-30T15:59:01+00:00,6.172838639467955,6.116481265053153,0.4063465626396632,6.131738913245499,5.922948941588402,8.780514355748892,100,7.033114414662123,6.611974909901619,6.631514243781567,6.166251273825765,1.5432096598669887,179.60888671875,cuda:0,NVIDIA A100-PCIE-40GB,535.288.01,1410.0,1350.0,1410.0,49.0,53.0,61.52,13.0,0,0,sw_power_cap,1.0,0.0,,285.7162584341131,1.184214722365141,True,2.3.1+cu121,2.3.0+cu121,8.4.153,raw/main/runs/trt_fp16/yolov8l/bs4__run4__20260930T155900_614168Z__ok.json,throttle sw_power_cap
main,trt_fp16,yolov8l,8,0,640,20260930T144844_287159Z,2026-09-30T14:48:45+00:00,11.00837062112987,11.024768697097898,0.13676848982414108,11.18156008888036,10.52321633324027,11.219377163797617,100,12.119600279256701,11.748104123398662,11.904262565076351,11.17433202918619,1.3760463276412338,364.14990234375,cuda:0,NVIDIA A100-PCIE-40GB,535.288.01,345.0,1365.0,1410.0,39.0,46.0,47.85,13.0,0,0,sw_power_cap,1.0,0.0,,280.45805110409856,1.1726849433034658,True,2.3.1+cu121,2.3.0+cu121,8.4.153,raw/main/runs/trt_fp16/yolov8l/bs8__run0__20260930T144844_287159Z__ok.json,throttle sw_power_cap
main,trt_fp16,yolov8l,8,1,640,20260930T151333_622045Z,2026-09-30T15:13:34+00:00,11.031861477531493,11.022935854271054,0.13811012320939217,11.221199505962431,10.4274763725698,11.376081965863705,100,12.11445921100676,11.746959062293172,11.978565622121096,11.200998509302735,1.3789826846914366,364.14990234375,cuda:0,NVIDIA A100-PCIE-40GB,535.288.01,735.0,1335.0,1410.0,44.0,50.0,245.43,13.0,0,0,sw_power_cap,1.0,0.0,,280.45805110409856,1.1854628846049309,True,2.3.1+cu121,2.3.0+cu121,8.4.153,raw/main/runs/trt_fp16/yolov8l/bs8__run1__20260930T151333_622045Z__ok.json,throttle sw_power_cap
main,trt_fp16,yolov8l,8,2,640,20260930T151458_666716Z,2026-09-30T15:14:59+00:00,11.046885787509382,11.027827626094222,0.19944826218818096,11.172905215062201,10.44284226372838,12.564950156956911,100,12.13325030170381,11.76188001409173,11.902941577136517,11.189884999766946,1.3808607234386727,364.14990234375,cuda:0,NVIDIA A100-PCIE-40GB,535.288.01,495.0,1335.0,1410.0,44.0,51.0,77.96,13.0,0,0,sw_power_cap,1.0,0.0,,280.45805110409856,1.1761335786432028,True,2.3.1+cu121,2.3.0+cu121,8.4.153,raw/main/runs/trt_fp16/yolov8l/bs8__run2__20260930T151458_666716Z__ok.json,throttle sw_power_cap
main,trt_fp16,yolov8l,8,3,640,20260930T154435_715116Z,2026-09-30T15:44:37+00:00,11.018919884227216,11.004203232005239,0.15341431006789485,11.208962532691658,10.317270178347826,11.221477296203375,100,12.110307579860091,11.736254207789898,11.936144484207034,11.162422620691359,1.377364985528402,364.14990234375,cuda:0,NVIDIA A100-PCIE-40GB,535.288.01,765.0,1335.0,1410.0,39.0,46.0,246.85,13.0,0,0,sw_power_cap,1.0,0.0,,280.45805110409856,1.1754954098723829,True,2.3.1+cu121,2.3.0+cu121,8.4.153,raw/main/runs/trt_fp16/yolov8l/bs8__run3__20260930T154435_715116Z__ok.json,throttle sw_power_cap
main,trt_fp16,yolov8l,8,4,640,20260930T160124_461380Z,2026-09-30T16:01:25+00:00,11.026978408917785,11.02777966298163,0.110863459283995,11.125221545808017,10.396854020655155,11.21886121109128,100,12.11391584482044,11.75335654988885,11.852316907607019,11.186443050391972,1.378372301114723,364.14990234375,cuda:0,NVIDIA A100-PCIE-40GB,535.288.01,690.0,1350.0,1410.0,42.0,48.0,66.0,13.0,0,0,sw_power_cap,1.0,0.0,,280.45805110409856,1.1742488159798086,True,2.3.1+cu121,2.3.0+cu121,8.4.153,raw/main/runs/trt_fp16/yolov8l/bs8__run4__20260930T160124_461380Z__ok.json,throttle sw_power_cap
main,trt_fp16,yolov8l,12,0,640,20260930T144936_340715Z,2026-09-30T14:49:37+00:00,16.18243593722582,16.202265629544854,0.20712761153114792,16.428476409055293,15.060513745993376,16.70293929055333,100,17.626426466740668,17.169580794870853,17.39698408637196,16.421328079886734,1.3485363281021516,538.8251953125,cuda:0,NVIDIA A100-PCIE-40GB,535.288.01,345.0,1365.0,1410.0,40.0,48.0,252.68,13.0,0,0,sw_power_cap,1.0,0.0,,304.9354074979201,1.1703537753783166,True,2.3.1+cu121,2.3.0+cu121,8.4.153,raw/main/runs/trt_fp16/yolov8l/bs12__run0__20260930T144936_340715Z__ok.json,throttle sw_power_cap
main,trt_fp16,yolov8l,12,1,640,20260930T151043_236287Z,2026-09-30T15:10:44+00:00,16.160362912341952,16.185980988666415,0.22109874847514252,16.41296378802508,14.922567177563906,16.632988583296537,100,17.588083720766008,17.131248023360968,17.35603141132742,16.410033269785345,1.3466969093618293,538.8251953125,cuda:0,NVIDIA A100-PCIE-40GB,535.288.01,765.0,1350.0,1410.0,41.0,48.0,60.05,13.0,0,0,sw_power_cap,1.0,0.0,,304.9354074979201,1.1829965710639954,True,2.3.1+cu121,2.3.0+cu121,8.4.153,raw/main/runs/trt_fp16/yolov8l/bs12__run1__20260930T151043_236287Z__ok.json,throttle sw_power_cap
main,trt_fp16,yolov8l,12,2,640,20260930T153408_347133Z,2026-09-30T15:34:09+00:00,16.181975002400577,16.202802769839764,0.19480040798851134,16.475087660364807,15.147029887884855,16.754847019910812,100,17.483081626705825,17.144747776910663,17.414052900858223,16.458408520556986,1.3484979168667148,538.8251953125,cuda:0,NVIDIA A100-PCIE-40GB,535.288.01,765.0,1350.0,1410.0,42.0,50.0,247.76,13.0,0,0,sw_power_cap,1.0,0.0,,304.9354074979201,1.1656607422046363,True,2.3.1+cu121,2.3.0+cu121,8.4.153,raw/main/runs/trt_fp16/yolov8l/bs12__run2__20260930T153408_347133Z__ok.json,throttle sw_power_cap
main,trt_fp16,yolov8l,12,3,640,20260930T155145_455657Z,2026-09-30T15:51:46+00:00,16.187403644435108,16.18766109459102,0.19648234408729442,16.39085137285292,15.116616152226925,16.643633134663105,100,17.58087315130979,17.148075625300407,17.353615001775324,16.438233670778573,1.3489503037029256,538.8251953125,cuda:0,NVIDIA A100-PCIE-40GB,535.288.01,1410.0,1335.0,1410.0,44.0,49.0,160.48,13.0,0,0,sw_power_cap,1.0,0.0,,304.9354074979201,1.1660677567124367,True,2.3.1+cu121,2.3.0+cu121,8.4.153,raw/main/runs/trt_fp16/yolov8l/bs12__run3__20260930T155145_455657Z__ok.json,throttle sw_power_cap
main,trt_fp16,yolov8l,12,4,640,20260930T155631_756081Z,2026-09-30T15:56:33+00:00,16.178445513360202,16.202194150537252,0.20478394400211228,16.44852131139487,15.19177109003067,16.76703291013837,100,17.52086239401251,17.17609679326415,17.46638717595488,16.432739701122046,1.3482037927800168,538.8251953125,cuda:0,NVIDIA A100-PCIE-40GB,535.288.01,765.0,1350.0,1410.0,41.0,49.0,242.44,13.0,0,0,sw_power_cap,1.0,0.0,,304.9354074979201,1.169046863913536,True,2.3.1+cu121,2.3.0+cu121,8.4.153,raw/main/runs/trt_fp16/yolov8l/bs12__run4__20260930T155631_756081Z__ok.json,throttle sw_power_cap
main,trt_fp16,yolov8l,16,0,640,20260930T143658_187544Z,2026-09-30T14:36:59+00:00,20.97848918288946,20.96551191061735,0.32441043580245654,21.283551468513906,19.563106819987297,22.203715052455664,100,22.533665923401713,22.176721366122365,22.51534187234938,21.32583952974528,1.3111555739305913,728.2998046875,cuda:0,NVIDIA A100-PCIE-40GB,535.288.01,585.0,1320.0,1410.0,47.0,53.0,160.81,13.0,0,0,sw_power_cap,1.0,0.0,,318.8316411008127,1.1686702063307166,True,2.3.1+cu121,2.3.0+cu121,8.4.153,raw/main/runs/trt_fp16/yolov8l/bs16__run0__20260930T143658_187544Z__ok.json,throttle sw_power_cap
main,trt_fp16,yolov8l,16,1,640,20260930T150519_579718Z,2026-09-30T15:05:20+00:00,20.981985293328762,20.97568241879344,0.30907905813488235,21.36971664149314,19.542883150279522,22.010475397109985,100,22.567454506643116,22.16910314746201,22.56939555518329,21.2982887821272,1.3113740808330476,728.2998046875,cuda:0,NVIDIA A100-PCIE-40GB,535.288.01,360.0,1320.0,1410.0,46.0,53.0,57.88,13.0,0,0,sw_power_cap,1.0,0.0,,318.8316411008127,1.1750783268362284,True,2.3.1+cu121,2.3.0+cu121,8.4.153,raw/main/runs/trt_fp16/yolov8l/bs16__run1__20260930T150519_579718Z__ok.json,throttle sw_power_cap
main,trt_fp16,yolov8l,16,2,640,20260930T152237_256394Z,2026-09-30T15:22:38+00:00,21.06102847494185,21.158752730116248,0.33500675036455857,21.391577133908868,19.57594184204936,21.928919944912195,100,22.73851413745433,22.341157076880336,22.592294751666486,21.40440506860614,1.3163142796838656,728.2998046875,cuda:0,NVIDIA A100-PCIE-40GB,535.288.01,1410.0,1335.0,1410.0,51.0,56.0,246.77,13.0,0,0,sw_power_cap,1.0,0.0,,318.8316411008127,1.1645238450728357,True,2.3.1+cu121,2.3.0+cu121,8.4.153,raw/main/runs/trt_fp16/yolov8l/bs16__run2__20260930T152237_256394Z__ok.json,throttle sw_power_cap
main,trt_fp16,yolov8l,16,3,640,20260930T154357_171966Z,2026-09-30T15:43:58+00:00,20.84139170125127,20.921855000779033,0.2770927393639306,21.144813089631498,19.577781669795513,21.282552275806665,100,22.397277280688286,22.11732347495854,22.345560556277633,21.17619562894106,1.3025869813282043,728.2998046875,cuda:0,NVIDIA A100-PCIE-40GB,535.288.01,615.0,1335.0,1410.0,40.0,49.0,241.37,13.0,0,0,sw_power_cap,1.0,0.0,,318.8316411008127,1.157332475297153,True,2.3.1+cu121,2.3.0+cu121,8.4.153,raw/main/runs/trt_fp16/yolov8l/bs16__run3__20260930T154357_171966Z__ok.json,throttle sw_power_cap
main,trt_fp16,yolov8l,16,4,640,20260930T161117_000916Z,2026-09-30T16:11:18+00:00,20.90804362669587,20.919046830385923,0.20484352707876177,21.24141149688512,20.494226831942797,21.597539074718952,100,22.463353630155325,22.110434947535396,22.436573589220643,21.23467061202973,1.306752726668492,728.2998046875,cuda:0,NVIDIA A100-PCIE-40GB,535.288.01,1410.0,1335.0,1410.0,44.0,51.0,243.39,13.0,0,0,sw_power_cap,1.0,0.0,,318.8316411008127,1.1585379047319293,True,2.3.1+cu121,2.3.0+cu121,8.4.153,raw/main/runs/trt_fp16/yolov8l/bs16__run4__20260930T161117_000916Z__ok.json,throttle sw_power_cap
main,trt_fp16,yolov8l,32,0,640,20260930T143749_235559Z,2026-09-30T14:37:50+00:00,40.28863870538771,40.185065707191825,0.6236666126122216,41.20385176502168,37.24176809191704,41.21470591053367,100,42.82865597400814,42.27887652814388,43.296421179547906,40.99841361865401,1.259019959543366,1437.798828125,cuda:0,NVIDIA A100-PCIE-40GB,535.288.01,405.0,1305.0,1410.0,43.0,52.0,246.44,13.0,0,0,sw_power_cap,1.0,0.0,,400.7598361293785,1.184214792214334,True,2.3.1+cu121,2.3.0+cu121,8.4.153,raw/main/runs/trt_fp16/yolov8l/bs32__run0__20260930T143749_235559Z__ok.json,throttle sw_power_cap
main,trt_fp16,yolov8l,32,1,640,20260930T150001_911914Z,2026-09-30T15:00:03+00:00,40.24989400524646,40.2183597907424,0.6354978402510358,41.18332997895777,36.80712869390845,42.521013878285885,100,42.707220911979675,42.28575970046222,43.256628909148276,40.99680209066719,1.2578091876639519,1437.798828125,cuda:0,NVIDIA A100-PCIE-40GB,535.288.01,765.0,1350.0,1410.0,43.0,51.0,68.58,13.0,0,0,sw_power_cap,1.0,0.0,,400.7598361293785,1.1889671799726784,True,2.3.1+cu121,2.3.0+cu121,8.4.153,raw/main/runs/trt_fp16/yolov8l/bs32__run1__20260930T150001_911914Z__ok.json,throttle sw_power_cap
main,trt_fp16,yolov8l,32,2,640,20260930T151508_353210Z,2026-09-30T15:15:09+00:00,40.27901808731258,40.1642294600606,0.6191507937035288,41.191967856138945,37.05600602552295,41.73276713117957,100,42.72530504036695,42.250391095876694,43.275844771414995,40.96360680181533,1.258719315228518,1437.798828125,cuda:0,NVIDIA A100-PCIE-40GB,535.288.01,765.0,1350.0,1410.0,43.0,52.0,251.09,13.0,0,0,sw_power_cap,1.0,0.0,,400.7598361293785,1.1840855558402836,True,2.3.1+cu121,2.3.0+cu121,8.4.153,raw/main/runs/trt_fp16/yolov8l/bs32__run2__20260930T151508_353210Z__ok.json,throttle sw_power_cap
main,trt_fp16,yolov8l,32,3,640,20260930T154115_602067Z,2026-09-30T15:41:16+00:00,40.28270077891648,40.22712353616953,0.547985087384,41.1564085399732,37.57049469277263,41.474864818155766,100,42.7614180278033,42.35427617095411,43.27022903598845,41.022421922534704,1.25883439934114,1437.798828125,cuda:0,NVIDIA A100-PCIE-40GB,535.288.01,765.0,1335.0,1410.0,44.0,53.0,251.97,13.0,0,0,sw_power_cap,1.0,0.0,,400.7598361293785,1.187333919107914,True,2.3.1+cu121,2.3.0+cu121,8.4.153,raw/main/runs/trt_fp16/yolov8l/bs32__run3__20260930T154115_602067Z__ok.json,throttle sw_power_cap
main,trt_fp16,yolov8l,32,4,640,20260930T155930_529695Z,2026-09-30T15:59:31+00:00,40.32042557839304,40.25175282731652,0.5546052540907257,41.12039760220796,37.120585795491934,41.21718090027571,100,42.747144806198776,42.36527089960873,43.22370104491711,41.046083038672805,1.2600132993247826,1437.798828125,cuda:0,NVIDIA A100-PCIE-40GB,535.288.01,765.0,1320.0,1410.0,44.0,53.0,238.86,13.0,0,0,sw_power_cap,1.0,0.0,,400.7598361293785,1.1847154423594475,True,2.3.1+cu121,2.3.0+cu121,8.4.153,raw/main/runs/trt_fp16/yolov8l/bs32__run4__20260930T155930_529695Z__ok.json,throttle sw_power_cap
main,trt_fp16,yolov8l,48,0,640,20260930T145502_113770Z,2026-09-30T14:55:03+00:00,60.31708122231066,60.46876544132829,0.7016338372910995,61.207263404503465,56.07176525518298,61.284022871404886,100,63.765853769145906,63.484499929472804,64.25090646371245,61.33246968034655,1.2566058587981388,1486.8994140625,cuda:0,NVIDIA A100-PCIE-40GB,535.288.01,765.0,1335.0,1410.0,44.0,54.0,110.81,13.0,0,0,sw_power_cap,1.0,0.0,,488.45886559505016,1.178050632122904,True,2.3.1+cu121,2.3.0+cu121,8.4.153,raw/main/runs/trt_fp16/yolov8l/bs48__run0__20260930T145502_113770Z__ok.json,throttle sw_power_cap
main,trt_fp16,yolov8l,48,1,640,20260930T145840_783475Z,2026-09-30T14:58:42+00:00,60.201452975161374,60.203451896086335,0.7798945811554593,61.39202946797013,55.09020108729601,61.88608193770051,100,63.72523556929082,63.20687150582671,64.47545988485217,61.016872697509825,1.2541969369825285,1486.8994140625,cuda:0,NVIDIA A100-PCIE-40GB,535.288.01,600.0,1290.0,1410.0,41.0,52.0,243.7,13.0,0,0,sw_power_cap,1.0,0.0,,488.45886559505016,1.195687406230718,True,2.3.1+cu121,2.3.0+cu121,8.4.153,raw/main/runs/trt_fp16/yolov8l/bs48__run1__20260930T145840_783475Z__ok.json,throttle sw_power_cap
main,trt_fp16,yolov8l,48,2,640,20260930T152748_005359Z,2026-09-30T15:27:49+00:00,60.295250811614096,60.41738856583834,0.6290535217932091,60.96148749347776,56.046403013169765,61.20710587128997,100,63.70724422391504,63.43100708909333,64.05921273399144,61.20022386778146,1.2561510585752937,1486.8994140625,cuda:0,NVIDIA A100-PCIE-40GB,535.288.01,345.0,1320.0,1410.0,43.0,54.0,254.37,13.0,0,0,sw_power_cap,1.0,0.0,,488.45886559505016,1.1939801541157067,True,2.3.1+cu121,2.3.0+cu121,8.4.153,raw/main/runs/trt_fp16/yolov8l/bs48__run2__20260930T152748_005359Z__ok.json,throttle sw_power_cap
main,trt_fp16,yolov8l,48,3,640,20260930T154024_633016Z,2026-09-30T15:40:25+00:00,60.44922342058271,60.51630759611726,0.6248464158394221,61.18807247839868,56.17244355380535,61.7310949601233,100,63.826463147997856,63.50375711917877,64.17185892350972,61.45544960163534,1.2593588212621398,1486.8994140625,cuda:0,NVIDIA A100-PCIE-40GB,535.288.01,765.0,1320.0,1410.0,47.0,55.0,251.71,13.0,0,0,sw_power_cap,1.0,0.0,,488.45886559505016,1.1800927137956023,True,2.3.1+cu121,2.3.0+cu121,8.4.153,raw/main/runs/trt_fp16/yolov8l/bs48__run3__20260930T154024_633016Z__ok.json,throttle sw_power_cap
main,trt_fp16,yolov8l,48,4,640,20260930T155650_728787Z,2026-09-30T15:56:52+00:00,60.139239649288356,60.14653714373708,0.6817012615188262,61.032169219106436,55.840399116277695,61.80515373125672,100,63.726911325939,63.15076467581093,64.05159009154886,60.994065161794424,1.2529008260268408,1486.8994140625,cuda:0,NVIDIA A100-PCIE-40GB,535.288.01,765.0,1320.0,1410.0,40.0,52.0,149.07,13.0,0,0,sw_power_cap,1.0,0.0,,488.45886559505016,1.1793328756466508,True,2.3.1+cu121,2.3.0+cu121,8.4.153,raw/main/runs/trt_fp16/yolov8l/bs48__run4__20260930T155650_728787Z__ok.json,throttle sw_power_cap
main,trt_fp16,yolov8m,1,0,640,20260930T144225_793749Z,2026-09-30T14:42:27+00:00,2.288485784083605,2.0000445656478405,0.4930497621414872,3.115953435190022,1.9944892264902592,3.45979118719697,100,2.9573535500094295,2.321885200217366,3.4435750916600227,1.6962020797654986,2.288485784083605,44.98193359375,cuda:0,NVIDIA A100-PCIE-40GB,535.288.01,765.0,1410.0,1410.0,47.0,49.0,214.81,13.0,0,0,,1.0,0.0,,281.11386110726744,0.7686743172816932,True,2.3.1+cu121,2.3.0+cu121,8.4.153,raw/main/runs/trt_fp16/yolov8m/bs1__run0__20260930T144225_793749Z__ok.json,
main,trt_fp16,yolov8m,1,1,640,20260930T150646_299654Z,2026-09-30T15:06:47+00:00,2.3518579453229904,2.134633483365178,0.4086034865287223,3.0949815176427364,2.120812889188528,3.400268964469433,100,3.0343938525766134,2.454700181260705,3.425580239854753,1.6741619585081935,2.3518579453229904,44.98193359375,cuda:0,NVIDIA A100-PCIE-40GB,535.288.01,765.0,1410.0,1410.0,43.0,46.0,213.94,13.0,0,0,,1.0,0.0,,281.11386110726744,0.736988874617964,True,2.3.1+cu121,2.3.0+cu121,8.4.153,raw/main/runs/trt_fp16/yolov8m/bs1__run1__20260930T150646_299654Z__ok.json,
main,trt_fp16,yolov8m,1,2,640,20260930T152249_548876Z,2026-09-30T15:22:50+00:00,2.2468734811991453,1.9026061054319143,0.5519301808018429,3.1176962191239,1.8968409858644009,3.4263567067682743,100,2.942475490272045,2.2251319605857134,3.4456886583939195,1.691207978874445,2.2468734811991453,44.98193359375,cuda:0,NVIDIA A100-PCIE-40GB,535.288.01,765.0,1410.0,1410.0,49.0,50.0,66.47,13.0,0,0,,1.0,0.0,,281.11386110726744,0.730325395707041,True,2.3.1+cu121,2.3.0+cu121,8.4.153,raw/main/runs/trt_fp16/yolov8m/bs1__run2__20260930T152249_548876Z__ok.json,
main,trt_fp16,yolov8m,1,3,640,20260930T155023_816419Z,2026-09-30T15:50:25+00:00,2.418550457805395,1.968486001715064,0.561014782710895,3.1008181627839804,1.953556202352047,3.4813210368156433,100,3.2341060508042574,2.292142016813159,3.4312895964831114,1.7045650770887733,2.418550457805395,44.98193359375,cuda:0,NVIDIA A100-PCIE-40GB,535.288.01,765.0,1410.0,1410.0,42.0,45.0,138.36,13.0,0,0,,1.0,0.0,,281.11386110726744,0.7426180238835514,True,2.3.1+cu121,2.3.0+cu121,8.4.153,raw/main/runs/trt_fp16/yolov8m/bs1__run3__20260930T155023_816419Z__ok.json,
main,trt_fp16,yolov8m,1,4,640,20260930T160709_744243Z,2026-09-30T16:07:11+00:00,2.463839971460402,2.388819120824337,0.34195484665236187,3.0896740034222603,1.8072593957185745,3.4221550449728966,100,3.141642897389829,2.7080681174993515,3.4143508644774556,1.6543842200189829,2.463839971460402,44.98193359375,cuda:0,NVIDIA A100-PCIE-40GB,535.288.01,765.0,1410.0,1410.0,44.0,46.0,214.73,13.0,0,0,,1.0,0.0,,281.11386110726744,0.7282556821592152,True,2.3.1+cu121,2.3.0+cu121,8.4.153,raw/main/runs/trt_fp16/yolov8m/bs1__run4__20260930T160709_744243Z__ok.json,
main,trt_fp16,yolov8m,2,0,640,20260930T144813_851458Z,2026-09-30T14:48:15+00:00,3.1227964675053954,3.4468660596758127,0.5274132754884053,3.8158573210239393,2.543956972658634,4.687209147959948,100,4.117107433266938,3.8307569921016693,4.210378229618071,2.4060002341866493,1.5613982337526977,91.00830078125,cuda:0,NVIDIA A100-PCIE-40GB,535.288.01,765.0,1395.0,1410.0,44.0,49.0,255.46,13.0,0,0,sw_power_cap,1.0,0.0,,265.43509863782674,0.736316577065736,True,2.3.1+cu121,2.3.0+cu121,8.4.153,raw/main/runs/trt_fp16/yolov8m/bs2__run0__20260930T144813_851458Z__ok.json,throttle sw_power_cap
main,trt_fp16,yolov8m,2,1,640,20260930T151102_110377Z,2026-09-30T15:11:03+00:00,3.005911847576499,3.0188909731805325,0.5061022317133892,4.323608195409179,2.529066987335682,4.628704860806465,100,3.7446324387565255,3.4051828552037477,4.730291571468115,2.3982488503679633,1.5029559237882495,91.00830078125,cuda:0,NVIDIA A100-PCIE-40GB,535.288.01,765.0,1395.0,1410.0,41.0,45.0,70.83,13.0,0,0,sw_power_cap,1.0,0.0,,265.43509863782674,0.7443218291737139,True,2.3.1+cu121,2.3.0+cu121,8.4.153,raw/main/runs/trt_fp16/yolov8m/bs2__run1__20260930T151102_110377Z__ok.json,throttle sw_power_cap
main,trt_fp16,yolov8m,2,2,640,20260930T151716_999440Z,2026-09-30T15:17:18+00:00,2.9954676050692797,2.971685491502285,0.5110291346870366,4.347704024985433,2.5395038537681103,4.694470204412937,100,3.8113804813474417,3.353337524458766,4.744828515686095,2.41298986133188,1.4977338025346398,91.00830078125,cuda:0,NVIDIA A100-PCIE-40GB,535.288.01,765.0,1410.0,1410.0,41.0,45.0,241.51,13.0,0,0,sw_power_cap,1.0,0.0,,265.43509863782674,0.738885466940701,True,2.3.1+cu121,2.3.0+cu121,8.4.153,raw/main/runs/trt_fp16/yolov8m/bs2__run2__20260930T151716_999440Z__ok.json,throttle sw_power_cap
main,trt_fp16,yolov8m,2,3,640,20260930T153611_392329Z,2026-09-30T15:36:12+00:00,3.1091922242194414,3.398523898795247,0.522033824515455,4.3229036731645465,2.5310502387583256,4.628864116966724,100,3.8731772219762206,3.7826350890100002,4.711680905893445,2.3969587590545416,1.5545961121097207,91.00830078125,cuda:0,NVIDIA A100-PCIE-40GB,535.288.01,765.0,1395.0,1410.0,41.0,45.0,74.31,13.0,0,0,sw_power_cap,1.0,0.0,,265.43509863782674,0.7364614908583462,True,2.3.1+cu121,2.3.0+cu121,8.4.153,raw/main/runs/trt_fp16/yolov8m/bs2__run3__20260930T153611_392329Z__ok.json,throttle sw_power_cap
main,trt_fp16,yolov8m,2,4,640,20260930T160007_758626Z,2026-09-30T16:00:09+00:00,3.043894120492041,3.1735028605908155,0.4974297537206906,4.338718997314572,2.5373920798301697,4.676710814237595,100,3.9178235130384564,3.5542314872145653,4.733737953938544,2.410979298874736,1.5219470602460206,91.00830078125,cuda:0,NVIDIA A100-PCIE-40GB,535.288.01,765.0,1395.0,1410.0,43.0,47.0,253.7,13.0,0,0,sw_power_cap,1.0,0.0,,265.43509863782674,0.7342417682521045,True,2.3.1+cu121,2.3.0+cu121,8.4.153,raw/main/runs/trt_fp16/yolov8m/bs2__run4__20260930T160007_758626Z__ok.json,throttle sw_power_cap
main,trt_fp16,yolov8m,4,0,640,20260930T143839_380118Z,2026-09-30T14:38:40+00:00,4.2690356355160475,4.155796021223068,0.29233206529267625,4.430669103749096,4.108140245079994,6.7550791427493095,100,5.124923666007817,4.656278528273106,4.942443291656673,4.086272930726409,1.0672589088790119,179.60888671875,cuda:0,NVIDIA A100-PCIE-40GB,535.288.01,330.0,1380.0,1410.0,40.0,47.0,251.91,13.0,0,0,sw_power_cap,1.0,0.0,,241.51694099977612,0.7400611313059926,True,2.3.1+cu121,2.3.0+cu121,8.4.153,raw/main/runs/trt_fp16/yolov8m/bs4__run0__20260930T143839_380118Z__ok.json,throttle sw_power_cap
main,trt_fp16,yolov8m,4,1,640,20260930T151353_595060Z,2026-09-30T15:13:54+00:00,4.23449442256242,4.106307635083795,0.29044303727244836,4.408920556306839,4.091161768883467,6.6894181072711945,100,5.264383913017809,4.604616668075323,4.9110791413113475,4.0895379008725286,1.058623605640605,179.60888671875,cuda:0,NVIDIA A100-PCIE-40GB,535.288.01,390.0,1380.0,1410.0,43.0,47.0,245.47,13.0,0,0,sw_power_cap,1.0,0.0,,241.51694099977612,0.7463371963240206,True,2.3.1+cu121,2.3.0+cu121,8.4.153,raw/main/runs/trt_fp16/yolov8m/bs4__run1__20260930T151353_595060Z__ok.json,throttle sw_power_cap
main,trt_fp16,yolov8m,4,2,640,20260930T152841_279742Z,2026-09-30T15:28:42+00:00,4.281421508640051,4.1426317766308784,0.25017361874429084,4.598654806613922,4.103135783225298,5.466328002512455,100,5.2695880131796,4.6416400000452995,5.105310305953026,4.110482693649828,1.0703553771600127,179.60888671875,cuda:0,NVIDIA A100-PCIE-40GB,535.288.01,765.0,1395.0,1410.0,45.0,49.0,247.26,13.0,0,0,sw_power_cap,1.0,0.0,,241.51694099977612,0.9868147089146078,True,2.3.1+cu121,2.3.0+cu121,8.4.153,raw/main/runs/trt_fp16/yolov8m/bs4__run2__20260930T152841_279742Z__ok.json,throttle sw_power_cap
main,trt_fp16,yolov8m,4,3,640,20260930T153833_075897Z,2026-09-30T15:38:34+00:00,4.251028303988278,4.142086254432797,0.2921786900769577,4.416332161054015,4.090513102710247,6.744386162608862,100,5.287087922915816,4.641605308279395,4.919447586871684,4.095811750739813,1.0627570759970695,179.60888671875,cuda:0,NVIDIA A100-PCIE-40GB,535.288.01,435.0,1380.0,1410.0,41.0,48.0,138.99,13.0,0,0,sw_power_cap,1.0,0.0,,241.51694099977612,0.7494608489796519,True,2.3.1+cu121,2.3.0+cu121,8.4.153,raw/main/runs/trt_fp16/yolov8m/bs4__run3__20260930T153833_075897Z__ok.json,throttle sw_power_cap
main,trt_fp16,yolov8m,4,4,640,20260930T155712_243336Z,2026-09-30T15:57:13+00:00,4.214160814881325,4.1163216810673475,0.4912004117877606,4.1474494850263,4.097471013665199,7.068424019962549,100,5.107805039733648,4.619900370016694,4.646143550053239,4.112971443682909,1.0535402037203312,179.60888671875,cuda:0,NVIDIA A100-PCIE-40GB,535.288.01,615.0,1380.0,1410.0,44.0,50.0,65.9,13.0,0,0,sw_power_cap,1.0,0.0,,241.51694099977612,0.7452792008407414,True,2.3.1+cu121,2.3.0+cu121,8.4.153,raw/main/runs/trt_fp16/yolov8m/bs4__run4__20260930T155712_243336Z__ok.json,throttle sw_power_cap
main,trt_fp16,yolov8m,8,0,640,20260930T144452_945783Z,2026-09-30T14:44:54+00:00,7.233313471078873,7.2145473677664995,0.08741081668904495,7.402392430230975,7.1460045874118805,7.743104360997677,100,8.317968798801303,7.943903096020222,8.144418429583311,7.2970723593607545,0.9041641838848591,364.14990234375,cuda:0,NVIDIA A100-PCIE-40GB,535.288.01,765.0,1365.0,1410.0,45.0,50.0,67.1,13.0,0,0,sw_power_cap,1.0,0.0,,254.87925461074337,0.739435319788754,True,2.3.1+cu121,2.3.0+cu121,8.4.153,raw/main/runs/trt_fp16/yolov8m/bs8__run0__20260930T144452_945783Z__ok.json,throttle sw_power_cap
main,trt_fp16,yolov8m,8,1,640,20260930T145550_188831Z,2026-09-30T14:55:51+00:00,7.189280362799764,7.211757358163595,0.07306046185814709,7.23807115573436,6.918173283338547,7.546442095190287,100,8.409088677726686,7.938893511891365,7.966900197789073,7.286205007694662,0.8986600453499705,364.14990234375,cuda:0,NVIDIA A100-PCIE-40GB,535.288.01,765.0,1365.0,1410.0,43.0,49.0,245.17,13.0,0,0,sw_power_cap,1.0,0.0,,254.87925461074337,0.7455014931038022,True,2.3.1+cu121,2.3.0+cu121,8.4.153,raw/main/runs/trt_fp16/yolov8m/bs8__run1__20260930T145550_188831Z__ok.json,throttle sw_power_cap
main,trt_fp16,yolov8m,8,2,640,20260930T152346_199308Z,2026-09-30T15:23:47+00:00,7.192161986604333,7.21508264541626,0.07519549274923283,7.235282310284674,6.872601807117462,7.46039068326354,100,8.412650851532817,7.945080054923892,7.965142070315778,7.300603669136763,0.8990202483255416,364.14990234375,cuda:0,NVIDIA A100-PCIE-40GB,535.288.01,1410.0,1350.0,1410.0,48.0,52.0,161.87,13.0,0,0,sw_power_cap,1.0,0.0,,254.87925461074337,0.740251493640244,True,2.3.1+cu121,2.3.0+cu121,8.4.153,raw/main/runs/trt_fp16/yolov8m/bs8__run2__20260930T152346_199308Z__ok.json,throttle sw_power_cap
main,trt_fp16,yolov8m,8,3,640,20260930T154738_661255Z,2026-09-30T15:47:39+00:00,7.1694620186463,7.157425861805677,0.046192643955073595,7.219749316573143,7.057840004563332,7.3546902276575565,100,8.259035157971084,7.8857212793082,7.955159666016698,7.268073158338666,0.8961827523307875,364.14990234375,cuda:0,NVIDIA A100-PCIE-40GB,535.288.01,765.0,1365.0,1410.0,45.0,50.0,193.84,13.0,0,0,sw_power_cap,1.0,0.0,,254.87925461074337,0.7425365038216114,True,2.3.1+cu121,2.3.0+cu121,8.4.153,raw/main/runs/trt_fp16/yolov8m/bs8__run3__20260930T154738_661255Z__ok.json,throttle sw_power_cap
main,trt_fp16,yolov8m,8,4,640,20260930T160059_372000Z,2026-09-30T16:01:00+00:00,7.158855334855616,7.164619630202651,0.0642245117334453,7.218122645281255,6.907772272825241,7.3961857706308365,100,8.264812361449003,7.8856556210666895,7.941924594342709,7.263486483134329,0.894856916856952,364.14990234375,cuda:0,NVIDIA A100-PCIE-40GB,535.288.01,435.0,1365.0,1410.0,40.0,47.0,67.55,13.0,0,0,sw_power_cap,1.0,0.0,,254.87925461074337,0.7305883700028062,True,2.3.1+cu121,2.3.0+cu121,8.4.153,raw/main/runs/trt_fp16/yolov8m/bs8__run4__20260930T160059_372000Z__ok.json,throttle sw_power_cap
main,trt_fp16,yolov8m,12,0,640,20260930T145047_553844Z,2026-09-30T14:50:48+00:00,10.225205644965172,10.242037707939744,0.1262903578949406,10.371652315370739,9.656382724642754,10.64930809661746,100,11.792392688803375,11.203747009858489,11.33149010129273,10.404664729721844,0.8521004704137644,538.8251953125,cuda:0,NVIDIA A100-PCIE-40GB,535.288.01,600.0,1335.0,1410.0,42.0,49.0,127.26,13.0,0,0,sw_power_cap,1.0,0.0,,269.1344310701825,0.7291726730763912,True,2.3.1+cu121,2.3.0+cu121,8.4.153,raw/main/runs/trt_fp16/yolov8m/bs12__run0__20260930T145047_553844Z__ok.json,throttle sw_power_cap
main,trt_fp16,yolov8m,12,1,640,20260930T145727_254749Z,2026-09-30T14:57:28+00:00,10.22216968704015,10.206467006355524,0.30634403190681275,10.302083054557443,9.705244563519955,13.104005716741085,100,11.670335945673287,11.166512034833431,11.25567490234971,10.375281162559986,0.8518474739200125,538.8251953125,cuda:0,NVIDIA A100-PCIE-40GB,535.288.01,765.0,1350.0,1410.0,42.0,48.0,250.22,13.0,0,0,sw_power_cap,1.0,0.0,,269.1344310701825,0.7331792432814837,True,2.3.1+cu121,2.3.0+cu121,8.4.153,raw/main/runs/trt_fp16/yolov8m/bs12__run1__20260930T145727_254749Z__ok.json,throttle sw_power_cap
main,trt_fp16,yolov8m,12,2,640,20260930T153343_698658Z,2026-09-30T15:33:45+00:00,10.229672198183835,10.231133084744215,0.1214295998394064,10.429527959786355,9.802406653761864,10.59714937582612,100,11.542904861271381,11.190093122422695,11.384492134675384,10.4399597318843,0.8524726831819862,538.8251953125,cuda:0,NVIDIA A100-PCIE-40GB,535.288.01,765.0,1350.0,1410.0,46.0,52.0,108.29,13.0,0,0,sw_power_cap,1.0,0.0,,269.1344310701825,0.7330364328809083,True,2.3.1+cu121,2.3.0+cu121,8.4.153,raw/main/runs/trt_fp16/yolov8m/bs12__run2__20260930T153343_698658Z__ok.json,throttle sw_power_cap
main,trt_fp16,yolov8m,12,3,640,20260930T153428_119476Z,2026-09-30T15:34:29+00:00,10.218787253834307,10.225138161331415,0.10528911145596828,10.301018436439335,9.686783887445927,10.516228154301643,100,11.541655492037535,11.176978005096316,11.2564108800143,10.385188697837293,0.8515656044861922,538.8251953125,cuda:0,NVIDIA A100-PCIE-40GB,535.288.01,375.0,1350.0,1410.0,42.0,49.0,252.45,13.0,0,0,sw_power_cap,1.0,0.0,,269.1344310701825,0.7296075969934464,True,2.3.1+cu121,2.3.0+cu121,8.4.153,raw/main/runs/trt_fp16/yolov8m/bs12__run3__20260930T153428_119476Z__ok.json,throttle sw_power_cap
main,trt_fp16,yolov8m,12,4,640,20260930T161157_896959Z,2026-09-30T16:11:59+00:00,10.248434729874134,10.220588417723775,0.3332249950041002,10.289581934921443,9.695112705230713,13.420462608337402,100,11.684746160171926,11.186079122126102,11.257195915095508,10.384661820717156,0.8540362274895111,538.8251953125,cuda:0,NVIDIA A100-PCIE-40GB,535.288.01,765.0,1350.0,1410.0,42.0,48.0,58.77,13.0,0,0,sw_power_cap,1.0,0.0,,269.1344310701825,0.731515197083354,True,2.3.1+cu121,2.3.0+cu121,8.4.153,raw/main/runs/trt_fp16/yolov8m/bs12__run4__20260930T161157_896959Z__ok.json,throttle sw_power_cap
main,trt_fp16,yolov8m,16,0,640,20260930T145144_713226Z,2026-09-30T14:51:46+00:00,13.233905551023781,13.270522002130747,0.1669704749726556,13.338107918389142,12.45764596387744,13.85288592427969,100,14.802398202009499,14.467969769611955,14.541666628792882,13.479637717828155,0.8271190969389863,728.2998046875,cuda:0,NVIDIA A100-PCIE-40GB,535.288.01,1410.0,1335.0,1410.0,52.0,57.0,66.5,13.0,0,0,sw_power_cap,1.0,0.0,,277.160281595774,0.7342131319455802,True,2.3.1+cu121,2.3.0+cu121,8.4.153,raw/main/runs/trt_fp16/yolov8m/bs16__run0__20260930T145144_713226Z__ok.json,throttle sw_power_cap
main,trt_fp16,yolov8m,16,1,640,20260930T145934_452275Z,2026-09-30T14:59:35+00:00,13.176207528449595,13.160590315237641,0.1537430277953059,13.365222699940205,12.386505026370287,13.551522046327591,100,14.798405477777123,14.352374244481325,14.565752097405493,13.429625630378723,0.8235129705280997,728.2998046875,cuda:0,NVIDIA A100-PCIE-40GB,535.288.01,600.0,1365.0,1410.0,46.0,52.0,249.63,13.0,0,0,sw_power_cap,1.0,0.0,,277.160281595774,0.7379532880149782,True,2.3.1+cu121,2.3.0+cu121,8.4.153,raw/main/runs/trt_fp16/yolov8m/bs16__run1__20260930T145934_452275Z__ok.json,throttle sw_power_cap
main,trt_fp16,yolov8m,16,2,640,20260930T152403_166381Z,2026-09-30T15:24:04+00:00,13.15350635908544,13.163269963115454,0.1263529976065908,13.292211969383061,12.480694334954023,13.498170766979456,100,14.697172087617218,14.354773797094822,14.476842363364995,13.434434970840812,0.82209414744284,728.2998046875,cuda:0,NVIDIA A100-PCIE-40GB,535.288.01,765.0,1350.0,1410.0,44.0,51.0,60.53,13.0,0,0,sw_power_cap,1.0,0.0,,277.160281595774,0.720212031621486,True,2.3.1+cu121,2.3.0+cu121,8.4.153,raw/main/runs/trt_fp16/yolov8m/bs16__run2__20260930T152403_166381Z__ok.json,throttle sw_power_cap
main,trt_fp16,yolov8m,16,3,640,20260930T154409_263219Z,2026-09-30T15:44:10+00:00,13.134739669039845,13.136506546288729,0.1528404095728719,13.366276049055159,12.375719845294952,13.48165376111865,100,14.803271209821105,14.314474537968636,14.55483075696975,13.38136921171099,0.8209212293149903,728.2998046875,cuda:0,NVIDIA A100-PCIE-40GB,535.288.01,765.0,1350.0,1410.0,41.0,48.0,250.93,13.0,0,0,sw_power_cap,1.0,0.0,,277.160281595774,0.7205361928790808,True,2.3.1+cu121,2.3.0+cu121,8.4.153,raw/main/runs/trt_fp16/yolov8m/bs16__run3__20260930T154409_263219Z__ok.json,throttle sw_power_cap
main,trt_fp16,yolov8m,16,4,640,20260930T155554_660188Z,2026-09-30T15:55:55+00:00,13.201353191398084,13.219338143244386,0.15366676233556978,13.341673952527344,12.447928078472614,13.4979747235775,100,14.741579382680357,14.402281492948532,14.531284710392356,13.460268541239202,0.8250845744623803,728.2998046875,cuda:0,NVIDIA A100-PCIE-40GB,535.288.01,1410.0,1365.0,1410.0,47.0,52.0,247.16,13.0,0,0,sw_power_cap,1.0,0.0,,277.160281595774,0.7286354159004986,True,2.3.1+cu121,2.3.0+cu121,8.4.153,raw/main/runs/trt_fp16/yolov8m/bs16__run4__20260930T155554_660188Z__ok.json,throttle sw_power_cap
main,trt_fp16,yolov8m,32,0,640,20260930T144654_421124Z,2026-09-30T14:46:55+00:00,24.845689977519214,24.83920892700553,0.27844225325796074,25.152803235687315,23.62561086192727,25.579870212823153,100,27.262751613743603,26.90713945776224,27.233759523369372,25.336232567206025,0.7764278117974754,1437.798828125,cuda:0,NVIDIA A100-PCIE-40GB,535.288.01,585.0,1335.0,1410.0,42.0,50.0,174.87,13.0,0,0,sw_power_cap,1.0,0.0,,326.18182378821075,0.7413017321377993,True,2.3.1+cu121,2.3.0+cu121,8.4.153,raw/main/runs/trt_fp16/yolov8m/bs32__run0__20260930T144654_421124Z__ok.json,throttle sw_power_cap
main,trt_fp16,yolov8m,32,1,640,20260930T151248_163078Z,2026-09-30T15:12:49+00:00,24.77812193799764,24.817575933411717,0.31609781018979094,25.14157905243337,23.191836196929216,25.631990283727646,100,27.46284119784832,26.91565314307809,27.241857117041945,25.38772319909185,0.7743163105624262,1437.798828125,cuda:0,NVIDIA A100-PCIE-40GB,535.288.01,765.0,1335.0,1410.0,45.0,52.0,124.86,13.0,0,0,sw_power_cap,1.0,0.0,,326.18182378821075,0.7553805392235518,True,2.3.1+cu121,2.3.0+cu121,8.4.153,raw/main/runs/trt_fp16/yolov8m/bs32__run1__20260930T151248_163078Z__ok.json,throttle sw_power_cap
main,trt_fp16,yolov8m,32,2,640,20260930T153136_871619Z,2026-09-30T15:31:38+00:00,24.818320549093187,24.835306452587247,0.3016837030537295,25.153917935676873,23.43634469434619,25.655200239270926,100,27.2948210965842,26.945970486849546,27.26344175171107,25.420464808121324,0.7755725171591621,1437.798828125,cuda:0,NVIDIA A100-PCIE-40GB,535.288.01,600.0,1335.0,1410.0,45.0,53.0,241.6,13.0,0,0,sw_power_cap,1.0,0.0,,326.18182378821075,0.7409774488769472,True,2.3.1+cu121,2.3.0+cu121,8.4.153,raw/main/runs/trt_fp16/yolov8m/bs32__run2__20260930T153136_871619Z__ok.json,throttle sw_power_cap
main,trt_fp16,yolov8m,32,3,640,20260930T153508_866904Z,2026-09-30T15:35:10+00:00,24.819651963189244,24.89747595973313,0.2785178184443231,25.09985843207687,23.439292330294847,25.229561608284712,100,27.28404839988798,27.00669947080314,27.203544066287577,25.3056787699461,0.7756141238496639,1437.798828125,cuda:0,NVIDIA A100-PCIE-40GB,535.288.01,555.0,1335.0,1410.0,41.0,50.0,253.47,13.0,0,0,sw_power_cap,1.0,0.0,,326.18182378821075,0.7407898143865168,True,2.3.1+cu121,2.3.0+cu121,8.4.153,raw/main/runs/trt_fp16/yolov8m/bs32__run3__20260930T153508_866904Z__ok.json,throttle sw_power_cap
main,trt_fp16,yolov8m,32,4,640,20260930T160037_840923Z,2026-09-30T16:00:39+00:00,24.83267175965011,24.81293026357889,0.23645241968287964,25.13583251275122,24.446896743029356,26.036791037768126,100,27.365629938431084,26.906143873929977,27.234713616780937,25.304915849119425,0.776020992489066,1437.798828125,cuda:0,NVIDIA A100-PCIE-40GB,535.288.01,765.0,1335.0,1410.0,39.0,48.0,243.61,13.0,0,0,sw_power_cap,1.0,0.0,,326.18182378821075,0.7434729328379035,True,2.3.1+cu121,2.3.0+cu121,8.4.153,raw/main/runs/trt_fp16/yolov8m/bs32__run4__20260930T160037_840923Z__ok.json,throttle sw_power_cap
main,trt_fp16,yolov8m,48,0,640,20260930T143554_262237Z,2026-09-30T14:35:55+00:00,37.29802987072617,37.35906654037535,0.4595403870440209,37.67793886363506,34.620827063918114,37.99450723454356,100,40.644318824633956,40.3394503518939,40.667498228140175,37.653724937699735,0.7770422889734618,1486.8994140625,cuda:0,NVIDIA A100-PCIE-40GB,535.288.01,435.0,1320.0,1410.0,48.0,56.0,249.34,13.0,0,0,sw_power_cap,1.0,0.0,,375.4645456462167,0.7405574307776988,True,2.3.1+cu121,2.3.0+cu121,8.4.153,raw/main/runs/trt_fp16/yolov8m/bs48__run0__20260930T143554_262237Z__ok.json,throttle sw_power_cap
main,trt_fp16,yolov8m,48,1,640,20260930T150456_593984Z,2026-09-30T15:04:57+00:00,37.06753851380199,37.25897008553147,0.5391531986538379,37.64324472285807,34.43444613367319,38.26142707839608,100,40.429237242788076,40.258949622511864,40.728822886012495,37.5718205422163,0.7722403857042082,1486.8994140625,cuda:0,NVIDIA A100-PCIE-40GB,535.288.01,1410.0,1320.0,1410.0,49.0,55.0,248.91,13.0,0,0,sw_power_cap,1.0,0.0,,375.4645456462167,0.7444924116134644,True,2.3.1+cu121,2.3.0+cu121,8.4.153,raw/main/runs/trt_fp16/yolov8m/bs48__run1__20260930T150456_593984Z__ok.json,throttle sw_power_cap
main,trt_fp16,yolov8m,48,2,640,20260930T151851_565443Z,2026-09-30T15:18:52+00:00,37.145636966452,37.28769696317613,0.5670979373676973,37.864273763261735,34.36107886955142,38.182882126420736,100,40.493160518817604,40.245902026072145,40.87035893462598,37.56741624791175,0.7738674368010834,1486.8994140625,cuda:0,NVIDIA A100-PCIE-40GB,535.288.01,765.0,1305.0,1410.0,46.0,54.0,251.21,13.0,0,0,sw_power_cap,1.0,0.0,,375.4645456462167,0.7323433780111372,True,2.3.1+cu121,2.3.0+cu121,8.4.153,raw/main/runs/trt_fp16/yolov8m/bs48__run2__20260930T151851_565443Z__ok.json,throttle sw_power_cap
main,trt_fp16,yolov8m,48,3,640,20260930T154828_819976Z,2026-09-30T15:48:30+00:00,37.08650536369532,37.25076210685074,0.5147484224257399,37.63668097089976,34.356658812612295,38.065443746745586,100,40.50755626987666,40.29248608276248,40.702267247252166,37.508677882142365,0.7726355284103192,1486.8994140625,cuda:0,NVIDIA A100-PCIE-40GB,535.288.01,765.0,1335.0,1410.0,46.0,55.0,256.69,13.0,0,0,sw_power_cap,1.0,0.0,,375.4645456462167,0.73907684488222,True,2.3.1+cu121,2.3.0+cu121,8.4.153,raw/main/runs/trt_fp16/yolov8m/bs48__run3__20260930T154828_819976Z__ok.json,throttle sw_power_cap
main,trt_fp16,yolov8m,48,4,640,20260930T161238_244072Z,2026-09-30T16:12:39+00:00,36.827582125552,37.03071107156575,0.5539504214077794,37.4383898684755,34.254697151482105,38.13207894563675,100,40.23528383113444,40.068369125947356,40.5114684952423,37.32927992939949,0.7672412942823333,1486.8994140625,cuda:0,NVIDIA A100-PCIE-40GB,535.288.01,360.0,1320.0,1410.0,40.0,50.0,55.38,13.0,0,0,sw_power_cap,1.0,0.0,,375.4645456462167,0.735722488258034,True,2.3.1+cu121,2.3.0+cu121,8.4.153,raw/main/runs/trt_fp16/yolov8m/bs48__run4__20260930T161238_244072Z__ok.json,throttle sw_power_cap
main,trt_fp16,yolov8n,1,0,640,20260930T144552_497657Z,2026-09-30T14:45:53+00:00,1.7012232961133122,1.695775194093585,0.03953915141889832,1.7104045255109668,1.689724624156952,2.0892308093607426,100,7.5794930616393685,2.232058672234416,2.4593225680291653,0.9928346192464231,1.7012232961133122,44.98193359375,cuda:0,NVIDIA A100-PCIE-40GB,535.288.01,435.0,1410.0,1410.0,39.0,40.0,121.85,13.0,0,0,,1.0,0.0,,260.9235112522729,0.1636907677166164,True,2.3.1+cu121,2.3.0+cu121,8.4.153,raw/main/runs/trt_fp16/yolov8n/bs1__run0__20260930T144552_497657Z__ok.json,
main,trt_fp16,yolov8n,1,1,640,20260930T145815_379537Z,2026-09-30T14:58:16+00:00,1.680560722015798,1.6760204453021288,0.0363215107495564,1.6855753725394607,1.671255100518465,2.0380900241434574,100,7.020274819806218,2.398090437054634,2.426316333003342,1.0487829335033894,1.680560722015798,44.98193359375,cuda:0,NVIDIA A100-PCIE-40GB,535.288.01,465.0,1410.0,1410.0,43.0,43.0,123.16,13.0,0,0,,1.0,0.0,,260.9235112522729,0.16390220308676362,True,2.3.1+cu121,2.3.0+cu121,8.4.153,raw/main/runs/trt_fp16/yolov8n/bs1__run1__20260930T145815_379537Z__ok.json,
main,trt_fp16,yolov8n,1,2,640,20260930T152634_754790Z,2026-09-30T15:26:36+00:00,1.7017501033842564,1.6946075484156609,0.04683965711205739,1.7041345592588186,1.6890279948711395,2.0509841851890087,100,7.271583168767393,2.40925420075655,2.4444862734526396,0.9076341800391674,1.7017501033842564,44.982421875,cuda:0,NVIDIA A100-PCIE-40GB,535.288.01,405.0,1410.0,1410.0,42.0,42.0,65.26,13.0,0,0,,1.0,0.0,,260.9235112522729,0.16715856408700347,True,2.3.1+cu121,2.3.0+cu121,8.4.153,raw/main/runs/trt_fp16/yolov8n/bs1__run2__20260930T152634_754790Z__ok.json,
main,trt_fp16,yolov8n,1,3,640,20260930T155156_396013Z,2026-09-30T15:51:57+00:00,1.6442449390888214,1.640057424083352,0.03438726803616484,1.6478574834764004,1.6343379393219948,1.98281928896904,100,8.081369893625379,2.3624561727046967,2.3851753445342183,0.9855275414884089,1.6442449390888214,44.98193359375,cuda:0,NVIDIA A100-PCIE-40GB,535.288.01,765.0,1410.0,1410.0,43.0,42.0,121.46,13.0,0,0,,1.0,0.0,,260.9235112522729,0.1629003812558949,True,2.3.1+cu121,2.3.0+cu121,8.4.153,raw/main/runs/trt_fp16/yolov8n/bs1__run3__20260930T155156_396013Z__ok.json,
main,trt_fp16,yolov8n,1,4,640,20260930T160814_987109Z,2026-09-30T16:08:16+00:00,1.5758099779486656,1.6752220690250397,0.1614876525515619,1.685610180720687,1.382824033498764,2.0348411053419113,100,6.958153718151152,2.0911116153001785,2.4311594897881146,1.2278284598141909,1.5758099779486656,44.98193359375,cuda:0,NVIDIA A100-PCIE-40GB,535.288.01,765.0,1410.0,1410.0,40.0,40.0,64.79,13.0,0,0,,1.0,0.0,,260.9235112522729,0.16068257531151175,True,2.3.1+cu121,2.3.0+cu121,8.4.153,raw/main/runs/trt_fp16/yolov8n/bs1__run4__20260930T160814_987109Z__ok.json,
main,trt_fp16,yolov8n,2,0,640,20260930T143931_250229Z,2026-09-30T14:39:32+00:00,1.89448700286448,1.9972841255366802,0.2668903188673863,2.004028530791402,1.239079050719738,2.3206742480397224,100,8.11016149353236,3.1863071490079165,3.2115072710439563,1.0846562776714563,0.94724350143224,91.00927734375,cuda:0,NVIDIA A100-PCIE-40GB,535.288.01,405.0,1410.0,1410.0,39.0,40.0,53.89,13.0,0,0,,1.0,0.0,,247.98420407995582,0.1558618270792067,True,2.3.1+cu121,2.3.0+cu121,8.4.153,raw/main/runs/trt_fp16/yolov8n/bs2__run0__20260930T143931_250229Z__ok.json,
main,trt_fp16,yolov8n,2,1,640,20260930T145720_373177Z,2026-09-30T14:57:21+00:00,1.8346537975594401,1.9585839472711086,0.2901622784535416,1.9664823776111007,1.179547980427742,2.258333843201399,100,8.4564318228513,2.747670980170369,3.152398089878261,1.024348959326744,0.9173268987797201,91.0087890625,cuda:0,NVIDIA A100-PCIE-40GB,535.288.01,525.0,1410.0,1410.0,43.0,44.0,113.68,13.0,0,0,,1.0,0.0,,247.98420407995582,0.15822194702923298,True,2.3.1+cu121,2.3.0+cu121,8.4.153,raw/main/runs/trt_fp16/yolov8n/bs2__run1__20260930T145720_373177Z__ok.json,
main,trt_fp16,yolov8n,2,2,640,20260930T151724_181767Z,2026-09-30T15:17:25+00:00,1.6926124831661582,1.6603227704763412,0.1473840760842899,1.838251226581633,1.545376144349575,2.1336772479116917,100,7.802789201959968,2.724536694586277,3.0296973418444395,1.2131141731515527,0.8463062415830791,91.0087890625,cuda:0,NVIDIA A100-PCIE-40GB,535.288.01,765.0,1410.0,1410.0,40.0,41.0,146.84,13.0,0,0,,1.0,0.0,,247.98420407995582,0.1547848777845502,True,2.3.1+cu121,2.3.0+cu121,8.4.153,raw/main/runs/trt_fp16/yolov8n/bs2__run2__20260930T151724_181767Z__ok.json,
main,trt_fp16,yolov8n,2,3,640,20260930T153751_262027Z,2026-09-30T15:37:52+00:00,1.717869220301509,1.9631108734756708,0.30180680561036644,1.9706467865034938,1.3615312054753304,2.2881263867020607,100,8.740231427364051,2.752913162112236,3.167585376650095,1.1880517285317183,0.8589346101507545,91.0087890625,cuda:0,NVIDIA A100-PCIE-40GB,535.288.01,765.0,1410.0,1410.0,48.0,47.0,110.81,13.0,0,0,,1.0,0.0,,247.98420407995582,0.15455283969640732,True,2.3.1+cu121,2.3.0+cu121,8.4.153,raw/main/runs/trt_fp16/yolov8n/bs2__run3__20260930T153751_262027Z__ok.json,
main,trt_fp16,yolov8n,2,4,640,20260930T155509_395827Z,2026-09-30T15:55:10+00:00,1.77162847481668,1.9580230582505465,0.3283290734041796,1.9668421940878034,1.2112478725612164,2.2492557764053345,100,8.094643652439117,3.13978036865592,3.2390866428613663,1.059059533290565,0.88581423740834,91.0087890625,cuda:0,NVIDIA A100-PCIE-40GB,535.288.01,600.0,1410.0,1410.0,47.0,47.0,140.58,13.0,0,0,,1.0,0.0,,247.98420407995582,0.1564049869775772,True,2.3.1+cu121,2.3.0+cu121,8.4.153,raw/main/runs/trt_fp16/yolov8n/bs2__run4__20260930T155509_395827Z__ok.json,
main,trt_fp16,yolov8n,4,0,640,20260930T143824_215048Z,2026-09-30T14:38:25+00:00,2.329209567978978,2.5850730016827583,0.43475391269904007,2.595206256955862,1.6094231978058815,2.9057529754936695,100,9.590363875031471,3.931447397917509,4.716367903165519,1.4356335066258907,0.5823023919947445,179.60986328125,cuda:0,NVIDIA A100-PCIE-40GB,535.288.01,435.0,1410.0,1410.0,43.0,44.0,63.99,13.0,0,0,,1.0,0.0,,244.80432540969923,0.17493857396766543,True,2.3.1+cu121,2.3.0+cu121,8.4.153,raw/main/runs/trt_fp16/yolov8n/bs4__run0__20260930T143824_215048Z__ok.json,
main,trt_fp16,yolov8n,4,1,640,20260930T151301_307065Z,2026-09-30T15:13:02+00:00,2.2431819839403033,2.559605985879898,0.4743418274498493,2.5690111331641674,1.551617868244648,2.8528007678687572,100,8.439307250082493,3.8653695955872536,4.291307390667498,1.389367999508977,0.5607954959850758,179.60986328125,cuda:0,NVIDIA A100-PCIE-40GB,535.288.01,765.0,1410.0,1410.0,45.0,46.0,64.91,13.0,0,0,,1.0,0.0,,244.80432540969923,0.17258189292624593,True,2.3.1+cu121,2.3.0+cu121,8.4.153,raw/main/runs/trt_fp16/yolov8n/bs4__run1__20260930T151301_307065Z__ok.json,
main,trt_fp16,yolov8n,4,2,640,20260930T151710_120282Z,2026-09-30T15:17:11+00:00,2.113337884657085,2.594319637864828,0.511287172704486,2.6068649953231215,1.5890970826148987,2.943621017038822,100,8.221999951638281,3.6449767649173737,4.7093726228922606,1.3950760196894407,0.5283344711642712,179.61083984375,cuda:0,NVIDIA A100-PCIE-40GB,535.288.01,765.0,1410.0,1410.0,42.0,44.0,79.15,13.0,0,0,,1.0,0.0,,244.80432540969923,0.17389776092022657,True,2.3.1+cu121,2.3.0+cu121,8.4.153,raw/main/runs/trt_fp16/yolov8n/bs4__run2__20260930T151710_120282Z__ok.json,
main,trt_fp16,yolov8n,4,3,640,20260930T153555_026954Z,2026-09-30T15:35:56+00:00,2.1596823446452618,2.25775595754385,0.30584283104000576,2.369107003323734,1.520753838121891,2.6621120050549507,100,8.715011202730238,3.9513232186436653,4.466231423430145,1.367380111478269,0.5399205861613154,179.60986328125,cuda:0,NVIDIA A100-PCIE-40GB,535.288.01,585.0,1410.0,1410.0,42.0,44.0,204.3,13.0,0,0,,1.0,0.0,,244.80432540969923,0.17555419681593776,True,2.3.1+cu121,2.3.0+cu121,8.4.153,raw/main/runs/trt_fp16/yolov8n/bs4__run3__20260930T153555_026954Z__ok.json,
main,trt_fp16,yolov8n,4,4,640,20260930T155736_278188Z,2026-09-30T15:57:37+00:00,2.3295678477734327,2.5238150265067816,0.41756820156363833,2.5855573127046227,1.5445821918547153,2.892552874982357,100,8.476497330702841,3.8617849349975586,4.69675890635699,1.3885995373129845,0.5823919619433582,179.609375,cuda:0,NVIDIA A100-PCIE-40GB,535.288.01,735.0,1410.0,1410.0,45.0,46.0,199.37,13.0,0,0,,1.0,0.0,,244.80432540969923,0.17467874195426702,True,2.3.1+cu121,2.3.0+cu121,8.4.153,raw/main/runs/trt_fp16/yolov8n/bs4__run4__20260930T155736_278188Z__ok.json,
main,trt_fp16,yolov8n,8,0,640,20260930T143937_981827Z,2026-09-30T14:39:39+00:00,3.0008418252691627,2.3449144791811705,0.7208255238899669,3.7479431834071875,2.233962994068861,4.009779077023268,100,10.575978117994964,5.4203844629228115,6.949476967565715,2.0796436490491033,0.37510522815864533,364.15234375,cuda:0,NVIDIA A100-PCIE-40GB,535.288.01,765.0,1410.0,1410.0,38.0,41.0,140.26,13.0,0,0,,1.0,0.0,,249.16578206187114,0.17660966282710433,True,2.3.1+cu121,2.3.0+cu121,8.4.153,raw/main/runs/trt_fp16/yolov8n/bs8__run0__20260930T143937_981827Z__ok.json,
main,trt_fp16,yolov8n,8,1,640,20260930T150027_153002Z,2026-09-30T15:00:28+00:00,2.7592791989445686,2.226598095148802,0.5880668420093519,3.3989994786679745,2.215673215687275,3.6955559626221657,100,10.34410821273923,5.633408902212977,6.854479294270277,2.0665124990046024,0.3449098998680711,364.15234375,cuda:0,NVIDIA A100-PCIE-40GB,535.288.01,765.0,1395.0,1410.0,43.0,47.0,248.87,13.0,0,0,sw_power_cap,1.0,0.0,,249.16578206187114,0.17921140091493726,True,2.3.1+cu121,2.3.0+cu121,8.4.153,raw/main/runs/trt_fp16/yolov8n/bs8__run1__20260930T150027_153002Z__ok.json,throttle sw_power_cap
main,trt_fp16,yolov8n,8,2,640,20260930T153352_783660Z,2026-09-30T15:33:54+00:00,2.8198299324139953,2.3112769704312086,0.6523150807638151,3.594914497807622,2.225026022642851,3.8761920295655727,100,10.775676537305117,5.779362516477704,7.157352101057768,2.07386570982635,0.3524787415517494,364.1533203125,cuda:0,NVIDIA A100-PCIE-40GB,535.288.01,405.0,1410.0,1410.0,45.0,49.0,66.77,13.0,0,0,,1.0,0.0,,249.16578206187114,0.1773243430070579,True,2.3.1+cu121,2.3.0+cu121,8.4.153,raw/main/runs/trt_fp16/yolov8n/bs8__run2__20260930T153352_783660Z__ok.json,
main,trt_fp16,yolov8n,8,3,640,20260930T154606_752987Z,2026-09-30T15:46:08+00:00,2.899587955325842,2.3498248774558306,0.7058417706879027,3.719615866430104,2.218234818428755,4.004071932286024,100,11.04250873439014,5.817792611196637,7.277764216996729,2.064372138120234,0.36244849441573024,364.15283203125,cuda:0,NVIDIA A100-PCIE-40GB,535.288.01,765.0,1410.0,1410.0,37.0,41.0,246.32,13.0,0,0,,1.0,0.0,,249.16578206187114,0.17568174609914422,True,2.3.1+cu121,2.3.0+cu121,8.4.153,raw/main/runs/trt_fp16/yolov8n/bs8__run3__20260930T154606_752987Z__ok.json,
main,trt_fp16,yolov8n,8,4,640,20260930T161326_858465Z,2026-09-30T16:13:28+00:00,2.7444397006183863,2.3283748887479305,0.6789072975213124,3.7220440804958344,2.213433850556612,3.998932894319296,100,10.151204764842987,5.400758469477296,7.259021140635014,2.0595132699236274,0.3430549625772983,364.150390625,cuda:0,NVIDIA A100-PCIE-40GB,535.288.01,765.0,1410.0,1410.0,43.0,46.0,255.36,13.0,0,0,,1.0,0.0,,249.16578206187114,0.17559493007138371,True,2.3.1+cu121,2.3.0+cu121,8.4.153,raw/main/runs/trt_fp16/yolov8n/bs8__run4__20260930T161326_858465Z__ok.json,
main,trt_fp16,yolov8n,12,0,640,20260930T144232_776526Z,2026-09-30T14:42:34+00:00,3.4468522388488054,3.0496548861265182,0.49024663219926007,4.225399880670011,3.037275280803442,4.982383921742439,100,12.2099439939484,7.39640393294394,8.727224008180201,2.9466832894831896,0.2872376865707338,538.8291015625,cuda:0,NVIDIA A100-PCIE-40GB,535.288.01,765.0,1395.0,1410.0,45.0,50.0,69.74,13.0,0,0,sw_power_cap,1.0,0.0,,221.22045863512903,0.16865094378590584,True,2.3.1+cu121,2.3.0+cu121,8.4.153,raw/main/runs/trt_fp16/yolov8n/bs12__run0__20260930T144232_776526Z__ok.json,throttle sw_power_cap
main,trt_fp16,yolov8n,12,1,640,20260930T150551_198803Z,2026-09-30T15:05:52+00:00,3.319958350621164,3.0374829657375813,0.5136239912966707,4.1767379036173224,3.02662281319499,4.96913306415081,100,11.929794964380562,7.469155825674534,9.053530567325652,2.922737877815962,0.27666319588509697,538.82958984375,cuda:0,NVIDIA A100-PCIE-40GB,535.288.01,765.0,1395.0,1410.0,44.0,48.0,203.98,13.0,0,0,sw_power_cap,1.0,0.0,,221.22045863512903,0.16795570496469736,True,2.3.1+cu121,2.3.0+cu121,8.4.153,raw/main/runs/trt_fp16/yolov8n/bs12__run1__20260930T150551_198803Z__ok.json,throttle sw_power_cap
main,trt_fp16,yolov8n,12,2,640,20260930T153049_558959Z,2026-09-30T15:30:50+00:00,3.4697826160117984,3.0496339313685894,0.5812230771671797,4.225198784843087,3.04042873904109,4.986180458217859,100,13.148812227882445,7.854646071791649,9.491453692317009,2.9422891791909933,0.28914855133431655,538.8291015625,cuda:0,NVIDIA A100-PCIE-40GB,535.288.01,1410.0,1395.0,1410.0,49.0,52.0,250.29,13.0,0,0,sw_power_cap,1.0,0.0,,221.22045863512903,0.16584842279553413,True,2.3.1+cu121,2.3.0+cu121,8.4.153,raw/main/runs/trt_fp16/yolov8n/bs12__run2__20260930T153049_558959Z__ok.json,throttle sw_power_cap
main,trt_fp16,yolov8n,12,3,640,20260930T153758_091826Z,2026-09-30T15:37:59+00:00,3.5162364412099123,3.0467326287180185,0.7456068577563141,4.921128763817251,3.0291490256786346,5.217975936830044,100,13.638600297272205,7.498151855543256,9.55012075137347,2.928499197587371,0.29301970343415934,538.8291015625,cuda:0,NVIDIA A100-PCIE-40GB,535.288.01,345.0,1395.0,1410.0,45.0,49.0,63.8,13.0,0,0,sw_power_cap,1.0,0.0,,221.22045863512903,0.16809954773634672,True,2.3.1+cu121,2.3.0+cu121,8.4.153,raw/main/runs/trt_fp16/yolov8n/bs12__run3__20260930T153758_091826Z__ok.json,throttle sw_power_cap
main,trt_fp16,yolov8n,12,4,640,20260930T160413_472583Z,2026-09-30T16:04:14+00:00,3.347054570913315,3.0458748806267977,0.520232236478484,4.168687690980732,3.0370987951755524,5.014358088374138,100,12.212714632041752,7.140754256397486,8.707173261791468,2.9356474708765745,0.2789212142427762,538.82958984375,cuda:0,NVIDIA A100-PCIE-40GB,535.288.01,330.0,1395.0,1410.0,41.0,46.0,66.29,13.0,0,0,sw_power_cap,1.0,0.0,,221.22045863512903,0.16244690492749214,True,2.3.1+cu121,2.3.0+cu121,8.4.153,raw/main/runs/trt_fp16/yolov8n/bs12__run4__20260930T160413_472583Z__ok.json,throttle sw_power_cap
main,trt_fp16,yolov8n,16,0,640,20260930T145312_362795Z,2026-09-30T14:53:13+00:00,3.93928493373096,3.71967488899827,0.35877899523329254,4.3604349019005895,3.710885066539049,5.8907680213451385,100,13.982617878355086,8.776815608143806,10.076543176546691,3.6783904395997524,0.246205308358185,728.30615234375,cuda:0,NVIDIA A100-PCIE-40GB,535.288.01,1410.0,1380.0,1410.0,51.0,54.0,249.02,13.0,0,0,sw_power_cap,1.0,0.0,,218.99957730714232,0.16302299592643976,True,2.3.1+cu121,2.3.0+cu121,8.4.153,raw/main/runs/trt_fp16/yolov8n/bs16__run0__20260930T145312_362795Z__ok.json,throttle sw_power_cap
main,trt_fp16,yolov8n,16,1,640,20260930T145807_094563Z,2026-09-30T14:58:08+00:00,4.036528090946376,3.707390511408448,0.6205483890391523,5.196135910227895,3.693105187267065,5.464491900056601,100,15.00162064563483,9.520011488348246,11.13117749337107,3.6539610382169485,0.2522830056841485,728.3056640625,cuda:0,NVIDIA A100-PCIE-40GB,535.288.01,765.0,1380.0,1410.0,44.0,48.0,247.55,13.0,0,0,sw_power_cap,1.0,0.0,,218.99957730714232,0.16348053608089685,True,2.3.1+cu121,2.3.0+cu121,8.4.153,raw/main/runs/trt_fp16/yolov8n/bs16__run1__20260930T145807_094563Z__ok.json,throttle sw_power_cap
main,trt_fp16,yolov8n,16,2,640,20260930T152441_644185Z,2026-09-30T15:24:42+00:00,3.887207298539579,3.713281126692891,0.36181452573220485,4.445704212412238,3.6976896226406097,5.886704660952091,100,14.26504934206605,9.572411188855767,10.39096259046346,3.665103488601744,0.24295045615872368,728.3056640625,cuda:0,NVIDIA A100-PCIE-40GB,535.288.01,750.0,1395.0,1410.0,44.0,48.0,185.13,13.0,0,0,sw_power_cap,1.0,0.0,,218.99957730714232,0.16236610524356365,True,2.3.1+cu121,2.3.0+cu121,8.4.153,raw/main/runs/trt_fp16/yolov8n/bs16__run2__20260930T152441_644185Z__ok.json,throttle sw_power_cap
main,trt_fp16,yolov8n,16,3,640,20260930T153955_440195Z,2026-09-30T15:39:56+00:00,4.244611822068691,3.7043034099042416,0.9205682251735591,5.877927877008915,3.6925501190125942,6.532822735607624,100,14.545389064587653,9.162803180515766,11.520764138549566,3.654906749725342,0.2652882388792932,728.30517578125,cuda:0,NVIDIA A100-PCIE-40GB,535.288.01,765.0,1395.0,1410.0,45.0,49.0,247.07,13.0,0,0,sw_power_cap,1.0,0.0,,218.99957730714232,0.16393003426492214,True,2.3.1+cu121,2.3.0+cu121,8.4.153,raw/main/runs/trt_fp16/yolov8n/bs16__run3__20260930T153955_440195Z__ok.json,throttle sw_power_cap
main,trt_fp16,yolov8n,16,4,640,20260930T155613_383422Z,2026-09-30T15:56:14+00:00,4.068665956147015,3.7140115164220333,0.6895506105302485,5.429424252361059,3.702376037836075,5.695140920579433,100,14.884142763912678,9.635929483920336,11.853167624212801,3.654301129281521,0.25429162225918844,728.30615234375,cuda:0,NVIDIA A100-PCIE-40GB,535.288.01,480.0,1395.0,1410.0,43.0,48.0,255.75,13.0,0,0,sw_power_cap,1.0,0.0,,218.99957730714232,0.16886903392150998,True,2.3.1+cu121,2.3.0+cu121,8.4.153,raw/main/runs/trt_fp16/yolov8n/bs16__run4__20260930T155613_383422Z__ok.json,throttle sw_power_cap
main,trt_fp16,yolov8n,32,0,640,20260930T144425_300982Z,2026-09-30T14:44:26+00:00,6.710673291236162,6.64824852719903,0.3543321219308253,6.907632807269692,6.636328063905239,10.103899985551834,100,22.38312777131796,17.38594751805067,18.9688709564507,6.788142779842019,0.20970854035113007,1437.8095703125,cuda:0,NVIDIA A100-PCIE-40GB,535.288.01,420.0,1380.0,1410.0,44.0,49.0,188.73,13.0,0,0,sw_power_cap,1.0,0.0,,228.08239920716733,0.18550818786025047,True,2.3.1+cu121,2.3.0+cu121,8.4.153,raw/main/runs/trt_fp16/yolov8n/bs32__run0__20260930T144425_300982Z__ok.json,throttle sw_power_cap
main,trt_fp16,yolov8n,32,1,640,20260930T151033_249576Z,2026-09-30T15:10:34+00:00,6.8342546839267015,6.639583967626095,0.4161263189498313,7.6768298633396626,6.628183647990227,8.079820778220892,100,23.462625788524747,17.745326040312648,19.466773699969053,6.787824500352144,0.21357045887270942,1437.80712890625,cuda:0,NVIDIA A100-PCIE-40GB,535.288.01,765.0,1380.0,1410.0,43.0,48.0,254.08,13.0,0,0,sw_power_cap,1.0,0.0,,228.08239920716733,0.18447570083662868,True,2.3.1+cu121,2.3.0+cu121,8.4.153,raw/main/runs/trt_fp16/yolov8n/bs32__run1__20260930T151033_249576Z__ok.json,throttle sw_power_cap
main,trt_fp16,yolov8n,32,2,640,20260930T153127_236005Z,2026-09-30T15:31:28+00:00,6.72786726616323,6.651926785707474,0.1777600559389828,7.114575803279877,6.638925988227129,7.358497008681297,100,22.052015429362655,17.247545067220926,18.80048376042396,6.811559163033962,0.21024585206760094,1437.8115234375,cuda:0,NVIDIA A100-PCIE-40GB,535.288.01,1410.0,1380.0,1410.0,48.0,52.0,68.67,13.0,0,0,sw_power_cap,1.0,0.0,,228.08239920716733,0.18257398810237646,True,2.3.1+cu121,2.3.0+cu121,8.4.153,raw/main/runs/trt_fp16/yolov8n/bs32__run2__20260930T153127_236005Z__ok.json,throttle sw_power_cap
main,trt_fp16,yolov8n,32,3,640,20260930T154325_509319Z,2026-09-30T15:43:26+00:00,6.745962966233492,6.6428822465240955,0.3143180523422661,7.141452701762319,6.629402749240398,9.251833893358707,100,23.63541416823864,17.369532259181142,20.115919946692884,6.764417849481106,0.21081134269479662,1437.8076171875,cuda:0,NVIDIA A100-PCIE-40GB,535.288.01,765.0,1380.0,1410.0,40.0,46.0,76.18,13.0,0,0,sw_power_cap,1.0,0.0,,228.08239920716733,0.1848571840673685,True,2.3.1+cu121,2.3.0+cu121,8.4.153,raw/main/runs/trt_fp16/yolov8n/bs32__run3__20260930T154325_509319Z__ok.json,throttle sw_power_cap
main,trt_fp16,yolov8n,32,4,640,20260930T160850_522180Z,2026-09-30T16:08:51+00:00,6.7674566293135285,6.640443811193109,0.3435485159086465,7.5996111845597625,6.624188739806414,8.208375424146652,100,22.46499039698392,17.67026330344379,18.740025791339576,6.747346809133887,0.21148301966604777,1437.810546875,cuda:0,NVIDIA A100-PCIE-40GB,535.288.01,555.0,1380.0,1410.0,40.0,46.0,252.98,13.0,0,0,sw_power_cap,1.0,0.0,,228.08239920716733,0.18660170584917068,True,2.3.1+cu121,2.3.0+cu121,8.4.153,raw/main/runs/trt_fp16/yolov8n/bs32__run4__20260930T160850_522180Z__ok.json,throttle sw_power_cap
main,trt_fp16,yolov8n,48,0,640,20260930T144041_303388Z,2026-09-30T14:40:42+00:00,9.627654124051332,9.618147043511271,0.06526476188361152,9.633141360245645,9.600092191249132,10.197520721703768,100,31.143857361748815,25.37863003090024,27.26798919029534,9.987930618226528,0.20057612758440277,1486.91796875,cuda:0,NVIDIA A100-PCIE-40GB,535.288.01,600.0,1350.0,1410.0,45.0,50.0,74.71,13.0,0,0,sw_power_cap,1.0,0.0,,237.94562248885632,0.1851399620063603,True,2.3.1+cu121,2.3.0+cu121,8.4.153,raw/main/runs/trt_fp16/yolov8n/bs48__run0__20260930T144041_303388Z__ok.json,throttle sw_power_cap
main,trt_fp16,yolov8n,48,1,640,20260930T150315_818145Z,2026-09-30T15:03:17+00:00,9.626017026603222,9.60297859273851,0.20303546078935447,9.61582656018436,9.590593166649342,11.618371587246656,100,29.78876025415957,25.137939490377903,27.108387858606875,9.976909742690623,0.20054202138756713,1486.9150390625,cuda:0,NVIDIA A100-PCIE-40GB,535.288.01,345.0,1365.0,1410.0,43.0,49.0,218.2,13.0,0,0,sw_power_cap,1.0,0.0,,237.94562248885632,0.17485400708392262,True,2.3.1+cu121,2.3.0+cu121,8.4.153,raw/main/runs/trt_fp16/yolov8n/bs48__run1__20260930T150315_818145Z__ok.json,throttle sw_power_cap
main,trt_fp16,yolov8n,48,2,640,20260930T153205_729467Z,2026-09-30T15:32:07+00:00,9.6253327652812,9.616733761504292,0.06020908950014443,9.630867629311979,9.598053060472012,10.156292002648115,100,30.16855317633599,25.543167954310775,26.765054068528116,9.987329733558,0.20052776594335833,1486.9140625,cuda:0,NVIDIA A100-PCIE-40GB,535.288.01,390.0,1350.0,1410.0,42.0,48.0,207.98,13.0,0,0,sw_power_cap,1.0,0.0,,237.94562248885632,0.17625270411372185,True,2.3.1+cu121,2.3.0+cu121,8.4.153,raw/main/runs/trt_fp16/yolov8n/bs48__run2__20260930T153205_729467Z__ok.json,throttle sw_power_cap
main,trt_fp16,yolov8n,48,3,640,20260930T154929_771661Z,2026-09-30T15:49:31+00:00,9.609256968833506,9.60090197622776,0.06270285175096293,9.617907297797501,9.581831749528646,10.171483270823956,100,29.950225790962577,24.530385620892048,27.262314595282078,10.024424567818642,0.2001928535173647,1486.91796875,cuda:0,NVIDIA A100-PCIE-40GB,535.288.01,1410.0,1365.0,1410.0,49.0,53.0,235.98,13.0,0,0,sw_power_cap,1.0,0.0,,237.94562248885632,0.17666145833209157,True,2.3.1+cu121,2.3.0+cu121,8.4.153,raw/main/runs/trt_fp16/yolov8n/bs48__run3__20260930T154929_771661Z__ok.json,throttle sw_power_cap
main,trt_fp16,yolov8n,48,4,640,20260930T155458_254458Z,2026-09-30T15:54:59+00:00,9.61836569942534,9.611103683710098,0.056734162214141966,9.623059188015759,9.584882762283087,10.106856003403664,100,30.848638862371445,25.06434451788664,27.418597764335573,10.04036271944642,0.2003826187380279,1486.91552734375,cuda:0,NVIDIA A100-PCIE-40GB,535.288.01,405.0,1365.0,1410.0,48.0,53.0,91.47,13.0,0,0,sw_power_cap,1.0,0.0,,237.94562248885632,0.17963425535708666,True,2.3.1+cu121,2.3.0+cu121,8.4.153,raw/main/runs/trt_fp16/yolov8n/bs48__run4__20260930T155458_254458Z__ok.json,throttle sw_power_cap
main,trt_fp16,yolov8s,1,0,640,20260930T144510_769810Z,2026-09-30T14:45:12+00:00,1.7569783981889486,2.004599431529641,0.3376793144085176,2.0137481624260545,1.318689901381731,2.370474860072136,100,7.105040471069515,2.7343155816197395,2.7590618934482336,1.1608517076820135,1.7569783981889486,44.982421875,cuda:0,NVIDIA A100-PCIE-40GB,535.288.01,765.0,1410.0,1410.0,44.0,44.0,59.83,13.0,0,0,,1.0,0.0,,257.02281144680455,0.3681924086995423,True,2.3.1+cu121,2.3.0+cu121,8.4.153,raw/main/runs/trt_fp16/yolov8s/bs1__run0__20260930T144510_769810Z__ok.json,
main,trt_fp16,yolov8s,1,1,640,20260930T150912_754111Z,2026-09-30T15:09:14+00:00,1.815939648076892,2.055929508060217,0.38183792870309496,2.0661506569013,1.232743263244629,2.404137048870325,100,7.306880680844188,2.7962333988398314,2.826773189008236,1.0782577469944954,1.815939648076892,44.982421875,cuda:0,NVIDIA A100-PCIE-40GB,535.288.01,375.0,1410.0,1410.0,44.0,45.0,167.78,13.0,0,0,,1.0,0.0,,257.02281144680455,0.36571513628587127,True,2.3.1+cu121,2.3.0+cu121,8.4.153,raw/main/runs/trt_fp16/yolov8s/bs1__run1__20260930T150912_754111Z__ok.json,
main,trt_fp16,yolov8s,1,2,640,20260930T152256_328948Z,2026-09-30T15:22:57+00:00,1.8833308387547731,2.0711638499051332,0.20929427173991447,2.086443593725562,1.669648103415966,2.413499169051647,100,6.988138575106859,2.7932054363191128,2.870622416958213,1.3122285390272737,1.8833308387547731,44.982421875,cuda:0,NVIDIA A100-PCIE-40GB,535.288.01,765.0,1410.0,1410.0,47.0,47.0,87.15,13.0,0,0,,1.0,0.0,,257.02281144680455,0.363642199896276,True,2.3.1+cu121,2.3.0+cu121,8.4.153,raw/main/runs/trt_fp16/yolov8s/bs1__run2__20260930T152256_328948Z__ok.json,
main,trt_fp16,yolov8s,1,3,640,20260930T153618_471720Z,2026-09-30T15:36:19+00:00,1.9629251956939697,2.0685431081801653,0.2892562728453434,2.078243298456073,1.2208889238536358,2.4162689223885536,100,7.130675204098225,2.7958140708506107,2.824541670270264,1.0638382798060775,1.9629251956939697,44.98193359375,cuda:0,NVIDIA A100-PCIE-40GB,535.288.01,765.0,1410.0,1410.0,40.0,41.0,62.52,13.0,0,0,,1.0,0.0,,257.02281144680455,0.36799734085798264,True,2.3.1+cu121,2.3.0+cu121,8.4.153,raw/main/runs/trt_fp16/yolov8s/bs1__run3__20260930T153618_471720Z__ok.json,
main,trt_fp16,yolov8s,1,4,640,20260930T155947_532374Z,2026-09-30T15:59:48+00:00,1.9987944513559341,1.9464560318738222,0.07532969046314254,2.076309733092785,1.9380468875169754,2.426109742373228,100,7.188654229976237,2.6871629524976015,2.8333129826933146,1.2494880426675081,1.9987944513559341,44.982421875,cuda:0,NVIDIA A100-PCIE-40GB,535.288.01,765.0,1410.0,1410.0,45.0,46.0,85.85,13.0,0,0,,1.0,0.0,,257.02281144680455,0.3679250730201602,True,2.3.1+cu121,2.3.0+cu121,8.4.153,raw/main/runs/trt_fp16/yolov8s/bs1__run4__20260930T155947_532374Z__ok.json,
main,trt_fp16,yolov8s,2,0,640,20260930T145029_179801Z,2026-09-30T14:50:30+00:00,2.071734112687409,2.5389830116182566,0.5064059042632152,2.550511062145233,1.5345830470323563,2.885652706027031,100,7.888765283860266,3.3267792314291,3.760313312523067,1.3615688402205706,1.0358670563437045,91.00927734375,cuda:0,NVIDIA A100-PCIE-40GB,535.288.01,1410.0,1410.0,1410.0,44.0,45.0,85.75,13.0,0,0,,1.0,0.0,,245.87599671818316,0.37314215768128633,True,2.3.1+cu121,2.3.0+cu121,8.4.153,raw/main/runs/trt_fp16/yolov8s/bs2__run0__20260930T145029_179801Z__ok.json,
main,trt_fp16,yolov8s,2,1,640,20260930T150512_496901Z,2026-09-30T15:05:13+00:00,2.0668732468038797,2.508987905457616,0.5129529536786069,2.521830564364791,1.4870110899209976,2.8152596205472946,100,8.011745233088732,3.312155604362488,3.7340531358495355,1.329302373342216,1.0334366234019399,91.00927734375,cuda:0,NVIDIA A100-PCIE-40GB,535.288.01,615.0,1410.0,1410.0,48.0,50.0,223.77,13.0,0,0,,1.0,0.0,,245.87599671818316,0.36926076328381896,True,2.3.1+cu121,2.3.0+cu121,8.4.153,raw/main/runs/trt_fp16/yolov8s/bs2__run1__20260930T150512_496901Z__ok.json,
main,trt_fp16,yolov8s,2,2,640,20260930T152018_999996Z,2026-09-30T15:20:20+00:00,2.1447300584986806,2.0351982675492764,0.14717817683210316,2.329015778377652,2.029184252023697,2.6209340430796146,100,7.879073144868016,3.204579232260585,3.530948096886277,1.3605070719495416,1.0723650292493403,91.0087890625,cuda:0,NVIDIA A100-PCIE-40GB,535.288.01,405.0,1410.0,1410.0,45.0,47.0,81.33,13.0,0,0,,1.0,0.0,,245.87599671818316,0.37213396234437823,True,2.3.1+cu121,2.3.0+cu121,8.4.153,raw/main/runs/trt_fp16/yolov8s/bs2__run2__20260930T152018_999996Z__ok.json,
main,trt_fp16,yolov8s,2,3,640,20260930T153815_257728Z,2026-09-30T15:38:16+00:00,2.3098609875887632,2.5115134194493294,0.4230347983114707,2.5219751289114356,1.4835270121693611,3.0441610142588615,100,9.42475744523108,3.715411527082324,3.7451716838404536,1.3262331299483776,1.1549304937943816,91.00927734375,cuda:0,NVIDIA A100-PCIE-40GB,535.288.01,765.0,1410.0,1410.0,43.0,45.0,84.18,13.0,0,0,,1.0,0.0,,245.87599671818316,0.36901703104376793,True,2.3.1+cu121,2.3.0+cu121,8.4.153,raw/main/runs/trt_fp16/yolov8s/bs2__run3__20260930T153815_257728Z__ok.json,
main,trt_fp16,yolov8s,2,4,640,20260930T161129_242167Z,2026-09-30T16:11:30+00:00,2.1772573282942176,2.5199970696121454,0.4942506865230139,2.5286974851042032,1.4770859852433205,2.8317002579569817,100,8.054113667458296,3.5175676457583904,3.756589605472982,1.321628731675446,1.0886286641471088,91.00927734375,cuda:0,NVIDIA A100-PCIE-40GB,535.288.01,420.0,1410.0,1410.0,43.0,45.0,221.61,13.0,0,0,,1.0,0.0,,245.87599671818316,0.3695625946857035,True,2.3.1+cu121,2.3.0+cu121,8.4.153,raw/main/runs/trt_fp16/yolov8s/bs2__run4__20260930T161129_242167Z__ok.json,
main,trt_fp16,yolov8s,4,0,640,20260930T144829_169499Z,2026-09-30T14:48:30+00:00,2.827951768413186,3.115001367405057,0.5031351258897956,3.3263118704780936,2.1664518862962723,3.609762992709875,100,9.393401863053441,4.83741657808423,5.457507399842143,2.0258432999253273,0.7069879421032965,179.61083984375,cuda:0,NVIDIA A100-PCIE-40GB,535.288.01,765.0,1395.0,1410.0,41.0,46.0,131.71,13.0,0,0,sw_power_cap,1.0,0.0,,242.76016510883346,0.3818783131428063,True,2.3.1+cu121,2.3.0+cu121,8.4.153,raw/main/runs/trt_fp16/yolov8s/bs4__run0__20260930T144829_169499Z__ok.json,throttle sw_power_cap
main,trt_fp16,yolov8s,4,1,640,20260930T150958_327716Z,2026-09-30T15:09:59+00:00,2.8256687615066767,2.172321081161499,0.7325015977762032,3.6295267520472407,2.156820148229599,3.922764677554369,100,10.52743621636182,4.258825676515698,5.793041340075433,2.0201961882412434,0.7064171903766692,179.60986328125,cuda:0,NVIDIA A100-PCIE-40GB,535.288.01,765.0,1395.0,1410.0,41.0,45.0,68.45,13.0,0,0,sw_power_cap,1.0,0.0,,242.76016510883346,0.38819149415940046,True,2.3.1+cu121,2.3.0+cu121,8.4.153,raw/main/runs/trt_fp16/yolov8s/bs4__run1__20260930T150958_327716Z__ok.json,throttle sw_power_cap
main,trt_fp16,yolov8s,4,2,640,20260930T152817_750171Z,2026-09-30T15:28:19+00:00,2.7742687286809087,3.3151027746498585,0.5789975918934767,3.326223255135119,2.166413702070713,3.615217749029398,100,9.79052685201168,4.627144662663341,5.468289088457823,2.0269873179495335,0.6935671821702272,179.60986328125,cuda:0,NVIDIA A100-PCIE-40GB,535.288.01,435.0,1395.0,1410.0,44.0,47.0,74.8,13.0,0,0,sw_power_cap,1.0,0.0,,242.76016510883346,0.3852289109490812,True,2.3.1+cu121,2.3.0+cu121,8.4.153,raw/main/runs/trt_fp16/yolov8s/bs4__run2__20260930T152817_750171Z__ok.json,throttle sw_power_cap
main,trt_fp16,yolov8s,4,3,640,20260930T154856_614832Z,2026-09-30T15:48:57+00:00,2.9157507279887795,3.5920755472034216,0.7210590450942035,3.6037929356098175,2.15145293623209,3.8752760738134384,100,10.037234900519252,4.926342749968171,5.769407958723605,2.027564039453864,0.7289376819971949,179.61083984375,cuda:0,NVIDIA A100-PCIE-40GB,535.288.01,765.0,1395.0,1410.0,46.0,48.0,72.03,13.0,0,0,sw_power_cap,1.0,0.0,,242.76016510883346,0.38471714593470097,True,2.3.1+cu121,2.3.0+cu121,8.4.153,raw/main/runs/trt_fp16/yolov8s/bs4__run3__20260930T154856_614832Z__ok.json,throttle sw_power_cap
main,trt_fp16,yolov8s,4,4,640,20260930T160635_274066Z,2026-09-30T16:06:36+00:00,2.748129121027887,2.1657366305589676,0.6585594291620281,3.4862483851611614,2.1568620577454567,3.780087921768427,100,9.824012648314238,4.264287650585175,5.655772355385125,2.031959998421371,0.6870322802569717,179.6103515625,cuda:0,NVIDIA A100-PCIE-40GB,535.288.01,345.0,1395.0,1410.0,45.0,48.0,66.0,13.0,0,0,sw_power_cap,1.0,0.0,,242.76016510883346,0.38665003003552556,True,2.3.1+cu121,2.3.0+cu121,8.4.153,raw/main/runs/trt_fp16/yolov8s/bs4__run4__20260930T160635_274066Z__ok.json,throttle sw_power_cap
main,trt_fp16,yolov8s,8,0,640,20260930T143923_114452Z,2026-09-30T14:39:24+00:00,3.732307404279709,3.4783717710524797,0.4228907627860612,4.310620692558587,3.4658508375287056,5.577532108873129,100,13.309357115067542,7.36994412727654,8.263700804673135,3.4475764958187938,0.4665384255349636,364.1533203125,cuda:0,NVIDIA A100-PCIE-40GB,535.288.01,765.0,1395.0,1410.0,40.0,45.0,64.49,13.0,0,0,sw_power_cap,1.0,0.0,,217.34652678016573,0.39331093430519104,True,2.3.1+cu121,2.3.0+cu121,8.4.153,raw/main/runs/trt_fp16/yolov8s/bs8__run0__20260930T143923_114452Z__ok.json,throttle sw_power_cap
main,trt_fp16,yolov8s,8,1,640,20260930T150108_912198Z,2026-09-30T15:01:10+00:00,3.8037420343607664,3.4603767562657595,0.6020983797022142,4.83565516769886,3.4467317163944244,5.1025161519646645,100,13.082586145028472,6.968753878027201,8.77508099656552,3.42977421823889,0.4754677542950958,364.15283203125,cuda:0,NVIDIA A100-PCIE-40GB,535.288.01,765.0,1395.0,1410.0,42.0,47.0,73.33,13.0,0,0,sw_power_cap,1.0,0.0,,217.34652678016573,0.3783512092195451,True,2.3.1+cu121,2.3.0+cu121,8.4.153,raw/main/runs/trt_fp16/yolov8s/bs8__run1__20260930T150108_912198Z__ok.json,throttle sw_power_cap
main,trt_fp16,yolov8s,8,2,640,20260930T152010_967540Z,2026-09-30T15:20:12+00:00,3.7144864397123456,3.4705880098044872,0.4248714399684899,4.332546913065016,3.4585269168019295,5.53766218945384,100,11.844481024891138,6.987001514062285,7.943689380772412,3.4642512630671263,0.4643108049640432,364.1533203125,cuda:0,NVIDIA A100-PCIE-40GB,535.288.01,360.0,1380.0,1410.0,47.0,52.0,151.19,13.0,0,0,sw_power_cap,1.0,0.0,,217.34652678016573,0.3830261779949069,True,2.3.1+cu121,2.3.0+cu121,8.4.153,raw/main/runs/trt_fp16/yolov8s/bs8__run2__20260930T152010_967540Z__ok.json,throttle sw_power_cap
main,trt_fp16,yolov8s,8,3,640,20260930T155203_227890Z,2026-09-30T15:52:04+00:00,3.8892823085188866,3.462191205471754,0.5386341875309959,4.834660445339978,3.4490758553147316,5.096532870084047,100,11.852036966010928,7.342169061303139,8.802898437716067,3.431303696706891,0.4861602885648608,364.15380859375,cuda:0,NVIDIA A100-PCIE-40GB,535.288.01,345.0,1395.0,1410.0,41.0,46.0,249.08,13.0,0,0,sw_power_cap,1.0,0.0,,217.34652678016573,0.38137935660779476,True,2.3.1+cu121,2.3.0+cu121,8.4.153,raw/main/runs/trt_fp16/yolov8s/bs8__run3__20260930T155203_227890Z__ok.json,throttle sw_power_cap
main,trt_fp16,yolov8s,8,4,640,20260930T160716_724078Z,2026-09-30T16:07:17+00:00,3.726193793118,3.464235458523035,0.44235786981075986,4.358295910060406,3.4521552734076977,5.5540758185088634,100,12.038239194080234,6.986966356635094,8.31780161242932,3.4304601373150945,0.46577422413975,364.1533203125,cuda:0,NVIDIA A100-PCIE-40GB,535.288.01,765.0,1395.0,1410.0,42.0,47.0,65.29,13.0,0,0,sw_power_cap,1.0,0.0,,217.34652678016573,0.3780711288563907,True,2.3.1+cu121,2.3.0+cu121,8.4.153,raw/main/runs/trt_fp16/yolov8s/bs8__run4__20260930T160716_724078Z__ok.json,throttle sw_power_cap
main,trt_fp16,yolov8s,12,0,640,20260930T145211_924234Z,2026-09-30T14:52:13+00:00,5.043107299134135,5.011539906263351,0.28433406401626704,5.0218634540215135,4.9998341128230095,7.841656915843487,100,14.924662737175822,10.162821039557457,10.772968363016844,5.141756301745772,0.42025894159451127,538.830078125,cuda:0,NVIDIA A100-PCIE-40GB,535.288.01,765.0,1365.0,1410.0,45.0,50.0,59.66,13.0,0,0,sw_power_cap,1.0,0.0,,224.74049113923684,0.3752836836501956,True,2.3.1+cu121,2.3.0+cu121,8.4.153,raw/main/runs/trt_fp16/yolov8s/bs12__run0__20260930T145211_924234Z__ok.json,throttle sw_power_cap
main,trt_fp16,yolov8s,12,1,640,20260930T151441_148460Z,2026-09-30T15:14:42+00:00,5.027725244872272,4.996167495846748,0.2834445668313833,5.00925334636122,4.98516671359539,7.819527294486761,100,15.509996451437473,10.282290866598487,10.336452419869602,5.115355136804283,0.418977103739356,538.83056640625,cuda:0,NVIDIA A100-PCIE-40GB,535.288.01,1410.0,1365.0,1410.0,48.0,52.0,246.97,13.0,0,0,sw_power_cap,1.0,0.0,,224.74049113923684,0.3785738069564104,True,2.3.1+cu121,2.3.0+cu121,8.4.153,raw/main/runs/trt_fp16/yolov8s/bs12__run1__20260930T151441_148460Z__ok.json,throttle sw_power_cap
main,trt_fp16,yolov8s,12,2,640,20260930T152354_632599Z,2026-09-30T15:23:55+00:00,5.313215400092304,5.011246772482991,0.5945025348372545,6.313585280440748,4.995681811124086,7.836838252842426,100,15.04609220661223,10.337624000385404,12.087085004895926,5.1201932691037655,0.442767950007692,538.8310546875,cuda:0,NVIDIA A100-PCIE-40GB,535.288.01,375.0,1380.0,1410.0,45.0,51.0,245.18,13.0,0,0,sw_power_cap,1.0,0.0,,224.74049113923684,0.3735338347032666,True,2.3.1+cu121,2.3.0+cu121,8.4.153,raw/main/runs/trt_fp16/yolov8s/bs12__run2__20260930T152354_632599Z__ok.json,throttle sw_power_cap
main,trt_fp16,yolov8s,12,3,640,20260930T154316_925079Z,2026-09-30T15:43:18+00:00,5.0228530773893,4.996318137273192,0.22223605801841914,5.010946956463158,4.984203260391951,7.205456029623747,100,15.006139781326056,10.248268023133278,10.688675893470645,5.083490782417357,0.4185710897824417,538.83056640625,cuda:0,NVIDIA A100-PCIE-40GB,535.288.01,405.0,1380.0,1410.0,41.0,46.0,252.06,13.0,0,0,sw_power_cap,1.0,0.0,,224.74049113923684,0.39099789317697287,True,2.3.1+cu121,2.3.0+cu121,8.4.153,raw/main/runs/trt_fp16/yolov8s/bs12__run3__20260930T154316_925079Z__ok.json,throttle sw_power_cap
main,trt_fp16,yolov8s,12,4,640,20260930T155525_012884Z,2026-09-30T15:55:26+00:00,5.153039149008691,4.996313247829676,0.28148586161668826,5.64212710596621,4.984363913536072,5.901149939745665,100,15.472121140919626,10.279420064762235,11.329273646697402,5.111524951644242,0.4294199290840576,538.830078125,cuda:0,NVIDIA A100-PCIE-40GB,535.288.01,375.0,1380.0,1410.0,44.0,49.0,242.49,13.0,0,0,sw_power_cap,1.0,0.0,,224.74049113923684,0.3708502920344472,True,2.3.1+cu121,2.3.0+cu121,8.4.153,raw/main/runs/trt_fp16/yolov8s/bs12__run4__20260930T155525_012884Z__ok.json,throttle sw_power_cap
main,trt_fp16,yolov8s,16,0,640,20260930T145202_738164Z,2026-09-30T14:52:04+00:00,6.215055314823985,6.122806575149298,0.20174808380267598,6.631282507441938,6.110950838774443,6.929642986506224,100,18.434421573765576,12.939832406118512,13.800049107521772,6.344266887754202,0.38844095717649907,728.30615234375,cuda:0,NVIDIA A100-PCIE-40GB,535.288.01,765.0,1365.0,1410.0,47.0,52.0,253.83,13.0,0,0,sw_power_cap,1.0,0.0,,225.23653981927782,0.3803803287446499,True,2.3.1+cu121,2.3.0+cu121,8.4.153,raw/main/runs/trt_fp16/yolov8s/bs16__run0__20260930T145202_738164Z__ok.json,throttle sw_power_cap
main,trt_fp16,yolov8s,16,1,640,20260930T150034_686329Z,2026-09-30T15:00:36+00:00,6.13807778339833,6.102421320974827,0.3257335301546931,6.122653605416417,6.090280134230852,9.346260223537683,100,18.88864648528397,13.124190969392657,13.537307525984943,6.317957160063088,0.38362986146239564,728.30615234375,cuda:0,NVIDIA A100-PCIE-40GB,535.288.01,375.0,1365.0,1410.0,41.0,47.0,95.64,13.0,0,0,sw_power_cap,1.0,0.0,,225.23653981927782,0.38314935099333525,True,2.3.1+cu121,2.3.0+cu121,8.4.153,raw/main/runs/trt_fp16/yolov8s/bs16__run1__20260930T150034_686329Z__ok.json,throttle sw_power_cap
main,trt_fp16,yolov8s,16,2,640,20260930T152122_629715Z,2026-09-30T15:21:23+00:00,6.45417592022568,6.113531067967415,0.6839568205323504,7.803333504125476,6.10082084313035,8.057072758674622,100,17.797491140663624,13.209612807258964,15.033722878433764,6.346353818662465,0.403385995014105,728.30615234375,cuda:0,NVIDIA A100-PCIE-40GB,535.288.01,345.0,1365.0,1410.0,42.0,47.0,252.85,13.0,0,0,sw_power_cap,1.0,0.0,,225.23653981927782,0.3709326796233654,True,2.3.1+cu121,2.3.0+cu121,8.4.153,raw/main/runs/trt_fp16/yolov8s/bs16__run2__20260930T152122_629715Z__ok.json,throttle sw_power_cap
main,trt_fp16,yolov8s,16,3,640,20260930T153806_073514Z,2026-09-30T15:38:07+00:00,6.336097945459187,6.107134511694312,0.484523759437239,7.025255332700908,6.091119255870581,9.315943345427513,100,18.880919823423028,12.795644346624613,13.8749047415331,6.332536498084664,0.3960061215911992,728.306640625,cuda:0,NVIDIA A100-PCIE-40GB,535.288.01,435.0,1380.0,1410.0,44.0,49.0,89.81,13.0,0,0,sw_power_cap,1.0,0.0,,225.23653981927782,0.3948034793138504,True,2.3.1+cu121,2.3.0+cu121,8.4.153,raw/main/runs/trt_fp16/yolov8s/bs16__run3__20260930T153806_073514Z__ok.json,throttle sw_power_cap
main,trt_fp16,yolov8s,16,4,640,20260930T160601_656973Z,2026-09-30T16:06:02+00:00,6.152781969867647,6.117725977674127,0.322868442038825,6.131826993077993,6.0999710112810135,9.335054084658623,100,17.938209725543857,12.852314161136746,13.616480631753802,6.349755758419633,0.3845488731167279,728.3076171875,cuda:0,NVIDIA A100-PCIE-40GB,535.288.01,1410.0,1365.0,1410.0,51.0,55.0,250.58,13.0,0,0,sw_power_cap,1.0,0.0,,225.23653981927782,0.37329947436228395,True,2.3.1+cu121,2.3.0+cu121,8.4.153,raw/main/runs/trt_fp16/yolov8s/bs16__run4__20260930T160601_656973Z__ok.json,throttle sw_power_cap
main,trt_fp16,yolov8s,32,0,640,20260930T145320_497917Z,2026-09-30T14:53:21+00:00,11.33770503103733,11.32004801183939,0.099591318664459,11.383648682385683,11.286238208413124,12.260532937943935,100,30.28374006971717,24.30905122309923,25.56175533682108,12.074650507420301,0.3543032822199166,1437.8125,cuda:0,NVIDIA A100-PCIE-40GB,535.288.01,435.0,1350.0,1410.0,48.0,53.0,172.27,13.0,0,0,sw_power_cap,1.0,0.0,,247.85599954193458,0.3862778088077903,True,2.3.1+cu121,2.3.0+cu121,8.4.153,raw/main/runs/trt_fp16/yolov8s/bs32__run0__20260930T145320_497917Z__ok.json,throttle sw_power_cap
main,trt_fp16,yolov8s,32,1,640,20260930T150326_810126Z,2026-09-30T15:03:28+00:00,11.305137970484793,11.287768371403217,0.09686197993537939,11.343753337860107,11.263658292591572,12.205401435494423,100,29.15804316289723,24.113804567605257,25.674848235212266,12.025037379935384,0.3532855615776498,1437.81201171875,cuda:0,NVIDIA A100-PCIE-40GB,535.288.01,540.0,1350.0,1410.0,42.0,48.0,102.39,13.0,0,0,sw_power_cap,1.0,0.0,,247.85599954193458,0.3922294080257416,True,2.3.1+cu121,2.3.0+cu121,8.4.153,raw/main/runs/trt_fp16/yolov8s/bs32__run1__20260930T150326_810126Z__ok.json,throttle sw_power_cap
main,trt_fp16,yolov8s,32,2,640,20260930T153246_229210Z,2026-09-30T15:32:47+00:00,11.307427268475294,11.29145547747612,0.09101321869756818,11.342961969785392,11.269910726696253,12.147853150963783,100,30.703720841556787,24.450069526210427,25.238896813243628,12.015866292640567,0.35335710213985294,1437.8125,cuda:0,NVIDIA A100-PCIE-40GB,535.288.01,765.0,1365.0,1410.0,41.0,47.0,247.09,13.0,0,0,sw_power_cap,1.0,0.0,,247.85599954193458,0.38542406633496284,True,2.3.1+cu121,2.3.0+cu121,8.4.153,raw/main/runs/trt_fp16/yolov8s/bs32__run2__20260930T153246_229210Z__ok.json,throttle sw_power_cap
main,trt_fp16,yolov8s,32,3,640,20260930T155117_264157Z,2026-09-30T15:51:18+00:00,11.300397352315485,11.279094498604536,0.10986719386397988,11.334682093001902,11.255704797804356,12.18866789713502,100,29.96430358849466,24.6782791800797,25.349829578772187,12.0129040395841,0.3531374172598589,1437.8125,cuda:0,NVIDIA A100-PCIE-40GB,535.288.01,330.0,1350.0,1410.0,41.0,48.0,248.99,13.0,0,0,sw_power_cap,1.0,0.0,,247.85599954193458,0.39110663905739784,True,2.3.1+cu121,2.3.0+cu121,8.4.153,raw/main/runs/trt_fp16/yolov8s/bs32__run3__20260930T155117_264157Z__ok.json,throttle sw_power_cap
main,trt_fp16,yolov8s,32,4,640,20260930T160658_204300Z,2026-09-30T16:06:59+00:00,11.308533744886518,11.289473855867982,0.09639609872839129,11.349191865883768,11.262554209679365,12.197873089462519,100,29.33111480437219,24.866647087037563,25.66631317604333,12.0415481319651,0.3533916795277037,1437.81396484375,cuda:0,NVIDIA A100-PCIE-40GB,535.288.01,435.0,1365.0,1410.0,45.0,50.0,253.68,13.0,0,0,sw_power_cap,1.0,0.0,,247.85599954193458,0.38271266082301736,True,2.3.1+cu121,2.3.0+cu121,8.4.153,raw/main/runs/trt_fp16/yolov8s/bs32__run4__20260930T160658_204300Z__ok.json,throttle sw_power_cap
main,trt_fp16,yolov8s,48,0,640,20260930T145448_866758Z,2026-09-30T14:54:50+00:00,16.55362037010491,16.502810642123222,0.23136356973881703,16.636538971215487,16.43481384962797,18.229341134428978,100,40.808383310213685,35.99662124179304,36.76951169036329,17.775140558369458,0.34486709104385227,1486.919921875,cuda:0,NVIDIA A100-PCIE-40GB,535.288.01,765.0,1350.0,1410.0,43.0,50.0,248.32,13.0,0,0,sw_power_cap,1.0,0.0,,272.2073965417221,0.37996387807652354,True,2.3.1+cu121,2.3.0+cu121,8.4.153,raw/main/runs/trt_fp16/yolov8s/bs48__run0__20260930T145448_866758Z__ok.json,throttle sw_power_cap
main,trt_fp16,yolov8s,48,1,640,20260930T150929_118708Z,2026-09-30T15:09:30+00:00,16.523395404219627,16.49442408233881,0.15598072395457457,16.623593191616237,16.39624312520027,17.96424202620983,100,41.1512724775821,35.82669724710286,36.76128757651895,17.754260459914804,0.34423740425457555,1486.919921875,cuda:0,NVIDIA A100-PCIE-40GB,535.288.01,765.0,1335.0,1410.0,42.0,49.0,247.1,13.0,0,0,sw_power_cap,1.0,0.0,,272.2073965417221,0.38571976497769356,True,2.3.1+cu121,2.3.0+cu121,8.4.153,raw/main/runs/trt_fp16/yolov8s/bs48__run1__20260930T150929_118708Z__ok.json,throttle sw_power_cap
main,trt_fp16,yolov8s,48,2,640,20260930T152100_500403Z,2026-09-30T15:21:01+00:00,16.525211101397872,16.495793592184782,0.1487846198167141,16.631984221749008,16.417853068560362,17.883596941828728,100,41.31399815902114,35.87205964140594,38.14601697959006,17.788334907963872,0.34427523127912235,1486.91943359375,cuda:0,NVIDIA A100-PCIE-40GB,535.288.01,765.0,1335.0,1410.0,43.0,51.0,57.48,13.0,0,0,sw_power_cap,1.0,0.0,,272.2073965417221,0.3839093390852213,True,2.3.1+cu121,2.3.0+cu121,8.4.153,raw/main/runs/trt_fp16/yolov8s/bs48__run2__20260930T152100_500403Z__ok.json,throttle sw_power_cap
main,trt_fp16,yolov8s,48,3,640,20260930T155211_162450Z,2026-09-30T15:52:12+00:00,16.518461294472218,16.482742968946695,0.1508197948867997,16.621409240178764,16.40664739534259,17.828613985329866,100,40.86770645342767,35.99848039448261,37.21319776959717,17.738683307543397,0.34413461030150455,1486.919921875,cuda:0,NVIDIA A100-PCIE-40GB,535.288.01,375.0,1335.0,1410.0,40.0,48.0,194.92,13.0,0,0,sw_power_cap,1.0,0.0,,272.2073965417221,0.38618664303794503,True,2.3.1+cu121,2.3.0+cu121,8.4.153,raw/main/runs/trt_fp16/yolov8s/bs48__run3__20260930T155211_162450Z__ok.json,throttle sw_power_cap
main,trt_fp16,yolov8s,48,4,640,20260930T160352_693487Z,2026-09-30T16:03:54+00:00,16.534571144729853,16.497424570843577,0.15135849241915214,16.661352734081447,16.4217590354383,17.906973138451576,100,40.64291397109628,36.03414725512266,36.87404238153249,17.764861821196973,0.34447023218187195,1486.92041015625,cuda:0,NVIDIA A100-PCIE-40GB,535.288.01,765.0,1335.0,1410.0,42.0,50.0,245.66,13.0,0,0,sw_power_cap,1.0,0.0,,272.2073965417221,0.3847861550748348,True,2.3.1+cu121,2.3.0+cu121,8.4.153,raw/main/runs/trt_fp16/yolov8s/bs48__run4__20260930T160352_693487Z__ok.json,throttle sw_power_cap
main,trt_fp32,yolov8l,1,0,640,20260930T145432_995512Z,2026-09-30T14:54:34+00:00,3.9715009881183505,3.8450926076620817,0.5687940809638546,3.9770554052665767,3.8084471598267555,6.748099811375141,100,4.651138209737837,4.16725710965693,4.302430083043867,3.7795809702947736,3.9715009881183505,44.98193359375,cuda:0,NVIDIA A100-PCIE-40GB,535.288.01,765.0,1380.0,1410.0,46.0,51.0,251.0,13.0,0,0,sw_power_cap,1.0,0.0,,103.23426939221099,2.2761367270722985,True,2.3.1+cu121,2.3.0+cu121,8.4.153,raw/main/runs/trt_fp32/yolov8l/bs1__run0__20260930T145432_995512Z__ok.json,throttle sw_power_cap
main,trt_fp32,yolov8l,1,1,640,20260930T145558_675099Z,2026-09-30T14:56:00+00:00,3.990213228389621,3.908443497493863,0.4787557091112785,3.963683289475739,3.8332371041178703,6.818932015448809,100,4.66111748944968,4.230088088661432,4.290159745141864,3.783495449461043,3.990213228389621,44.98193359375,cuda:0,NVIDIA A100-PCIE-40GB,535.288.01,390.0,1380.0,1410.0,42.0,48.0,62.13,13.0,0,0,sw_power_cap,1.0,0.0,,103.23426939221099,2.26425670273602,True,2.3.1+cu121,2.3.0+cu121,8.4.153,raw/main/runs/trt_fp32/yolov8l/bs1__run1__20260930T145558_675099Z__ok.json,throttle sw_power_cap
main,trt_fp32,yolov8l,1,2,640,20260930T152113_795096Z,2026-09-30T15:21:15+00:00,4.016382554545999,3.851174144074321,0.29811356364333624,4.191634082235396,3.8312627002596855,6.425237283110619,100,4.6960952039808035,4.169584019109607,4.51150459703058,3.7844880810007453,4.016382554545999,44.98193359375,cuda:0,NVIDIA A100-PCIE-40GB,535.288.01,615.0,1395.0,1410.0,43.0,48.0,58.26,13.0,0,0,sw_power_cap,1.0,0.0,,103.23426939221099,2.249530218075961,True,2.3.1+cu121,2.3.0+cu121,8.4.153,raw/main/runs/trt_fp32/yolov8l/bs1__run2__20260930T152113_795096Z__ok.json,throttle sw_power_cap
main,trt_fp32,yolov8l,1,3,640,20260930T153437_304948Z,2026-09-30T15:34:38+00:00,4.176399949938059,3.816180629655719,0.5994461297513738,5.153832701034844,3.7744599394500256,5.466767121106386,100,4.869160954840481,4.135305294767022,5.476211034692824,3.762563937343657,4.176399949938059,44.98193359375,cuda:0,NVIDIA A100-PCIE-40GB,535.288.01,765.0,1380.0,1410.0,41.0,46.0,203.2,13.0,0,0,sw_power_cap,1.0,0.0,,103.23426939221099,2.251963407266885,True,2.3.1+cu121,2.3.0+cu121,8.4.153,raw/main/runs/trt_fp32/yolov8l/bs1__run3__20260930T153437_304948Z__ok.json,throttle sw_power_cap
main,trt_fp32,yolov8l,1,4,640,20260930T155743_310473Z,2026-09-30T15:57:44+00:00,3.997621196322143,3.846510546281934,0.2971270085744829,4.165296675637364,3.8280608132481575,6.448500789701939,100,4.6787440637126565,4.1696426924318075,4.492280003614724,3.77415229100734,3.997621196322143,44.98193359375,cuda:0,NVIDIA A100-PCIE-40GB,535.288.01,375.0,1395.0,1410.0,42.0,47.0,249.06,13.0,0,0,sw_power_cap,1.0,0.0,,103.23426939221099,2.250118193682283,True,2.3.1+cu121,2.3.0+cu121,8.4.153,raw/main/runs/trt_fp32/yolov8l/bs1__run4__20260930T155743_310473Z__ok.json,throttle sw_power_cap
main,trt_fp32,yolov8l,2,0,640,20260930T144534_321645Z,2026-09-30T14:45:35+00:00,6.26627522520721,6.221787538379431,0.13289355756136098,6.515867752023041,6.166141014546156,6.837792228907347,100,7.003745334222913,6.606302922591567,6.908848066814244,6.235982980579138,3.133137612603605,91.00830078125,cuda:0,NVIDIA A100-PCIE-40GB,535.288.01,390.0,1380.0,1410.0,40.0,47.0,250.0,13.0,0,0,sw_power_cap,1.0,0.0,,99.61500035831705,2.242102467920631,True,2.3.1+cu121,2.3.0+cu121,8.4.153,raw/main/runs/trt_fp32/yolov8l/bs2__run0__20260930T144534_321645Z__ok.json,throttle sw_power_cap
main,trt_fp32,yolov8l,2,1,640,20260930T150919_633597Z,2026-09-30T15:09:20+00:00,6.290610325522721,6.278399843722582,0.14285734395497965,6.560751376673579,6.155697163194418,6.911222357302904,100,7.113227928057313,6.6582870204001665,6.943960511125624,6.227284776978195,3.1453051627613604,91.00830078125,cuda:0,NVIDIA A100-PCIE-40GB,535.288.01,330.0,1365.0,1410.0,43.0,49.0,250.01,13.0,0,0,sw_power_cap,1.0,0.0,,99.61500035831705,2.2665645526722074,True,2.3.1+cu121,2.3.0+cu121,8.4.153,raw/main/runs/trt_fp32/yolov8l/bs2__run1__20260930T150919_633597Z__ok.json,throttle sw_power_cap
main,trt_fp32,yolov8l,2,2,640,20260930T152738_669968Z,2026-09-30T15:27:40+00:00,6.368731809780002,6.2236355151981115,0.6741048342731069,6.484868912957609,5.9726657345891,9.864008985459805,100,7.121017654426396,6.60317693836987,6.865597469732165,6.255053048953414,3.184365904890001,91.00830078125,cuda:0,NVIDIA A100-PCIE-40GB,535.288.01,330.0,1365.0,1410.0,44.0,50.0,252.09,13.0,0,0,sw_power_cap,1.0,0.0,,99.61500035831705,2.2411848586052656,True,2.3.1+cu121,2.3.0+cu121,8.4.153,raw/main/runs/trt_fp32/yolov8l/bs2__run2__20260930T152738_669968Z__ok.json,throttle sw_power_cap
main,trt_fp32,yolov8l,2,3,640,20260930T154532_663432Z,2026-09-30T15:45:33+00:00,6.225283099338412,6.205955985933542,0.07208698644651586,6.333836005069315,6.155951879918575,6.668629124760628,100,7.037782222032547,6.588815012946725,6.721346592530608,6.2391101801767945,3.112641549669206,91.00830078125,cuda:0,NVIDIA A100-PCIE-40GB,535.288.01,765.0,1365.0,1410.0,40.0,46.0,91.01,13.0,0,0,sw_power_cap,1.0,0.0,,99.61500035831705,2.2852560780011117,True,2.3.1+cu121,2.3.0+cu121,8.4.153,raw/main/runs/trt_fp32/yolov8l/bs2__run3__20260930T154532_663432Z__ok.json,throttle sw_power_cap
main,trt_fp32,yolov8l,2,4,640,20260930T161012_675447Z,2026-09-30T16:10:14+00:00,6.241490710526705,6.271256133913994,0.07392133760353348,6.280681770294905,5.9500630013644695,6.430127192288637,100,7.1017186576500535,6.65111024864018,6.665538717061281,6.226456058211625,3.1207453552633524,91.00830078125,cuda:0,NVIDIA A100-PCIE-40GB,535.288.01,1410.0,1365.0,1410.0,49.0,53.0,250.04,13.0,0,0,sw_power_cap,1.0,0.0,,99.61500035831705,2.247988175600767,True,2.3.1+cu121,2.3.0+cu121,8.4.153,raw/main/runs/trt_fp32/yolov8l/bs2__run4__20260930T161012_675447Z__ok.json,throttle sw_power_cap
main,trt_fp32,yolov8l,4,0,640,20260930T145001_732437Z,2026-09-30T14:50:03+00:00,11.115393256768584,11.144825723022223,0.12963313453129988,11.275945184752345,10.501055046916008,11.291117873042822,100,11.992807574570179,11.643628124147654,11.775907827541232,11.160413618199527,2.778848314192146,179.60888671875,cuda:0,NVIDIA A100-PCIE-40GB,535.288.01,765.0,1350.0,1410.0,42.0,49.0,250.81,13.0,0,0,sw_power_cap,1.0,0.0,,111.8587855999358,2.2555008199997246,True,2.3.1+cu121,2.3.0+cu121,8.4.153,raw/main/runs/trt_fp32/yolov8l/bs4__run0__20260930T145001_732437Z__ok.json,throttle sw_power_cap
main,trt_fp32,yolov8l,4,1,640,20260930T150540_611480Z,2026-09-30T15:05:41+00:00,11.110060531646013,11.132422601804137,0.12902932637901238,11.221738206222653,10.405236855149269,11.33416686207056,100,11.978389457799494,11.639153119176626,11.732298764400184,11.168108461424708,2.7775151329115033,179.60888671875,cuda:0,NVIDIA A100-PCIE-40GB,535.288.01,375.0,1350.0,1410.0,44.0,51.0,124.48,13.0,0,0,sw_power_cap,1.0,0.0,,111.8587855999358,2.268527891021222,True,2.3.1+cu121,2.3.0+cu121,8.4.153,raw/main/runs/trt_fp32/yolov8l/bs4__run1__20260930T150540_611480Z__ok.json,throttle sw_power_cap
main,trt_fp32,yolov8l,4,2,640,20260930T153004_530078Z,2026-09-30T15:30:05+00:00,11.119553139433265,11.133628897368908,0.11402626448482328,11.329689552076161,10.391956195235252,11.48677384480834,100,11.991797909140587,11.632056906819344,11.832221178337932,11.13288532011211,2.779888284858316,179.60888671875,cuda:0,NVIDIA A100-PCIE-40GB,535.288.01,765.0,1350.0,1410.0,42.0,48.0,90.82,13.0,0,0,sw_power_cap,1.0,0.0,,111.8587855999358,2.273846744094044,True,2.3.1+cu121,2.3.0+cu121,8.4.153,raw/main/runs/trt_fp32/yolov8l/bs4__run2__20260930T153004_530078Z__ok.json,throttle sw_power_cap
main,trt_fp32,yolov8l,4,3,640,20260930T153625_351433Z,2026-09-30T15:36:26+00:00,11.083498783409595,11.096535949036479,0.15246628671549223,11.244801757857203,10.377234779298306,11.521303094923496,100,12.048186101019382,11.59656886011362,11.748016066849232,11.131384461186826,2.770874695852399,179.60888671875,cuda:0,NVIDIA A100-PCIE-40GB,535.288.01,765.0,1350.0,1410.0,39.0,46.0,247.26,13.0,0,0,sw_power_cap,1.0,0.0,,111.8587855999358,2.258786811027676,True,2.3.1+cu121,2.3.0+cu121,8.4.153,raw/main/runs/trt_fp32/yolov8l/bs4__run3__20260930T153625_351433Z__ok.json,throttle sw_power_cap
main,trt_fp32,yolov8l,4,4,640,20260930T160134_198797Z,2026-09-30T16:01:35+00:00,11.114698885940015,11.14125712774694,0.1296334530557514,11.257001874037087,10.40936540812254,11.281643062829971,100,12.230018372647464,11.640070471912622,11.76323255058378,11.145509388297796,2.778674721485004,179.60888671875,cuda:0,NVIDIA A100-PCIE-40GB,535.288.01,360.0,1350.0,1410.0,41.0,48.0,255.01,13.0,0,0,sw_power_cap,1.0,0.0,,111.8587855999358,2.26490189274773,True,2.3.1+cu121,2.3.0+cu121,8.4.153,raw/main/runs/trt_fp32/yolov8l/bs4__run4__20260930T160134_198797Z__ok.json,throttle sw_power_cap
main,trt_fp32,yolov8l,8,0,640,20260930T145332_191677Z,2026-09-30T14:53:33+00:00,21.191486627794802,21.271246951073408,0.2747972827007676,21.467483835294843,19.79685528203845,21.481689997017384,100,22.294020373374224,22.00982253998518,22.207765537314117,21.368564660660923,2.6489358284743503,364.14990234375,cuda:0,NVIDIA A100-PCIE-40GB,535.288.01,765.0,1335.0,1410.0,46.0,54.0,167.39,13.0,0,0,sw_power_cap,1.0,0.0,,129.63906984124333,2.2603649352677166,True,2.3.1+cu121,2.3.0+cu121,8.4.153,raw/main/runs/trt_fp32/yolov8l/bs8__run0__20260930T145332_191677Z__ok.json,throttle sw_power_cap
main,trt_fp32,yolov8l,8,1,640,20260930T150116_947227Z,2026-09-30T15:01:18+00:00,21.087120808660984,21.065684035420418,0.2528068066563568,21.36957577895373,19.642373081296682,21.639643236994743,100,22.19182388857007,21.805900149047375,22.122505167499185,21.2715635728091,2.635890101082623,364.14990234375,cuda:0,NVIDIA A100-PCIE-40GB,535.288.01,765.0,1350.0,1410.0,41.0,49.0,57.28,13.0,0,0,sw_power_cap,1.0,0.0,,129.63906984124333,2.2719888747669756,True,2.3.1+cu121,2.3.0+cu121,8.4.153,raw/main/runs/trt_fp32/yolov8l/bs8__run1__20260930T150116_947227Z__ok.json,throttle sw_power_cap
main,trt_fp32,yolov8l,8,2,640,20260930T152621_912408Z,2026-09-30T15:26:23+00:00,21.137860412709415,21.103956503793597,0.2543364653422902,21.412821067497134,19.856172148138285,21.59294905140996,100,22.218435620889068,21.84331859461963,22.24294871557504,21.278064656071365,2.642232551588677,364.14990234375,cuda:0,NVIDIA A100-PCIE-40GB,535.288.01,1410.0,1335.0,1410.0,43.0,50.0,249.99,13.0,0,0,sw_power_cap,1.0,0.0,,129.63906984124333,2.2516359500586987,True,2.3.1+cu121,2.3.0+cu121,8.4.153,raw/main/runs/trt_fp32/yolov8l/bs8__run2__20260930T152621_912408Z__ok.json,throttle sw_power_cap
main,trt_fp32,yolov8l,8,3,640,20260930T153446_088947Z,2026-09-30T15:34:47+00:00,21.106023881584406,21.132820984348655,0.2381114133275285,21.34844777174294,19.683402962982655,21.582762710750103,100,22.194699780084193,21.868472918868065,22.10340064484626,21.266262740828097,2.6382529851980507,364.14990234375,cuda:0,NVIDIA A100-PCIE-40GB,535.288.01,345.0,1350.0,1410.0,40.0,49.0,249.43,13.0,0,0,sw_power_cap,1.0,0.0,,129.63906984124333,2.25920574599877,True,2.3.1+cu121,2.3.0+cu121,8.4.153,raw/main/runs/trt_fp32/yolov8l/bs8__run3__20260930T153446_088947Z__ok.json,throttle sw_power_cap
main,trt_fp32,yolov8l,8,4,640,20260930T155802_837350Z,2026-09-30T15:58:04+00:00,21.12085406202823,21.087573608383536,0.1540547881424073,21.336084511131048,20.7051751203835,21.60676196217537,100,22.264639530330896,21.82613918557763,22.118769655935466,21.289549190551043,2.6401067577535287,364.14990234375,cuda:0,NVIDIA A100-PCIE-40GB,535.288.01,765.0,1320.0,1410.0,41.0,49.0,117.79,13.0,0,0,sw_power_cap,1.0,0.0,,129.63906984124333,2.250673013739288,True,2.3.1+cu121,2.3.0+cu121,8.4.153,raw/main/runs/trt_fp32/yolov8l/bs8__run4__20260930T155802_837350Z__ok.json,throttle sw_power_cap
main,trt_fp32,yolov8l,12,0,640,20260930T144240_561003Z,2026-09-30T14:42:41+00:00,31.82349842507392,31.841116026043892,0.3504801542309069,32.32481274753809,29.60129827260971,32.460170798003674,100,33.300880286842585,32.80844050459564,33.296121773310006,32.067544013261795,2.6519582020894936,538.8251953125,cuda:0,NVIDIA A100-PCIE-40GB,535.288.01,435.0,1350.0,1410.0,43.0,52.0,248.49,13.0,0,0,sw_power_cap,1.0,0.0,,144.69988931296393,2.255916140973568,True,2.3.1+cu121,2.3.0+cu121,8.4.153,raw/main/runs/trt_fp32/yolov8l/bs12__run0__20260930T144240_561003Z__ok.json,throttle sw_power_cap
main,trt_fp32,yolov8l,12,1,640,20260930T151017_750209Z,2026-09-30T15:10:19+00:00,31.761342431418598,31.78847534582019,0.42464711387482573,32.14708126615733,29.56225397065282,34.19728996232152,100,33.31521768588573,32.75103238411248,33.12287654262036,32.01183238066733,2.6467785359515497,538.8251953125,cuda:0,NVIDIA A100-PCIE-40GB,535.288.01,435.0,1335.0,1410.0,41.0,50.0,115.28,13.0,0,0,sw_power_cap,1.0,0.0,,144.69988931296393,2.2659850767813623,True,2.3.1+cu121,2.3.0+cu121,8.4.153,raw/main/runs/trt_fp32/yolov8l/bs12__run1__20260930T151017_750209Z__ok.json,throttle sw_power_cap
main,trt_fp32,yolov8l,12,2,640,20260930T152413_103177Z,2026-09-30T15:24:14+00:00,31.814342522993684,31.84569999575615,0.3469820710315943,32.151128188706934,29.63402308523655,32.444738782942295,100,33.22022475767881,32.804120099171996,33.276559272781014,32.071746340952814,2.651195210249474,538.8251953125,cuda:0,NVIDIA A100-PCIE-40GB,535.288.01,765.0,1350.0,1410.0,44.0,52.0,62.62,13.0,0,0,sw_power_cap,1.0,0.0,,144.69988931296393,2.24948425963521,True,2.3.1+cu121,2.3.0+cu121,8.4.153,raw/main/runs/trt_fp32/yolov8l/bs12__run2__20260930T152413_103177Z__ok.json,throttle sw_power_cap
main,trt_fp32,yolov8l,12,3,640,20260930T154509_433421Z,2026-09-30T15:45:10+00:00,31.72025213483721,31.73526842147112,0.2976024573605503,32.09443131927401,29.76055024191737,32.35117206349969,100,33.04806982167065,32.708156388252974,33.10073511675,31.98845220729709,2.6433543445697674,538.8251953125,cuda:0,NVIDIA A100-PCIE-40GB,535.288.01,765.0,1335.0,1410.0,40.0,49.0,56.78,13.0,0,0,sw_power_cap,1.0,0.0,,144.69988931296393,2.2659970172680914,True,2.3.1+cu121,2.3.0+cu121,8.4.153,raw/main/runs/trt_fp32/yolov8l/bs12__run3__20260930T154509_433421Z__ok.json,throttle sw_power_cap
main,trt_fp32,yolov8l,12,4,640,20260930T160642_756822Z,2026-09-30T16:06:44+00:00,31.851169248111546,31.888712430372834,0.31791498521392914,32.176052406430244,29.87923240289092,32.74278109893203,100,33.16961714066565,32.858267426490784,33.229002985171974,32.07935940939933,2.6542641040092954,538.8251953125,cuda:0,NVIDIA A100-PCIE-40GB,535.288.01,765.0,1350.0,1410.0,44.0,52.0,251.78,13.0,0,0,sw_power_cap,1.0,0.0,,144.69988931296393,2.2448660568334162,True,2.3.1+cu121,2.3.0+cu121,8.4.153,raw/main/runs/trt_fp32/yolov8l/bs12__run4__20260930T160642_756822Z__ok.json,throttle sw_power_cap
main,trt_fp32,yolov8l,16,0,640,20260930T144901_259255Z,2026-09-30T14:49:02+00:00,40.993678770028055,40.99620901979506,0.42429986245972545,41.5468527469784,38.35935005918145,42.11539588868618,100,42.55115689244121,42.19846264459193,42.803424899466336,41.397624388337135,2.5621049231267534,728.2998046875,cuda:0,NVIDIA A100-PCIE-40GB,535.288.01,345.0,1335.0,1410.0,39.0,50.0,69.15,13.0,0,0,sw_power_cap,1.0,0.0,,159.88245535315946,2.2365278527140617,True,2.3.1+cu121,2.3.0+cu121,8.4.153,raw/main/runs/trt_fp32/yolov8l/bs16__run0__20260930T144901_259255Z__ok.json,throttle sw_power_cap
main,trt_fp32,yolov8l,16,1,640,20260930T151155_137100Z,2026-09-30T15:11:56+00:00,41.12470758147538,41.14794894121587,0.37381871651395515,41.54596594162285,38.6244528926909,41.73008864745498,100,42.706706007011235,42.35293599776924,42.74823812302202,41.50570869911462,2.570294223842211,728.2998046875,cuda:0,NVIDIA A100-PCIE-40GB,535.288.01,765.0,1335.0,1410.0,44.0,53.0,99.03,13.0,0,0,sw_power_cap,1.0,0.0,,159.88245535315946,2.2597571387887,True,2.3.1+cu121,2.3.0+cu121,8.4.153,raw/main/runs/trt_fp32/yolov8l/bs16__run1__20260930T151155_137100Z__ok.json,throttle sw_power_cap
main,trt_fp32,yolov8l,16,2,640,20260930T151546_831696Z,2026-09-30T15:15:48+00:00,41.109085199423134,41.090020444244146,0.4507854927452696,41.576296696439385,38.00562676042318,42.06448793411255,100,42.82290760893375,42.26711159572005,42.861649906262755,41.48271820973605,2.569317824963946,728.2998046875,cuda:0,NVIDIA A100-PCIE-40GB,535.288.01,345.0,1335.0,1410.0,43.0,53.0,257.61,13.0,0,0,sw_power_cap,1.0,0.0,,159.88245535315946,2.237930864561349,True,2.3.1+cu121,2.3.0+cu121,8.4.153,raw/main/runs/trt_fp32/yolov8l/bs16__run2__20260930T151546_831696Z__ok.json,throttle sw_power_cap
main,trt_fp32,yolov8l,16,3,640,20260930T154614_183708Z,2026-09-30T15:46:15+00:00,40.906425598077476,40.939633501693606,0.4215977195356655,41.354143898934126,38.07800682261586,41.59004194661975,100,42.4643236072734,42.14274580590427,42.57425132673234,41.300329910591245,2.5566515998798423,728.2998046875,cuda:0,NVIDIA A100-PCIE-40GB,535.288.01,405.0,1335.0,1410.0,37.0,48.0,249.68,13.0,0,0,sw_power_cap,1.0,0.0,,159.88245535315946,2.2559175682254136,True,2.3.1+cu121,2.3.0+cu121,8.4.153,raw/main/runs/trt_fp32/yolov8l/bs16__run3__20260930T154614_183708Z__ok.json,throttle sw_power_cap
main,trt_fp32,yolov8l,16,4,640,20260930T160509_010141Z,2026-09-30T16:05:10+00:00,41.22019800823182,41.30539810284972,0.4089434577057067,41.7353457538411,38.72892167419195,42.03305393457413,100,42.76619616430253,42.49874921515584,42.9390070727095,41.571970279328525,2.5762623755144887,728.2998046875,cuda:0,NVIDIA A100-PCIE-40GB,535.288.01,765.0,1320.0,1410.0,45.0,54.0,76.19,13.0,0,0,sw_power_cap,1.0,0.0,,159.88245535315946,2.2491323170252144,True,2.3.1+cu121,2.3.0+cu121,8.4.153,raw/main/runs/trt_fp32/yolov8l/bs16__run4__20260930T160509_010141Z__ok.json,throttle sw_power_cap
main,trt_fp32,yolov8l,32,0,640,20260930T144052_495348Z,2026-09-30T14:40:53+00:00,80.29307441785932,80.33801103010774,0.49009406524484417,80.93342718202621,76.9287645816803,81.2238291837275,100,82.74030530359596,82.40639721043408,83.10114927589893,81.07223344035447,2.5091585755581036,1437.798828125,cuda:0,NVIDIA A100-PCIE-40GB,535.288.01,615.0,1335.0,1410.0,43.0,56.0,68.85,13.0,0,0,sw_power_cap,1.0,0.0,,229.23081833543256,2.2647078442387283,True,2.3.1+cu121,2.3.0+cu121,8.4.153,raw/main/runs/trt_fp32/yolov8l/bs32__run0__20260930T144052_495348Z__ok.json,throttle sw_power_cap
main,trt_fp32,yolov8l,32,1,640,20260930T151414_223771Z,2026-09-30T15:14:15+00:00,80.16313894186169,80.20475599914789,0.5256430927083826,80.86781760212034,76.7592522315681,81.02807588875294,100,82.76383724063635,82.31248310767114,83.02596488501877,80.96991519909352,2.505098091933178,1437.798828125,cuda:0,NVIDIA A100-PCIE-40GB,535.288.01,765.0,1350.0,1410.0,42.0,54.0,58.36,13.0,0,0,sw_power_cap,1.0,0.0,,229.23081833543256,2.305025746114552,True,2.3.1+cu121,2.3.0+cu121,8.4.153,raw/main/runs/trt_fp32/yolov8l/bs32__run1__20260930T151414_223771Z__ok.json,throttle sw_power_cap
main,trt_fp32,yolov8l,32,2,640,20260930T152319_274674Z,2026-09-30T15:23:20+00:00,80.2341428399086,80.20215295255184,0.5539379821519992,80.98009084351361,76.50069380179048,81.20424021035433,100,82.71268139127642,82.3207173962146,83.13269938807935,81.05786248110235,2.5073169637471437,1437.798828125,cuda:0,NVIDIA A100-PCIE-40GB,535.288.01,765.0,1335.0,1410.0,42.0,54.0,75.3,13.0,0,0,sw_power_cap,1.0,0.0,,229.23081833543256,2.2611650647595525,True,2.3.1+cu121,2.3.0+cu121,8.4.153,raw/main/runs/trt_fp32/yolov8l/bs32__run2__20260930T152319_274674Z__ok.json,throttle sw_power_cap
main,trt_fp32,yolov8l,32,3,640,20260930T155224_457678Z,2026-09-30T15:52:25+00:00,80.12947080656886,80.12728206813335,0.5428864029748168,80.81466974690557,76.2337651103735,81.23994525521994,100,82.5783576304093,82.24301249720156,82.91333278175443,80.92591044958681,2.504045962705277,1437.798828125,cuda:0,NVIDIA A100-PCIE-40GB,535.288.01,765.0,1335.0,1410.0,41.0,53.0,149.12,13.0,0,0,sw_power_cap,1.0,0.0,,229.23081833543256,2.270490188151598,True,2.3.1+cu121,2.3.0+cu121,8.4.153,raw/main/runs/trt_fp32/yolov8l/bs32__run3__20260930T155224_457678Z__ok.json,throttle sw_power_cap
main,trt_fp32,yolov8l,32,4,640,20260930T160144_887883Z,2026-09-30T16:01:46+00:00,80.12582402676344,80.17869316972792,0.5561764371186189,80.79915046691895,76.17397932335734,81.22224686667323,100,82.80021004378796,82.30967540293932,82.9679548041895,80.88236457202584,2.5039320008363575,1437.798828125,cuda:0,NVIDIA A100-PCIE-40GB,535.288.01,765.0,1335.0,1410.0,41.0,53.0,256.62,13.0,0,0,sw_power_cap,1.0,0.0,,229.23081833543256,2.26564829191193,True,2.3.1+cu121,2.3.0+cu121,8.4.153,raw/main/runs/trt_fp32/yolov8l/bs32__run4__20260930T160144_887883Z__ok.json,throttle sw_power_cap
main,trt_fp32,yolov8l,48,0,640,20260930T145236_563695Z,2026-09-30T14:52:37+00:00,120.78383137006313,120.71575643494725,0.8044920234950368,122.09051314275712,117.38052684813738,122.44290206581354,100,124.14858758449554,123.70374030433595,125.11491258628666,121.83651114813983,2.5163298202096485,1486.8994140625,cuda:0,NVIDIA A100-PCIE-40GB,535.288.01,1410.0,1320.0,1410.0,46.0,58.0,58.57,13.0,0,0,sw_power_cap,1.0,0.0,,301.4155586268753,2.258096770849079,True,2.3.1+cu121,2.3.0+cu121,8.4.153,raw/main/runs/trt_fp32/yolov8l/bs48__run0__20260930T145236_563695Z__ok.json,throttle sw_power_cap
main,trt_fp32,yolov8l,48,1,640,20260930T150749_533982Z,2026-09-30T15:07:50+00:00,121.37130546849221,121.53536011464894,0.7942741711404699,122.37122820224613,116.552977822721,122.84974101930857,100,124.89633640274405,124.55412605777383,125.45433025807142,122.46422620024532,2.528568863926921,1486.8994140625,cuda:0,NVIDIA A100-PCIE-40GB,535.288.01,1410.0,1335.0,1410.0,52.0,60.0,232.34,13.0,0,0,sw_power_cap,1.0,0.0,,301.4155586268753,2.2901323791593313,True,2.3.1+cu121,2.3.0+cu121,8.4.153,raw/main/runs/trt_fp32/yolov8l/bs48__run1__20260930T150749_533982Z__ok.json,throttle sw_power_cap
main,trt_fp32,yolov8l,48,2,640,20260930T151809_039806Z,2026-09-30T15:18:10+00:00,120.53260901011527,120.61850051395595,0.834901212718448,121.78457856643945,116.39491934329271,122.2812570631504,100,124.17404355015606,123.63396491855383,124.81631627306342,121.76203409209847,2.511096021044068,1486.8994140625,cuda:0,NVIDIA A100-PCIE-40GB,535.288.01,765.0,1335.0,1410.0,42.0,56.0,63.01,13.0,0,0,sw_power_cap,1.0,0.0,,301.4155586268753,2.278432168997824,True,2.3.1+cu121,2.3.0+cu121,8.4.153,raw/main/runs/trt_fp32/yolov8l/bs48__run2__20260930T151809_039806Z__ok.json,throttle sw_power_cap
main,trt_fp32,yolov8l,48,3,640,20260930T153643_119386Z,2026-09-30T15:36:44+00:00,120.11207271832973,120.14936609193683,0.8785628885406574,121.38524232432246,115.28065893799067,122.38393211737275,100,123.6608957964927,123.24256007559597,124.48292386252433,121.6362068708986,2.502334848298536,1486.8994140625,cuda:0,NVIDIA A100-PCIE-40GB,535.288.01,330.0,1290.0,1410.0,38.0,55.0,75.69,13.0,0,0,sw_power_cap,1.0,0.0,,301.4155586268753,2.2591529758647084,True,2.3.1+cu121,2.3.0+cu121,8.4.153,raw/main/runs/trt_fp32/yolov8l/bs48__run3__20260930T153643_119386Z__ok.json,throttle sw_power_cap
main,trt_fp32,yolov8l,48,4,640,20260930T155824_769383Z,2026-09-30T15:58:26+00:00,120.37467803806067,120.33403990790248,0.8323054679382157,121.83007188141346,117.13541531935334,122.27213196456432,100,123.73049816582352,123.35535394959152,124.9406625982374,121.50324514135718,2.5078057924595973,1486.8994140625,cuda:0,NVIDIA A100-PCIE-40GB,535.288.01,765.0,1320.0,1410.0,41.0,56.0,67.09,13.0,0,0,sw_power_cap,1.0,0.0,,301.4155586268753,2.276522377040237,True,2.3.1+cu121,2.3.0+cu121,8.4.153,raw/main/runs/trt_fp32/yolov8l/bs48__run4__20260930T155824_769383Z__ok.json,throttle sw_power_cap
main,trt_fp32,yolov8m,1,0,640,20260930T145154_752897Z,2026-09-30T14:51:56+00:00,2.9966960987076163,2.8804223984479904,0.5659326951308744,4.534076130948961,2.6183989830315113,4.85839182510972,100,3.665022295899689,3.199067898094654,4.85903462395072,2.486806199885905,2.9966960987076163,44.98193359375,cuda:0,NVIDIA A100-PCIE-40GB,535.288.01,765.0,1395.0,1410.0,49.0,54.0,256.63,13.0,0,0,sw_power_cap,1.0,0.0,,98.28516234597191,1.7571606109850109,True,2.3.1+cu121,2.3.0+cu121,8.4.153,raw/main/runs/trt_fp32/yolov8m/bs1__run0__20260930T145154_752897Z__ok.json,throttle sw_power_cap
main,trt_fp32,yolov8m,1,1,640,20260930T145658_791779Z,2026-09-30T14:57:00+00:00,2.868060595355928,2.6356589514762163,0.5565528435523557,4.107352648861706,2.5974190793931484,4.4333660043776035,100,3.552949377335608,2.9534439090639353,4.4310611905530095,2.469879789277911,2.868060595355928,44.98193359375,cuda:0,NVIDIA A100-PCIE-40GB,535.288.01,765.0,1395.0,1410.0,43.0,48.0,247.35,13.0,0,0,sw_power_cap,1.0,0.0,,98.28516234597191,1.3598867068067193,True,2.3.1+cu121,2.3.0+cu121,8.4.153,raw/main/runs/trt_fp32/yolov8m/bs1__run1__20260930T145658_791779Z__ok.json,throttle sw_power_cap
main,trt_fp32,yolov8m,1,2,640,20260930T152535_503367Z,2026-09-30T15:25:36+00:00,3.0200203135609627,2.83810100518167,0.6194608222917087,4.5525153167545795,2.6113628409802914,4.925770219415426,100,3.949142089113593,3.1590608414262533,4.881078167818487,2.4806072702631354,3.0200203135609627,44.98193359375,cuda:0,NVIDIA A100-PCIE-40GB,535.288.01,765.0,1395.0,1410.0,40.0,45.0,244.71,13.0,0,0,sw_power_cap,1.0,0.0,,98.28516234597191,1.606112680863589,True,2.3.1+cu121,2.3.0+cu121,8.4.153,raw/main/runs/trt_fp32/yolov8m/bs1__run2__20260930T152535_503367Z__ok.json,throttle sw_power_cap
main,trt_fp32,yolov8m,1,3,640,20260930T154524_931776Z,2026-09-30T15:45:26+00:00,3.2077898597344756,2.7069812640547752,0.8076399975111629,4.4673333410173655,2.597751095890999,4.845824092626572,100,4.039575415663421,3.0246900860220194,4.794575087726116,2.4704914819449186,3.2077898597344756,44.98193359375,cuda:0,NVIDIA A100-PCIE-40GB,535.288.01,420.0,1395.0,1410.0,42.0,46.0,152.98,13.0,0,0,sw_power_cap,1.0,0.0,,98.28516234597191,1.3538879719562829,True,2.3.1+cu121,2.3.0+cu121,8.4.153,raw/main/runs/trt_fp32/yolov8m/bs1__run3__20260930T154524_931776Z__ok.json,throttle sw_power_cap
main,trt_fp32,yolov8m,1,4,640,20260930T160930_202181Z,2026-09-30T16:09:31+00:00,3.2431643083691597,2.6557070668786764,0.6910485365238147,3.986665327101946,2.594715915620327,4.498646594583988,100,4.009162052534521,2.9701008461415768,4.310589772649109,2.46551635209471,3.2431643083691597,44.98193359375,cuda:0,NVIDIA A100-PCIE-40GB,535.288.01,570.0,1395.0,1410.0,43.0,47.0,250.03,13.0,0,0,sw_power_cap,1.0,0.0,,98.28516234597191,1.350598941091448,True,2.3.1+cu121,2.3.0+cu121,8.4.153,raw/main/runs/trt_fp32/yolov8m/bs1__run4__20260930T160930_202181Z__ok.json,throttle sw_power_cap
main,trt_fp32,yolov8m,2,0,640,20260930T144821_035263Z,2026-09-30T14:48:22+00:00,4.377274978905916,4.063840257003903,0.8536038191819135,6.704758130945265,4.054099787026644,7.091406267136335,100,5.248689935542643,4.444970982149243,7.102653058245778,4.013148513622582,2.188637489452958,91.00830078125,cuda:0,NVIDIA A100-PCIE-40GB,535.288.01,765.0,1395.0,1410.0,42.0,48.0,249.9,13.0,0,0,sw_power_cap,1.0,0.0,,92.50972020998597,1.3831920772790909,True,2.3.1+cu121,2.3.0+cu121,8.4.153,raw/main/runs/trt_fp32/yolov8m/bs2__run0__20260930T144821_035263Z__ok.json,throttle sw_power_cap
main,trt_fp32,yolov8m,2,1,640,20260930T150942_512389Z,2026-09-30T15:09:43+00:00,4.15627752430737,4.065377172082663,0.2725617345639238,4.242217121645808,4.046956077218056,6.679967045783997,100,4.89850181620568,4.448178922757506,4.631591867655516,4.020414291881025,2.078138762153685,91.00830078125,cuda:0,NVIDIA A100-PCIE-40GB,535.288.01,615.0,1380.0,1410.0,43.0,48.0,249.64,13.0,0,0,sw_power_cap,1.0,0.0,,92.50972020998597,1.38469276484102,True,2.3.1+cu121,2.3.0+cu121,8.4.153,raw/main/runs/trt_fp32/yolov8m/bs2__run1__20260930T150942_512389Z__ok.json,throttle sw_power_cap
main,trt_fp32,yolov8m,2,2,640,20260930T152003_082349Z,2026-09-30T15:20:04+00:00,4.185140575282276,4.094318021088839,0.2666162916676294,4.250004235655069,4.083347972482443,6.681892089545727,100,4.93221053853631,4.478734917938709,4.634409351274371,4.035999751649797,2.092570287641138,91.00830078125,cuda:0,NVIDIA A100-PCIE-40GB,535.288.01,855.0,1380.0,1410.0,50.0,55.0,253.44,13.0,0,0,sw_power_cap,1.0,0.0,,92.50972020998597,1.3709536329843104,True,2.3.1+cu121,2.3.0+cu121,8.4.153,raw/main/runs/trt_fp32/yolov8m/bs2__run2__20260930T152003_082349Z__ok.json,throttle sw_power_cap
main,trt_fp32,yolov8m,2,3,640,20260930T154958_416080Z,2026-09-30T15:49:59+00:00,4.288130793720484,4.071241477504373,0.7139442854088929,6.644149334169924,4.037170670926571,6.965539883822203,100,5.020994278602302,4.447877407073975,7.038585748523474,4.021743098273873,2.144065396860242,91.00830078125,cuda:0,NVIDIA A100-PCIE-40GB,535.288.01,765.0,1380.0,1410.0,47.0,52.0,166.46,13.0,0,0,sw_power_cap,1.0,0.0,,92.50972020998597,1.3735687541775405,True,2.3.1+cu121,2.3.0+cu121,8.4.153,raw/main/runs/trt_fp32/yolov8m/bs2__run3__20260930T154958_416080Z__ok.json,throttle sw_power_cap
main,trt_fp32,yolov8m,2,4,640,20260930T160211_862434Z,2026-09-30T16:02:13+00:00,4.447814668528736,4.092328250408173,0.6955600839414314,5.797459208406508,4.054937977343798,6.1260368674993515,100,5.179355330765247,4.470286425203085,6.181397521868348,4.030287857167423,2.223907334264368,91.00830078125,cuda:0,NVIDIA A100-PCIE-40GB,535.288.01,1410.0,1380.0,1410.0,47.0,51.0,249.54,13.0,0,0,sw_power_cap,1.0,0.0,,92.50972020998597,1.3636577329598367,True,2.3.1+cu121,2.3.0+cu121,8.4.153,raw/main/runs/trt_fp32/yolov8m/bs2__run4__20260930T160211_862434Z__ok.json,throttle sw_power_cap
main,trt_fp32,yolov8m,4,0,640,20260930T143717_865068Z,2026-09-30T14:37:19+00:00,7.265082537196577,7.119779009371996,0.6007768576914249,9.567221975885332,7.053193170577288,9.883425664156675,100,8.138956460170448,7.62385199777782,10.077602486126125,7.136299768462777,1.8162706342991441,179.60888671875,cuda:0,NVIDIA A100-PCIE-40GB,535.288.01,765.0,1365.0,1410.0,44.0,50.0,61.34,13.0,0,0,sw_power_cap,1.0,0.0,,98.15235432283953,1.3726405412890017,True,2.3.1+cu121,2.3.0+cu121,8.4.153,raw/main/runs/trt_fp32/yolov8m/bs4__run0__20260930T143717_865068Z__ok.json,throttle sw_power_cap
main,trt_fp32,yolov8m,4,1,640,20260930T150426_593797Z,2026-09-30T15:04:27+00:00,7.146809981204569,7.109628990292549,0.37537263968125834,7.179696671664715,6.906869821250439,10.814923793077469,100,8.029837515205145,7.608679821714759,7.681060116738081,7.159698051400483,1.7867024953011423,179.60888671875,cuda:0,NVIDIA A100-PCIE-40GB,535.288.01,1410.0,1365.0,1410.0,50.0,54.0,64.81,13.0,0,0,sw_power_cap,1.0,0.0,,98.15235432283953,1.39020137488842,True,2.3.1+cu121,2.3.0+cu121,8.4.153,raw/main/runs/trt_fp32/yolov8m/bs4__run1__20260930T150426_593797Z__ok.json,throttle sw_power_cap
main,trt_fp32,yolov8m,4,2,640,20260930T152526_769786Z,2026-09-30T15:25:28+00:00,7.103601302951574,7.119396002963185,0.0626939922758504,7.128387363627553,6.873792037367821,7.3703802190721035,100,7.9654644802212715,7.620994234457612,7.630876055918634,7.10642309859395,1.7759003257378936,179.60888671875,cuda:0,NVIDIA A100-PCIE-40GB,535.288.01,315.0,1365.0,1410.0,41.0,47.0,247.85,13.0,0,0,sw_power_cap,1.0,0.0,,98.15235432283953,1.3804217902943492,True,2.3.1+cu121,2.3.0+cu121,8.4.153,raw/main/runs/trt_fp32/yolov8m/bs4__run2__20260930T152526_769786Z__ok.json,throttle sw_power_cap
main,trt_fp32,yolov8m,4,3,640,20260930T154335_596079Z,2026-09-30T15:43:36+00:00,7.1250507747754455,7.083497010171413,0.4332422138077427,7.112711598165333,6.904402747750282,10.844796895980835,100,8.013570918701589,7.585448445752263,7.617435720749199,7.12888577952981,1.7812626936938614,179.60888671875,cuda:0,NVIDIA A100-PCIE-40GB,535.288.01,765.0,1365.0,1410.0,39.0,46.0,113.94,13.0,0,0,sw_power_cap,1.0,0.0,,98.15235432283953,1.3733741682954133,True,2.3.1+cu121,2.3.0+cu121,8.4.153,raw/main/runs/trt_fp32/yolov8m/bs4__run3__20260930T154335_596079Z__ok.json,throttle sw_power_cap
main,trt_fp32,yolov8m,4,4,640,20260930T155516_226965Z,2026-09-30T15:55:17+00:00,7.082980205304921,7.101292721927166,0.06636214353682011,7.111050840467215,6.833155639469624,7.214877754449844,100,8.113942043855786,7.594806142151356,7.61013540904969,7.1306268172338605,1.7707450513262302,179.60888671875,cuda:0,NVIDIA A100-PCIE-40GB,535.288.01,345.0,1380.0,1410.0,45.0,51.0,229.78,13.0,0,0,sw_power_cap,1.0,0.0,,98.15235432283953,1.4047210132703185,True,2.3.1+cu121,2.3.0+cu121,8.4.153,raw/main/runs/trt_fp32/yolov8m/bs4__run4__20260930T155516_226965Z__ok.json,throttle sw_power_cap
main,trt_fp32,yolov8m,8,0,640,20260930T144754_723964Z,2026-09-30T14:47:56+00:00,13.357474664226174,13.350228080525994,0.15551603249363055,13.601616187952459,12.663398869335651,13.803725130856037,100,14.434134922921658,14.075234066694975,14.414420607499778,13.457224359735847,1.6696843330282718,364.14990234375,cuda:0,NVIDIA A100-PCIE-40GB,535.288.01,765.0,1380.0,1410.0,46.0,51.0,106.35,13.0,0,0,sw_power_cap,1.0,0.0,,107.51647540321574,1.3644396620802581,True,2.3.1+cu121,2.3.0+cu121,8.4.153,raw/main/runs/trt_fp32/yolov8m/bs8__run0__20260930T144754_723964Z__ok.json,throttle sw_power_cap
main,trt_fp32,yolov8m,8,1,640,20260930T151343_308165Z,2026-09-30T15:13:44+00:00,13.312872853130102,13.325882144272327,0.1306311045269483,13.42504567001015,12.597124092280865,13.676772359758615,100,14.405908230692148,14.043804258108139,14.187728124670684,13.407796090468764,1.6641091066412628,364.14990234375,cuda:0,NVIDIA A100-PCIE-40GB,535.288.01,765.0,1350.0,1410.0,43.0,50.0,248.95,13.0,0,0,sw_power_cap,1.0,0.0,,107.51647540321574,1.3847133181989193,True,2.3.1+cu121,2.3.0+cu121,8.4.153,raw/main/runs/trt_fp32/yolov8m/bs8__run1__20260930T151343_308165Z__ok.json,throttle sw_power_cap
main,trt_fp32,yolov8m,8,2,640,20260930T152954_342552Z,2026-09-30T15:29:55+00:00,13.3246745262295,13.340274104848504,0.1358236543717562,13.496625889092684,12.618692126125097,13.575788121670485,100,14.401859324425459,14.061695896089077,14.214618736878037,13.431638916954398,1.6655843157786876,364.14990234375,cuda:0,NVIDIA A100-PCIE-40GB,535.288.01,765.0,1350.0,1410.0,41.0,49.0,67.18,13.0,0,0,sw_power_cap,1.0,0.0,,107.51647540321574,1.3691994133405387,True,2.3.1+cu121,2.3.0+cu121,8.4.153,raw/main/runs/trt_fp32/yolov8m/bs8__run2__20260930T152954_342552Z__ok.json,throttle sw_power_cap
main,trt_fp32,yolov8m,8,3,640,20260930T153840_756385Z,2026-09-30T15:38:42+00:00,13.302155476994812,13.33514740690589,0.11866362176813543,13.418977684341371,12.61155679821968,13.545156922191381,100,14.388569928705692,14.058707049116492,14.15481090079993,13.448211890645325,1.6627694346243516,364.14990234375,cuda:0,NVIDIA A100-PCIE-40GB,535.288.01,765.0,1365.0,1410.0,40.0,48.0,251.97,13.0,0,0,sw_power_cap,1.0,0.0,,107.51647540321574,1.37765843141824,True,2.3.1+cu121,2.3.0+cu121,8.4.153,raw/main/runs/trt_fp32/yolov8m/bs8__run3__20260930T153840_756385Z__ok.json,throttle sw_power_cap
main,trt_fp32,yolov8m,8,4,640,20260930T160742_573269Z,2026-09-30T16:07:43+00:00,13.295378680340946,13.325307285413146,0.13177939224916344,13.420877093449235,12.600218877196312,13.75618064776063,100,14.470958770252764,14.054699102416635,14.185645966790617,13.428741763345897,1.6619223350426182,364.14990234375,cuda:0,NVIDIA A100-PCIE-40GB,535.288.01,765.0,1350.0,1410.0,40.0,48.0,240.85,13.0,0,0,sw_power_cap,1.0,0.0,,107.51647540321574,1.373333829920739,True,2.3.1+cu121,2.3.0+cu121,8.4.153,raw/main/runs/trt_fp32/yolov8m/bs8__run4__20260930T160742_573269Z__ok.json,throttle sw_power_cap
main,trt_fp32,yolov8m,12,0,640,20260930T143632_295977Z,2026-09-30T14:36:33+00:00,19.70756649505347,19.680913537740707,0.25039101813844195,20.062104682438076,18.62145308405161,20.385819021612406,100,21.030324390158057,20.629337523132563,21.03508128784597,19.939076020382345,1.6422972079211224,538.8251953125,cuda:0,NVIDIA A100-PCIE-40GB,535.288.01,675.0,1365.0,1410.0,47.0,53.0,243.88,13.0,0,0,sw_power_cap,1.0,0.0,,116.32073669414967,1.3805970777757466,True,2.3.1+cu121,2.3.0+cu121,8.4.153,raw/main/runs/trt_fp32/yolov8m/bs12__run0__20260930T143632_295977Z__ok.json,throttle sw_power_cap
main,trt_fp32,yolov8m,12,1,640,20260930T151005_859007Z,2026-09-30T15:10:07+00:00,19.585360237397254,19.5478075183928,0.2147328916355847,19.909912161529064,18.890964798629284,20.037067122757435,100,20.88884244672954,20.499555626884103,20.872795511968434,19.792174589820206,1.6321133531164378,538.8251953125,cuda:0,NVIDIA A100-PCIE-40GB,535.288.01,360.0,1365.0,1410.0,40.0,47.0,257.77,13.0,0,0,sw_power_cap,1.0,0.0,,116.32073669414967,1.409567791968584,True,2.3.1+cu121,2.3.0+cu121,8.4.153,raw/main/runs/trt_fp32/yolov8m/bs12__run1__20260930T151005_859007Z__ok.json,throttle sw_power_cap
main,trt_fp32,yolov8m,12,2,640,20260930T153225_103775Z,2026-09-30T15:32:26+00:00,19.517628205940127,19.46469536051154,0.26068252286023536,19.936463027261198,18.472044728696346,20.10292187333107,100,20.850546564906836,20.449561532586813,20.941884629428387,19.84757245052606,1.6264690171616774,538.8251953125,cuda:0,NVIDIA A100-PCIE-40GB,535.288.01,480.0,1350.0,1410.0,41.0,50.0,248.83,13.0,0,0,sw_power_cap,1.0,0.0,,116.32073669414967,1.3811576180160046,True,2.3.1+cu121,2.3.0+cu121,8.4.153,raw/main/runs/trt_fp32/yolov8m/bs12__run2__20260930T153225_103775Z__ok.json,throttle sw_power_cap
main,trt_fp32,yolov8m,12,3,640,20260930T154844_721980Z,2026-09-30T15:48:46+00:00,19.629876958206296,19.656728953123093,0.2452518654527507,19.921843614429235,18.44592671841383,19.98005760833621,100,21.076342668384314,20.608090329915285,20.88431683368981,19.910318171605468,1.6358230798505247,538.8251953125,cuda:0,NVIDIA A100-PCIE-40GB,535.288.01,765.0,1365.0,1410.0,47.0,53.0,240.01,13.0,0,0,sw_power_cap,1.0,0.0,,116.32073669414967,1.3758623567409813,True,2.3.1+cu121,2.3.0+cu121,8.4.153,raw/main/runs/trt_fp32/yolov8m/bs12__run3__20260930T154844_721980Z__ok.json,throttle sw_power_cap
main,trt_fp32,yolov8m,12,4,640,20260930T161301_023003Z,2026-09-30T16:13:02+00:00,19.595561851747334,19.60479049012065,0.22238125886556417,19.904425577260554,18.522559199482203,20.082824863493443,100,20.921937795355916,20.562136312946677,20.872760866768658,19.852248677052557,1.6329634876456112,538.8251953125,cuda:0,NVIDIA A100-PCIE-40GB,535.288.01,765.0,1350.0,1410.0,41.0,49.0,246.55,13.0,0,0,sw_power_cap,1.0,0.0,,116.32073669414967,1.375070788897574,True,2.3.1+cu121,2.3.0+cu121,8.4.153,raw/main/runs/trt_fp32/yolov8m/bs12__run4__20260930T161301_023003Z__ok.json,throttle sw_power_cap
main,trt_fp32,yolov8m,16,0,640,20260930T144212_345105Z,2026-09-30T14:42:13+00:00,25.58949612081051,25.61961906030774,0.18985915316700203,25.772259128279984,24.388961028307676,25.88427299633622,100,27.153387358412147,26.819180930033326,26.975693949498236,25.850947252474725,1.5993435075506568,728.2998046875,cuda:0,NVIDIA A100-PCIE-40GB,535.288.01,375.0,1335.0,1410.0,47.0,54.0,101.51,13.0,0,0,sw_power_cap,1.0,0.0,,124.62142956070602,1.3677896331064403,True,2.3.1+cu121,2.3.0+cu121,8.4.153,raw/main/runs/trt_fp32/yolov8m/bs16__run0__20260930T144212_345105Z__ok.json,throttle sw_power_cap
main,trt_fp32,yolov8m,16,1,640,20260930T150338_453871Z,2026-09-30T15:03:39+00:00,25.4938997188583,25.5200054962188,0.2741338902045242,25.757334101945162,24.01017677038908,26.145651005208492,100,27.261703643016517,26.698803063482046,26.940268743783236,25.749035249464214,1.5933687324286439,728.2998046875,cuda:0,NVIDIA A100-PCIE-40GB,535.288.01,600.0,1365.0,1410.0,42.0,51.0,252.26,13.0,0,0,sw_power_cap,1.0,0.0,,124.62142956070602,1.3908229563385248,True,2.3.1+cu121,2.3.0+cu121,8.4.153,raw/main/runs/trt_fp32/yolov8m/bs16__run1__20260930T150338_453871Z__ok.json,throttle sw_power_cap
main,trt_fp32,yolov8m,16,2,640,20260930T151730_911468Z,2026-09-30T15:17:32+00:00,25.439653270877898,25.44006798416376,0.23338290862906472,25.738256075419486,24.0313489921391,25.78572928905487,100,26.980110579170287,26.62514802068472,26.950342720374465,25.706270947121084,1.5899783294298686,728.2998046875,cuda:0,NVIDIA A100-PCIE-40GB,535.288.01,345.0,1350.0,1410.0,39.0,48.0,61.92,13.0,0,0,sw_power_cap,1.0,0.0,,124.62142956070602,1.3649135353043675,True,2.3.1+cu121,2.3.0+cu121,8.4.153,raw/main/runs/trt_fp32/yolov8m/bs16__run2__20260930T151730_911468Z__ok.json,throttle sw_power_cap
main,trt_fp32,yolov8m,16,3,640,20260930T153933_614422Z,2026-09-30T15:39:34+00:00,25.575175401754677,25.610015261918306,0.25063022682799957,25.839107483625412,24.178091902285814,26.07569983229041,100,27.12629368994385,26.80392866022885,27.02607975807041,25.853212950751185,1.5984484626096673,728.2998046875,cuda:0,NVIDIA A100-PCIE-40GB,535.288.01,1410.0,1365.0,1410.0,49.0,54.0,87.2,13.0,0,0,sw_power_cap,1.0,0.0,,124.62142956070602,1.3701706700958312,True,2.3.1+cu121,2.3.0+cu121,8.4.153,raw/main/runs/trt_fp32/yolov8m/bs16__run3__20260930T153933_614422Z__ok.json,throttle sw_power_cap
main,trt_fp32,yolov8m,16,4,640,20260930T155909_099408Z,2026-09-30T15:59:10+00:00,25.55615881457925,25.62023000791669,0.2545597767637444,25.78682058956474,24.085792247205973,26.11655881628394,100,27.123767002485693,26.814385782927275,26.98141576256603,25.833954769186676,1.597259925911203,728.2998046875,cuda:0,NVIDIA A100-PCIE-40GB,535.288.01,375.0,1350.0,1410.0,46.0,53.0,253.83,13.0,0,0,sw_power_cap,1.0,0.0,,124.62142956070602,1.3693687366321683,True,2.3.1+cu121,2.3.0+cu121,8.4.153,raw/main/runs/trt_fp32/yolov8m/bs16__run4__20260930T155909_099408Z__ok.json,throttle sw_power_cap
main,trt_fp32,yolov8m,32,0,640,20260930T145345_190250Z,2026-09-30T14:53:46+00:00,49.4918696815148,49.506892217323184,0.4516512542504172,50.06269582081586,46.30097886547446,50.267769023776054,100,51.90707358997315,51.570202223956585,52.184050739742815,50.090906149707735,1.5466209275473375,1437.798828125,cuda:0,NVIDIA A100-PCIE-40GB,535.288.01,765.0,1350.0,1410.0,46.0,54.0,122.48,13.0,0,0,sw_power_cap,1.0,0.0,,160.25105649139732,1.3939262288622558,True,2.3.1+cu121,2.3.0+cu121,8.4.153,raw/main/runs/trt_fp32/yolov8m/bs32__run0__20260930T145345_190250Z__ok.json,throttle sw_power_cap
main,trt_fp32,yolov8m,32,1,640,20260930T150230_299521Z,2026-09-30T15:02:31+00:00,49.48139602318406,49.44807826541364,0.4313415676036555,50.077223987318575,46.50822328403592,50.364980939775705,100,52.041483796201646,51.53681361116469,52.15721013955772,50.10243660770357,1.546293625724502,1437.798828125,cuda:0,NVIDIA A100-PCIE-40GB,535.288.01,765.0,1350.0,1410.0,46.0,54.0,59.07,13.0,0,0,sw_power_cap,1.0,0.0,,160.25105649139732,1.4263533628545702,True,2.3.1+cu121,2.3.0+cu121,8.4.153,raw/main/runs/trt_fp32/yolov8m/bs32__run1__20260930T150230_299521Z__ok.json,throttle sw_power_cap
main,trt_fp32,yolov8m,32,2,640,20260930T152856_993926Z,2026-09-30T15:28:58+00:00,49.27632352337241,49.33756263926625,0.41537212471711515,49.810514552518725,46.55023803934455,50.148185808211565,100,51.88417279161513,51.45746213383973,51.94820163305849,49.912631320767105,1.5398851101053879,1437.798828125,cuda:0,NVIDIA A100-PCIE-40GB,535.288.01,375.0,1320.0,1410.0,41.0,52.0,58.78,13.0,0,0,sw_power_cap,1.0,0.0,,160.25105649139732,1.3870918778702617,True,2.3.1+cu121,2.3.0+cu121,8.4.153,raw/main/runs/trt_fp32/yolov8m/bs32__run2__20260930T152856_993926Z__ok.json,throttle sw_power_cap
main,trt_fp32,yolov8m,32,3,640,20260930T154649_357937Z,2026-09-30T15:46:50+00:00,49.20618945732713,49.2206672206521,0.42427522728089795,49.69985329080373,46.23315203934908,50.14325911179185,100,51.72701439354569,51.31154018454254,51.80387031286955,49.80981878004968,1.5376934205414727,1437.798828125,cuda:0,NVIDIA A100-PCIE-40GB,535.288.01,765.0,1335.0,1410.0,39.0,50.0,243.21,13.0,0,0,sw_power_cap,1.0,0.0,,160.25105649139732,1.387937996070832,True,2.3.1+cu121,2.3.0+cu121,8.4.153,raw/main/runs/trt_fp32/yolov8m/bs32__run3__20260930T154649_357937Z__ok.json,throttle sw_power_cap
main,trt_fp32,yolov8m,32,4,640,20260930T160910_995790Z,2026-09-30T16:09:12+00:00,49.22534401528537,49.238232895731926,0.3960659741858463,49.705462576821446,46.53668496757746,49.99919002875686,100,51.700799469836056,51.33060459047556,51.80504850577563,49.86944949720055,1.538292000477668,1437.798828125,cuda:0,NVIDIA A100-PCIE-40GB,535.288.01,765.0,1335.0,1410.0,40.0,50.0,236.88,13.0,0,0,sw_power_cap,1.0,0.0,,160.25105649139732,1.3836012817919254,True,2.3.1+cu121,2.3.0+cu121,8.4.153,raw/main/runs/trt_fp32/yolov8m/bs32__run4__20260930T160910_995790Z__ok.json,throttle sw_power_cap
main,trt_fp32,yolov8m,48,0,640,20260930T144016_634597Z,2026-09-30T14:40:17+00:00,73.46053005196154,73.50521977059543,0.48429258805804926,74.01566689368337,70.12122496962547,74.20523418113589,100,76.85523973312229,76.49875897914171,77.04273562412709,74.32077737059444,1.5304277094158654,1486.8994140625,cuda:0,NVIDIA A100-PCIE-40GB,535.288.01,765.0,1320.0,1410.0,39.0,52.0,95.94,13.0,0,0,sw_power_cap,1.0,0.0,,196.25728756701574,1.4061734732240438,True,2.3.1+cu121,2.3.0+cu121,8.4.153,raw/main/runs/trt_fp32/yolov8m/bs48__run0__20260930T144016_634597Z__ok.json,throttle sw_power_cap
main,trt_fp32,yolov8m,48,1,640,20260930T151109_140629Z,2026-09-30T15:11:10+00:00,73.36927903350443,73.4422174282372,0.517643901402014,74.02808838523924,69.85747814178467,74.20713687315583,100,76.79644255898893,76.5093236695975,77.09543784148991,74.30174176581204,1.5285266465313423,1486.8994140625,cuda:0,NVIDIA A100-PCIE-40GB,535.288.01,765.0,1335.0,1410.0,40.0,53.0,235.32,13.0,0,0,sw_power_cap,1.0,0.0,,196.25728756701574,1.4032440837472677,True,2.3.1+cu121,2.3.0+cu121,8.4.153,raw/main/runs/trt_fp32/yolov8m/bs48__run1__20260930T151109_140629Z__ok.json,throttle sw_power_cap
main,trt_fp32,yolov8m,48,2,640,20260930T152706_519764Z,2026-09-30T15:27:07+00:00,73.52915781084448,73.57924850657582,0.5332470465753691,74.19181705918163,69.86452825367451,74.47623228654265,100,76.93099995143712,76.59816648811102,77.19516537617892,74.41521708853543,1.5318574543925934,1486.8994140625,cuda:0,NVIDIA A100-PCIE-40GB,535.288.01,765.0,1335.0,1410.0,42.0,54.0,133.21,13.0,0,0,sw_power_cap,1.0,0.0,,196.25728756701574,1.3910683561116457,True,2.3.1+cu121,2.3.0+cu121,8.4.153,raw/main/runs/trt_fp32/yolov8m/bs48__run2__20260930T152706_519764Z__ok.json,throttle sw_power_cap
main,trt_fp32,yolov8m,48,3,640,20260930T153726_643390Z,2026-09-30T15:37:27+00:00,73.64961470477283,73.69247823953629,0.5202594241401189,74.18214487843215,69.9169677682221,74.6881146915257,100,77.01655816286802,76.72917167656124,77.26538642309606,74.56389462109655,1.5343669730161007,1486.8994140625,cuda:0,NVIDIA A100-PCIE-40GB,535.288.01,765.0,1335.0,1410.0,44.0,55.0,193.48,13.0,0,0,sw_power_cap,1.0,0.0,,196.25728756701574,1.391194558236748,True,2.3.1+cu121,2.3.0+cu121,8.4.153,raw/main/runs/trt_fp32/yolov8m/bs48__run3__20260930T153726_643390Z__ok.json,throttle sw_power_cap
main,trt_fp32,yolov8m,48,4,640,20260930T155425_150088Z,2026-09-30T15:54:26+00:00,74.03762102592736,74.09680052660406,0.5135214502463764,74.71537648234516,70.76261192560196,75.16869530081749,100,77.5824661925435,77.11658021435142,77.8061805292964,74.89792640320957,1.5424504380401534,1486.8994140625,cuda:0,NVIDIA A100-PCIE-40GB,535.288.01,1410.0,1305.0,1410.0,53.0,60.0,63.71,13.0,0,0,sw_power_cap,1.0,0.0,,196.25728756701574,1.4158516637980938,True,2.3.1+cu121,2.3.0+cu121,8.4.153,raw/main/runs/trt_fp32/yolov8m/bs48__run4__20260930T155425_150088Z__ok.json,throttle sw_power_cap
main,trt_fp32,yolov8n,1,0,640,20260930T144929_659258Z,2026-09-30T14:49:30+00:00,2.1202951995655894,2.208668040111661,0.2765042316786823,2.2143432637676597,1.3019493781030178,2.573158126324415,100,7.655034177005291,2.927323104813695,2.9538780683651567,1.1470304522663355,2.1202951995655894,44.982421875,cuda:0,NVIDIA A100-PCIE-40GB,535.288.01,585.0,1410.0,1410.0,42.0,43.0,61.31,13.0,0,0,,1.0,0.0,,89.75819428125396,0.24392374511808157,True,2.3.1+cu121,2.3.0+cu121,8.4.153,raw/main/runs/trt_fp32/yolov8n/bs1__run0__20260930T144929_659258Z__ok.json,
main,trt_fp32,yolov8n,1,1,640,20260930T151224_831963Z,2026-09-30T15:12:26+00:00,1.9386498676612973,2.181045012548566,0.30113119563669144,2.193677006289363,1.6085491515696049,2.5380770675837994,100,6.999694528058171,2.5073098950088024,2.968051866628229,1.3573745405301452,1.9386498676612973,44.982421875,cuda:0,NVIDIA A100-PCIE-40GB,535.288.01,540.0,1410.0,1410.0,45.0,45.0,61.31,13.0,0,0,,1.0,0.0,,89.75819428125396,0.23850083304569125,True,2.3.1+cu121,2.3.0+cu121,8.4.153,raw/main/runs/trt_fp32/yolov8n/bs1__run1__20260930T151224_831963Z__ok.json,
main,trt_fp32,yolov8n,1,2,640,20260930T151844_835516Z,2026-09-30T15:18:46+00:00,2.1877362253144383,2.2136918269097805,0.1613179875652713,2.222285862080753,1.3069217093288898,2.5550429709255695,100,7.521340320818126,2.933288924396038,2.956670243293047,1.151359393261373,2.1877362253144383,44.982421875,cuda:0,NVIDIA A100-PCIE-40GB,535.288.01,1410.0,1410.0,1410.0,50.0,49.0,91.97,13.0,0,0,,1.0,0.0,,89.75819428125396,0.24130232632160187,True,2.3.1+cu121,2.3.0+cu121,8.4.153,raw/main/runs/trt_fp32/yolov8n/bs1__run2__20260930T151844_835516Z__ok.json,
main,trt_fp32,yolov8n,1,3,640,20260930T154642_626579Z,2026-09-30T15:46:43+00:00,1.8915568897500634,2.197392052039504,0.4226139653235547,2.2043662378564477,1.3243076391518116,2.5542862713336945,100,7.776179113425314,2.920086495578289,2.9442513594403863,1.1716429190710187,1.8915568897500634,44.982421875,cuda:0,NVIDIA A100-PCIE-40GB,535.288.01,765.0,1410.0,1410.0,41.0,41.0,129.49,13.0,0,0,,1.0,0.0,,89.75819428125396,0.2350274990312755,True,2.3.1+cu121,2.3.0+cu121,8.4.153,raw/main/runs/trt_fp32/yolov8n/bs1__run3__20260930T154642_626579Z__ok.json,
main,trt_fp32,yolov8n,1,4,640,20260930T160014_890937Z,2026-09-30T16:00:16+00:00,1.9459094852209091,2.2235149517655373,0.4356366805974836,2.2302003111690283,1.3002417981624603,2.584983129054308,100,8.6505170725286,2.942225430160761,2.967309858649969,1.1448376020416617,1.9459094852209091,44.982421875,cuda:0,NVIDIA A100-PCIE-40GB,535.288.01,765.0,1410.0,1410.0,42.0,43.0,68.33,13.0,0,0,,1.0,0.0,,89.75819428125396,0.23963891435414553,True,2.3.1+cu121,2.3.0+cu121,8.4.153,raw/main/runs/trt_fp32/yolov8n/bs1__run4__20260930T160014_890937Z__ok.json,
main,trt_fp32,yolov8n,2,0,640,20260930T145441_885003Z,2026-09-30T14:54:43+00:00,2.4930762872099876,2.5447229854762554,0.28980509399776794,2.631978504359722,1.5399027615785599,2.973344177007675,100,8.323811455629766,3.329239320009947,3.8105389568954706,1.3899672916159034,1.2465381436049938,91.00927734375,cuda:0,NVIDIA A100-PCIE-40GB,535.288.01,765.0,1410.0,1410.0,45.0,46.0,192.95,13.0,0,0,,1.0,0.0,,82.9880995140411,0.24144893512129784,True,2.3.1+cu121,2.3.0+cu121,8.4.153,raw/main/runs/trt_fp32/yolov8n/bs2__run0__20260930T145441_885003Z__ok.json,
main,trt_fp32,yolov8n,2,1,640,20260930T150308_686819Z,2026-09-30T15:03:10+00:00,2.266991320066154,2.5983089581131935,0.4992359445234339,2.6071377331390977,1.5250127762556076,2.8905528597533703,100,9.289868329651654,3.4027399960905313,3.8121909834444523,1.3765359204262495,1.133495660033077,91.0087890625,cuda:0,NVIDIA A100-PCIE-40GB,535.288.01,450.0,1410.0,1410.0,44.0,46.0,192.62,13.0,0,0,,1.0,0.0,,82.9880995140411,0.25115862488746643,True,2.3.1+cu121,2.3.0+cu121,8.4.153,raw/main/runs/trt_fp32/yolov8n/bs2__run1__20260930T150308_686819Z__ok.json,
main,trt_fp32,yolov8n,2,2,640,20260930T152519_839414Z,2026-09-30T15:25:21+00:00,2.188880378380418,2.4096141569316387,0.38768173978406184,2.418440976180136,1.5363451093435287,2.7079242281615734,100,7.986837779171765,3.584593301638961,3.6167386453598738,1.3825517613440752,1.094440189190209,91.0087890625,cuda:0,NVIDIA A100-PCIE-40GB,535.288.01,645.0,1410.0,1410.0,42.0,44.0,192.62,13.0,0,0,,1.0,0.0,,82.9880995140411,0.2439229437150061,True,2.3.1+cu121,2.3.0+cu121,8.4.153,raw/main/runs/trt_fp32/yolov8n/bs2__run2__20260930T152519_839414Z__ok.json,
main,trt_fp32,yolov8n,2,3,640,20260930T155110_382280Z,2026-09-30T15:51:11+00:00,2.306454381905496,2.3851944133639336,0.25250779783061483,2.3914068937301636,1.5219161286950111,2.6751006953418255,100,7.820834624581039,3.1877269502729177,3.5957492189481854,1.3679596781730652,1.153227190952748,91.0087890625,cuda:0,NVIDIA A100-PCIE-40GB,535.288.01,765.0,1410.0,1410.0,42.0,44.0,194.79,13.0,0,0,,1.0,0.0,,82.9880995140411,0.25667287642136216,True,2.3.1+cu121,2.3.0+cu121,8.4.153,raw/main/runs/trt_fp32/yolov8n/bs2__run3__20260930T155110_382280Z__ok.json,
main,trt_fp32,yolov8n,2,4,640,20260930T161254_143316Z,2026-09-30T16:12:55+00:00,2.1697416342794895,2.6104028802365065,0.5432173388953088,2.622607513330877,1.5202262438833714,2.964270766824484,100,7.580977194011211,3.0068072956055403,3.820947278290987,1.367872767150402,1.0848708171397448,91.0087890625,cuda:0,NVIDIA A100-PCIE-40GB,535.288.01,495.0,1410.0,1410.0,43.0,45.0,194.99,13.0,0,0,,1.0,0.0,,82.9880995140411,0.2417634828016162,True,2.3.1+cu121,2.3.0+cu121,8.4.153,raw/main/runs/trt_fp32/yolov8n/bs2__run4__20260930T161254_143316Z__ok.json,
main,trt_fp32,yolov8n,4,0,640,20260930T143710_532938Z,2026-09-30T14:37:11+00:00,2.7200118312612176,2.3693989496678114,0.5891275438110822,3.5253458423539996,2.1228413097560406,3.835075069218874,100,9.869241560809314,4.172351444140077,5.633265106007457,1.9687814917415378,0.6800029578153044,179.6103515625,cuda:0,NVIDIA A100-PCIE-40GB,535.288.01,465.0,1410.0,1410.0,46.0,49.0,223.11,13.0,0,0,,1.0,0.0,,85.88598494511098,0.2675928878597915,True,2.3.1+cu121,2.3.0+cu121,8.4.153,raw/main/runs/trt_fp32/yolov8n/bs4__run0__20260930T143710_532938Z__ok.json,
main,trt_fp32,yolov8n,4,1,640,20260930T150905_673678Z,2026-09-30T15:09:07+00:00,2.8102417988702655,2.8082989156246185,0.6993096128657258,3.504611272364855,2.1077999845147133,3.7928232923150063,100,8.861293382942677,4.1004030499607325,5.615988280624151,1.9552962295711038,0.7025604497175664,179.60986328125,cuda:0,NVIDIA A100-PCIE-40GB,535.288.01,510.0,1410.0,1410.0,46.0,49.0,248.17,13.0,0,0,,1.0,0.0,,85.88598494511098,0.26451510982587934,True,2.3.1+cu121,2.3.0+cu121,8.4.153,raw/main/runs/trt_fp32/yolov8n/bs4__run1__20260930T150905_673678Z__ok.json,
main,trt_fp32,yolov8n,4,2,640,20260930T151801_859308Z,2026-09-30T15:18:03+00:00,2.759867710992694,2.1262208465486765,0.7132277562197065,3.5456458106637,2.1164962090551853,3.872055094689131,100,9.519273056648672,3.7876840215176344,5.26522493455559,1.9655103096738458,0.6899669277481735,179.6103515625,cuda:0,NVIDIA A100-PCIE-40GB,535.288.01,705.0,1410.0,1410.0,44.0,46.0,66.09,13.0,0,0,,1.0,0.0,,85.88598494511098,0.26362862810492516,True,2.3.1+cu121,2.3.0+cu121,8.4.153,raw/main/runs/trt_fp32/yolov8n/bs4__run2__20260930T151801_859308Z__ok.json,
main,trt_fp32,yolov8n,4,3,640,20260930T153635_939219Z,2026-09-30T15:36:37+00:00,2.673863642849028,2.7734090108424425,0.5587995181664841,3.227534447796643,2.1081240847706795,3.514715936034918,100,9.687896659597754,4.365199012681842,5.347906146198511,1.9558361312374475,0.668465910712257,179.60986328125,cuda:0,NVIDIA A100-PCIE-40GB,535.288.01,360.0,1410.0,1410.0,39.0,42.0,119.91,13.0,0,0,,1.0,0.0,,85.88598494511098,0.2676215157844126,True,2.3.1+cu121,2.3.0+cu121,8.4.153,raw/main/runs/trt_fp32/yolov8n/bs4__run3__20260930T153635_939219Z__ok.json,
main,trt_fp32,yolov8n,4,4,640,20260930T161231_013806Z,2026-09-30T16:12:32+00:00,2.743082675151527,3.20951989851892,0.5517662383461732,3.2184865791350603,2.0995917730033398,3.5179578699171543,100,9.233178873546422,4.530083620920777,5.343270371668041,1.9464831287041306,0.6857706687878817,179.60986328125,cuda:0,NVIDIA A100-PCIE-40GB,535.288.01,765.0,1410.0,1410.0,42.0,45.0,64.79,13.0,0,0,,1.0,0.0,,85.88598494511098,0.26539763901382685,True,2.3.1+cu121,2.3.0+cu121,8.4.153,raw/main/runs/trt_fp32/yolov8n/bs4__run4__20260930T161231_013806Z__ok.json,
main,trt_fp32,yolov8n,8,0,640,20260930T144400_345645Z,2026-09-30T14:44:01+00:00,4.212341234087944,3.524261526763439,0.9467833403919523,5.493906303308904,3.5127922892570496,5.777495913207531,100,11.432935250923038,6.248307414352894,8.878543856553733,3.453673762269318,0.526542654260993,364.15234375,cuda:0,NVIDIA A100-PCIE-40GB,535.288.01,435.0,1395.0,1410.0,48.0,52.0,250.01,13.0,0,0,sw_power_cap,1.0,0.0,,83.63392677623779,0.28202787693589926,True,2.3.1+cu121,2.3.0+cu121,8.4.153,raw/main/runs/trt_fp32/yolov8n/bs8__run0__20260930T144400_345645Z__ok.json,throttle sw_power_cap
main,trt_fp32,yolov8n,8,1,640,20260930T150950_594532Z,2026-09-30T15:09:51+00:00,3.9118897262960672,3.505306551232934,0.5989765462593104,4.778454010374844,3.4963758662343025,5.068086087703705,100,12.215184695087373,6.231317296624184,8.310269471257923,3.429041621275246,0.4889862157870084,364.15234375,cuda:0,NVIDIA A100-PCIE-40GB,535.288.01,360.0,1395.0,1410.0,41.0,47.0,247.32,13.0,0,0,sw_power_cap,1.0,0.0,,83.63392677623779,0.27766103064641356,True,2.3.1+cu121,2.3.0+cu121,8.4.153,raw/main/runs/trt_fp32/yolov8n/bs8__run1__20260930T150950_594532Z__ok.json,throttle sw_power_cap
main,trt_fp32,yolov8n,8,2,640,20260930T152449_778565Z,2026-09-30T15:24:51+00:00,4.159897263161838,3.5218074917793274,0.939640027060458,5.518752452917397,3.509777132421732,5.794885102659464,100,11.994841522537172,6.617018021643162,9.061816637404263,3.4456955920904875,0.5199871578952298,364.15185546875,cuda:0,NVIDIA A100-PCIE-40GB,535.288.01,465.0,1395.0,1410.0,43.0,47.0,182.75,13.0,0,0,sw_power_cap,1.0,0.0,,83.63392677623779,0.27505271788686514,True,2.3.1+cu121,2.3.0+cu121,8.4.153,raw/main/runs/trt_fp32/yolov8n/bs8__run2__20260930T152449_778565Z__ok.json,throttle sw_power_cap
main,trt_fp32,yolov8n,8,3,640,20260930T154253_229421Z,2026-09-30T15:42:54+00:00,3.66703137755394,3.5262159071862698,0.3192000326130163,4.13904869928956,3.495470155030489,5.48372371122241,100,11.475715204142034,6.610773969441652,7.98849044367671,3.43198177870363,0.4583789221942425,364.15234375,cuda:0,NVIDIA A100-PCIE-40GB,535.288.01,600.0,1395.0,1410.0,44.0,48.0,248.14,13.0,0,0,sw_power_cap,1.0,0.0,,83.63392677623779,0.2703355853445828,True,2.3.1+cu121,2.3.0+cu121,8.4.153,raw/main/runs/trt_fp32/yolov8n/bs8__run3__20260930T154253_229421Z__ok.json,throttle sw_power_cap
main,trt_fp32,yolov8n,8,4,640,20260930T160807_355898Z,2026-09-30T16:08:08+00:00,3.698779894039035,3.629117039963603,0.307508167151785,4.147606668993831,3.4974957816302776,5.479196086525917,100,11.144200311973691,6.2987650744616985,7.61630586348474,3.4325201204046607,0.46234748675487936,364.1533203125,cuda:0,NVIDIA A100-PCIE-40GB,535.288.01,600.0,1395.0,1410.0,42.0,46.0,246.95,13.0,0,0,sw_power_cap,1.0,0.0,,83.63392677623779,0.26982911629602313,True,2.3.1+cu121,2.3.0+cu121,8.4.153,raw/main/runs/trt_fp32/yolov8n/bs8__run4__20260930T160807_355898Z__ok.json,throttle sw_power_cap
main,trt_fp32,yolov8n,12,0,640,20260930T143546_027202Z,2026-09-30T14:35:47+00:00,5.06353554315865,5.0375135615468025,0.2329470332755528,5.047272820957005,5.028643645346165,7.353546563535929,100,13.919830825179815,9.491414064541459,9.933563345111907,5.032261749729514,0.42196129526322085,538.8291015625,cuda:0,NVIDIA A100-PCIE-40GB,535.288.01,1410.0,1380.0,1410.0,51.0,56.0,83.11,13.0,0,0,sw_power_cap,1.0,0.0,,86.96296422788873,0.26695270696654916,True,2.3.1+cu121,2.3.0+cu121,8.4.153,raw/main/runs/trt_fp32/yolov8n/bs12__run0__20260930T143546_027202Z__ok.json,throttle sw_power_cap
main,trt_fp32,yolov8n,12,1,640,20260930T150825_628195Z,2026-09-30T15:08:26+00:00,5.048624644987285,5.026677390560508,0.19267273047978684,5.03696221858263,5.017537623643875,6.934755016118288,100,14.453102997504175,9.087537182494998,9.89202365744859,5.031264368444681,0.4207187204156071,538.8291015625,cuda:0,NVIDIA A100-PCIE-40GB,535.288.01,630.0,1380.0,1410.0,53.0,57.0,256.42,13.0,0,0,sw_power_cap,1.0,0.0,,86.96296422788873,0.2858726209960878,True,2.3.1+cu121,2.3.0+cu121,8.4.153,raw/main/runs/trt_fp32/yolov8n/bs12__run1__20260930T150825_628195Z__ok.json,throttle sw_power_cap
main,trt_fp32,yolov8n,12,2,640,20260930T152310_990948Z,2026-09-30T15:23:12+00:00,5.619421540759504,5.036413203924894,1.0632704516962286,7.539573218673468,5.025002174079418,7.817577570676804,100,14.172156462445855,8.760243188589811,12.186838127672672,5.02565988805145,0.46828512839662534,538.82958984375,cuda:0,NVIDIA A100-PCIE-40GB,535.288.01,360.0,1380.0,1410.0,43.0,49.0,248.12,13.0,0,0,sw_power_cap,1.0,0.0,,86.96296422788873,0.26908329175785184,True,2.3.1+cu121,2.3.0+cu121,8.4.153,raw/main/runs/trt_fp32/yolov8n/bs12__run2__20260930T152310_990948Z__ok.json,throttle sw_power_cap
main,trt_fp32,yolov8n,12,3,640,20260930T154419_249926Z,2026-09-30T15:44:20+00:00,5.091018350794911,5.023987963795662,0.2240497739402028,5.293198302388191,5.014623980969191,7.022412959486246,100,14.483283660374582,9.068016894161701,10.664646630175412,4.9975121999159455,0.42425152923290926,538.82861328125,cuda:0,NVIDIA A100-PCIE-40GB,535.288.01,465.0,1395.0,1410.0,41.0,46.0,78.64,13.0,0,0,sw_power_cap,1.0,0.0,,86.96296422788873,0.26750305900350213,True,2.3.1+cu121,2.3.0+cu121,8.4.153,raw/main/runs/trt_fp32/yolov8n/bs12__run3__20260930T154419_249926Z__ok.json,throttle sw_power_cap
main,trt_fp32,yolov8n,12,4,640,20260930T160051_036638Z,2026-09-30T16:00:52+00:00,5.060482923872769,5.031059961766005,0.26159926804598754,5.042679887264967,5.020695272833109,7.632097695022821,100,13.91622758936137,9.079576004296541,9.861771669238806,5.004678340628743,0.4217069103227307,538.828125,cuda:0,NVIDIA A100-PCIE-40GB,535.288.01,600.0,1395.0,1410.0,41.0,47.0,249.01,13.0,0,0,sw_power_cap,1.0,0.0,,86.96296422788873,0.2712064371444285,True,2.3.1+cu121,2.3.0+cu121,8.4.153,raw/main/runs/trt_fp32/yolov8n/bs12__run4__20260930T160051_036638Z__ok.json,throttle sw_power_cap
main,trt_fp32,yolov8n,16,0,640,20260930T144805_014800Z,2026-09-30T14:48:06+00:00,6.478482619859278,6.341938627883792,0.38057826891847973,7.030475116334856,6.332754157483578,9.282058104872704,100,16.94090269971639,12.251747073605657,13.013856415636837,6.416966011747718,0.4049051637412049,728.30419921875,cuda:0,NVIDIA A100-PCIE-40GB,535.288.01,765.0,1380.0,1410.0,45.0,50.0,76.48,13.0,0,0,sw_power_cap,1.0,0.0,,87.04183907015249,0.2647700519300997,True,2.3.1+cu121,2.3.0+cu121,8.4.153,raw/main/runs/trt_fp32/yolov8n/bs16__run0__20260930T144805_014800Z__ok.json,throttle sw_power_cap
main,trt_fp32,yolov8n,16,1,640,20260930T151449_782132Z,2026-09-30T15:14:51+00:00,6.366080637089908,6.333445431664586,0.29255511195984757,6.343491771258414,6.3211810775101185,9.249751921743155,100,17.36956713721156,12.610720470547676,13.012324715964496,6.410204749554396,0.39788003981811926,728.30615234375,cuda:0,NVIDIA A100-PCIE-40GB,535.288.01,435.0,1380.0,1410.0,45.0,50.0,252.56,13.0,0,0,sw_power_cap,1.0,0.0,,87.04183907015249,0.26646335422992706,True,2.3.1+cu121,2.3.0+cu121,8.4.153,raw/main/runs/trt_fp32/yolov8n/bs16__run1__20260930T151449_782132Z__ok.json,throttle sw_power_cap
main,trt_fp32,yolov8n,16,2,640,20260930T152945_608602Z,2026-09-30T15:29:46+00:00,6.351170628331602,6.344606634229422,0.05028396571577322,6.357243284583092,6.330661941319704,6.769509054720402,100,16.29758996888995,11.051732581108809,12.222271133214235,6.414604680612683,0.3969481642707251,728.3056640625,cuda:0,NVIDIA A100-PCIE-40GB,535.288.01,765.0,1380.0,1410.0,42.0,48.0,252.93,13.0,0,0,sw_power_cap,1.0,0.0,,87.04183907015249,0.2832357930019498,True,2.3.1+cu121,2.3.0+cu121,8.4.153,raw/main/runs/trt_fp32/yolov8n/bs16__run2__20260930T152945_608602Z__ok.json,throttle sw_power_cap
main,trt_fp32,yolov8n,16,3,640,20260930T155006_549382Z,2026-09-30T15:50:07+00:00,6.471350733190775,6.331144133582711,0.3777213786594178,7.072546798735857,6.320908199995756,9.072185959666967,100,16.74689662642777,11.840118793770671,12.991009349934757,6.386182140558958,0.40445942082442343,728.30419921875,cuda:0,NVIDIA A100-PCIE-40GB,535.288.01,765.0,1380.0,1410.0,45.0,50.0,135.71,13.0,0,0,sw_power_cap,1.0,0.0,,87.04183907015249,0.28199909906834364,True,2.3.1+cu121,2.3.0+cu121,8.4.153,raw/main/runs/trt_fp32/yolov8n/bs16__run3__20260930T155006_549382Z__ok.json,throttle sw_power_cap
main,trt_fp32,yolov8n,16,4,640,20260930T160442_369583Z,2026-09-30T16:04:43+00:00,6.586851072497666,6.346207112073898,0.5063570498983486,7.571987225674093,6.331382319331169,8.263271301984787,100,16.76944908220321,11.878421064466238,13.541148765943944,6.406580130569637,0.4116781920311041,728.30419921875,cuda:0,NVIDIA A100-PCIE-40GB,535.288.01,1410.0,1380.0,1410.0,45.0,49.0,249.3,13.0,0,0,sw_power_cap,1.0,0.0,,87.04183907015249,0.2647725809365511,True,2.3.1+cu121,2.3.0+cu121,8.4.153,raw/main/runs/trt_fp32/yolov8n/bs16__run4__20260930T160442_369583Z__ok.json,throttle sw_power_cap
main,trt_fp32,yolov8n,32,0,640,20260930T145036_312087Z,2026-09-30T14:50:37+00:00,11.990908305160701,11.982138035818934,0.06025726152355802,11.994367721490562,11.96520822122693,12.50939629971981,100,27.72704165894538,22.666012169793248,25.02124421298504,12.367492709308863,0.3747158845362719,1437.8095703125,cuda:0,NVIDIA A100-PCIE-40GB,535.288.01,360.0,1365.0,1410.0,42.0,48.0,248.03,13.0,0,0,sw_power_cap,1.0,0.0,,92.01077794516459,0.27644106978550553,True,2.3.1+cu121,2.3.0+cu121,8.4.153,raw/main/runs/trt_fp32/yolov8n/bs32__run0__20260930T145036_312087Z__ok.json,throttle sw_power_cap
main,trt_fp32,yolov8n,32,1,640,20260930T145923_412054Z,2026-09-30T14:59:24+00:00,11.97982368990779,11.969403130933642,0.06799182902804675,11.995215713977814,11.952036991715431,12.580067850649357,100,26.969352117739618,22.189790848642588,23.76013593748212,12.401674701832235,0.3743694903096184,1437.80908203125,cuda:0,NVIDIA A100-PCIE-40GB,535.288.01,1410.0,1380.0,1410.0,48.0,53.0,119.15,13.0,0,0,sw_power_cap,1.0,0.0,,92.01077794516459,0.27313609002158046,True,2.3.1+cu121,2.3.0+cu121,8.4.153,raw/main/runs/trt_fp32/yolov8n/bs32__run1__20260930T145923_412054Z__ok.json,throttle sw_power_cap
main,trt_fp32,yolov8n,32,2,640,20260930T153332_509373Z,2026-09-30T15:33:33+00:00,11.991042094305158,11.98204094544053,0.059882640564140804,12.00087855104357,11.966351419687271,12.490819208323956,100,27.360531436279416,22.553874412551522,23.830847116187215,12.417022669687867,0.3747200654470362,1437.8095703125,cuda:0,NVIDIA A100-PCIE-40GB,535.288.01,1410.0,1380.0,1410.0,49.0,53.0,162.31,13.0,0,0,sw_power_cap,1.0,0.0,,92.01077794516459,0.2726740841753781,True,2.3.1+cu121,2.3.0+cu121,8.4.153,raw/main/runs/trt_fp32/yolov8n/bs32__run2__20260930T153332_509373Z__ok.json,throttle sw_power_cap
main,trt_fp32,yolov8n,32,3,640,20260930T153521_960781Z,2026-09-30T15:35:23+00:00,11.9684494799003,11.959474999457598,0.06513421136068105,11.97138149291277,11.9483289308846,12.55354005843401,100,27.54831414669752,22.632374195382,23.788844421505928,12.359363483265042,0.3740140462468844,1437.80908203125,cuda:0,NVIDIA A100-PCIE-40GB,535.288.01,600.0,1365.0,1410.0,42.0,48.0,78.55,13.0,0,0,sw_power_cap,1.0,0.0,,92.01077794516459,0.2687655007466674,True,2.3.1+cu121,2.3.0+cu121,8.4.153,raw/main/runs/trt_fp32/yolov8n/bs32__run3__20260930T153521_960781Z__ok.json,throttle sw_power_cap
main,trt_fp32,yolov8n,32,4,640,20260930T160333_570276Z,2026-09-30T16:03:34+00:00,11.98466558009386,11.976785259321332,0.05894644982960018,11.991690588183701,11.959084775298834,12.4939801171422,100,27.427537078037858,22.501450963318348,23.6678997753188,12.389098876155913,0.37452079937793314,1437.8076171875,cuda:0,NVIDIA A100-PCIE-40GB,535.288.01,765.0,1380.0,1410.0,45.0,51.0,250.99,13.0,0,0,sw_power_cap,1.0,0.0,,92.01077794516459,0.26892151311039925,True,2.3.1+cu121,2.3.0+cu121,8.4.153,raw/main/runs/trt_fp32/yolov8n/bs32__run4__20260930T160333_570276Z__ok.json,throttle sw_power_cap
main,trt_fp32,yolov8n,48,0,640,20260930T143945_264458Z,2026-09-30T14:39:46+00:00,17.804197976365685,17.80020701698959,0.09356799458516507,17.913371860049665,17.721980810165405,18.580753821879625,100,38.843340943567455,33.577709225937724,34.04674758203328,18.466416830196977,0.3709207911742851,1486.91552734375,cuda:0,NVIDIA A100-PCIE-40GB,535.288.01,390.0,1380.0,1410.0,38.0,46.0,58.67,13.0,0,0,sw_power_cap,1.0,0.0,,99.44069875730202,0.2680673408322036,True,2.3.1+cu121,2.3.0+cu121,8.4.153,raw/main/runs/trt_fp32/yolov8n/bs48__run0__20260930T143945_264458Z__ok.json,throttle sw_power_cap
main,trt_fp32,yolov8n,48,1,640,20260930T145754_048262Z,2026-09-30T14:57:55+00:00,17.80136200133711,17.7859200630337,0.09517387938037296,17.892764951102436,17.71102426573634,18.60247738659382,100,38.65121940616518,33.737258054316044,36.87030193395913,18.516366467811167,0.3708617083611898,1486.91357421875,cuda:0,NVIDIA A100-PCIE-40GB,535.288.01,765.0,1380.0,1410.0,44.0,50.0,97.47,13.0,0,0,sw_power_cap,1.0,0.0,,99.44069875730202,0.2702076151035726,True,2.3.1+cu121,2.3.0+cu121,8.4.153,raw/main/runs/trt_fp32/yolov8n/bs48__run1__20260930T145754_048262Z__ok.json,throttle sw_power_cap
main,trt_fp32,yolov8n,48,2,640,20260930T152553_221194Z,2026-09-30T15:25:54+00:00,17.804428106173873,17.799808410927653,0.09446846541211922,17.893829476088285,17.70802680402994,18.625971861183643,100,38.449744428507984,33.15054718405008,35.942848422564566,18.462545280344784,0.37092558554528904,1486.9140625,cuda:0,NVIDIA A100-PCIE-40GB,535.288.01,765.0,1365.0,1410.0,40.0,48.0,252.39,13.0,0,0,sw_power_cap,1.0,0.0,,99.44069875730202,0.2708731717430055,True,2.3.1+cu121,2.3.0+cu121,8.4.153,raw/main/runs/trt_fp32/yolov8n/bs48__run2__20260930T152553_221194Z__ok.json,throttle sw_power_cap
main,trt_fp32,yolov8n,48,3,640,20260930T154344_279362Z,2026-09-30T15:43:45+00:00,17.798703098669648,17.789596924558282,0.10363881743504424,17.86163335200399,17.709857784211636,18.67389027029276,100,38.41957056429237,33.69956603273749,35.64223810099065,18.440524586476386,0.3708063145556177,1486.91259765625,cuda:0,NVIDIA A100-PCIE-40GB,535.288.01,765.0,1365.0,1410.0,39.0,47.0,255.74,13.0,0,0,sw_power_cap,1.0,0.0,,99.44069875730202,0.2697267341427505,True,2.3.1+cu121,2.3.0+cu121,8.4.153,raw/main/runs/trt_fp32/yolov8n/bs48__run3__20260930T154344_279362Z__ok.json,throttle sw_power_cap
main,trt_fp32,yolov8n,48,4,640,20260930T161207_131307Z,2026-09-30T16:12:08+00:00,17.80134352389723,17.79187028296292,0.09587247786661768,17.890784586779773,17.710259184241295,18.593967892229557,100,38.39759869500995,33.37052115239203,35.36798662971705,18.480655420571566,0.37086132341452566,1486.9140625,cuda:0,NVIDIA A100-PCIE-40GB,535.288.01,765.0,1365.0,1410.0,41.0,48.0,99.01,13.0,0,0,sw_power_cap,1.0,0.0,,99.44069875730202,0.27755833184346557,True,2.3.1+cu121,2.3.0+cu121,8.4.153,raw/main/runs/trt_fp32/yolov8n/bs48__run4__20260930T161207_131307Z__ok.json,throttle sw_power_cap
main,trt_fp32,yolov8s,1,0,640,20260930T144853_976198Z,2026-09-30T14:48:55+00:00,2.3935429472476244,2.045090077444911,0.423766923151727,2.8944101883098483,2.0351200364530087,3.2592378556728363,100,8.262518318369985,2.768181497231126,3.647571988403797,1.5965454233810306,2.3935429472476244,44.982421875,cuda:0,NVIDIA A100-PCIE-40GB,535.288.01,765.0,1410.0,1410.0,40.0,42.0,62.42,13.0,0,0,,1.0,0.0,,89.69811926688999,0.6472632270306349,True,2.3.1+cu121,2.3.0+cu121,8.4.153,raw/main/runs/trt_fp32/yolov8s/bs1__run0__20260930T144853_976198Z__ok.json,
main,trt_fp32,yolov8s,1,1,640,20260930T151133_760123Z,2026-09-30T15:11:35+00:00,2.399315508082509,2.0864091347903013,0.3923220816998129,2.870065555907786,2.0660669542849064,3.2109878957271576,100,7.722288146615028,2.818106906488538,3.632035246118903,1.5784132294356823,2.399315508082509,44.982421875,cuda:0,NVIDIA A100-PCIE-40GB,535.288.01,570.0,1410.0,1410.0,45.0,47.0,64.77,13.0,0,0,,1.0,0.0,,89.69811926688999,0.6483881459571421,True,2.3.1+cu121,2.3.0+cu121,8.4.153,raw/main/runs/trt_fp32/yolov8s/bs1__run1__20260930T151133_760123Z__ok.json,
main,trt_fp32,yolov8s,1,2,640,20260930T151539_551040Z,2026-09-30T15:15:40+00:00,2.5953153427690268,2.84174969419837,0.48523603256693726,2.8495955979451537,1.6580093652009964,3.1898762099444866,100,8.055731523782015,3.563596634194255,3.585478221066296,1.5067713242024183,2.5953153427690268,44.982421875,cuda:0,NVIDIA A100-PCIE-40GB,535.288.01,585.0,1410.0,1410.0,45.0,47.0,151.61,13.0,0,0,,1.0,0.0,,89.69811926688999,0.6463890080340207,True,2.3.1+cu121,2.3.0+cu121,8.4.153,raw/main/runs/trt_fp32/yolov8s/bs1__run2__20260930T151539_551040Z__ok.json,
main,trt_fp32,yolov8s,1,3,640,20260930T154821_687648Z,2026-09-30T15:48:23+00:00,2.1225852705538273,2.4432428181171417,0.392144319661882,2.452970086596906,1.6595306806266308,2.785982098430395,100,7.564103282056749,3.166998503729701,3.196549089625478,1.5055217500776052,2.1225852705538273,44.982421875,cuda:0,NVIDIA A100-PCIE-40GB,535.288.01,1410.0,1410.0,1410.0,50.0,50.0,66.26,13.0,0,0,,1.0,0.0,,89.69811926688999,0.641838954295963,True,2.3.1+cu121,2.3.0+cu121,8.4.153,raw/main/runs/trt_fp32/yolov8s/bs1__run3__20260930T154821_687648Z__ok.json,
main,trt_fp32,yolov8s,1,4,640,20260930T160628_043427Z,2026-09-30T16:06:29+00:00,2.396112671121955,2.8653740882873535,0.5876126060463125,2.874909364618361,1.6737766563892365,3.22740338742733,100,7.8599808877334,3.598595969378948,3.6340856924653053,1.522081233561039,2.396112671121955,44.982421875,cuda:0,NVIDIA A100-PCIE-40GB,535.288.01,765.0,1410.0,1410.0,48.0,49.0,127.08,13.0,0,0,,1.0,0.0,,89.69811926688999,0.64649862004444,True,2.3.1+cu121,2.3.0+cu121,8.4.153,raw/main/runs/trt_fp32/yolov8s/bs1__run4__20260930T160628_043427Z__ok.json,
main,trt_fp32,yolov8s,2,0,640,20260930T145425_461602Z,2026-09-30T14:54:26+00:00,3.0240304116159678,3.6963948514312506,0.7458492474979507,3.7089311983436346,2.2054030559957027,4.005480092018843,100,10.206133560277522,4.513463005423546,4.943889728747308,2.0805938774719834,1.5120152058079839,91.0087890625,cuda:0,NVIDIA A100-PCIE-40GB,535.288.01,1410.0,1395.0,1410.0,50.0,52.0,246.39,13.0,0,0,sw_power_cap,1.0,0.0,,82.95062861498445,0.6437796540558338,True,2.3.1+cu121,2.3.0+cu121,8.4.153,raw/main/runs/trt_fp32/yolov8s/bs2__run0__20260930T145425_461602Z__ok.json,throttle sw_power_cap
main,trt_fp32,yolov8s,2,1,640,20260930T145523_629684Z,2026-09-30T14:55:24+00:00,3.022295762784779,3.69891501031816,0.7503880123082161,3.711752616800368,2.2039231844246387,4.035260062664747,100,9.188850494101644,4.535633139312267,4.928565816953778,2.066030469723046,1.5111478813923895,91.00927734375,cuda:0,NVIDIA A100-PCIE-40GB,535.288.01,615.0,1410.0,1410.0,47.0,48.0,65.39,13.0,0,0,sw_power_cap,1.0,0.0,,82.95062861498445,0.6517147952690721,True,2.3.1+cu121,2.3.0+cu121,8.4.153,raw/main/runs/trt_fp32/yolov8s/bs2__run1__20260930T145523_629684Z__ok.json,throttle sw_power_cap
main,trt_fp32,yolov8s,2,2,640,20260930T151623_507524Z,2026-09-30T15:16:24+00:00,2.9695143131539226,3.6919284611940384,0.7554817671368118,3.7050177343189716,2.1821376867592335,3.993128892034292,100,8.70493195950985,4.518467467278242,4.924197890795767,2.048450829461217,1.4847571565769613,91.00927734375,cuda:0,NVIDIA A100-PCIE-40GB,535.288.01,765.0,1395.0,1410.0,43.0,47.0,249.94,13.0,0,0,sw_power_cap,1.0,0.0,,82.95062861498445,0.6574593028053641,True,2.3.1+cu121,2.3.0+cu121,8.4.153,raw/main/runs/trt_fp32/yolov8s/bs2__run2__20260930T151623_507524Z__ok.json,throttle sw_power_cap
main,trt_fp32,yolov8s,2,3,640,20260930T154300_810730Z,2026-09-30T15:43:02+00:00,3.139403909444809,3.697215812280774,0.7314767024332021,3.7058996967971325,2.184221986681223,4.0449779480695724,100,10.244785118848085,4.4997690711170435,4.944331129081547,2.0480291079729795,1.5697019547224045,91.00927734375,cuda:0,NVIDIA A100-PCIE-40GB,535.288.01,405.0,1395.0,1410.0,42.0,46.0,85.14,13.0,0,0,sw_power_cap,1.0,0.0,,82.95062861498445,0.6495391139760613,True,2.3.1+cu121,2.3.0+cu121,8.4.153,raw/main/runs/trt_fp32/yolov8s/bs2__run3__20260930T154300_810730Z__ok.json,throttle sw_power_cap
main,trt_fp32,yolov8s,2,4,640,20260930T160021_823055Z,2026-09-30T16:00:23+00:00,2.8093578992411494,2.2305543534457684,0.7325334960033476,3.7222950719296932,2.220849972218275,4.032815340906382,100,8.899500197730958,3.4048098605126143,4.934470145963132,2.059214380569756,1.4046789496205747,91.0087890625,cuda:0,NVIDIA A100-PCIE-40GB,535.288.01,765.0,1395.0,1410.0,40.0,44.0,247.37,13.0,0,0,sw_power_cap,1.0,0.0,,82.95062861498445,0.6529052369296551,True,2.3.1+cu121,2.3.0+cu121,8.4.153,raw/main/runs/trt_fp32/yolov8s/bs2__run4__20260930T160021_823055Z__ok.json,throttle sw_power_cap
main,trt_fp32,yolov8s,4,0,640,20260930T144204_309992Z,2026-09-30T14:42:05+00:00,3.7515125470235944,3.69253009557724,0.3524383710091622,4.28484755102545,3.47695080563426,5.475251004099846,100,10.631400323472917,5.579682299867272,6.404135678894818,3.454632069915533,0.9378781367558986,179.61083984375,cuda:0,NVIDIA A100-PCIE-40GB,535.288.01,435.0,1395.0,1410.0,49.0,51.0,63.83,13.0,0,0,sw_power_cap,1.0,0.0,,86.31216659396887,0.6701469672843814,True,2.3.1+cu121,2.3.0+cu121,8.4.153,raw/main/runs/trt_fp32/yolov8s/bs4__run0__20260930T144204_309992Z__ok.json,throttle sw_power_cap
main,trt_fp32,yolov8s,4,1,640,20260930T151054_178088Z,2026-09-30T15:10:55+00:00,3.7636178312823176,3.4728345926851034,0.39958099616343196,4.269250272773206,3.4604454413056374,4.812839906662703,100,11.507842736318707,5.537357414141297,6.373469065874815,3.4218203090131283,0.9409044578205794,179.61083984375,cuda:0,NVIDIA A100-PCIE-40GB,535.288.01,765.0,1380.0,1410.0,42.0,47.0,251.7,13.0,0,0,sw_power_cap,1.0,0.0,,86.31216659396887,0.6825756649486721,True,2.3.1+cu121,2.3.0+cu121,8.4.153,raw/main/runs/trt_fp32/yolov8s/bs4__run1__20260930T151054_178088Z__ok.json,throttle sw_power_cap
main,trt_fp32,yolov8s,4,2,640,20260930T152641_484503Z,2026-09-30T15:26:42+00:00,3.8882044050842524,3.481190884485841,0.5370594812046706,4.539064574055374,3.4679961390793324,5.507659167051315,100,10.48500809352845,5.5473793763667345,6.638785800896585,3.4318987000733614,0.9720511012710631,179.6103515625,cuda:0,NVIDIA A100-PCIE-40GB,535.288.01,765.0,1380.0,1410.0,41.0,45.0,77.45,13.0,0,0,sw_power_cap,1.0,0.0,,86.31216659396887,0.6670850990340114,True,2.3.1+cu121,2.3.0+cu121,8.4.153,raw/main/runs/trt_fp32/yolov8s/bs4__run2__20260930T152641_484503Z__ok.json,throttle sw_power_cap
main,trt_fp32,yolov8s,4,3,640,20260930T153533_100245Z,2026-09-30T15:35:34+00:00,4.128358322195709,3.469725139439106,0.7838059346049455,5.045538069680333,3.4580850042402744,5.317254923284054,100,10.912901568226516,5.5668989662081,7.211672305129468,3.417481789365411,1.0320895805489272,179.61083984375,cuda:0,NVIDIA A100-PCIE-40GB,535.288.01,600.0,1380.0,1410.0,42.0,46.0,79.13,13.0,0,0,sw_power_cap,1.0,0.0,,86.31216659396887,0.6572219217196107,True,2.3.1+cu121,2.3.0+cu121,8.4.153,raw/main/runs/trt_fp32/yolov8s/bs4__run3__20260930T153533_100245Z__ok.json,throttle sw_power_cap
main,trt_fp32,yolov8s,4,4,640,20260930T161045_390043Z,2026-09-30T16:10:46+00:00,4.019203069619834,3.4680417738854885,0.8407148938195094,5.29089265037328,3.4579760394990444,5.576809868216515,100,11.24842386227101,5.539103411138058,7.444424112327397,3.4359154803678393,1.0048007674049586,179.61083984375,cuda:0,NVIDIA A100-PCIE-40GB,535.288.01,480.0,1395.0,1410.0,45.0,49.0,249.3,13.0,0,0,sw_power_cap,1.0,0.0,,86.31216659396887,0.6718790647573769,True,2.3.1+cu121,2.3.0+cu121,8.4.153,raw/main/runs/trt_fp32/yolov8s/bs4__run4__20260930T161045_390043Z__ok.json,throttle sw_power_cap
main,trt_fp32,yolov8s,8,0,640,20260930T144408_129443Z,2026-09-30T14:44:09+00:00,6.132579166442156,6.123890867456794,0.06297989335289861,6.134275626391172,6.114860996603966,6.683798972517252,100,14.378639212809503,9.24117211252451,10.023752343840897,6.2827067682519555,0.7665723958052695,364.15380859375,cuda:0,NVIDIA A100-PCIE-40GB,535.288.01,765.0,1380.0,1410.0,46.0,51.0,253.56,13.0,0,0,sw_power_cap,1.0,0.0,,86.83187449071556,0.67179922061041,True,2.3.1+cu121,2.3.0+cu121,8.4.153,raw/main/runs/trt_fp32/yolov8s/bs8__run0__20260930T144408_129443Z__ok.json,throttle sw_power_cap
main,trt_fp32,yolov8s,8,1,640,20260930T150531_825462Z,2026-09-30T15:05:33+00:00,6.1367231560871005,6.109133362770081,0.2372940238927512,6.122252135537565,6.096317898482084,8.461777120828629,100,14.216030393727124,9.585405932739377,10.01394351478666,6.2746218498796225,0.7670903945108876,364.1533203125,cuda:0,NVIDIA A100-PCIE-40GB,535.288.01,465.0,1365.0,1410.0,46.0,51.0,62.11,13.0,0,0,sw_power_cap,1.0,0.0,,86.83187449071556,0.6769047491252422,True,2.3.1+cu121,2.3.0+cu121,8.4.153,raw/main/runs/trt_fp32/yolov8s/bs8__run1__20260930T150531_825462Z__ok.json,throttle sw_power_cap
main,trt_fp32,yolov8s,8,2,640,20260930T153419_435967Z,2026-09-30T15:34:20+00:00,6.115838601253927,6.1043319292366505,0.0861087616199356,6.119991512969136,6.089907139539719,6.917900405824184,100,14.250977742485702,9.534251410514116,9.946986148133874,6.265167677775025,0.7644798251567408,364.1533203125,cuda:0,NVIDIA A100-PCIE-40GB,535.288.01,765.0,1380.0,1410.0,42.0,48.0,64.88,13.0,0,0,sw_power_cap,1.0,0.0,,86.83187449071556,0.6634622369892895,True,2.3.1+cu121,2.3.0+cu121,8.4.153,raw/main/runs/trt_fp32/yolov8s/bs8__run2__20260930T153419_435967Z__ok.json,throttle sw_power_cap
main,trt_fp32,yolov8s,8,3,640,20260930T154308_391958Z,2026-09-30T15:43:09+00:00,6.123640933074057,6.101422710344195,0.19351982758676922,6.115683144889772,6.089102942496538,8.019427303224802,100,14.000523374415934,9.5881805755198,9.996934025548398,6.310034510679543,0.7654551166342571,364.15380859375,cuda:0,NVIDIA A100-PCIE-40GB,535.288.01,765.0,1380.0,1410.0,41.0,46.0,241.84,13.0,0,0,sw_power_cap,1.0,0.0,,86.83187449071556,0.6802739063277841,True,2.3.1+cu121,2.3.0+cu121,8.4.153,raw/main/runs/trt_fp32/yolov8s/bs8__run3__20260930T154308_391958Z__ok.json,throttle sw_power_cap
main,trt_fp32,yolov8s,8,4,640,20260930T155815_882810Z,2026-09-30T15:58:17+00:00,6.248290380463004,6.115484517067671,0.23678920185992655,6.644580303691328,6.103739608079195,6.972356233745813,100,14.961962858214974,9.96663048863411,10.530424350872636,6.275202399119735,0.7810362975578755,364.1533203125,cuda:0,NVIDIA A100-PCIE-40GB,535.288.01,765.0,1365.0,1410.0,42.0,47.0,59.66,13.0,0,0,sw_power_cap,1.0,0.0,,86.83187449071556,0.6740715559571981,True,2.3.1+cu121,2.3.0+cu121,8.4.153,raw/main/runs/trt_fp32/yolov8s/bs8__run4__20260930T155815_882810Z__ok.json,throttle sw_power_cap
main,trt_fp32,yolov8s,12,0,640,20260930T144154_420553Z,2026-09-30T14:41:55+00:00,9.239871269091964,9.229726623743773,0.14020931880589468,9.263507253490388,9.174745995551348,10.586065705865622,100,19.612195324152708,14.5651800557971,14.96615472715348,9.618036872707307,0.7699892724243304,538.83056640625,cuda:0,NVIDIA A100-PCIE-40GB,535.288.01,1410.0,1365.0,1410.0,52.0,56.0,236.95,13.0,0,0,sw_power_cap,1.0,0.0,,88.90213283803314,0.666446341201663,True,2.3.1+cu121,2.3.0+cu121,8.4.153,raw/main/runs/trt_fp32/yolov8s/bs12__run0__20260930T144154_420553Z__ok.json,throttle sw_power_cap
main,trt_fp32,yolov8s,12,1,640,20260930T151308_237473Z,2026-09-30T15:13:09+00:00,9.20579885598272,9.209674084559083,0.06564761385303552,9.223733888939023,9.146213997155428,9.759994689375162,100,18.871232154779136,14.196794014424086,14.542260230518878,9.558518989942968,0.7671499046652267,538.830078125,cuda:0,NVIDIA A100-PCIE-40GB,535.288.01,765.0,1365.0,1410.0,43.0,49.0,72.24,13.0,0,0,sw_power_cap,1.0,0.0,,88.90213283803314,0.6717552877962589,True,2.3.1+cu121,2.3.0+cu121,8.4.153,raw/main/runs/trt_fp32/yolov8s/bs12__run1__20260930T151308_237473Z__ok.json,throttle sw_power_cap
main,trt_fp32,yolov8s,12,2,640,20260930T152050_713754Z,2026-09-30T15:20:52+00:00,9.248977787792683,9.21527249738574,0.4152034193231573,9.227371960878372,9.160012006759644,13.347921893000603,100,19.219190627336502,14.472315087914467,14.911516732536256,9.57696767989546,0.7707481489827236,538.83056640625,cuda:0,NVIDIA A100-PCIE-40GB,535.288.01,465.0,1365.0,1410.0,44.0,50.0,144.15,13.0,0,0,sw_power_cap,1.0,0.0,,88.90213283803314,0.6678814920596778,True,2.3.1+cu121,2.3.0+cu121,8.4.153,raw/main/runs/trt_fp32/yolov8s/bs12__run2__20260930T152050_713754Z__ok.json,throttle sw_power_cap
main,trt_fp32,yolov8s,12,3,640,20260930T154105_866897Z,2026-09-30T15:41:07+00:00,9.199129594489932,9.200486354529858,0.0661981147740135,9.222162840887904,9.150122292339802,9.764052927494049,100,19.359792917966843,14.46286286227405,14.851631154306233,9.590885313227773,0.766594132874161,538.83056640625,cuda:0,NVIDIA A100-PCIE-40GB,535.288.01,345.0,1380.0,1410.0,45.0,50.0,66.3,13.0,0,0,sw_power_cap,1.0,0.0,,88.90213283803314,0.6593540352769196,True,2.3.1+cu121,2.3.0+cu121,8.4.153,raw/main/runs/trt_fp32/yolov8s/bs12__run3__20260930T154105_866897Z__ok.json,throttle sw_power_cap
main,trt_fp32,yolov8s,12,4,640,20260930T161148_212185Z,2026-09-30T16:11:49+00:00,9.204822820611298,9.164862334728241,0.26245041660947727,9.213962941430509,9.140736889094114,11.77755557000637,100,19.15723308455199,14.464079169556499,14.903898304328322,9.555607056245208,0.7670685683842748,538.83056640625,cuda:0,NVIDIA A100-PCIE-40GB,535.288.01,615.0,1380.0,1410.0,42.0,48.0,106.36,13.0,0,0,sw_power_cap,1.0,0.0,,88.90213283803314,0.6620778483338654,True,2.3.1+cu121,2.3.0+cu121,8.4.153,raw/main/runs/trt_fp32/yolov8s/bs12__run4__20260930T161148_212185Z__ok.json,throttle sw_power_cap
main,trt_fp32,yolov8s,16,0,640,20260930T144707_568179Z,2026-09-30T14:47:08+00:00,11.622000518254936,11.600557016208768,0.0869264822984391,11.68628993909806,11.538340710103512,12.264781631529331,100,22.69053360912949,18.613812047988176,19.070038571953773,12.180174812674522,0.7263750323909335,728.30712890625,cuda:0,NVIDIA A100-PCIE-40GB,535.288.01,510.0,1365.0,1410.0,43.0,50.0,256.73,13.0,0,0,sw_power_cap,1.0,0.0,,92.16486585186794,0.6673416560515761,True,2.3.1+cu121,2.3.0+cu121,8.4.153,raw/main/runs/trt_fp32/yolov8s/bs16__run0__20260930T144707_568179Z__ok.json,throttle sw_power_cap
main,trt_fp32,yolov8s,16,1,640,20260930T150258_046170Z,2026-09-30T15:02:59+00:00,11.607155604287982,11.582122417166829,0.09025227293927353,11.731285834684968,11.526770889759064,12.324753683060408,100,22.877808925695717,18.316727364435792,18.774260580539703,12.19482830259949,0.7254472252679989,728.306640625,cuda:0,NVIDIA A100-PCIE-40GB,535.288.01,765.0,1365.0,1410.0,45.0,51.0,248.63,13.0,0,0,sw_power_cap,1.0,0.0,,92.16486585186794,0.6751523450948298,True,2.3.1+cu121,2.3.0+cu121,8.4.153,raw/main/runs/trt_fp32/yolov8s/bs16__run1__20260930T150258_046170Z__ok.json,throttle sw_power_cap
main,trt_fp32,yolov8s,16,2,640,20260930T151612_868779Z,2026-09-30T15:16:14+00:00,11.599582568742335,11.581119382753968,0.09998367092023519,11.666986509226263,11.528389062732458,12.473114766180515,100,23.621198050677776,18.362566828727722,19.025710062123835,12.177551868371665,0.7249739105463959,728.30615234375,cuda:0,NVIDIA A100-PCIE-40GB,535.288.01,420.0,1350.0,1410.0,43.0,50.0,58.67,13.0,0,0,sw_power_cap,1.0,0.0,,92.16486585186794,0.667150610126555,True,2.3.1+cu121,2.3.0+cu121,8.4.153,raw/main/runs/trt_fp32/yolov8s/bs16__run2__20260930T151612_868779Z__ok.json,throttle sw_power_cap
main,trt_fp32,yolov8s,16,3,640,20260930T153822_488232Z,2026-09-30T15:38:23+00:00,11.594353364780545,11.580944759771228,0.09263359172512835,11.665541585534811,11.519966181367636,12.401775922626257,100,23.082377393729985,18.274607602506876,18.996744300238788,12.154443422332406,0.7246470852987841,728.30615234375,cuda:0,NVIDIA A100-PCIE-40GB,535.288.01,765.0,1365.0,1410.0,41.0,48.0,250.12,13.0,0,0,sw_power_cap,1.0,0.0,,92.16486585186794,0.6702862181700766,True,2.3.1+cu121,2.3.0+cu121,8.4.153,raw/main/runs/trt_fp32/yolov8s/bs16__run3__20260930T153822_488232Z__ok.json,throttle sw_power_cap
main,trt_fp32,yolov8s,16,4,640,20260930T155752_196891Z,2026-09-30T15:57:53+00:00,11.601482634432614,11.582806939259171,0.08152270869424412,11.675554793328047,11.529571376740932,12.293776962906122,100,22.741262181662023,18.11568858101964,18.7250206945464,12.142393658868968,0.7250926646520384,728.30615234375,cuda:0,NVIDIA A100-PCIE-40GB,535.288.01,345.0,1380.0,1410.0,41.0,48.0,114.24,13.0,0,0,sw_power_cap,1.0,0.0,,92.16486585186794,0.6758025591261685,True,2.3.1+cu121,2.3.0+cu121,8.4.153,raw/main/runs/trt_fp32/yolov8s/bs16__run4__20260930T155752_196891Z__ok.json,throttle sw_power_cap
main,trt_fp32,yolov8s,32,0,640,20260930T144947_281776Z,2026-09-30T14:49:48+00:00,22.46942930854857,22.38730830140412,0.2194809891391937,22.78529442846775,22.19220995903015,23.80191395059228,100,41.8583854380995,35.82383249886334,36.82786973658949,23.669696948491037,0.7021696658921428,1437.8125,cuda:0,NVIDIA A100-PCIE-40GB,535.288.01,435.0,1380.0,1410.0,41.0,50.0,59.85,13.0,0,0,sw_power_cap,1.0,0.0,,109.53757817763835,0.6796668930910528,True,2.3.1+cu121,2.3.0+cu121,8.4.153,raw/main/runs/trt_fp32/yolov8s/bs32__run0__20260930T144947_281776Z__ok.json,throttle sw_power_cap
main,trt_fp32,yolov8s,32,1,640,20260930T151140_940832Z,2026-09-30T15:11:42+00:00,22.47224477585405,22.413669619709253,0.24351722840877887,22.7733087958768,22.22427586093545,23.801054805517197,100,41.08822239562869,35.870630759745836,36.57877186778933,23.690272592939436,0.7022576492454391,1437.8115234375,cuda:0,NVIDIA A100-PCIE-40GB,535.288.01,765.0,1350.0,1410.0,43.0,50.0,246.26,13.0,0,0,sw_power_cap,1.0,0.0,,109.53757817763835,0.6791789932176471,True,2.3.1+cu121,2.3.0+cu121,8.4.153,raw/main/runs/trt_fp32/yolov8s/bs32__run1__20260930T151140_940832Z__ok.json,throttle sw_power_cap
main,trt_fp32,yolov8s,32,2,640,20260930T151647_540266Z,2026-09-30T15:16:48+00:00,22.503593750298023,22.431659512221813,0.21478489099898085,22.804199485108256,22.269731853157282,23.735397029668093,100,40.802729427814484,35.961785819381475,36.44311206880957,23.679652088321745,0.7032373046968132,1437.8134765625,cuda:0,NVIDIA A100-PCIE-40GB,535.288.01,1410.0,1350.0,1410.0,45.0,51.0,57.38,13.0,0,0,sw_power_cap,1.0,0.0,,109.53757817763835,0.6797817088663578,True,2.3.1+cu121,2.3.0+cu121,8.4.153,raw/main/runs/trt_fp32/yolov8s/bs32__run2__20260930T151647_540266Z__ok.json,throttle sw_power_cap
main,trt_fp32,yolov8s,32,3,640,20260930T154239_083665Z,2026-09-30T15:42:40+00:00,22.469769003801048,22.423071321099997,0.20627655056181857,22.78946079313755,22.235252894461155,23.720758967101574,100,40.3500982420519,35.589633509516716,36.26046944409609,23.680839920416474,0.7021802813687827,1437.8125,cuda:0,NVIDIA A100-PCIE-40GB,535.288.01,615.0,1350.0,1410.0,44.0,50.0,250.22,13.0,0,0,sw_power_cap,1.0,0.0,,109.53757817763835,0.6804689401760697,True,2.3.1+cu121,2.3.0+cu121,8.4.153,raw/main/runs/trt_fp32/yolov8s/bs32__run3__20260930T154239_083665Z__ok.json,throttle sw_power_cap
main,trt_fp32,yolov8s,32,4,640,20260930T160753_010302Z,2026-09-30T16:07:54+00:00,22.439192747697234,22.38345006480813,0.2112962058662854,22.74888486135751,22.15735800564289,23.706492967903614,100,41.57543560490012,35.882608499377966,36.90232790540904,23.656787909567356,0.7012247733655386,1437.81298828125,cuda:0,NVIDIA A100-PCIE-40GB,535.288.01,765.0,1350.0,1410.0,40.0,48.0,198.05,13.0,0,0,sw_power_cap,1.0,0.0,,109.53757817763835,0.679555063135922,True,2.3.1+cu121,2.3.0+cu121,8.4.153,raw/main/runs/trt_fp32/yolov8s/bs32__run4__20260930T160753_010302Z__ok.json,throttle sw_power_cap
main,trt_fp32,yolov8s,48,0,640,20260930T144615_782850Z,2026-09-30T14:46:17+00:00,33.49063164554536,33.4658520296216,0.2854874751982879,33.82990590762347,33.13232213258743,35.32318538054824,100,58.371701976284385,52.89622466079891,55.14524527825415,35.31392377335578,0.6977214926155284,1486.92236328125,cuda:0,NVIDIA A100-PCIE-40GB,535.288.01,765.0,1335.0,1410.0,42.0,51.0,55.19,13.0,0,0,sw_power_cap,1.0,0.0,,124.97391616227105,0.6670038960874081,True,2.3.1+cu121,2.3.0+cu121,8.4.153,raw/main/runs/trt_fp32/yolov8s/bs48__run0__20260930T144615_782850Z__ok.json,throttle sw_power_cap
main,trt_fp32,yolov8s,48,1,640,20260930T150628_946581Z,2026-09-30T15:06:30+00:00,33.472711420618,33.41565118171275,0.2740959645233012,33.79008839838207,33.10543578118086,35.16734903678298,100,58.428925541229546,53.281391970813274,54.50676423497498,35.27542941272259,0.6973481545962082,1486.919921875,cuda:0,NVIDIA A100-PCIE-40GB,535.288.01,765.0,1365.0,1410.0,41.0,50.0,58.08,13.0,0,0,sw_power_cap,1.0,0.0,,124.97391616227105,0.6749616269953549,True,2.3.1+cu121,2.3.0+cu121,8.4.153,raw/main/runs/trt_fp32/yolov8s/bs48__run1__20260930T150628_946581Z__ok.json,throttle sw_power_cap
main,trt_fp32,yolov8s,48,2,640,20260930T152649_166619Z,2026-09-30T15:26:50+00:00,33.4798236284405,33.426279900595546,0.3358243589907501,33.88430895283818,33.07166509330273,35.90807085856795,100,58.107779044657946,52.91147995740175,54.326488403603435,35.27675767894834,0.6974963255925104,1486.91845703125,cuda:0,NVIDIA A100-PCIE-40GB,535.288.01,765.0,1350.0,1410.0,40.0,50.0,186.57,13.0,0,0,sw_power_cap,1.0,0.0,,124.97391616227105,0.6716041169129312,True,2.3.1+cu121,2.3.0+cu121,8.4.153,raw/main/runs/trt_fp32/yolov8s/bs48__run2__20260930T152649_166619Z__ok.json,throttle sw_power_cap
main,trt_fp32,yolov8s,48,3,640,20260930T154221_831539Z,2026-09-30T15:42:23+00:00,33.46814771182835,33.42171898111701,0.3003021503026605,33.7918285978958,33.09930395334959,35.417532082647085,100,57.58795608766377,53.06069436483085,53.58201223425567,35.28722899965942,0.6972530773297573,1486.92041015625,cuda:0,NVIDIA A100-PCIE-40GB,535.288.01,450.0,1350.0,1410.0,42.0,50.0,64.5,13.0,0,0,sw_power_cap,1.0,0.0,,124.97391616227105,0.6754266619682312,True,2.3.1+cu121,2.3.0+cu121,8.4.153,raw/main/runs/trt_fp32/yolov8s/bs48__run3__20260930T154221_831539Z__ok.json,throttle sw_power_cap
main,trt_fp32,yolov8s,48,4,640,20260930T160610_741198Z,2026-09-30T16:06:12+00:00,33.54867424815893,33.559972420334816,0.2964418829227861,33.925810595974326,33.12053298577666,35.32096417620778,100,58.300419808365405,52.797820419073105,55.07900936063379,35.43046454899013,0.698930713503311,1486.92138671875,cuda:0,NVIDIA A100-PCIE-40GB,535.288.01,765.0,1350.0,1410.0,48.0,55.0,126.18,13.0,0,0,sw_power_cap,1.0,0.0,,124.97391616227105,0.6664492529816926,True,2.3.1+cu121,2.3.0+cu121,8.4.153,raw/main/runs/trt_fp32/yolov8s/bs48__run4__20260930T160610_741198Z__ok.json,throttle sw_power_cap
