session,variant,model,batch_size,run_index,img_size,attempt_timestamp,started_at,fwd_mean_ms,fwd_median_ms,fwd_std_ms,fwd_p95_ms,fwd_min_ms,fwd_max_ms,fwd_n,fwd_nms_mean_ms,fwd_nms_median_ms,fwd_nms_p95_ms,loop_mean_ms,per_image_ms,peak_memory_mib,device,gpu_name,driver,sm_clock_start_mhz,sm_clock_end_mhz,sm_clock_max_mhz,temp_start_c,temp_end_c,power_end_w,mem_used_start_mib,other_procs_start,other_procs_end,throttle_end,engine_trt_subgraphs,engine_torch_subgraphs,engine_fallback_ops,engine_compile_s,engine_load_s,tf32,torch,torch_tensorrt,ultralytics,file,interference
main,eager_fp32,yolov8l,1,0,640,20261002T151512_099425Z,2026-10-02T15:15:13+00:00,7.964217257685959,7.92537909001112,0.12115945595765955,8.114412985742092,7.866503205150366,8.913963101804256,100,13.225187440402806,8.641487918794155,8.849857118912041,7.877544010989368,7.964217257685959,423.75146484375,cuda:0,NVIDIA A100-PCIE-40GB,535.288.01,765.0,1410.0,1410.0,46.0,50.0,108.55,13.0,0,0,,,,,,,True,2.3.1+cu121,2.3.0+cu121,8.4.153,raw/main/runs/eager_fp32/yolov8l/bs1__run0__20261002T151512_099425Z__ok.json,
main,eager_fp32,yolov8l,1,1,640,20261002T153910_021017Z,2026-10-02T15:39:11+00:00,7.919003604911268,7.906404789537191,0.1052322055319571,7.9476193292066455,7.873628754168749,8.943455293774605,100,13.0933579755947,8.621831890195608,8.67893579415977,7.847972679883242,7.919003604911268,423.7509765625,cuda:0,NVIDIA A100-PCIE-40GB,535.288.01,435.0,1410.0,1410.0,43.0,47.0,64.99,13.0,0,0,,,,,,,True,2.3.1+cu121,2.3.0+cu121,8.4.153,raw/main/runs/eager_fp32/yolov8l/bs1__run1__20261002T153910_021017Z__ok.json,
main,eager_fp32,yolov8l,1,2,640,20261002T163354_247401Z,2026-10-02T16:33:55+00:00,8.010540399700403,7.965954951941967,0.30915610116955594,8.059435617178679,7.883966900408268,10.295237880200148,100,13.684686762280762,8.674348471686244,8.766337111592293,7.93659531045705,8.010540399700403,423.7509765625,cuda:0,NVIDIA A100-PCIE-40GB,535.288.01,540.0,1410.0,1410.0,46.0,49.0,105.03,13.0,0,0,,,,,,,True,2.3.1+cu121,2.3.0+cu121,8.4.153,raw/main/runs/eager_fp32/yolov8l/bs1__run2__20261002T163354_247401Z__ok.json,
main,eager_fp32,yolov8l,1,3,640,20261002T181131_445998Z,2026-10-02T18:11:32+00:00,8.003302626311779,7.971506100147963,0.20644932504764582,8.019490004517138,7.941146846860647,9.787383954972029,100,13.651875341311097,8.681134320795536,8.743423852138221,7.955730436369777,8.003302626311779,423.7509765625,cuda:0,NVIDIA A100-PCIE-40GB,535.288.01,510.0,1410.0,1410.0,43.0,46.0,184.93,13.0,0,0,,,,,,,True,2.3.1+cu121,2.3.0+cu121,8.4.153,raw/main/runs/eager_fp32/yolov8l/bs1__run3__20261002T181131_445998Z__ok.json,
main,eager_fp32,yolov8l,1,4,640,20261002T185724_759165Z,2026-10-02T18:57:26+00:00,7.904954054392874,7.890486856922507,0.11138064389302087,7.9810784896835685,7.815529592335224,8.906749077141285,100,12.93408035300672,8.61405348405242,8.695936878211796,7.8716472908854485,7.904954054392874,423.7509765625,cuda:0,NVIDIA A100-PCIE-40GB,535.288.01,765.0,1410.0,1410.0,43.0,47.0,188.12,13.0,0,0,,,,,,,True,2.3.1+cu121,2.3.0+cu121,8.4.153,raw/main/runs/eager_fp32/yolov8l/bs1__run4__20261002T185724_759165Z__ok.json,
main,eager_fp32,yolov8l,2,0,640,20261002T145555_534580Z,2026-10-02T14:55:56+00:00,8.853868497535586,8.873453363776207,0.05093325150514879,8.892855537123978,8.726357948035002,9.137372020632029,100,14.644251340068877,10.029749711975455,10.061531397514045,9.092361740767956,4.426934248767793,516.19287109375,cuda:0,NVIDIA A100-PCIE-40GB,535.288.01,360.0,1380.0,1410.0,40.0,48.0,246.68,13.0,0,0,sw_power_cap,,,,,,True,2.3.1+cu121,2.3.0+cu121,8.4.153,raw/main/runs/eager_fp32/yolov8l/bs2__run0__20261002T145555_534580Z__ok.json,throttle sw_power_cap
main,eager_fp32,yolov8l,2,1,640,20261002T160615_881781Z,2026-10-02T16:06:17+00:00,8.88691222295165,8.87569086626172,0.06294953450848292,8.944405452348292,8.747083134949207,9.370177984237671,100,14.643750698305666,10.03527082502842,10.114183207042515,9.142841538414359,4.443456111475825,516.193359375,cuda:0,NVIDIA A100-PCIE-40GB,535.288.01,1410.0,1395.0,1410.0,48.0,52.0,88.24,13.0,0,0,sw_power_cap,,,,,,True,2.3.1+cu121,2.3.0+cu121,8.4.153,raw/main/runs/eager_fp32/yolov8l/bs2__run1__20261002T160615_881781Z__ok.json,throttle sw_power_cap
main,eager_fp32,yolov8l,2,2,640,20261002T171031_467598Z,2026-10-02T17:10:32+00:00,8.882487760856748,8.880426408722997,0.04251886193621323,8.955238969065249,8.75097094103694,9.132597129791975,100,14.769691582769156,10.037948843091726,10.107254376634955,9.106052173301578,4.441243880428374,516.19287109375,cuda:0,NVIDIA A100-PCIE-40GB,535.288.01,765.0,1380.0,1410.0,41.0,48.0,239.65,13.0,0,0,sw_power_cap,,,,,,True,2.3.1+cu121,2.3.0+cu121,8.4.153,raw/main/runs/eager_fp32/yolov8l/bs2__run2__20261002T171031_467598Z__ok.json,throttle sw_power_cap
main,eager_fp32,yolov8l,2,3,640,20261002T175516_429215Z,2026-10-02T17:55:17+00:00,8.931701076216996,8.937178645282984,0.16653251692888082,8.963051321916282,8.759211283177137,10.512566659599543,100,14.636360057629645,10.077971033751965,10.116298240609467,9.143098746426404,4.465850538108498,516.19287109375,cuda:0,NVIDIA A100-PCIE-40GB,535.288.01,375.0,1380.0,1410.0,45.0,52.0,241.95,13.0,0,0,sw_power_cap,,,,,,True,2.3.1+cu121,2.3.0+cu121,8.4.153,raw/main/runs/eager_fp32/yolov8l/bs2__run3__20261002T175516_429215Z__ok.json,throttle sw_power_cap
main,eager_fp32,yolov8l,2,4,640,20261002T191228_425167Z,2026-10-02T19:12:29+00:00,8.84910595137626,8.828505408018827,0.1633876088262338,8.895437396131456,8.693184237927198,10.394440963864326,100,15.05816982127726,10.003102011978626,10.069687385112047,9.074780009686947,4.42455297568813,516.19384765625,cuda:0,NVIDIA A100-PCIE-40GB,535.288.01,390.0,1380.0,1410.0,44.0,51.0,65.69,13.0,0,0,sw_power_cap,,,,,,True,2.3.1+cu121,2.3.0+cu121,8.4.153,raw/main/runs/eager_fp32/yolov8l/bs2__run4__20261002T191228_425167Z__ok.json,throttle sw_power_cap
main,eager_fp32,yolov8l,4,0,640,20261002T143136_006965Z,2026-10-02T14:31:37+00:00,15.291681978851557,15.283684013411403,0.13508288870936538,15.469828597269952,14.729651156812906,15.735575929284096,100,21.85319187119603,17.40102143958211,17.60255820117891,15.77775696758181,3.822920494712889,806.32763671875,cuda:0,NVIDIA A100-PCIE-40GB,535.288.01,390.0,1365.0,1410.0,47.0,54.0,82.62,13.0,0,0,sw_power_cap,,,,,,True,2.3.1+cu121,2.3.0+cu121,8.4.153,raw/main/runs/eager_fp32/yolov8l/bs4__run0__20261002T143136_006965Z__ok.json,throttle sw_power_cap
main,eager_fp32,yolov8l,4,1,640,20261002T154420_630878Z,2026-10-02T15:44:22+00:00,15.310654477216303,15.29809576459229,0.14561010795548687,15.473102405667305,14.694401994347572,15.77876741066575,100,21.994803389534354,17.380163073539734,17.553735338151455,15.785545213147998,3.827663619304076,806.32763671875,cuda:0,NVIDIA A100-PCIE-40GB,535.288.01,765.0,1365.0,1410.0,49.0,55.0,200.23,13.0,0,0,sw_power_cap,,,,,,True,2.3.1+cu121,2.3.0+cu121,8.4.153,raw/main/runs/eager_fp32/yolov8l/bs4__run1__20261002T154420_630878Z__ok.json,throttle sw_power_cap
main,eager_fp32,yolov8l,4,2,640,20261002T171741_424328Z,2026-10-02T17:17:42+00:00,15.319903837516904,15.294618671759963,0.1661621622387342,15.430334955453873,14.78943508118391,16.288993880152702,100,22.081418917514384,17.38184387795627,17.549122916534543,15.754972910508515,3.829975959379226,806.3271484375,cuda:0,NVIDIA A100-PCIE-40GB,535.288.01,765.0,1365.0,1410.0,44.0,51.0,63.22,13.0,0,0,sw_power_cap,,,,,,True,2.3.1+cu121,2.3.0+cu121,8.4.153,raw/main/runs/eager_fp32/yolov8l/bs4__run2__20261002T171741_424328Z__ok.json,throttle sw_power_cap
main,eager_fp32,yolov8l,4,3,640,20261002T174802_698021Z,2026-10-02T17:48:04+00:00,15.312681682407856,15.299212886020541,0.13073892923140248,15.43383055832237,14.722004067152739,15.863130334764719,100,21.900009950622916,17.361717531457543,17.512113275006413,15.746889300644398,3.828170420601964,806.32763671875,cuda:0,NVIDIA A100-PCIE-40GB,535.288.01,810.0,1365.0,1410.0,43.0,50.0,94.5,13.0,0,0,sw_power_cap,,,,,,True,2.3.1+cu121,2.3.0+cu121,8.4.153,raw/main/runs/eager_fp32/yolov8l/bs4__run3__20261002T174802_698021Z__ok.json,throttle sw_power_cap
main,eager_fp32,yolov8l,4,4,640,20261002T185152_462717Z,2026-10-02T18:51:53+00:00,15.29199521522969,15.29706665314734,0.15324647016330983,15.465996717102826,14.680178370326757,15.800394117832184,100,21.619926649145782,17.356052063405514,17.521708086133003,15.759244733490048,3.8229988038074225,806.32763671875,cuda:0,NVIDIA A100-PCIE-40GB,535.288.01,765.0,1365.0,1410.0,47.0,53.0,62.21,13.0,0,0,sw_power_cap,,,,,,True,2.3.1+cu121,2.3.0+cu121,8.4.153,raw/main/runs/eager_fp32/yolov8l/bs4__run4__20261002T185152_462717Z__ok.json,throttle sw_power_cap
main,eager_fp32,yolov8l,6,0,640,20261002T150953_576133Z,2026-10-02T15:09:54+00:00,22.79893975239247,22.802046965807676,0.2311475936868769,23.036379530094564,21.893333178013563,23.4836358577013,100,30.32961258199066,25.770877487957478,26.037926180288196,23.420391301624477,3.799823292065412,1064.83642578125,cuda:0,NVIDIA A100-PCIE-40GB,535.288.01,555.0,1380.0,1410.0,49.0,56.0,63.42,13.0,0,0,sw_power_cap,,,,,,True,2.3.1+cu121,2.3.0+cu121,8.4.153,raw/main/runs/eager_fp32/yolov8l/bs6__run0__20261002T150953_576133Z__ok.json,throttle sw_power_cap
main,eager_fp32,yolov8l,6,1,640,20261002T155429_713842Z,2026-10-02T15:54:31+00:00,22.793627539649606,22.828744258731604,0.2415894843752628,23.09589795768261,21.932299248874187,23.551323916763067,100,31.008293409831822,25.78131202608347,26.076722890138626,23.375458419322968,3.7989379232749343,1064.8369140625,cuda:0,NVIDIA A100-PCIE-40GB,535.288.01,765.0,1365.0,1410.0,46.0,53.0,245.45,13.0,0,0,sw_power_cap,,,,,,True,2.3.1+cu121,2.3.0+cu121,8.4.153,raw/main/runs/eager_fp32/yolov8l/bs6__run1__20261002T155429_713842Z__ok.json,throttle sw_power_cap
main,eager_fp32,yolov8l,6,2,640,20261002T171252_639486Z,2026-10-02T17:12:53+00:00,22.818785891868174,22.835279582068324,0.3209640233311038,23.05489555001259,21.954218856990337,24.98137392103672,100,31.77546737715602,25.820424081757665,26.04919916484505,23.373346929438412,3.803130981978029,1064.83740234375,cuda:0,NVIDIA A100-PCIE-40GB,535.288.01,765.0,1365.0,1410.0,44.0,52.0,251.59,13.0,0,0,sw_power_cap,,,,,,True,2.3.1+cu121,2.3.0+cu121,8.4.153,raw/main/runs/eager_fp32/yolov8l/bs6__run2__20261002T171252_639486Z__ok.json,throttle sw_power_cap
main,eager_fp32,yolov8l,6,3,640,20261002T173408_649434Z,2026-10-02T17:34:10+00:00,22.818689355626702,22.840634919703007,0.2361063877717158,23.124950123019516,21.915228106081486,23.29745516180992,100,30.21409058943391,25.758448289707303,26.067488873377442,23.384873187169433,3.8031148926044502,1064.8369140625,cuda:0,NVIDIA A100-PCIE-40GB,535.288.01,765.0,1365.0,1410.0,44.0,53.0,88.73,13.0,0,0,sw_power_cap,,,,,,True,2.3.1+cu121,2.3.0+cu121,8.4.153,raw/main/runs/eager_fp32/yolov8l/bs6__run3__20261002T173408_649434Z__ok.json,throttle sw_power_cap
main,eager_fp32,yolov8l,6,4,640,20261002T183535_180538Z,2026-10-02T18:35:36+00:00,22.856829524971545,22.88974542170763,0.2275376722463615,23.05586668662727,21.958420984447002,23.73412996530533,100,30.938795413821936,25.81497305072844,26.04346030857414,23.459240081720054,3.8094715874952576,1064.8369140625,cuda:0,NVIDIA A100-PCIE-40GB,535.288.01,1410.0,1365.0,1410.0,52.0,58.0,182.58,13.0,0,0,sw_power_cap,,,,,,True,2.3.1+cu121,2.3.0+cu121,8.4.153,raw/main/runs/eager_fp32/yolov8l/bs6__run4__20261002T183535_180538Z__ok.json,throttle sw_power_cap
main,eager_fp32,yolov8l,8,0,640,20261002T151207_603384Z,2026-10-02T15:12:09+00:00,28.954016133211553,28.937105555087328,0.37756292269064273,29.38554617576301,27.452319860458374,30.683354940265417,100,37.30748492758721,32.85688906908035,33.32242560572922,29.67470579314977,3.619252016651444,1193.34619140625,cuda:0,NVIDIA A100-PCIE-40GB,535.288.01,465.0,1350.0,1410.0,49.0,57.0,252.76,13.0,0,0,sw_power_cap,,,,,,True,2.3.1+cu121,2.3.0+cu121,8.4.153,raw/main/runs/eager_fp32/yolov8l/bs8__run0__20261002T151207_603384Z__ok.json,throttle sw_power_cap
main,eager_fp32,yolov8l,8,1,640,20261002T153204_444356Z,2026-10-02T15:32:05+00:00,28.971109739504755,28.945286525413394,0.36418726181118544,29.464157088659704,27.584032621234655,30.624507926404476,100,37.52133230678737,32.74857858195901,33.34945980459452,29.689679751172662,3.6213887174380943,1193.34619140625,cuda:0,NVIDIA A100-PCIE-40GB,535.288.01,765.0,1350.0,1410.0,49.0,57.0,248.48,13.0,0,0,sw_power_cap,,,,,,True,2.3.1+cu121,2.3.0+cu121,8.4.153,raw/main/runs/eager_fp32/yolov8l/bs8__run1__20261002T153204_444356Z__ok.json,throttle sw_power_cap
main,eager_fp32,yolov8l,8,2,640,20261002T171825_683645Z,2026-10-02T17:18:27+00:00,28.839866230264306,28.858503326773643,0.32520927650484827,29.232145100831985,27.368584647774696,29.653125908225775,100,37.32481320388615,32.770034391433,33.208901970647275,29.582790401764214,3.6049832787830383,1193.34619140625,cuda:0,NVIDIA A100-PCIE-40GB,535.288.01,765.0,1350.0,1410.0,42.0,51.0,222.36,13.0,0,0,sw_power_cap,,,,,,True,2.3.1+cu121,2.3.0+cu121,8.4.153,raw/main/runs/eager_fp32/yolov8l/bs8__run2__20261002T171825_683645Z__ok.json,throttle sw_power_cap
main,eager_fp32,yolov8l,8,3,640,20261002T175728_143320Z,2026-10-02T17:57:29+00:00,28.860753779299557,28.83294690400362,0.32121665649664827,29.264190513640642,27.45854202657938,29.788157902657986,100,37.24130474962294,32.6262388844043,33.14218071755022,29.59800621960312,3.6075942224124447,1193.34619140625,cuda:0,NVIDIA A100-PCIE-40GB,535.288.01,765.0,1365.0,1410.0,44.0,52.0,250.62,13.0,0,0,sw_power_cap,,,,,,True,2.3.1+cu121,2.3.0+cu121,8.4.153,raw/main/runs/eager_fp32/yolov8l/bs8__run3__20261002T175728_143320Z__ok.json,throttle sw_power_cap
main,eager_fp32,yolov8l,8,4,640,20261002T193620_845928Z,2026-10-02T19:36:22+00:00,28.894584332592785,28.86713924817741,0.30932711763479037,29.30859001353383,27.380114886909723,29.730266891419888,100,37.524516372941434,32.75797632522881,33.26721037738025,29.628582480363548,3.611823041574098,1193.34716796875,cuda:0,NVIDIA A100-PCIE-40GB,535.288.01,480.0,1350.0,1410.0,49.0,55.0,126.78,13.0,0,0,sw_power_cap,,,,,,True,2.3.1+cu121,2.3.0+cu121,8.4.153,raw/main/runs/eager_fp32/yolov8l/bs8__run4__20261002T193620_845928Z__ok.json,throttle sw_power_cap
main,eager_fp32,yolov8l,10,0,640,20261002T142821_927289Z,2026-10-02T14:28:23+00:00,37.82457591500133,37.79543726705015,0.2768547119604852,38.25480246450752,37.35024482011795,38.55120483785868,100,47.19510481227189,42.59129846468568,43.07727843988687,38.7885753903538,3.7824575915001333,1444.85546875,cuda:0,NVIDIA A100-PCIE-40GB,535.288.01,600.0,1350.0,1410.0,50.0,57.0,242.71,13.0,0,0,sw_power_cap,,,,,,True,2.3.1+cu121,2.3.0+cu121,8.4.153,raw/main/runs/eager_fp32/yolov8l/bs10__run0__20261002T142821_927289Z__ok.json,throttle sw_power_cap
main,eager_fp32,yolov8l,10,1,640,20261002T161451_585653Z,2026-10-02T16:14:52+00:00,37.758583668619394,37.759005557745695,0.3039130248891964,38.192705158144236,36.342882085591555,38.64877903833985,100,47.5294134253636,42.54150623455644,43.00017000641674,38.65934464149177,3.7758583668619394,1444.85595703125,cuda:0,NVIDIA A100-PCIE-40GB,535.288.01,765.0,1350.0,1410.0,48.0,56.0,255.96,13.0,0,0,sw_power_cap,,,,,,True,2.3.1+cu121,2.3.0+cu121,8.4.153,raw/main/runs/eager_fp32/yolov8l/bs10__run1__20261002T161451_585653Z__ok.json,throttle sw_power_cap
main,eager_fp32,yolov8l,10,2,640,20261002T170930_794885Z,2026-10-02T17:09:32+00:00,37.781294551678,37.823121063411236,0.2760881313568516,38.147957739420235,36.44253918901086,38.48451003432274,100,47.34151650220156,42.629710864275694,42.98255983740091,38.663260620087385,3.7781294551678,1444.85546875,cuda:0,NVIDIA A100-PCIE-40GB,535.288.01,360.0,1350.0,1410.0,47.0,55.0,238.7,13.0,0,0,sw_power_cap,,,,,,True,2.3.1+cu121,2.3.0+cu121,8.4.153,raw/main/runs/eager_fp32/yolov8l/bs10__run2__20261002T170930_794885Z__ok.json,throttle sw_power_cap
main,eager_fp32,yolov8l,10,3,640,20261002T175044_511517Z,2026-10-02T17:50:45+00:00,37.67245431430638,37.65210974961519,0.382322273044732,38.01218282897025,36.51026822626591,40.200172923505306,100,46.885798340663314,42.398730060085654,42.79810220468789,38.493969878181815,3.767245431430638,1444.8564453125,cuda:0,NVIDIA A100-PCIE-40GB,535.288.01,390.0,1365.0,1410.0,40.0,50.0,248.26,13.0,0,0,sw_power_cap,,,,,,True,2.3.1+cu121,2.3.0+cu121,8.4.153,raw/main/runs/eager_fp32/yolov8l/bs10__run3__20261002T175044_511517Z__ok.json,throttle sw_power_cap
main,eager_fp32,yolov8l,10,4,640,20261002T192025_089637Z,2026-10-02T19:20:26+00:00,37.68058272078633,37.61899354867637,0.2853564481254201,38.08894641697407,36.566791124641895,38.26336236670613,100,46.95792688988149,42.38351387903094,42.86166736856103,38.60175605863333,3.7680582720786333,1444.85595703125,cuda:0,NVIDIA A100-PCIE-40GB,535.288.01,765.0,1365.0,1410.0,45.0,53.0,141.32,13.0,0,0,sw_power_cap,,,,,,True,2.3.1+cu121,2.3.0+cu121,8.4.153,raw/main/runs/eager_fp32/yolov8l/bs10__run4__20261002T192025_089637Z__ok.json,throttle sw_power_cap
main,eager_fp32,yolov8l,12,0,640,20261002T152456_813560Z,2026-10-02T15:24:58+00:00,44.07698296941817,44.10348809324205,0.30130271832284555,44.5564984343946,43.2991087436676,44.97491894289851,100,55.7456419384107,49.76553260348737,50.23104951251298,45.04693652037531,3.6730819141181805,1702.865234375,cuda:0,NVIDIA A100-PCIE-40GB,535.288.01,1410.0,1350.0,1410.0,50.0,57.0,71.06,13.0,0,0,sw_power_cap,,,,,,True,2.3.1+cu121,2.3.0+cu121,8.4.153,raw/main/runs/eager_fp32/yolov8l/bs12__run0__20261002T152456_813560Z__ok.json,throttle sw_power_cap
main,eager_fp32,yolov8l,12,1,640,20261002T155353_731281Z,2026-10-02T15:53:55+00:00,44.063450689427555,44.103585882112384,0.3453164716013771,44.46583269163966,42.48934192582965,44.9655638076365,100,54.55944661051035,49.85437402501702,50.322756823152304,45.06043454166502,3.671954224118963,1702.865234375,cuda:0,NVIDIA A100-PCIE-40GB,535.288.01,765.0,1350.0,1410.0,49.0,57.0,244.36,13.0,0,0,sw_power_cap,,,,,,True,2.3.1+cu121,2.3.0+cu121,8.4.153,raw/main/runs/eager_fp32/yolov8l/bs12__run1__20261002T155353_731281Z__ok.json,throttle sw_power_cap
main,eager_fp32,yolov8l,12,2,640,20261002T172300_647639Z,2026-10-02T17:23:02+00:00,44.07154650427401,44.071281561627984,0.48277092987204945,44.57957355771214,42.31531312689185,47.30185912922025,100,54.84312877524644,49.71475526690483,50.22136066108942,45.02249293029308,3.6726288753561676,1702.86572265625,cuda:0,NVIDIA A100-PCIE-40GB,535.288.01,765.0,1350.0,1410.0,48.0,55.0,104.39,13.0,0,0,sw_power_cap,,,,,,True,2.3.1+cu121,2.3.0+cu121,8.4.153,raw/main/runs/eager_fp32/yolov8l/bs12__run2__20261002T172300_647639Z__ok.json,throttle sw_power_cap
main,eager_fp32,yolov8l,12,3,640,20261002T180219_113842Z,2026-10-02T18:02:20+00:00,44.072837200947106,44.10424595698714,0.45097629390462407,44.55118018668145,42.18309698626399,46.62971384823322,100,53.9703451609239,49.760675989091396,50.372570380568504,45.032634269446135,3.672736433412259,1702.865234375,cuda:0,NVIDIA A100-PCIE-40GB,535.288.01,1410.0,1365.0,1410.0,49.0,57.0,68.69,13.0,0,0,sw_power_cap,,,,,,True,2.3.1+cu121,2.3.0+cu121,8.4.153,raw/main/runs/eager_fp32/yolov8l/bs12__run3__20261002T180219_113842Z__ok.json,throttle sw_power_cap
main,eager_fp32,yolov8l,12,4,640,20261002T190610_815410Z,2026-10-02T19:06:12+00:00,43.975589564070106,44.018405955284834,0.3376494506241494,44.38645984046161,42.33344690874219,45.0957790017128,100,54.41715179011226,49.73054490983486,50.13388944789767,44.98241994064301,3.664632463672509,1702.86474609375,cuda:0,NVIDIA A100-PCIE-40GB,535.288.01,1410.0,1350.0,1410.0,49.0,56.0,86.1,13.0,0,0,sw_power_cap,,,,,,True,2.3.1+cu121,2.3.0+cu121,8.4.153,raw/main/runs/eager_fp32/yolov8l/bs12__run4__20261002T190610_815410Z__ok.json,throttle sw_power_cap
main,eager_fp32,yolov8l,14,0,640,20261002T144154_395292Z,2026-10-02T14:41:55+00:00,52.886228477582335,52.89925239048898,0.40961076850240535,53.32597179803997,51.173625979572535,55.17377704381943,100,64.48605190496892,59.52863302081823,60.0060353288427,54.0203757584095,3.777587748398738,2398.24169921875,cuda:0,NVIDIA A100-PCIE-40GB,535.288.01,570.0,1365.0,1410.0,50.0,57.0,244.64,13.0,0,0,sw_power_cap,,,,,,True,2.3.1+cu121,2.3.0+cu121,8.4.153,raw/main/runs/eager_fp32/yolov8l/bs14__run0__20261002T144154_395292Z__ok.json,throttle sw_power_cap
main,eager_fp32,yolov8l,14,1,640,20261002T154400_569386Z,2026-10-02T15:44:01+00:00,52.77298051863909,52.788085071370006,0.31644338376203046,53.14908551517874,51.04406690225005,53.69778675958514,100,65.12546883895993,59.28767751902342,59.82013719622046,53.88233131263405,3.7694986084742204,2398.24169921875,cuda:0,NVIDIA A100-PCIE-40GB,535.288.01,765.0,1350.0,1410.0,48.0,56.0,76.57,13.0,0,0,sw_power_cap,,,,,,True,2.3.1+cu121,2.3.0+cu121,8.4.153,raw/main/runs/eager_fp32/yolov8l/bs14__run1__20261002T154400_569386Z__ok.json,throttle sw_power_cap
main,eager_fp32,yolov8l,14,2,640,20261002T172823_397193Z,2026-10-02T17:28:24+00:00,52.71646001841873,52.744917338714004,0.28788066769674453,53.049298538826406,51.1681130155921,53.46934590488672,100,64.47577110491693,59.36131160706282,59.780579316429794,53.821157910861075,3.765461429887052,2398.24169921875,cuda:0,NVIDIA A100-PCIE-40GB,535.288.01,585.0,1350.0,1410.0,45.0,54.0,61.93,13.0,0,0,sw_power_cap,,,,,,True,2.3.1+cu121,2.3.0+cu121,8.4.153,raw/main/runs/eager_fp32/yolov8l/bs14__run2__20261002T172823_397193Z__ok.json,throttle sw_power_cap
main,eager_fp32,yolov8l,14,3,640,20261002T174018_737660Z,2026-10-02T17:40:20+00:00,52.71385498344898,52.7281160466373,0.3601907024733733,53.17247526254505,51.06055270880461,54.03621308505535,100,63.53357791900635,59.240843867883086,59.782018046826124,53.83611430879682,3.765275355960642,2398.24169921875,cuda:0,NVIDIA A100-PCIE-40GB,535.288.01,765.0,1365.0,1410.0,44.0,54.0,243.9,13.0,0,0,sw_power_cap,,,,,,True,2.3.1+cu121,2.3.0+cu121,8.4.153,raw/main/runs/eager_fp32/yolov8l/bs14__run3__20261002T174018_737660Z__ok.json,throttle sw_power_cap
main,eager_fp32,yolov8l,14,4,640,20261002T184503_176715Z,2026-10-02T18:45:04+00:00,52.74879924952984,52.77611967176199,0.3170369121540132,53.15018261317164,51.06482608243823,53.713565692305565,100,64.1344094183296,59.39515074715018,59.87797046545893,53.84503308683634,3.7677713749664172,2398.24169921875,cuda:0,NVIDIA A100-PCIE-40GB,535.288.01,555.0,1350.0,1410.0,47.0,56.0,250.2,13.0,0,0,sw_power_cap,,,,,,True,2.3.1+cu121,2.3.0+cu121,8.4.153,raw/main/runs/eager_fp32/yolov8l/bs14__run4__20261002T184503_176715Z__ok.json,throttle sw_power_cap
main,eager_fp32,yolov8l,16,0,640,20261002T143555_805532Z,2026-10-02T14:35:57+00:00,57.458877046592534,57.48794786632061,0.4598565587376488,58.07759948074818,55.32012041658163,59.53394481912255,100,70.46333235222846,64.95215790346265,65.52759527694434,58.94360061734915,3.5911798154120333,2219.55859375,cuda:0,NVIDIA A100-PCIE-40GB,535.288.01,765.0,1335.0,1410.0,48.0,56.0,245.84,13.0,0,0,sw_power_cap,,,,,,True,2.3.1+cu121,2.3.0+cu121,8.4.153,raw/main/runs/eager_fp32/yolov8l/bs16__run0__20261002T143555_805532Z__ok.json,throttle sw_power_cap
main,eager_fp32,yolov8l,16,1,640,20261002T154059_207791Z,2026-10-02T15:41:00+00:00,57.40331619977951,57.39602306857705,0.41839958363596175,57.980764703825116,55.58445071801543,58.960599824786186,100,69.38635948579758,64.79179509915411,65.43881159741431,58.83930239826441,3.5877072624862194,2219.55859375,cuda:0,NVIDIA A100-PCIE-40GB,535.288.01,810.0,1335.0,1410.0,45.0,55.0,254.68,13.0,0,0,sw_power_cap,,,,,,True,2.3.1+cu121,2.3.0+cu121,8.4.153,raw/main/runs/eager_fp32/yolov8l/bs16__run1__20261002T154059_207791Z__ok.json,throttle sw_power_cap
main,eager_fp32,yolov8l,16,2,640,20261002T171839_776471Z,2026-10-02T17:18:41+00:00,57.38466503564268,57.30922403745353,0.48931341972745207,58.07952182367444,55.53099513053894,59.20851090922952,100,70.17116216477007,64.83425293117762,65.69344031158835,58.823428130708635,3.5865415647276677,2219.55859375,cuda:0,NVIDIA A100-PCIE-40GB,535.288.01,765.0,1335.0,1410.0,43.0,54.0,244.38,13.0,0,0,sw_power_cap,,,,,,True,2.3.1+cu121,2.3.0+cu121,8.4.153,raw/main/runs/eager_fp32/yolov8l/bs16__run2__20261002T171839_776471Z__ok.json,throttle sw_power_cap
main,eager_fp32,yolov8l,16,3,640,20261002T182745_674605Z,2026-10-02T18:27:47+00:00,57.480538482777774,57.44012142531574,0.5021988453090381,58.18766311276704,55.38577400147915,59.34817437082529,100,69.29990366101265,65.03694294951856,65.9136920934543,58.97750175092369,3.592533655173611,2219.55859375,cuda:0,NVIDIA A100-PCIE-40GB,535.288.01,315.0,1335.0,1410.0,48.0,57.0,66.79,13.0,0,0,sw_power_cap,,,,,,True,2.3.1+cu121,2.3.0+cu121,8.4.153,raw/main/runs/eager_fp32/yolov8l/bs16__run3__20261002T182745_674605Z__ok.json,throttle sw_power_cap
main,eager_fp32,yolov8l,16,4,640,20261002T184346_643189Z,2026-10-02T18:43:48+00:00,57.35429670661688,57.3227209970355,0.45819740232633493,57.99445423763245,55.291918106377125,58.92401281744242,100,69.05316764023155,64.74428717046976,65.49425825942308,58.81138825789094,3.584643544163555,2219.55859375,cuda:0,NVIDIA A100-PCIE-40GB,535.288.01,765.0,1335.0,1410.0,45.0,55.0,239.15,13.0,0,0,sw_power_cap,,,,,,True,2.3.1+cu121,2.3.0+cu121,8.4.153,raw/main/runs/eager_fp32/yolov8l/bs16__run4__20261002T184346_643189Z__ok.json,throttle sw_power_cap
main,eager_fp32,yolov8l,18,0,640,20261002T143954_133789Z,2026-10-02T14:39:55+00:00,66.1764642642811,66.16261205635965,0.4804005521606708,66.8058332754299,64.21133736148477,67.89368391036987,100,79.13277534767985,74.53633402474225,75.20145534072071,67.61760213878006,3.676470236904505,2467.7685546875,cuda:0,NVIDIA A100-PCIE-40GB,535.288.01,450.0,1350.0,1410.0,45.0,55.0,245.33,13.0,0,0,sw_power_cap,,,,,,True,2.3.1+cu121,2.3.0+cu121,8.4.153,raw/main/runs/eager_fp32/yolov8l/bs18__run0__20261002T143954_133789Z__ok.json,throttle sw_power_cap
main,eager_fp32,yolov8l,18,1,640,20261002T154431_521499Z,2026-10-02T15:44:32+00:00,66.2013625446707,66.13157549872994,0.5072661264503135,67.14171969797462,64.4729440100491,67.69909709692001,100,79.2480164160952,74.50606464408338,75.56961143855006,67.74748251773417,3.677853474703928,2467.76904296875,cuda:0,NVIDIA A100-PCIE-40GB,535.288.01,765.0,1365.0,1410.0,47.0,56.0,251.68,13.0,0,0,sw_power_cap,,,,,,True,2.3.1+cu121,2.3.0+cu121,8.4.153,raw/main/runs/eager_fp32/yolov8l/bs18__run1__20261002T154431_521499Z__ok.json,throttle sw_power_cap
main,eager_fp32,yolov8l,18,2,640,20261002T171449_627005Z,2026-10-02T17:14:50+00:00,66.09074156731367,66.03664811700583,0.45562470306130637,66.83586523868144,64.40964108332992,67.51140905544162,100,79.73537059035152,74.46444546803832,75.3081156173721,67.64667629729956,3.6717078648507595,2467.76904296875,cuda:0,NVIDIA A100-PCIE-40GB,535.288.01,765.0,1350.0,1410.0,44.0,55.0,245.53,13.0,0,0,sw_power_cap,,,,,,True,2.3.1+cu121,2.3.0+cu121,8.4.153,raw/main/runs/eager_fp32/yolov8l/bs18__run2__20261002T171449_627005Z__ok.json,throttle sw_power_cap
main,eager_fp32,yolov8l,18,3,640,20261002T173326_511815Z,2026-10-02T17:33:27+00:00,66.18817691225559,66.09134539030492,0.4888710939744469,66.99483578559011,64.21734811738133,67.23368121311069,100,79.52032490633428,74.42523073405027,75.48835934139788,67.6335845189169,3.677120939569755,2467.7685546875,cuda:0,NVIDIA A100-PCIE-40GB,535.288.01,765.0,1350.0,1410.0,45.0,54.0,88.76,13.0,0,0,sw_power_cap,,,,,,True,2.3.1+cu121,2.3.0+cu121,8.4.153,raw/main/runs/eager_fp32/yolov8l/bs18__run3__20261002T173326_511815Z__ok.json,throttle sw_power_cap
main,eager_fp32,yolov8l,18,4,640,20261002T185733_542695Z,2026-10-02T18:57:34+00:00,66.06872383970767,65.98725938238204,0.5756046565319833,66.89865028019994,64.3230821006,69.1858297213912,100,80.32389655709267,74.44364950060844,75.33131698146462,67.50252673402429,3.6704846577615373,2467.76904296875,cuda:0,NVIDIA A100-PCIE-40GB,535.288.01,765.0,1350.0,1410.0,42.0,53.0,248.64,13.0,0,0,sw_power_cap,,,,,,True,2.3.1+cu121,2.3.0+cu121,8.4.153,raw/main/runs/eager_fp32/yolov8l/bs18__run4__20261002T185733_542695Z__ok.json,throttle sw_power_cap
main,eager_fp32,yolov8l,20,0,640,20261002T152040_413670Z,2026-10-02T15:20:41+00:00,72.44340738747269,72.39174656569958,0.42913500251076725,73.10329473111778,70.83766721189022,73.8878850825131,100,86.00552307907492,81.70495042577386,82.48864025808871,74.32109381072223,3.6221703693736345,2726.74609375,cuda:0,NVIDIA A100-PCIE-40GB,535.288.01,480.0,1335.0,1410.0,48.0,58.0,65.3,13.0,0,0,sw_power_cap,,,,,,True,2.3.1+cu121,2.3.0+cu121,8.4.153,raw/main/runs/eager_fp32/yolov8l/bs20__run0__20261002T152040_413670Z__ok.json,throttle sw_power_cap
main,eager_fp32,yolov8l,20,1,640,20261002T155316_214937Z,2026-10-02T15:53:17+00:00,72.48174386564642,72.46749196201563,0.4763672449730025,73.17676248494536,70.86207205429673,74.00751020759344,100,86.84113060124218,81.80818823166192,82.64906124677509,74.35957774985582,3.624087193282321,2726.74609375,cuda:0,NVIDIA A100-PCIE-40GB,535.288.01,1410.0,1320.0,1410.0,51.0,58.0,61.04,13.0,0,0,sw_power_cap,,,,,,True,2.3.1+cu121,2.3.0+cu121,8.4.153,raw/main/runs/eager_fp32/yolov8l/bs20__run1__20261002T155316_214937Z__ok.json,throttle sw_power_cap
main,eager_fp32,yolov8l,20,2,640,20261002T171525_735697Z,2026-10-02T17:15:27+00:00,72.27724781725556,72.17182638123631,0.4522855881993316,73.05111652240157,70.65754104405642,74.14100598543882,100,86.6041215788573,81.51654805988073,82.37589397467673,74.2694227816537,3.613862390862778,2726.74609375,cuda:0,NVIDIA A100-PCIE-40GB,535.288.01,765.0,1365.0,1410.0,47.0,56.0,248.17,13.0,0,0,sw_power_cap,,,,,,True,2.3.1+cu121,2.3.0+cu121,8.4.153,raw/main/runs/eager_fp32/yolov8l/bs20__run2__20261002T171525_735697Z__ok.json,throttle sw_power_cap
main,eager_fp32,yolov8l,20,3,640,20261002T180022_466050Z,2026-10-02T18:00:23+00:00,72.13490383233875,72.0646814443171,0.4252933540571002,72.76835637167096,70.46569185331464,73.79800314083695,100,86.2604690156877,81.30174037069082,82.1174404816702,74.10054698586464,3.6067451916169375,2726.74609375,cuda:0,NVIDIA A100-PCIE-40GB,535.288.01,450.0,1335.0,1410.0,43.0,54.0,106.68,13.0,0,0,sw_power_cap,,,,,,True,2.3.1+cu121,2.3.0+cu121,8.4.153,raw/main/runs/eager_fp32/yolov8l/bs20__run3__20261002T180022_466050Z__ok.json,throttle sw_power_cap
main,eager_fp32,yolov8l,20,4,640,20261002T191458_726672Z,2026-10-02T19:15:00+00:00,72.19751217402518,72.13477464392781,0.3978604754839624,72.88235563319176,70.54034993052483,73.74040922150016,100,86.14328237716109,81.47272560745478,82.30978411156684,74.16234087198973,3.609875608701259,2726.74609375,cuda:0,NVIDIA A100-PCIE-40GB,535.288.01,765.0,1350.0,1410.0,47.0,57.0,245.78,13.0,0,0,sw_power_cap,,,,,,True,2.3.1+cu121,2.3.0+cu121,8.4.153,raw/main/runs/eager_fp32/yolov8l/bs20__run4__20261002T191458_726672Z__ok.json,throttle sw_power_cap
main,eager_fp32,yolov8l,22,0,640,20261002T143034_257080Z,2026-10-02T14:30:35+00:00,80.25153926573694,80.23916045203805,0.5627073660336745,80.9656995581463,77.21297303214669,82.21957180649042,100,95.40125906467438,90.55829746648669,91.39988273382187,82.15945320669562,3.647797239351679,3115.53759765625,cuda:0,NVIDIA A100-PCIE-40GB,535.288.01,540.0,1320.0,1410.0,50.0,59.0,244.33,13.0,0,0,sw_power_cap,,,,,,True,2.3.1+cu121,2.3.0+cu121,8.4.153,raw/main/runs/eager_fp32/yolov8l/bs22__run0__20261002T143034_257080Z__ok.json,throttle sw_power_cap
main,eager_fp32,yolov8l,22,1,640,20261002T160001_409278Z,2026-10-02T16:00:02+00:00,80.19273260142654,80.17389150336385,0.38180024662331313,80.81938060931861,78.61642399802804,81.60881791263819,100,95.01246636733413,90.34185158088803,91.13187263719738,82.04410579055548,3.645124209155752,3115.5361328125,cuda:0,NVIDIA A100-PCIE-40GB,535.288.01,765.0,1350.0,1410.0,48.0,58.0,258.01,13.0,0,0,sw_power_cap,,,,,,True,2.3.1+cu121,2.3.0+cu121,8.4.153,raw/main/runs/eager_fp32/yolov8l/bs22__run1__20261002T160001_409278Z__ok.json,throttle sw_power_cap
main,eager_fp32,yolov8l,22,2,640,20261002T170551_393875Z,2026-10-02T17:05:52+00:00,80.0639040209353,80.04074031487107,0.4037317969539432,80.54190955590457,78.27750407159328,81.71717077493668,100,96.23890266288072,90.25686304084957,90.93393660150468,81.79876114241779,3.639268364587968,3115.53759765625,cuda:0,NVIDIA A100-PCIE-40GB,535.288.01,765.0,1335.0,1410.0,44.0,56.0,59.95,13.0,0,0,sw_power_cap,,,,,,True,2.3.1+cu121,2.3.0+cu121,8.4.153,raw/main/runs/eager_fp32/yolov8l/bs22__run2__20261002T170551_393875Z__ok.json,throttle sw_power_cap
main,eager_fp32,yolov8l,22,3,640,20261002T182658_825801Z,2026-10-02T18:27:00+00:00,80.4222512524575,80.32326609827578,0.5598743701371155,81.01391429081559,78.38695822283626,83.233751822263,100,94.8911942448467,90.56501556187868,91.31168071180582,82.27212197612971,3.6555568751117047,3115.537109375,cuda:0,NVIDIA A100-PCIE-40GB,535.288.01,780.0,1335.0,1410.0,53.0,60.0,249.7,13.0,0,0,sw_power_cap,,,,,,True,2.3.1+cu121,2.3.0+cu121,8.4.153,raw/main/runs/eager_fp32/yolov8l/bs22__run3__20261002T182658_825801Z__ok.json,throttle sw_power_cap
main,eager_fp32,yolov8l,22,4,640,20261002T192542_866201Z,2026-10-02T19:25:44+00:00,79.9260212900117,79.89876717329025,0.5783509460087661,80.57791301980615,78.18169891834259,83.4899079054594,100,94.88337857183069,89.98735761269927,90.7819785643369,81.76314750220627,3.6330009677278046,3115.537109375,cuda:0,NVIDIA A100-PCIE-40GB,535.288.01,765.0,1335.0,1410.0,43.0,55.0,252.99,13.0,0,0,sw_power_cap,,,,,,True,2.3.1+cu121,2.3.0+cu121,8.4.153,raw/main/runs/eager_fp32/yolov8l/bs22__run4__20261002T192542_866201Z__ok.json,throttle sw_power_cap
main,eager_fp32,yolov8l,24,0,640,20261002T143324_682732Z,2026-10-02T14:33:26+00:00,85.92772436793894,85.86282120086253,0.4338253791355259,86.6418220102787,84.43223917856812,87.34299521893263,100,101.60341188311577,97.0289136748761,97.83438239246607,87.88413559086621,3.580321848664122,3360.17138671875,cuda:0,NVIDIA A100-PCIE-40GB,535.288.01,765.0,1335.0,1410.0,46.0,57.0,62.82,13.0,0,0,sw_power_cap,,,,,,True,2.3.1+cu121,2.3.0+cu121,8.4.153,raw/main/runs/eager_fp32/yolov8l/bs24__run0__20261002T143324_682732Z__ok.json,throttle sw_power_cap
main,eager_fp32,yolov8l,24,1,640,20261002T155811_579739Z,2026-10-02T15:58:12+00:00,85.99509783089161,85.8730529434979,0.6411103412745449,86.8052160833031,83.17047590389848,89.4520003348589,100,101.26227582339197,96.97524411603808,97.94499920681119,87.99579476937652,3.5831290762871504,3360.17138671875,cuda:0,NVIDIA A100-PCIE-40GB,535.288.01,765.0,1335.0,1410.0,48.0,58.0,104.53,13.0,0,0,sw_power_cap,,,,,,True,2.3.1+cu121,2.3.0+cu121,8.4.153,raw/main/runs/eager_fp32/yolov8l/bs24__run1__20261002T155811_579739Z__ok.json,throttle sw_power_cap
main,eager_fp32,yolov8l,24,2,640,20261002T165913_300451Z,2026-10-02T16:59:14+00:00,85.89202637784183,85.84478357806802,0.4876219053063042,86.64122270420194,84.08597903326154,87.77638291940093,100,101.37929667718709,96.9692887738347,97.8286616038531,87.82360138837248,3.5788344324100763,3360.17138671875,cuda:0,NVIDIA A100-PCIE-40GB,535.288.01,765.0,1335.0,1410.0,45.0,56.0,60.08,13.0,0,0,sw_power_cap,,,,,,True,2.3.1+cu121,2.3.0+cu121,8.4.153,raw/main/runs/eager_fp32/yolov8l/bs24__run2__20261002T165913_300451Z__ok.json,throttle sw_power_cap
main,eager_fp32,yolov8l,24,3,640,20261002T183231_307270Z,2026-10-02T18:32:32+00:00,85.79854463227093,85.71006171405315,0.44342495423412787,86.5061576012522,84.17009888216853,87.76870090514421,100,102.03826266806573,96.89498879015446,97.72446977440268,87.80289927031845,3.5749393596779555,3360.17138671875,cuda:0,NVIDIA A100-PCIE-40GB,535.288.01,765.0,1365.0,1410.0,44.0,55.0,109.48,13.0,0,0,sw_power_cap,,,,,,True,2.3.1+cu121,2.3.0+cu121,8.4.153,raw/main/runs/eager_fp32/yolov8l/bs24__run3__20261002T183231_307270Z__ok.json,throttle sw_power_cap
main,eager_fp32,yolov8l,24,4,640,20261002T192728_925349Z,2026-10-02T19:27:30+00:00,85.66956219729036,85.63864650204778,0.42317725374543047,86.30255148746073,83.84650992229581,87.41712803021073,100,101.70715887565166,96.89794853329659,97.58309370372444,87.65773050952703,3.569565091553765,3360.171875,cuda:0,NVIDIA A100-PCIE-40GB,535.288.01,765.0,1335.0,1410.0,42.0,54.0,57.98,13.0,0,0,sw_power_cap,,,,,,True,2.3.1+cu121,2.3.0+cu121,8.4.153,raw/main/runs/eager_fp32/yolov8l/bs24__run4__20261002T192728_925349Z__ok.json,throttle sw_power_cap
main,eager_fp32,yolov8l,26,0,640,20261002T152336_258668Z,2026-10-02T15:23:37+00:00,93.7848081998527,93.75757072120905,0.4703868166710655,94.46345793548971,92.32275886461139,96.11374884843826,100,110.55143846664578,105.78130302019417,106.62505195941776,96.01651961915195,3.6071080076866426,3618.30712890625,cuda:0,NVIDIA A100-PCIE-40GB,535.288.01,1410.0,1335.0,1410.0,51.0,59.0,254.67,13.0,0,0,sw_power_cap,,,,,,True,2.3.1+cu121,2.3.0+cu121,8.4.153,raw/main/runs/eager_fp32/yolov8l/bs26__run0__20261002T152336_258668Z__ok.json,throttle sw_power_cap
main,eager_fp32,yolov8l,26,1,640,20261002T154318_693868Z,2026-10-02T15:43:20+00:00,93.43717379495502,93.3978317771107,0.5462357129407373,94.34496150352061,91.9250762090087,95.35899478942156,100,109.73349050153047,105.47054698690772,106.44026976078749,95.62562729232013,3.593737453652116,3618.3056640625,cuda:0,NVIDIA A100-PCIE-40GB,535.288.01,555.0,1365.0,1410.0,44.0,57.0,252.94,13.0,0,0,sw_power_cap,,,,,,True,2.3.1+cu121,2.3.0+cu121,8.4.153,raw/main/runs/eager_fp32/yolov8l/bs26__run1__20261002T154318_693868Z__ok.json,throttle sw_power_cap
main,eager_fp32,yolov8l,26,2,640,20261002T170325_108615Z,2026-10-02T17:03:26+00:00,93.43350370414555,93.37743418291211,0.5339180011091791,94.23785526305437,91.18438884615898,95.62847018241882,100,109.8912069760263,105.37823685444891,106.2936443137005,95.59423348400742,3.5935962963132906,3618.30517578125,cuda:0,NVIDIA A100-PCIE-40GB,535.288.01,765.0,1350.0,1410.0,43.0,56.0,249.92,13.0,0,0,sw_power_cap,,,,,,True,2.3.1+cu121,2.3.0+cu121,8.4.153,raw/main/runs/eager_fp32/yolov8l/bs26__run2__20261002T170325_108615Z__ok.json,throttle sw_power_cap
main,eager_fp32,yolov8l,26,3,640,20261002T174102_781537Z,2026-10-02T17:41:04+00:00,93.47545913886279,93.45376747660339,0.49599109034061,94.16095735505223,91.82856837287545,95.99168598651886,100,109.62947980966419,105.37076648324728,106.0615660622716,95.64618502277881,3.595209966879338,3618.3056640625,cuda:0,NVIDIA A100-PCIE-40GB,535.288.01,765.0,1350.0,1410.0,45.0,57.0,126.45,13.0,0,0,sw_power_cap,,,,,,True,2.3.1+cu121,2.3.0+cu121,8.4.153,raw/main/runs/eager_fp32/yolov8l/bs26__run3__20261002T174102_781537Z__ok.json,throttle sw_power_cap
main,eager_fp32,yolov8l,26,4,640,20261002T191140_826492Z,2026-10-02T19:11:42+00:00,93.39093106333166,93.31243764609098,0.5008181165977038,94.10204587038606,91.76681376993656,95.41651094332337,100,110.39089030120522,105.3971666842699,106.22483091428876,95.51404064055532,3.591958887051218,3618.3056640625,cuda:0,NVIDIA A100-PCIE-40GB,535.288.01,765.0,1365.0,1410.0,43.0,55.0,245.34,13.0,0,0,sw_power_cap,,,,,,True,2.3.1+cu121,2.3.0+cu121,8.4.153,raw/main/runs/eager_fp32/yolov8l/bs26__run4__20261002T191140_826492Z__ok.json,throttle sw_power_cap
main,eager_fp32,yolov8l,28,0,640,20261002T152304_823917Z,2026-10-02T15:23:06+00:00,98.83026035036892,98.79550151526928,0.5841185375530545,99.61718551348895,96.90135670825839,101.15885594859719,100,117.55417062435299,111.7008812725544,112.5477222725749,101.17764231748879,3.5296521553703184,3878.845703125,cuda:0,NVIDIA A100-PCIE-40GB,535.288.01,465.0,1335.0,1410.0,45.0,57.0,63.83,13.0,0,0,sw_power_cap,,,,,,True,2.3.1+cu121,2.3.0+cu121,8.4.153,raw/main/runs/eager_fp32/yolov8l/bs28__run0__20261002T152304_823917Z__ok.json,throttle sw_power_cap
main,eager_fp32,yolov8l,28,1,640,20261002T155244_981081Z,2026-10-02T15:52:46+00:00,98.7495115539059,98.7297547981143,0.4572531877766876,99.36636877246201,97.32573479413986,100.72258906438947,100,116.05622079689056,111.73369409516454,112.39146019797772,101.09240035060793,3.526768269782354,3878.845703125,cuda:0,NVIDIA A100-PCIE-40GB,535.288.01,405.0,1335.0,1410.0,45.0,56.0,60.94,13.0,0,0,sw_power_cap,,,,,,True,2.3.1+cu121,2.3.0+cu121,8.4.153,raw/main/runs/eager_fp32/yolov8l/bs28__run1__20261002T155244_981081Z__ok.json,throttle sw_power_cap
main,eager_fp32,yolov8l,28,2,640,20261002T164833_673391Z,2026-10-02T16:48:35+00:00,98.6686890758574,98.63803046755493,0.5714902677329771,99.3194297188893,96.90074902027845,101.43637005239725,100,116.69293839018792,111.63629009388387,112.42781551554799,100.95626396127045,3.523881752709193,3878.845703125,cuda:0,NVIDIA A100-PCIE-40GB,535.288.01,330.0,1335.0,1410.0,42.0,56.0,251.98,13.0,0,0,sw_power_cap,,,,,,True,2.3.1+cu121,2.3.0+cu121,8.4.153,raw/main/runs/eager_fp32/yolov8l/bs28__run2__20261002T164833_673391Z__ok.json,throttle sw_power_cap
main,eager_fp32,yolov8l,28,3,640,20261002T180252_265498Z,2026-10-02T18:02:53+00:00,99.02324070688337,99.01045099832118,0.5339141850938421,99.69375035725534,96.67223133146763,101.2461599893868,100,116.8519166437909,111.88142141327262,112.68635806627572,101.20056729763746,3.5365443109601205,3878.845703125,cuda:0,NVIDIA A100-PCIE-40GB,535.288.01,765.0,1350.0,1410.0,48.0,59.0,264.37,13.0,0,0,sw_power_cap,,,,,,True,2.3.1+cu121,2.3.0+cu121,8.4.153,raw/main/runs/eager_fp32/yolov8l/bs28__run3__20261002T180252_265498Z__ok.json,throttle sw_power_cap
main,eager_fp32,yolov8l,28,4,640,20261002T185504_754831Z,2026-10-02T18:55:06+00:00,98.61345684621483,98.62027456983924,0.48063420229892884,99.43540601525456,96.88082709908485,100.54738773033023,100,116.10005459748209,111.61369876936078,112.62515268754214,100.98432776052505,3.5219091730791012,3878.845703125,cuda:0,NVIDIA A100-PCIE-40GB,535.288.01,765.0,1335.0,1410.0,43.0,56.0,177.3,13.0,0,0,sw_power_cap,,,,,,True,2.3.1+cu121,2.3.0+cu121,8.4.153,raw/main/runs/eager_fp32/yolov8l/bs28__run4__20261002T185504_754831Z__ok.json,throttle sw_power_cap
main,eager_fp32,yolov8l,30,0,640,20261002T152547_938023Z,2026-10-02T15:25:49+00:00,104.85840623732656,104.77562504820526,0.5088887529672339,105.69215959403664,103.26526081189513,106.5640146844089,100,124.50240781530738,118.68577660061419,119.64811868965626,107.3218844877556,3.4952802079108856,4128.44873046875,cuda:0,NVIDIA A100-PCIE-40GB,535.288.01,570.0,1335.0,1410.0,46.0,59.0,249.39,13.0,0,0,sw_power_cap,,,,,,True,2.3.1+cu121,2.3.0+cu121,8.4.153,raw/main/runs/eager_fp32/yolov8l/bs30__run0__20261002T152547_938023Z__ok.json,throttle sw_power_cap
main,eager_fp32,yolov8l,30,1,640,20261002T162248_331277Z,2026-10-02T16:22:49+00:00,104.67517489567399,104.61842594668269,0.6699635655747015,105.4113082587719,101.13315982744098,107.4974569492042,100,123.20558981969953,118.54945798404515,119.57523187156767,107.2029621526599,3.489172496522466,4128.44921875,cuda:0,NVIDIA A100-PCIE-40GB,535.288.01,480.0,1335.0,1410.0,46.0,59.0,258.37,13.0,0,0,sw_power_cap,,,,,,True,2.3.1+cu121,2.3.0+cu121,8.4.153,raw/main/runs/eager_fp32/yolov8l/bs30__run1__20261002T162248_331277Z__ok.json,throttle sw_power_cap
main,eager_fp32,yolov8l,30,2,640,20261002T165052_118092Z,2026-10-02T16:50:53+00:00,104.91416205652058,104.8552158754319,0.6007122800833653,105.70415314286947,102.91936621069908,107.59129421785474,100,123.24775855988264,118.63154545426369,119.75467964075506,107.44993065018207,3.497138735217353,4128.44970703125,cuda:0,NVIDIA A100-PCIE-40GB,535.288.01,1410.0,1335.0,1410.0,50.0,59.0,162.3,13.0,0,0,sw_power_cap,,,,,,True,2.3.1+cu121,2.3.0+cu121,8.4.153,raw/main/runs/eager_fp32/yolov8l/bs30__run2__20261002T165052_118092Z__ok.json,throttle sw_power_cap
main,eager_fp32,yolov8l,30,3,640,20261002T182607_286065Z,2026-10-02T18:26:08+00:00,105.15808579977602,105.03363097086549,0.6319627286910974,106.04892787523568,103.48861617967486,107.91423311457038,100,124.24527706578374,118.77173953689635,120.27633602265269,107.67074937932193,3.5052695266592004,4128.44921875,cuda:0,NVIDIA A100-PCIE-40GB,535.288.01,1410.0,1320.0,1410.0,55.0,62.0,60.16,13.0,0,0,sw_power_cap,,,,,,True,2.3.1+cu121,2.3.0+cu121,8.4.153,raw/main/runs/eager_fp32/yolov8l/bs30__run3__20261002T182607_286065Z__ok.json,throttle sw_power_cap
main,eager_fp32,yolov8l,30,4,640,20261002T191725_821045Z,2026-10-02T19:17:27+00:00,105.10358144063503,105.07803922519088,0.6305925467931875,105.78647456131876,103.43197407200933,108.42215595766902,100,123.6975114280358,118.85163839906454,119.63927934411913,107.53877164795995,3.503452714687834,4128.44873046875,cuda:0,NVIDIA A100-PCIE-40GB,535.288.01,1410.0,1320.0,1410.0,53.0,60.0,258.7,13.0,0,0,sw_power_cap,,,,,,True,2.3.1+cu121,2.3.0+cu121,8.4.153,raw/main/runs/eager_fp32/yolov8l/bs30__run4__20261002T191725_821045Z__ok.json,throttle sw_power_cap
main,eager_fp32,yolov8l,32,0,640,20261002T150732_479912Z,2026-10-02T15:07:33+00:00,113.3437215629965,113.27875219285488,0.4892895503729424,114.0483564697206,111.95255909115076,115.24982005357742,100,132.07335223909467,127.86802626214921,128.7386027397588,116.000219238922,3.541991298843641,4381.95947265625,cuda:0,NVIDIA A100-PCIE-40GB,535.288.01,1410.0,1335.0,1410.0,52.0,61.0,65.49,13.0,0,0,sw_power_cap,,,,,,True,2.3.1+cu121,2.3.0+cu121,8.4.153,raw/main/runs/eager_fp32/yolov8l/bs32__run0__20261002T150732_479912Z__ok.json,throttle sw_power_cap
main,eager_fp32,yolov8l,32,1,640,20261002T154602_766583Z,2026-10-02T15:46:04+00:00,113.06685356423259,113.03904186934233,0.46907400536224814,113.69093894027174,111.43340263515711,115.49687292426825,100,132.1612567687407,127.69142189063132,128.49581241607666,115.65703763626516,3.5333391738822684,4381.9599609375,cuda:0,NVIDIA A100-PCIE-40GB,535.288.01,645.0,1350.0,1410.0,47.0,58.0,64.2,13.0,0,0,sw_power_cap,,,,,,True,2.3.1+cu121,2.3.0+cu121,8.4.153,raw/main/runs/eager_fp32/yolov8l/bs32__run1__20261002T154602_766583Z__ok.json,throttle sw_power_cap
main,eager_fp32,yolov8l,32,2,640,20261002T171146_881827Z,2026-10-02T17:11:48+00:00,112.84903884399682,112.83484543673694,0.49635757559154114,113.4774501202628,111.0384939238429,115.44673517346382,100,133.8880537590012,127.5876509025693,128.635185607709,115.46711538918316,3.5265324638749007,4381.95947265625,cuda:0,NVIDIA A100-PCIE-40GB,535.288.01,495.0,1335.0,1410.0,44.0,56.0,150.38,13.0,0,0,sw_power_cap,,,,,,True,2.3.1+cu121,2.3.0+cu121,8.4.153,raw/main/runs/eager_fp32/yolov8l/bs32__run2__20261002T171146_881827Z__ok.json,throttle sw_power_cap
main,eager_fp32,yolov8l,32,3,640,20261002T173508_173239Z,2026-10-02T17:35:09+00:00,113.21271399967372,113.12804301269352,0.48759094635345895,113.74366057571024,111.24741518869996,115.23296311497688,100,133.75942194834352,127.74189654737711,128.65348446648568,115.78762974124402,3.537897312489804,4381.95947265625,cuda:0,NVIDIA A100-PCIE-40GB,535.288.01,330.0,1320.0,1410.0,48.0,59.0,259.25,13.0,0,0,sw_power_cap,,,,,,True,2.3.1+cu121,2.3.0+cu121,8.4.153,raw/main/runs/eager_fp32/yolov8l/bs32__run3__20261002T173508_173239Z__ok.json,throttle sw_power_cap
main,eager_fp32,yolov8l,32,4,640,20261002T184407_605143Z,2026-10-02T18:44:09+00:00,112.9959801165387,112.99353698268533,0.5174207661591973,113.76238116063178,111.21479282155633,115.33039016649127,100,132.2469228785485,127.66743800602853,128.39450382161885,115.63349151983857,3.5311243786418345,4381.95849609375,cuda:0,NVIDIA A100-PCIE-40GB,535.288.01,765.0,1320.0,1410.0,47.0,59.0,75.51,13.0,0,0,sw_power_cap,,,,,,True,2.3.1+cu121,2.3.0+cu121,8.4.153,raw/main/runs/eager_fp32/yolov8l/bs32__run4__20261002T184407_605143Z__ok.json,throttle sw_power_cap
main,eager_fp32,yolov8l,40,0,640,20261002T144857_573414Z,2026-10-02T14:48:58+00:00,141.87582541722804,141.8395354412496,0.6067132448190958,142.80014322139323,139.3200675956905,143.9725081436336,100,164.62814600206912,160.22037738002837,161.20012844912708,144.76908972952515,3.546895635430701,5032.24658203125,cuda:0,NVIDIA A100-PCIE-40GB,535.288.01,765.0,1335.0,1410.0,45.0,59.0,71.71,13.0,0,0,sw_power_cap,,,,,,True,2.3.1+cu121,2.3.0+cu121,8.4.153,raw/main/runs/eager_fp32/yolov8l/bs40__run0__20261002T144857_573414Z__ok.json,throttle sw_power_cap
main,eager_fp32,yolov8l,40,1,640,20261002T161928_014121Z,2026-10-02T16:19:29+00:00,141.93909466732293,141.8825169093907,0.6384794414556159,142.93664512224495,140.29311016201973,144.19353380799294,100,165.4614766035229,160.09162017144263,161.30753424949944,144.75450281053782,3.5484773666830733,5032.24609375,cuda:0,NVIDIA A100-PCIE-40GB,535.288.01,1410.0,1320.0,1410.0,47.0,59.0,245.56,13.0,0,0,sw_power_cap,,,,,,True,2.3.1+cu121,2.3.0+cu121,8.4.153,raw/main/runs/eager_fp32/yolov8l/bs40__run1__20261002T161928_014121Z__ok.json,throttle sw_power_cap
main,eager_fp32,yolov8l,40,2,640,20261002T165132_034340Z,2026-10-02T16:51:33+00:00,142.24962633103132,142.26653333753347,0.5934545882473145,142.97340435441583,140.49139991402626,144.1128859296441,100,164.71448277123272,160.41791951283813,161.72923382837325,145.00942966900766,3.556240658275783,5032.24658203125,cuda:0,NVIDIA A100-PCIE-40GB,535.288.01,765.0,1380.0,1410.0,49.0,60.0,65.7,13.0,0,0,sw_power_cap,,,,,,True,2.3.1+cu121,2.3.0+cu121,8.4.153,raw/main/runs/eager_fp32/yolov8l/bs40__run2__20261002T165132_034340Z__ok.json,throttle sw_power_cap
main,eager_fp32,yolov8l,40,3,640,20261002T181512_988139Z,2026-10-02T18:15:14+00:00,141.93660802673548,141.9399199075997,0.5865932328446885,142.73165508639067,140.3662348166108,144.57894675433636,100,164.72569868899882,160.22273083217442,161.06127693783492,144.74008061923087,3.548415200668387,5032.24560546875,cuda:0,NVIDIA A100-PCIE-40GB,535.288.01,765.0,1335.0,1410.0,46.0,59.0,247.83,13.0,0,0,sw_power_cap,,,,,,True,2.3.1+cu121,2.3.0+cu121,8.4.153,raw/main/runs/eager_fp32/yolov8l/bs40__run3__20261002T181512_988139Z__ok.json,throttle sw_power_cap
main,eager_fp32,yolov8l,40,4,640,20261002T184918_135691Z,2026-10-02T18:49:19+00:00,141.93133810535073,141.84313802979887,0.5977919696119248,142.86725600250065,140.39612095803022,144.21993913128972,100,165.7580039370805,160.00914759933949,161.17716217413545,144.73978809081018,3.5482834526337683,5032.24658203125,cuda:0,NVIDIA A100-PCIE-40GB,535.288.01,1410.0,1320.0,1410.0,47.0,59.0,60.65,13.0,0,0,sw_power_cap,,,,,,True,2.3.1+cu121,2.3.0+cu121,8.4.153,raw/main/runs/eager_fp32/yolov8l/bs40__run4__20261002T184918_135691Z__ok.json,throttle sw_power_cap
main,eager_fp32,yolov8l,48,0,640,20261002T150644_608695Z,2026-10-02T15:06:45+00:00,169.11912549752742,169.06368057243526,0.6636464686476672,170.04462773911655,167.90327988564968,172.47740365564823,100,195.87964676320553,191.12492795102298,192.25832750089467,172.4986725533381,3.523315114531821,5756.783203125,cuda:0,NVIDIA A100-PCIE-40GB,535.288.01,345.0,1320.0,1410.0,41.0,59.0,254.24,13.0,0,0,sw_power_cap,,,,,,True,2.3.1+cu121,2.3.0+cu121,8.4.153,raw/main/runs/eager_fp32/yolov8l/bs48__run0__20261002T150644_608695Z__ok.json,throttle sw_power_cap
main,eager_fp32,yolov8l,48,1,640,20261002T161634_495482Z,2026-10-02T16:16:35+00:00,169.18015217408538,169.2143464460969,0.8153991907657879,170.13263585977256,164.131925906986,172.46556608006358,100,196.20245253201574,191.0389920230955,191.9431840069592,172.58414370939136,3.5245865036267787,5756.783203125,cuda:0,NVIDIA A100-PCIE-40GB,535.288.01,345.0,1350.0,1410.0,45.0,60.0,123.72,13.0,0,0,sw_power_cap,,,,,,True,2.3.1+cu121,2.3.0+cu121,8.4.153,raw/main/runs/eager_fp32/yolov8l/bs48__run1__20261002T161634_495482Z__ok.json,throttle sw_power_cap
main,eager_fp32,yolov8l,48,2,640,20261002T165213_542073Z,2026-10-02T16:52:14+00:00,170.0539471162483,170.09605607017875,0.5481867653376011,170.70549936033785,166.9654012657702,172.38411400467157,100,197.21275340765715,192.08356901071966,192.74778706021607,173.47777829039842,3.5427905649218396,5756.78271484375,cuda:0,NVIDIA A100-PCIE-40GB,535.288.01,1410.0,1350.0,1410.0,54.0,63.0,252.28,13.0,0,0,sw_power_cap,,,,,,True,2.3.1+cu121,2.3.0+cu121,8.4.153,raw/main/runs/eager_fp32/yolov8l/bs48__run2__20261002T165213_542073Z__ok.json,throttle sw_power_cap
main,eager_fp32,yolov8l,48,3,640,20261002T180847_066253Z,2026-10-02T18:08:48+00:00,169.074100186117,169.07369485124946,0.5296437154856501,169.86062179785222,167.61199431493878,171.5586190111935,100,195.41868857108057,190.86312712170184,191.7478051269427,172.43128156289458,3.5223770872107707,5756.783203125,cuda:0,NVIDIA A100-PCIE-40GB,535.288.01,765.0,1320.0,1410.0,43.0,59.0,57.48,13.0,0,0,sw_power_cap,,,,,,True,2.3.1+cu121,2.3.0+cu121,8.4.153,raw/main/runs/eager_fp32/yolov8l/bs48__run3__20261002T180847_066253Z__ok.json,throttle sw_power_cap
main,eager_fp32,yolov8l,48,4,640,20261002T191637_950554Z,2026-10-02T19:16:39+00:00,169.13208236917853,169.10716006532311,0.6641696597595946,169.8327912017703,167.49767307192087,172.76450665667653,100,195.8775177039206,190.86781097576022,191.892285249196,172.64731548260897,3.523585049357886,5756.78369140625,cuda:0,NVIDIA A100-PCIE-40GB,535.288.01,765.0,1335.0,1410.0,45.0,60.0,114.73,13.0,0,0,sw_power_cap,,,,,,True,2.3.1+cu121,2.3.0+cu121,8.4.153,raw/main/runs/eager_fp32/yolov8l/bs48__run4__20261002T191637_950554Z__ok.json,throttle sw_power_cap
main,eager_fp32,yolov8l,56,0,640,20261002T145623_446390Z,2026-10-02T14:56:24+00:00,195.68572829011828,195.57919562794268,0.7013340759469645,197.03053985722363,194.20766970142722,198.4038450755179,100,226.08625224325806,221.3843585923314,222.99252387601882,199.60326799191535,3.4943880051806837,6396.57080078125,cuda:0,NVIDIA A100-PCIE-40GB,535.288.01,390.0,1320.0,1410.0,40.0,59.0,63.61,13.0,0,0,sw_power_cap,,,,,,True,2.3.1+cu121,2.3.0+cu121,8.4.153,raw/main/runs/eager_fp32/yolov8l/bs56__run0__20261002T145623_446390Z__ok.json,throttle sw_power_cap
main,eager_fp32,yolov8l,56,1,640,20261002T162820_502275Z,2026-10-02T16:28:21+00:00,195.7636249018833,195.69919747300446,0.7191943665484861,196.73699385020882,193.22189688682556,199.3328919634223,100,226.79695869330317,221.05504386126995,222.2245819400996,199.57207185216248,3.495779016105059,6396.57080078125,cuda:0,NVIDIA A100-PCIE-40GB,535.288.01,735.0,1305.0,1410.0,43.0,59.0,243.39,13.0,0,0,sw_power_cap,,,,,,True,2.3.1+cu121,2.3.0+cu121,8.4.153,raw/main/runs/eager_fp32/yolov8l/bs56__run1__20261002T162820_502275Z__ok.json,throttle sw_power_cap
main,eager_fp32,yolov8l,56,2,640,20261002T164244_724949Z,2026-10-02T16:42:46+00:00,196.0458368808031,196.05415174737573,0.7956610872664462,196.88506012316793,194.59970341995358,200.44340519234538,100,226.6785851167515,221.67875641025603,222.680576518178,199.9614366889,3.500818515728627,6396.5703125,cuda:0,NVIDIA A100-PCIE-40GB,535.288.01,675.0,1320.0,1410.0,46.0,61.0,82.92,13.0,0,0,sw_power_cap,,,,,,True,2.3.1+cu121,2.3.0+cu121,8.4.153,raw/main/runs/eager_fp32/yolov8l/bs56__run2__20261002T164244_724949Z__ok.json,throttle sw_power_cap
main,eager_fp32,yolov8l,56,3,640,20261002T180621_001963Z,2026-10-02T18:06:22+00:00,195.71572081185877,195.6114701461047,0.6111156576913068,196.734841610305,193.8931681215763,198.32206470891833,100,225.2152413316071,220.96558893099427,222.20711247064173,199.5062822010368,3.4949235859260495,6396.57080078125,cuda:0,NVIDIA A100-PCIE-40GB,535.288.01,765.0,1320.0,1410.0,42.0,59.0,234.42,13.0,0,0,sw_power_cap,,,,,,True,2.3.1+cu121,2.3.0+cu121,8.4.153,raw/main/runs/eager_fp32/yolov8l/bs56__run3__20261002T180621_001963Z__ok.json,throttle sw_power_cap
main,eager_fp32,yolov8l,56,4,640,20261002T192132_637694Z,2026-10-02T19:21:34+00:00,196.6586826601997,196.6479578986764,0.7897222998734008,197.58775874506682,195.1890829950571,199.75938322022557,100,226.4389348588884,222.17427706345916,223.3175955945626,200.24309061001986,3.511762190360709,6396.5712890625,cuda:0,NVIDIA A100-PCIE-40GB,535.288.01,765.0,1320.0,1410.0,49.0,63.0,257.9,13.0,0,0,sw_power_cap,,,,,,True,2.3.1+cu121,2.3.0+cu121,8.4.153,raw/main/runs/eager_fp32/yolov8l/bs56__run4__20261002T192132_637694Z__ok.json,throttle sw_power_cap
main,eager_fp32,yolov8l,64,0,640,20261002T142838_229318Z,2026-10-02T14:28:39+00:00,222.1921144379303,222.11585054174066,0.6488737229623813,223.145601619035,220.68888787180185,224.97388813644648,100,255.742846140638,251.12443044781685,252.3416361771524,225.87021632120013,3.4717517880926607,7267.8583984375,cuda:0,NVIDIA A100-PCIE-40GB,535.288.01,585.0,1320.0,1410.0,50.0,63.0,249.74,13.0,0,0,sw_power_cap,,,,,,True,2.3.1+cu121,2.3.0+cu121,8.4.153,raw/main/runs/eager_fp32/yolov8l/bs64__run0__20261002T142838_229318Z__ok.json,throttle sw_power_cap
main,eager_fp32,yolov8l,64,1,640,20261002T153045_373419Z,2026-10-02T15:30:46+00:00,221.64201802574098,221.57427202910185,0.8325958955416993,222.56645050365478,220.20288975909352,225.59788590297103,100,255.29931371100247,250.84842438809574,251.9662576727569,225.51770626101643,3.463156531652203,7267.85888671875,cuda:0,NVIDIA A100-PCIE-40GB,535.288.01,765.0,1320.0,1410.0,46.0,62.0,254.85,13.0,0,0,sw_power_cap,,,,,,True,2.3.1+cu121,2.3.0+cu121,8.4.153,raw/main/runs/eager_fp32/yolov8l/bs64__run1__20261002T153045_373419Z__ok.json,throttle sw_power_cap
main,eager_fp32,yolov8l,64,2,640,20261002T164525_683493Z,2026-10-02T16:45:27+00:00,221.9073419366032,221.78554604761302,0.6760056047111365,223.0503666214645,220.33439204096794,224.6224982663989,100,255.18323076423258,250.73945242911577,252.00530735310167,225.58135452214628,3.467302217759425,7267.8583984375,cuda:0,NVIDIA A100-PCIE-40GB,535.288.01,1410.0,1305.0,1410.0,48.0,62.0,83.03,13.0,0,0,sw_power_cap,,,,,,True,2.3.1+cu121,2.3.0+cu121,8.4.153,raw/main/runs/eager_fp32/yolov8l/bs64__run2__20261002T164525_683493Z__ok.json,throttle sw_power_cap
main,eager_fp32,yolov8l,64,3,640,20261002T182507_093495Z,2026-10-02T18:25:08+00:00,221.63435289636254,221.6124632395804,0.6642756000976717,222.59602083358914,220.1507892459631,223.63621043041348,100,254.98075004667044,250.64826174639165,251.82693682145327,225.37883325014263,3.4630367640056647,7267.8583984375,cuda:0,NVIDIA A100-PCIE-40GB,535.288.01,765.0,1350.0,1410.0,46.0,61.0,262.41,13.0,0,0,sw_power_cap,,,,,,True,2.3.1+cu121,2.3.0+cu121,8.4.153,raw/main/runs/eager_fp32/yolov8l/bs64__run3__20261002T182507_093495Z__ok.json,throttle sw_power_cap
main,eager_fp32,yolov8l,64,4,640,20261002T183952_149782Z,2026-10-02T18:39:53+00:00,221.40922320075333,221.34243557229638,0.8046110226567128,222.59498201310635,219.52025406062603,224.68241769820452,100,255.01789991743863,250.41668652556837,251.9273404730484,225.17800486646593,3.459519112511771,7267.85888671875,cuda:0,NVIDIA A100-PCIE-40GB,535.288.01,435.0,1335.0,1410.0,44.0,60.0,249.61,13.0,0,0,sw_power_cap,,,,,,True,2.3.1+cu121,2.3.0+cu121,8.4.153,raw/main/runs/eager_fp32/yolov8l/bs64__run4__20261002T183952_149782Z__ok.json,throttle sw_power_cap
main,eager_fp32,yolov8m,1,0,640,20261002T144939_030113Z,2026-10-02T14:49:40+00:00,6.618396989069879,6.603839574381709,0.0914017699410009,6.661372305825353,6.5227379091084,7.481792010366917,100,11.855400153435767,7.316144881770015,7.400057767517865,6.551235006190836,6.618396989069879,325.08203125,cuda:0,NVIDIA A100-PCIE-40GB,535.288.01,1410.0,1410.0,1410.0,52.0,53.0,156.8,13.0,0,0,,,,,,,True,2.3.1+cu121,2.3.0+cu121,8.4.153,raw/main/runs/eager_fp32/yolov8m/bs1__run0__20261002T144939_030113Z__ok.json,
main,eager_fp32,yolov8m,1,1,640,20261002T162441_297077Z,2026-10-02T16:24:42+00:00,6.566936196759343,6.552601000294089,0.10342075259557217,6.596821290440857,6.518811918795109,7.432880811393261,100,11.502540339715779,7.25365849211812,7.3011200642213225,6.504537933506072,6.566936196759343,325.08203125,cuda:0,NVIDIA A100-PCIE-40GB,535.288.01,525.0,1410.0,1410.0,43.0,46.0,153.04,13.0,0,0,,,,,,,True,2.3.1+cu121,2.3.0+cu121,8.4.153,raw/main/runs/eager_fp32/yolov8m/bs1__run1__20261002T162441_297077Z__ok.json,
main,eager_fp32,yolov8m,1,2,640,20261002T163251_228826Z,2026-10-02T16:32:52+00:00,6.5246502449736,6.507380632683635,0.119164004303152,6.543472898192704,6.46906066685915,7.346366997808218,100,11.818081941455603,7.208244642242789,7.254207041114569,6.470957710407674,6.5246502449736,325.08203125,cuda:0,NVIDIA A100-PCIE-40GB,535.288.01,510.0,1410.0,1410.0,47.0,49.0,157.52,13.0,0,0,,,,,,,True,2.3.1+cu121,2.3.0+cu121,8.4.153,raw/main/runs/eager_fp32/yolov8m/bs1__run2__20261002T163251_228826Z__ok.json,
main,eager_fp32,yolov8m,1,3,640,20261002T175634_864891Z,2026-10-02T17:56:36+00:00,6.6014393186196685,6.580098066478968,0.12830418465473264,6.6540691535919905,6.531316787004471,7.484042085707188,100,11.972366911359131,7.292394759133458,7.383188372477889,6.53860118240118,6.6014393186196685,325.08203125,cuda:0,NVIDIA A100-PCIE-40GB,535.288.01,765.0,1410.0,1410.0,43.0,45.0,62.71,13.0,0,0,,,,,,,True,2.3.1+cu121,2.3.0+cu121,8.4.153,raw/main/runs/eager_fp32/yolov8m/bs1__run3__20261002T175634_864891Z__ok.json,
main,eager_fp32,yolov8m,1,4,640,20261002T191246_947125Z,2026-10-02T19:12:48+00:00,6.580682387575507,6.561234127730131,0.11760537675122654,6.59161030780524,6.52954401448369,7.4404519982635975,100,12.285999855957925,7.267239969223738,7.3058562353253365,6.568607818335295,6.580682387575507,325.08203125,cuda:0,NVIDIA A100-PCIE-40GB,535.288.01,765.0,1410.0,1410.0,42.0,45.0,147.14,13.0,0,0,,,,,,,True,2.3.1+cu121,2.3.0+cu121,8.4.153,raw/main/runs/eager_fp32/yolov8m/bs1__run4__20261002T191246_947125Z__ok.json,
main,eager_fp32,yolov8m,2,0,640,20261002T145519_786487Z,2026-10-02T14:55:21+00:00,6.527392030693591,6.519194925203919,0.08200878460396853,6.549410265870392,6.486744154244661,7.3227412067353725,100,12.511006901040673,7.672007428482175,7.701813778840005,6.450613429769874,3.2636960153467953,385.94140625,cuda:0,NVIDIA A100-PCIE-40GB,535.288.01,765.0,1410.0,1410.0,43.0,49.0,252.73,13.0,0,0,sw_power_cap,,,,,,True,2.3.1+cu121,2.3.0+cu121,8.4.153,raw/main/runs/eager_fp32/yolov8m/bs2__run0__20261002T145519_786487Z__ok.json,throttle sw_power_cap
main,eager_fp32,yolov8m,2,1,640,20261002T160742_282827Z,2026-10-02T16:07:43+00:00,6.601608926430345,6.553672486916184,0.38858758627490747,6.595369125716388,6.511597894132137,10.347167029976845,100,12.637717914767563,7.706261472776532,7.757941889576614,6.476129628717899,3.3008044632151723,385.94140625,cuda:0,NVIDIA A100-PCIE-40GB,535.288.01,585.0,1395.0,1410.0,47.0,52.0,242.83,13.0,0,0,sw_power_cap,,,,,,True,2.3.1+cu121,2.3.0+cu121,8.4.153,raw/main/runs/eager_fp32/yolov8m/bs2__run1__20261002T160742_282827Z__ok.json,throttle sw_power_cap
main,eager_fp32,yolov8m,2,2,640,20261002T173235_234296Z,2026-10-02T17:32:36+00:00,6.624254211783409,6.575915962457657,0.39272175143250887,6.608072994276881,6.529415026307106,10.420334059745073,100,12.795821037143469,7.733341539278626,7.7809116104617715,6.524957772344351,3.3121271058917046,385.94140625,cuda:0,NVIDIA A100-PCIE-40GB,535.288.01,435.0,1395.0,1410.0,44.0,50.0,255.91,13.0,0,0,sw_power_cap,,,,,,True,2.3.1+cu121,2.3.0+cu121,8.4.153,raw/main/runs/eager_fp32/yolov8m/bs2__run2__20261002T173235_234296Z__ok.json,throttle sw_power_cap
main,eager_fp32,yolov8m,2,3,640,20261002T181750_190539Z,2026-10-02T18:17:51+00:00,6.630808347836137,6.6111714113503695,0.09327073718752645,6.705042952671647,6.555466912686825,7.46780913323164,100,12.791002658195794,7.7742040157318115,7.883367803879082,6.545622469857335,3.3154041739180684,385.94140625,cuda:0,NVIDIA A100-PCIE-40GB,535.288.01,1410.0,1395.0,1410.0,48.0,53.0,134.0,13.0,0,0,sw_power_cap,,,,,,True,2.3.1+cu121,2.3.0+cu121,8.4.153,raw/main/runs/eager_fp32/yolov8m/bs2__run3__20261002T181750_190539Z__ok.json,throttle sw_power_cap
main,eager_fp32,yolov8m,2,4,640,20261002T183547_922576Z,2026-10-02T18:35:49+00:00,6.645038118585944,6.598994601517916,0.3755607598737328,6.652665510773659,6.557974964380264,10.279002133756876,100,13.547835326753557,7.757144048810005,7.845449959859252,6.560326851904392,3.322519059292972,385.94140625,cuda:0,NVIDIA A100-PCIE-40GB,535.288.01,540.0,1395.0,1410.0,50.0,55.0,250.46,13.0,0,0,sw_power_cap,,,,,,True,2.3.1+cu121,2.3.0+cu121,8.4.153,raw/main/runs/eager_fp32/yolov8m/bs2__run4__20261002T183547_922576Z__ok.json,throttle sw_power_cap
main,eager_fp32,yolov8m,4,0,640,20261002T145528_322652Z,2026-10-02T14:55:29+00:00,9.696397418156266,9.70179121941328,0.05882581369949492,9.764579846523702,9.549031965434551,9.997996967285872,100,16.132316598668694,11.729607358574867,11.815772019326687,10.018550022505224,2.4240993545390666,616.3857421875,cuda:0,NVIDIA A100-PCIE-40GB,535.288.01,390.0,1380.0,1410.0,42.0,49.0,248.79,13.0,0,0,sw_power_cap,,,,,,True,2.3.1+cu121,2.3.0+cu121,8.4.153,raw/main/runs/eager_fp32/yolov8m/bs4__run0__20261002T145528_322652Z__ok.json,throttle sw_power_cap
main,eager_fp32,yolov8m,4,1,640,20261002T162715_415953Z,2026-10-02T16:27:16+00:00,9.644913119263947,9.649092564359307,0.06611722011872607,9.68547877855599,9.511320851743221,10.071104392409325,100,17.29879703372717,11.710045160725713,11.765349004417658,9.972779010422528,2.4112282798159868,616.38720703125,cuda:0,NVIDIA A100-PCIE-40GB,535.288.01,330.0,1380.0,1410.0,40.0,47.0,59.64,13.0,0,0,sw_power_cap,,,,,,True,2.3.1+cu121,2.3.0+cu121,8.4.153,raw/main/runs/eager_fp32/yolov8m/bs4__run1__20261002T162715_415953Z__ok.json,throttle sw_power_cap
main,eager_fp32,yolov8m,4,2,640,20261002T171720_547505Z,2026-10-02T17:17:21+00:00,9.741819994524121,9.747673757374287,0.07440691298133419,9.82194053940475,9.56775015220046,10.10466506704688,100,16.264908891171217,11.805731104686856,11.902822577394545,10.048830308951437,2.4354549986310303,616.38720703125,cuda:0,NVIDIA A100-PCIE-40GB,535.288.01,765.0,1380.0,1410.0,45.0,52.0,250.98,13.0,0,0,sw_power_cap,,,,,,True,2.3.1+cu121,2.3.0+cu121,8.4.153,raw/main/runs/eager_fp32/yolov8m/bs4__run2__20261002T171720_547505Z__ok.json,throttle sw_power_cap
main,eager_fp32,yolov8m,4,3,640,20261002T175011_775545Z,2026-10-02T17:50:13+00:00,9.723765566013753,9.731062920764089,0.0623901702454217,9.77596314623952,9.568761102855206,10.09991904720664,100,16.580174793489277,11.809153482317924,11.86944148503244,10.034788600169122,2.4309413915034384,616.38623046875,cuda:0,NVIDIA A100-PCIE-40GB,535.288.01,765.0,1380.0,1410.0,44.0,51.0,62.22,13.0,0,0,sw_power_cap,,,,,,True,2.3.1+cu121,2.3.0+cu121,8.4.153,raw/main/runs/eager_fp32/yolov8m/bs4__run3__20261002T175011_775545Z__ok.json,throttle sw_power_cap
main,eager_fp32,yolov8m,4,4,640,20261002T183728_315121Z,2026-10-02T18:37:29+00:00,9.702893365174532,9.699512273073196,0.13196957195238104,9.791745175607502,9.531066752970219,10.836717206984758,100,16.532218754291534,11.753426166251302,11.8531632469967,10.020976942032576,2.425723341293633,616.38720703125,cuda:0,NVIDIA A100-PCIE-40GB,535.288.01,1410.0,1380.0,1410.0,48.0,53.0,67.28,13.0,0,0,sw_power_cap,,,,,,True,2.3.1+cu121,2.3.0+cu121,8.4.153,raw/main/runs/eager_fp32/yolov8m/bs4__run4__20261002T183728_315121Z__ok.json,throttle sw_power_cap
main,eager_fp32,yolov8m,6,0,640,20261002T151453_977261Z,2026-10-02T15:14:55+00:00,15.249717668630183,15.27361199259758,0.1261158138520418,15.421683178283274,14.979681000113487,15.764856711030006,100,22.863919190131128,18.210363807156682,18.38124762289226,15.763478348962964,2.541619611438364,759.9658203125,cuda:0,NVIDIA A100-PCIE-40GB,535.288.01,1410.0,1365.0,1410.0,51.0,56.0,242.94,13.0,0,0,sw_power_cap,,,,,,True,2.3.1+cu121,2.3.0+cu121,8.4.153,raw/main/runs/eager_fp32/yolov8m/bs6__run0__20261002T151453_977261Z__ok.json,throttle sw_power_cap
main,eager_fp32,yolov8m,6,1,640,20261002T161249_040756Z,2026-10-02T16:12:50+00:00,15.211651823483407,15.196142951026559,0.20250562159155705,15.321918041445315,14.944293070584536,16.917184926569462,100,22.851911196485162,18.14978034235537,18.288181233219802,15.711992373690011,2.535275303913901,759.9658203125,cuda:0,NVIDIA A100-PCIE-40GB,535.288.01,450.0,1395.0,1410.0,44.0,51.0,82.31,13.0,0,0,sw_power_cap,,,,,,True,2.3.1+cu121,2.3.0+cu121,8.4.153,raw/main/runs/eager_fp32/yolov8m/bs6__run1__20261002T161249_040756Z__ok.json,throttle sw_power_cap
main,eager_fp32,yolov8m,6,2,640,20261002T171234_868016Z,2026-10-02T17:12:36+00:00,15.244193859398365,15.235788654536009,0.11560401293808409,15.42902085930109,14.999805949628353,15.694851987063885,100,23.196815876290202,18.202505307272077,18.40681869070977,15.75476089026779,2.5406989765663943,759.9658203125,cuda:0,NVIDIA A100-PCIE-40GB,535.288.01,555.0,1380.0,1410.0,48.0,54.0,253.87,13.0,0,0,sw_power_cap,,,,,,True,2.3.1+cu121,2.3.0+cu121,8.4.153,raw/main/runs/eager_fp32/yolov8m/bs6__run2__20261002T171234_868016Z__ok.json,throttle sw_power_cap
main,eager_fp32,yolov8m,6,3,640,20261002T173349_779569Z,2026-10-02T17:33:51+00:00,15.27211809065193,15.267242910340428,0.12549073762509488,15.455217473208904,14.992434997111559,15.776253771036863,100,24.051957866176963,18.252857960760593,18.412466649897397,15.761585179716347,2.5453530151086547,759.9658203125,cuda:0,NVIDIA A100-PCIE-40GB,535.288.01,765.0,1380.0,1410.0,48.0,54.0,108.99,13.0,0,0,sw_power_cap,,,,,,True,2.3.1+cu121,2.3.0+cu121,8.4.153,raw/main/runs/eager_fp32/yolov8m/bs6__run3__20261002T173349_779569Z__ok.json,throttle sw_power_cap
main,eager_fp32,yolov8m,6,4,640,20261002T185357_559769Z,2026-10-02T18:53:58+00:00,15.190868605859578,15.176835935562849,0.1273728933286155,15.394335519522429,14.941010624170303,15.709218103438616,100,23.16852246876806,18.093277234584093,18.330027000047266,15.677694431506097,2.5318114343099296,759.9658203125,cuda:0,NVIDIA A100-PCIE-40GB,535.288.01,765.0,1380.0,1410.0,45.0,52.0,248.16,13.0,0,0,sw_power_cap,,,,,,True,2.3.1+cu121,2.3.0+cu121,8.4.153,raw/main/runs/eager_fp32/yolov8m/bs6__run4__20261002T185357_559769Z__ok.json,throttle sw_power_cap
main,eager_fp32,yolov8m,8,0,640,20261002T151950_152646Z,2026-10-02T15:19:51+00:00,19.138958603143692,19.17496044188738,0.2564320409584492,19.458018126897514,18.627420999109745,19.985046237707138,100,27.60386876296252,23.0461189057678,23.317724792286754,19.90871862974018,2.3923698253929615,877.302734375,cuda:0,NVIDIA A100-PCIE-40GB,535.288.01,765.0,1365.0,1410.0,49.0,56.0,257.02,13.0,0,0,sw_power_cap,,,,,,True,2.3.1+cu121,2.3.0+cu121,8.4.153,raw/main/runs/eager_fp32/yolov8m/bs8__run0__20261002T151950_152646Z__ok.json,throttle sw_power_cap
main,eager_fp32,yolov8m,8,1,640,20261002T153825_505075Z,2026-10-02T15:38:26+00:00,19.127444229088724,19.15675518102944,0.22389435078477052,19.436761527322233,18.51031882688403,19.69841867685318,100,27.984097977168858,23.004238726571202,23.318417579866946,19.834355399943888,2.3909305286360905,877.302734375,cuda:0,NVIDIA A100-PCIE-40GB,535.288.01,765.0,1380.0,1410.0,45.0,52.0,250.91,13.0,0,0,sw_power_cap,,,,,,True,2.3.1+cu121,2.3.0+cu121,8.4.153,raw/main/runs/eager_fp32/yolov8m/bs8__run1__20261002T153825_505075Z__ok.json,throttle sw_power_cap
main,eager_fp32,yolov8m,8,2,640,20261002T163918_632416Z,2026-10-02T16:39:19+00:00,19.09461509436369,19.177537644281983,0.23338135037863098,19.395505310967565,18.506010994315147,19.873832818120718,100,27.88088773842901,23.037733044475317,23.261031950823963,19.836605712771416,2.386826886795461,877.302734375,cuda:0,NVIDIA A100-PCIE-40GB,535.288.01,465.0,1365.0,1410.0,43.0,51.0,221.16,13.0,0,0,sw_power_cap,,,,,,True,2.3.1+cu121,2.3.0+cu121,8.4.153,raw/main/runs/eager_fp32/yolov8m/bs8__run2__20261002T163918_632416Z__ok.json,throttle sw_power_cap
main,eager_fp32,yolov8m,8,3,640,20261002T174910_409652Z,2026-10-02T17:49:11+00:00,19.153543864376843,19.19509586878121,0.26061305902365467,19.4216187344864,18.622382078319788,20.370727870613337,100,27.18545855488628,23.10333796776831,23.326606396585703,19.89153611008078,2.3941929830471054,877.302734375,cuda:0,NVIDIA A100-PCIE-40GB,535.288.01,480.0,1365.0,1410.0,47.0,54.0,250.23,13.0,0,0,sw_power_cap,,,,,,True,2.3.1+cu121,2.3.0+cu121,8.4.153,raw/main/runs/eager_fp32/yolov8m/bs8__run3__20261002T174910_409652Z__ok.json,throttle sw_power_cap
main,eager_fp32,yolov8m,8,4,640,20261002T192530_975404Z,2026-10-02T19:25:32+00:00,19.029692257754505,19.02304752729833,0.2402046065026311,19.36905994080007,18.53753672912717,19.66431876644492,100,27.3197651701048,22.875205613672733,23.221164010465145,19.78574434760958,2.378711532219313,877.302734375,cuda:0,NVIDIA A100-PCIE-40GB,535.288.01,765.0,1365.0,1410.0,42.0,49.0,205.96,13.0,0,0,sw_power_cap,,,,,,True,2.3.1+cu121,2.3.0+cu121,8.4.153,raw/main/runs/eager_fp32/yolov8m/bs8__run4__20261002T192530_975404Z__ok.json,throttle sw_power_cap
main,eager_fp32,yolov8m,10,0,640,20261002T145459_409969Z,2026-10-02T14:55:00+00:00,23.159071151167154,23.176331538707018,0.21530718819989822,23.459707968868315,22.563976235687733,23.981734178960323,100,32.47643502894789,27.919559506699443,28.220794326625764,23.96550011821091,2.3159071151167154,1065.5869140625,cuda:0,NVIDIA A100-PCIE-40GB,535.288.01,795.0,1365.0,1410.0,44.0,52.0,156.8,13.0,0,0,sw_power_cap,,,,,,True,2.3.1+cu121,2.3.0+cu121,8.4.153,raw/main/runs/eager_fp32/yolov8m/bs10__run0__20261002T145459_409969Z__ok.json,throttle sw_power_cap
main,eager_fp32,yolov8m,10,1,640,20261002T161816_494998Z,2026-10-02T16:18:17+00:00,23.125619627535343,23.158381693065166,0.2139617491990103,23.45473738387227,22.738486994057894,23.824437987059355,100,32.18701531179249,27.932613622397184,28.320633643306792,23.950418080203235,2.3125619627535343,1065.58642578125,cuda:0,NVIDIA A100-PCIE-40GB,535.288.01,405.0,1380.0,1410.0,45.0,53.0,126.16,13.0,0,0,sw_power_cap,,,,,,True,2.3.1+cu121,2.3.0+cu121,8.4.153,raw/main/runs/eager_fp32/yolov8m/bs10__run1__20261002T161816_494998Z__ok.json,throttle sw_power_cap
main,eager_fp32,yolov8m,10,2,640,20261002T164756_532282Z,2026-10-02T16:47:57+00:00,23.2211578451097,23.24812556616962,0.2240479911251653,23.590097832493484,22.808285895735025,24.089619982987642,100,32.522387728095055,27.9782481957227,28.381989197805524,24.033723659813404,2.32211578451097,1065.58740234375,cuda:0,NVIDIA A100-PCIE-40GB,535.288.01,465.0,1380.0,1410.0,47.0,54.0,101.75,13.0,0,0,sw_power_cap,,,,,,True,2.3.1+cu121,2.3.0+cu121,8.4.153,raw/main/runs/eager_fp32/yolov8m/bs10__run2__20261002T164756_532282Z__ok.json,throttle sw_power_cap
main,eager_fp32,yolov8m,10,3,640,20261002T174409_830401Z,2026-10-02T17:44:11+00:00,23.193036140874028,23.234189487993717,0.2125159552083152,23.495678859762847,22.64551119878888,23.856488056480885,100,32.28720369748771,27.95700589194894,28.272805572487414,24.019292523153126,2.319303614087403,1065.5869140625,cuda:0,NVIDIA A100-PCIE-40GB,535.288.01,765.0,1365.0,1410.0,47.0,55.0,93.85,13.0,0,0,sw_power_cap,,,,,,True,2.3.1+cu121,2.3.0+cu121,8.4.153,raw/main/runs/eager_fp32/yolov8m/bs10__run3__20261002T174409_830401Z__ok.json,throttle sw_power_cap
main,eager_fp32,yolov8m,10,4,640,20261002T190812_373710Z,2026-10-02T19:08:13+00:00,23.122997940517962,23.129481356590986,0.22646956993523948,23.43294054735452,22.440600208938122,23.801812902092934,100,32.30015173088759,27.853346662595868,28.189588524401188,23.887673360295594,2.312299794051796,1065.58642578125,cuda:0,NVIDIA A100-PCIE-40GB,535.288.01,450.0,1380.0,1410.0,43.0,51.0,251.4,13.0,0,0,sw_power_cap,,,,,,True,2.3.1+cu121,2.3.0+cu121,8.4.153,raw/main/runs/eager_fp32/yolov8m/bs10__run4__20261002T190812_373710Z__ok.json,throttle sw_power_cap
main,eager_fp32,yolov8m,12,0,640,20261002T145948_754264Z,2026-10-02T14:59:50+00:00,27.43704012595117,27.42573502473533,0.2823277751786571,27.919795201160014,26.617683935910463,28.439491987228394,100,38.0026641022414,32.91946044191718,33.51059504784644,28.334699422121048,2.286420010495931,1261.966796875,cuda:0,NVIDIA A100-PCIE-40GB,535.288.01,765.0,1350.0,1410.0,44.0,52.0,90.55,13.0,0,0,sw_power_cap,,,,,,True,2.3.1+cu121,2.3.0+cu121,8.4.153,raw/main/runs/eager_fp32/yolov8m/bs12__run0__20261002T145948_754264Z__ok.json,throttle sw_power_cap
main,eager_fp32,yolov8m,12,1,640,20261002T160147_163307Z,2026-10-02T16:01:48+00:00,27.521763504482806,27.482280042022467,0.2716624720722456,27.955429535359144,26.58375119790435,28.331737965345383,100,38.17949033342302,33.1229695584625,33.68428535759449,28.468957766890526,2.293480292040234,1261.966796875,cuda:0,NVIDIA A100-PCIE-40GB,535.288.01,540.0,1350.0,1410.0,49.0,55.0,167.62,13.0,0,0,sw_power_cap,,,,,,True,2.3.1+cu121,2.3.0+cu121,8.4.153,raw/main/runs/eager_fp32/yolov8m/bs12__run1__20261002T160147_163307Z__ok.json,throttle sw_power_cap
main,eager_fp32,yolov8m,12,2,640,20261002T163120_084638Z,2026-10-02T16:31:21+00:00,27.427625372074544,27.38830354064703,0.32473541259369826,27.852359344251454,26.53701836243272,29.176410287618637,100,38.851003190502524,33.04834757000208,33.56896305922419,28.331356239505112,2.285635447672879,1261.966796875,cuda:0,NVIDIA A100-PCIE-40GB,535.288.01,765.0,1380.0,1410.0,42.0,50.0,101.7,13.0,0,0,sw_power_cap,,,,,,True,2.3.1+cu121,2.3.0+cu121,8.4.153,raw/main/runs/eager_fp32/yolov8m/bs12__run2__20261002T163120_084638Z__ok.json,throttle sw_power_cap
main,eager_fp32,yolov8m,12,3,640,20261002T173733_337220Z,2026-10-02T17:37:34+00:00,27.556195938959718,27.464395156130195,0.2853608589006425,28.01274680532515,26.72300534322858,28.51990796625614,100,37.8643096331507,33.14865892753005,33.730494836345315,28.506269101053476,2.2963496615799763,1261.966796875,cuda:0,NVIDIA A100-PCIE-40GB,535.288.01,510.0,1350.0,1410.0,51.0,58.0,243.69,13.0,0,0,sw_power_cap,,,,,,True,2.3.1+cu121,2.3.0+cu121,8.4.153,raw/main/runs/eager_fp32/yolov8m/bs12__run3__20261002T173733_337220Z__ok.json,throttle sw_power_cap
main,eager_fp32,yolov8m,12,4,640,20261002T193010_992120Z,2026-10-02T19:30:12+00:00,27.448936034925282,27.404736960306764,0.259385291002907,27.839441341347992,26.718454901129007,28.21952011436224,100,37.53169056028128,33.03027991205454,33.518309821374714,28.377490187995136,2.2874113362437734,1261.96728515625,cuda:0,NVIDIA A100-PCIE-40GB,535.288.01,765.0,1365.0,1410.0,44.0,52.0,132.8,13.0,0,0,sw_power_cap,,,,,,True,2.3.1+cu121,2.3.0+cu121,8.4.153,raw/main/runs/eager_fp32/yolov8m/bs12__run4__20261002T193010_992120Z__ok.json,throttle sw_power_cap
main,eager_fp32,yolov8m,14,0,640,20261002T151621_127208Z,2026-10-02T15:16:22+00:00,32.74504373781383,32.76106505654752,0.33242460966364606,33.282910962589085,31.812993343919516,33.693559002131224,100,43.837940278463066,39.40118779428303,39.9134909035638,33.679046500474215,2.3389316955581307,1718.64599609375,cuda:0,NVIDIA A100-PCIE-40GB,535.288.01,765.0,1365.0,1410.0,46.0,54.0,254.27,13.0,0,0,sw_power_cap,,,,,,True,2.3.1+cu121,2.3.0+cu121,8.4.153,raw/main/runs/eager_fp32/yolov8m/bs14__run0__20261002T151621_127208Z__ok.json,throttle sw_power_cap
main,eager_fp32,yolov8m,14,1,640,20261002T153029_972933Z,2026-10-02T15:30:31+00:00,32.74197976104915,32.67283318564296,0.3573756648133952,33.384750434197485,31.780147925019264,33.68356358259916,100,44.01001194957644,39.25794060342014,39.96331123635173,33.7200980912894,2.3387128400749395,1718.64501953125,cuda:0,NVIDIA A100-PCIE-40GB,535.288.01,555.0,1350.0,1410.0,45.0,53.0,90.53,13.0,0,0,sw_power_cap,,,,,,True,2.3.1+cu121,2.3.0+cu121,8.4.153,raw/main/runs/eager_fp32/yolov8m/bs14__run1__20261002T153029_972933Z__ok.json,throttle sw_power_cap
main,eager_fp32,yolov8m,14,2,640,20261002T165941_328558Z,2026-10-02T16:59:42+00:00,32.84172408748418,32.863013446331024,0.33847338282597556,33.35089357569814,31.781937927007675,33.51707896217704,100,44.06148688867688,39.36370415613055,39.89879572764039,33.79324018023908,2.345837434820299,1718.64404296875,cuda:0,NVIDIA A100-PCIE-40GB,535.288.01,1410.0,1350.0,1410.0,50.0,56.0,61.03,13.0,0,0,sw_power_cap,,,,,,True,2.3.1+cu121,2.3.0+cu121,8.4.153,raw/main/runs/eager_fp32/yolov8m/bs14__run2__20261002T165941_328558Z__ok.json,throttle sw_power_cap
main,eager_fp32,yolov8m,14,3,640,20261002T182826_039764Z,2026-10-02T18:28:27+00:00,32.78175369370729,32.77839906513691,0.3538391430254094,33.33859769627452,31.746817287057638,33.87648891657591,100,44.255054290406406,39.255585288628936,39.86728840973228,33.753545810468495,2.3415538352648064,1718.6455078125,cuda:0,NVIDIA A100-PCIE-40GB,535.288.01,465.0,1380.0,1410.0,50.0,56.0,250.77,13.0,0,0,sw_power_cap,,,,,,True,2.3.1+cu121,2.3.0+cu121,8.4.153,raw/main/runs/eager_fp32/yolov8m/bs14__run3__20261002T182826_039764Z__ok.json,throttle sw_power_cap
main,eager_fp32,yolov8m,14,4,640,20261002T190440_039425Z,2026-10-02T19:04:41+00:00,32.66358660068363,32.67383202910423,0.3016970779311777,33.054020116105676,31.728907022625208,33.39599724858999,100,43.56479695532471,39.107948541641235,39.69938529189676,33.62007000949234,2.3331133286202594,1718.6455078125,cuda:0,NVIDIA A100-PCIE-40GB,535.288.01,330.0,1365.0,1410.0,40.0,50.0,249.23,13.0,0,0,sw_power_cap,,,,,,True,2.3.1+cu121,2.3.0+cu121,8.4.153,raw/main/runs/eager_fp32/yolov8m/bs14__run4__20261002T190440_039425Z__ok.json,throttle sw_power_cap
main,eager_fp32,yolov8m,16,0,640,20261002T145125_133827Z,2026-10-02T14:51:26+00:00,36.32926459889859,36.2289238255471,0.43491129480344487,36.82430267799646,35.1644610054791,39.053629618138075,100,49.01460070628673,43.67071413435042,44.379312777891755,37.51268825959414,2.270579037431162,1650.8447265625,cuda:0,NVIDIA A100-PCIE-40GB,535.288.01,540.0,1380.0,1410.0,49.0,57.0,253.96,13.0,0,0,sw_power_cap,,,,,,True,2.3.1+cu121,2.3.0+cu121,8.4.153,raw/main/runs/eager_fp32/yolov8m/bs16__run0__20261002T145125_133827Z__ok.json,throttle sw_power_cap
main,eager_fp32,yolov8m,16,1,640,20261002T153248_709827Z,2026-10-02T15:32:50+00:00,36.26197683624923,36.21424292214215,0.33066844576578275,36.75286055076867,35.11892398819327,37.570650689303875,100,48.26627593487501,43.56987518258393,44.188172556459904,37.4328499706462,2.266373552265577,1650.84521484375,cuda:0,NVIDIA A100-PCIE-40GB,535.288.01,525.0,1365.0,1410.0,45.0,54.0,64.9,13.0,0,0,sw_power_cap,,,,,,True,2.3.1+cu121,2.3.0+cu121,8.4.153,raw/main/runs/eager_fp32/yolov8m/bs16__run1__20261002T153248_709827Z__ok.json,throttle sw_power_cap
main,eager_fp32,yolov8m,16,2,640,20261002T165615_454475Z,2026-10-02T16:56:16+00:00,36.24355385545641,36.180810537189245,0.31494569315413484,36.785689601674676,35.0851621478796,37.253952119499445,100,48.67639280855656,43.695746921002865,44.3271626252681,37.381361527368426,2.2652221159660257,1650.84521484375,cuda:0,NVIDIA A100-PCIE-40GB,535.288.01,765.0,1365.0,1410.0,43.0,52.0,243.62,13.0,0,0,sw_power_cap,,,,,,True,2.3.1+cu121,2.3.0+cu121,8.4.153,raw/main/runs/eager_fp32/yolov8m/bs16__run2__20261002T165615_454475Z__ok.json,throttle sw_power_cap
main,eager_fp32,yolov8m,16,3,640,20261002T175844_792057Z,2026-10-02T17:58:46+00:00,36.297159171663225,36.2533163279295,0.31755307531986365,36.81709861848503,35.18049884587526,37.389881908893585,100,47.98589945305139,43.56434987857938,44.299639808014035,37.44659580755979,2.2685724482289515,1650.84423828125,cuda:0,NVIDIA A100-PCIE-40GB,535.288.01,465.0,1350.0,1410.0,46.0,54.0,143.05,13.0,0,0,sw_power_cap,,,,,,True,2.3.1+cu121,2.3.0+cu121,8.4.153,raw/main/runs/eager_fp32/yolov8m/bs16__run3__20261002T175844_792057Z__ok.json,throttle sw_power_cap
main,eager_fp32,yolov8m,16,4,640,20261002T191026_738220Z,2026-10-02T19:10:28+00:00,36.15463360212743,36.1126393545419,0.297765969716051,36.65735740214586,35.044393967837095,37.331047002226114,100,48.11391848139465,43.469783617183566,44.04910549055785,37.42779512889683,2.2596646001329646,1650.84619140625,cuda:0,NVIDIA A100-PCIE-40GB,535.288.01,765.0,1350.0,1410.0,43.0,51.0,84.71,13.0,0,0,sw_power_cap,,,,,,True,2.3.1+cu121,2.3.0+cu121,8.4.153,raw/main/runs/eager_fp32/yolov8m/bs16__run4__20261002T191026_738220Z__ok.json,throttle sw_power_cap
main,eager_fp32,yolov8m,18,0,640,20261002T151551_631757Z,2026-10-02T15:15:52+00:00,40.646066945046186,40.59330862946808,0.35898760260946083,41.21256582438946,39.40202109515667,42.016691993921995,100,53.96401265170425,48.99374605156481,49.644568003714085,41.96132651064545,2.2581148302803435,1840.2216796875,cuda:0,NVIDIA A100-PCIE-40GB,535.288.01,480.0,1350.0,1410.0,45.0,54.0,61.15,13.0,0,0,sw_power_cap,,,,,,True,2.3.1+cu121,2.3.0+cu121,8.4.153,raw/main/runs/eager_fp32/yolov8m/bs18__run0__20261002T151551_631757Z__ok.json,throttle sw_power_cap
main,eager_fp32,yolov8m,18,1,640,20261002T162803_048026Z,2026-10-02T16:28:04+00:00,40.5312740476802,40.518092922866344,0.3461444016413572,41.10867416020483,39.41911179572344,41.624820325523615,100,53.44728535506874,48.86838118545711,49.45051211398095,41.8047647504136,2.2517374470933444,1840.2216796875,cuda:0,NVIDIA A100-PCIE-40GB,535.288.01,765.0,1350.0,1410.0,40.0,50.0,250.28,13.0,0,0,sw_power_cap,,,,,,True,2.3.1+cu121,2.3.0+cu121,8.4.153,raw/main/runs/eager_fp32/yolov8m/bs18__run1__20261002T162803_048026Z__ok.json,throttle sw_power_cap
main,eager_fp32,yolov8m,18,2,640,20261002T172609_806334Z,2026-10-02T17:26:11+00:00,40.810919562354684,40.74530955404043,0.5537099345194958,41.28685111645609,39.673374965786934,44.89613696932793,100,53.8743040477857,49.12503948435187,49.7466009343043,42.11762092076242,2.267273309019705,1840.2216796875,cuda:0,NVIDIA A100-PCIE-40GB,535.288.01,765.0,1350.0,1410.0,50.0,57.0,253.66,13.0,0,0,sw_power_cap,,,,,,True,2.3.1+cu121,2.3.0+cu121,8.4.153,raw/main/runs/eager_fp32/yolov8m/bs18__run2__20261002T172609_806334Z__ok.json,throttle sw_power_cap
main,eager_fp32,yolov8m,18,3,640,20261002T175446_881277Z,2026-10-02T17:54:48+00:00,40.676917657256126,40.64529715105891,0.35874271781776373,41.20419821701944,39.5438801497221,42.015766724944115,100,53.81501002702862,48.91117010265589,49.632232380099595,41.97157447692007,2.2598287587364516,1840.22265625,cuda:0,NVIDIA A100-PCIE-40GB,535.288.01,765.0,1365.0,1410.0,45.0,53.0,142.87,13.0,0,0,sw_power_cap,,,,,,True,2.3.1+cu121,2.3.0+cu121,8.4.153,raw/main/runs/eager_fp32/yolov8m/bs18__run3__20261002T175446_881277Z__ok.json,throttle sw_power_cap
main,eager_fp32,yolov8m,18,4,640,20261002T184101_381146Z,2026-10-02T18:41:02+00:00,40.73840999044478,40.721028577536345,0.36723815390354997,41.27017960418016,39.26693694666028,41.82009818032384,100,54.827254372648895,49.10505213774741,49.644427793100476,42.1016484266147,2.2632449994691544,1840.22216796875,cuda:0,NVIDIA A100-PCIE-40GB,535.288.01,765.0,1350.0,1410.0,50.0,58.0,250.98,13.0,0,0,sw_power_cap,,,,,,True,2.3.1+cu121,2.3.0+cu121,8.4.153,raw/main/runs/eager_fp32/yolov8m/bs18__run4__20261002T184101_381146Z__ok.json,throttle sw_power_cap
main,eager_fp32,yolov8m,20,0,640,20261002T144108_949137Z,2026-10-02T14:41:10+00:00,44.88061513286084,44.94636761955917,0.34991095172184367,45.434928382746875,43.503661174327135,45.99817795678973,100,58.870928403921425,54.11812220700085,54.75219371728599,46.360113536939025,2.244030756643042,2032.8173828125,cuda:0,NVIDIA A100-PCIE-40GB,535.288.01,1410.0,1365.0,1410.0,53.0,59.0,65.7,13.0,0,0,sw_power_cap,,,,,,True,2.3.1+cu121,2.3.0+cu121,8.4.153,raw/main/runs/eager_fp32/yolov8m/bs20__run0__20261002T144108_949137Z__ok.json,throttle sw_power_cap
main,eager_fp32,yolov8m,20,1,640,20261002T162328_447133Z,2026-10-02T16:23:29+00:00,44.73527961876243,44.731488451361656,0.33990572164329874,45.2983133494854,43.49138494580984,45.87843921035528,100,58.718369379639626,54.040093906223774,54.664676962420344,46.16936617996544,2.2367639809381217,2032.8173828125,cuda:0,NVIDIA A100-PCIE-40GB,535.288.01,330.0,1350.0,1410.0,48.0,56.0,249.21,13.0,0,0,sw_power_cap,,,,,,True,2.3.1+cu121,2.3.0+cu121,8.4.153,raw/main/runs/eager_fp32/yolov8m/bs20__run1__20261002T162328_447133Z__ok.json,throttle sw_power_cap
main,eager_fp32,yolov8m,20,2,640,20261002T173002_541448Z,2026-10-02T17:30:03+00:00,44.68542501796037,44.61889946833253,0.42045267464001396,45.4167217714712,43.47070399671793,46.059101819992065,100,58.99567986372858,53.77360666170716,54.668533825315535,46.0841970006004,2.2342712508980185,2032.8173828125,cuda:0,NVIDIA A100-PCIE-40GB,535.288.01,765.0,1350.0,1410.0,44.0,53.0,245.18,13.0,0,0,sw_power_cap,,,,,,True,2.3.1+cu121,2.3.0+cu121,8.4.153,raw/main/runs/eager_fp32/yolov8m/bs20__run2__20261002T173002_541448Z__ok.json,throttle sw_power_cap
main,eager_fp32,yolov8m,20,3,640,20261002T182640_171333Z,2026-10-02T18:26:41+00:00,44.87591779790819,44.82840746641159,0.3866901335637849,45.45351346023381,43.3364138007164,46.220945194363594,100,59.79942264966667,54.04224595986307,54.77986712940037,46.37418935075402,2.2437958898954093,2032.81689453125,cuda:0,NVIDIA A100-PCIE-40GB,535.288.01,765.0,1350.0,1410.0,54.0,60.0,253.21,13.0,0,0,sw_power_cap,,,,,,True,2.3.1+cu121,2.3.0+cu121,8.4.153,raw/main/runs/eager_fp32/yolov8m/bs20__run3__20261002T182640_171333Z__ok.json,throttle sw_power_cap
main,eager_fp32,yolov8m,20,4,640,20261002T193544_636544Z,2026-10-02T19:35:45+00:00,44.7526979772374,44.69728353433311,0.3934971357293583,45.33770130947232,43.93341578543186,45.91323621571064,100,58.56877200305462,53.93798812292516,54.682121286168694,46.21601131744683,2.23763489886187,2032.8173828125,cuda:0,NVIDIA A100-PCIE-40GB,535.288.01,645.0,1350.0,1410.0,49.0,56.0,247.86,13.0,0,0,sw_power_cap,,,,,,True,2.3.1+cu121,2.3.0+cu121,8.4.153,raw/main/runs/eager_fp32/yolov8m/bs20__run4__20261002T193544_636544Z__ok.json,throttle sw_power_cap
main,eager_fp32,yolov8m,22,0,640,20261002T145048_769118Z,2026-10-02T14:50:50+00:00,50.26729966048151,50.321741960942745,0.468661820695648,50.771140051074326,48.58217993751168,52.22727591171861,100,65.21892263088375,60.51530037075281,61.08775516040623,51.65140487719327,2.2848772572946143,2356.169921875,cuda:0,NVIDIA A100-PCIE-40GB,535.288.01,765.0,1350.0,1410.0,47.0,56.0,245.79,13.0,0,0,sw_power_cap,,,,,,True,2.3.1+cu121,2.3.0+cu121,8.4.153,raw/main/runs/eager_fp32/yolov8m/bs22__run0__20261002T145048_769118Z__ok.json,throttle sw_power_cap
main,eager_fp32,yolov8m,22,1,640,20261002T155105_844990Z,2026-10-02T15:51:07+00:00,50.377645920962095,50.516713643446565,0.4586781682354622,50.79558582510799,48.57498174533248,52.208500914275646,100,64.8992369370535,60.66063302569091,61.10885292291641,51.722990898415446,2.2898929964073678,2356.169921875,cuda:0,NVIDIA A100-PCIE-40GB,535.288.01,330.0,1350.0,1410.0,48.0,57.0,251.9,13.0,0,0,sw_power_cap,,,,,,True,2.3.1+cu121,2.3.0+cu121,8.4.153,raw/main/runs/eager_fp32/yolov8m/bs22__run1__20261002T155105_844990Z__ok.json,throttle sw_power_cap
main,eager_fp32,yolov8m,22,2,640,20261002T163949_883910Z,2026-10-02T16:39:51+00:00,50.234249350614846,50.30385358259082,0.4163266977884128,50.730520440265536,48.63288905471563,51.704131066799164,100,65.81885244231671,60.31458009965718,61.002552788704634,51.58864059019834,2.283374970482493,2356.17041015625,cuda:0,NVIDIA A100-PCIE-40GB,535.288.01,765.0,1365.0,1410.0,45.0,54.0,60.94,13.0,0,0,sw_power_cap,,,,,,True,2.3.1+cu121,2.3.0+cu121,8.4.153,raw/main/runs/eager_fp32/yolov8m/bs22__run2__20261002T163949_883910Z__ok.json,throttle sw_power_cap
main,eager_fp32,yolov8m,22,3,640,20261002T174542_762254Z,2026-10-02T17:45:44+00:00,50.106685985811055,50.1278096344322,0.4575074893655374,50.85662119090557,48.55342581868172,51.69550236314535,100,65.25263397954404,60.197364538908005,61.021099565550685,51.58375515136868,2.277576635718684,2356.169921875,cuda:0,NVIDIA A100-PCIE-40GB,535.288.01,765.0,1350.0,1410.0,45.0,54.0,248.46,13.0,0,0,sw_power_cap,,,,,,True,2.3.1+cu121,2.3.0+cu121,8.4.153,raw/main/runs/eager_fp32/yolov8m/bs22__run3__20261002T174542_762254Z__ok.json,throttle sw_power_cap
main,eager_fp32,yolov8m,22,4,640,20261002T183515_270831Z,2026-10-02T18:35:16+00:00,50.41825090069324,50.51383259706199,0.48012838320589013,50.9975372813642,48.1448033824563,51.78037006407976,100,65.08421529550105,60.73066825047135,61.29570466000587,51.82060257997364,2.291738677304238,2356.17041015625,cuda:0,NVIDIA A100-PCIE-40GB,535.288.01,1410.0,1350.0,1410.0,53.0,59.0,107.98,13.0,0,0,sw_power_cap,,,,,,True,2.3.1+cu121,2.3.0+cu121,8.4.153,raw/main/runs/eager_fp32/yolov8m/bs22__run4__20261002T183515_270831Z__ok.json,throttle sw_power_cap
main,eager_fp32,yolov8m,24,0,640,20261002T142705_702659Z,2026-10-02T14:27:07+00:00,55.194239085540175,55.14900665730238,0.4601093339659542,55.9514980064705,53.91556676477194,57.435254100710154,100,70.9844018984586,66.26497604884207,67.12074871174991,56.86833002604544,2.2997599618975073,2546.13232421875,cuda:0,NVIDIA A100-PCIE-40GB,535.288.01,765.0,1350.0,1410.0,48.0,56.0,238.5,13.0,0,0,sw_power_cap,,,,,,True,2.3.1+cu121,2.3.0+cu121,8.4.153,raw/main/runs/eager_fp32/yolov8m/bs24__run0__20261002T142705_702659Z__ok.json,throttle sw_power_cap
main,eager_fp32,yolov8m,24,1,640,20261002T152935_087408Z,2026-10-02T15:29:36+00:00,55.232153362594545,55.16566499136388,0.35214314672469677,55.81714955624193,53.97520400583744,56.92836409434676,100,70.76659517828375,66.19708938524127,67.00642064679414,56.85707070864737,2.3013397234414392,2546.13134765625,cuda:0,NVIDIA A100-PCIE-40GB,535.288.01,1410.0,1365.0,1410.0,48.0,56.0,257.22,13.0,0,0,sw_power_cap,,,,,,True,2.3.1+cu121,2.3.0+cu121,8.4.153,raw/main/runs/eager_fp32/yolov8m/bs24__run1__20261002T152935_087408Z__ok.json,throttle sw_power_cap
main,eager_fp32,yolov8m,24,2,640,20261002T172415_063794Z,2026-10-02T17:24:16+00:00,55.0422281306237,54.96800062246621,0.3657939229276605,55.70042422041297,53.78125701099634,56.497192941606045,100,71.1967030307278,66.06281572021544,66.80827357340604,56.71176318079233,2.2934261721093208,2546.1328125,cuda:0,NVIDIA A100-PCIE-40GB,535.288.01,315.0,1365.0,1410.0,41.0,52.0,248.1,13.0,0,0,sw_power_cap,,,,,,True,2.3.1+cu121,2.3.0+cu121,8.4.153,raw/main/runs/eager_fp32/yolov8m/bs24__run2__20261002T172415_063794Z__ok.json,throttle sw_power_cap
main,eager_fp32,yolov8m,24,3,640,20261002T181620_545788Z,2026-10-02T18:16:21+00:00,55.14227066189051,55.09835993871093,0.3369261485140301,55.63289439305663,53.72828198596835,56.315185967832804,100,71.19946527760476,66.05782662518322,66.65273914113641,56.7489327583462,2.2975946109121046,2546.13330078125,cuda:0,NVIDIA A100-PCIE-40GB,535.288.01,420.0,1365.0,1410.0,45.0,55.0,61.55,13.0,0,0,sw_power_cap,,,,,,True,2.3.1+cu121,2.3.0+cu121,8.4.153,raw/main/runs/eager_fp32/yolov8m/bs24__run3__20261002T181620_545788Z__ok.json,throttle sw_power_cap
main,eager_fp32,yolov8m,24,4,640,20261002T185304_630568Z,2026-10-02T18:53:06+00:00,55.24001081008464,55.17410719767213,0.4161525528345019,55.95086324028671,54.47083478793502,57.14784003794193,100,70.66125065088272,66.29140069708228,67.05113532952964,56.90848886035383,2.30166711708686,2546.13232421875,cuda:0,NVIDIA A100-PCIE-40GB,535.288.01,765.0,1350.0,1410.0,49.0,57.0,252.07,13.0,0,0,sw_power_cap,,,,,,True,2.3.1+cu121,2.3.0+cu121,8.4.153,raw/main/runs/eager_fp32/yolov8m/bs24__run4__20261002T185304_630568Z__ok.json,throttle sw_power_cap
main,eager_fp32,yolov8m,26,0,640,20261002T150122_743282Z,2026-10-02T15:01:24+00:00,59.14036387577653,59.07141254283488,0.4059768161349816,59.61797039490193,57.55304591730237,61.02998508140445,100,75.45304835308343,71.05214893817902,71.73264902085066,60.944693610072136,2.2746293798375588,2738.5087890625,cuda:0,NVIDIA A100-PCIE-40GB,535.288.01,765.0,1350.0,1410.0,44.0,54.0,190.27,13.0,0,0,sw_power_cap,,,,,,True,2.3.1+cu121,2.3.0+cu121,8.4.153,raw/main/runs/eager_fp32/yolov8m/bs26__run0__20261002T150122_743282Z__ok.json,throttle sw_power_cap
main,eager_fp32,yolov8m,26,1,640,20261002T162514_819452Z,2026-10-02T16:25:16+00:00,59.11672506481409,59.11644594743848,0.3238870259970909,59.44860556628555,57.828109711408615,60.654176864773035,100,75.56387884076685,70.9711704403162,71.55260520521551,60.946247428655624,2.273720194800542,2738.509765625,cuda:0,NVIDIA A100-PCIE-40GB,535.288.01,765.0,1350.0,1410.0,43.0,54.0,253.6,13.0,0,0,sw_power_cap,,,,,,True,2.3.1+cu121,2.3.0+cu121,8.4.153,raw/main/runs/eager_fp32/yolov8m/bs26__run1__20261002T162514_819452Z__ok.json,throttle sw_power_cap
main,eager_fp32,yolov8m,26,2,640,20261002T164725_231293Z,2026-10-02T16:47:26+00:00,59.28557374048978,59.232763247564435,0.4530740884479227,60.10369823779911,57.871737983077765,60.72782911360264,100,75.66556625533849,71.11170748248696,72.12430322542787,61.170870047062635,2.2802143746342223,2738.50927734375,cuda:0,NVIDIA A100-PCIE-40GB,535.288.01,765.0,1335.0,1410.0,48.0,57.0,62.43,13.0,0,0,sw_power_cap,,,,,,True,2.3.1+cu121,2.3.0+cu121,8.4.153,raw/main/runs/eager_fp32/yolov8m/bs26__run2__20261002T164725_231293Z__ok.json,throttle sw_power_cap
main,eager_fp32,yolov8m,26,3,640,20261002T174148_710865Z,2026-10-02T17:41:50+00:00,59.32007889263332,59.25771105103195,0.38478452665024865,59.82618071138859,57.96595197170973,61.300178058445454,100,75.69649884942919,71.05880416929722,71.75148823298514,61.14902541041374,2.2815414958705125,2738.5087890625,cuda:0,NVIDIA A100-PCIE-40GB,535.288.01,1410.0,1350.0,1410.0,49.0,56.0,165.01,13.0,0,0,sw_power_cap,,,,,,True,2.3.1+cu121,2.3.0+cu121,8.4.153,raw/main/runs/eager_fp32/yolov8m/bs26__run3__20261002T174148_710865Z__ok.json,throttle sw_power_cap
main,eager_fp32,yolov8m,26,4,640,20261002T190052_076633Z,2026-10-02T19:00:53+00:00,59.00185878388584,58.94801113754511,0.4847361462383366,59.74421405699104,57.56773799657822,61.45142205059528,100,75.76720353215933,70.90541440993547,71.93289890419692,60.87085196748376,2.269302260918686,2738.509765625,cuda:0,NVIDIA A100-PCIE-40GB,535.288.01,420.0,1350.0,1410.0,39.0,51.0,175.68,13.0,0,0,sw_power_cap,,,,,,True,2.3.1+cu121,2.3.0+cu121,8.4.153,raw/main/runs/eager_fp32/yolov8m/bs26__run4__20261002T190052_076633Z__ok.json,throttle sw_power_cap
main,eager_fp32,yolov8m,28,0,640,20261002T151916_998483Z,2026-10-02T15:19:18+00:00,63.58713556546718,63.51622799411416,0.4536257294308817,64.29595947265625,62.23132414743304,65.25140115991235,100,81.19549583643675,76.36740058660507,77.32602432370186,65.52152965217829,2.2709691273381134,2936.29541015625,cuda:0,NVIDIA A100-PCIE-40GB,535.288.01,765.0,1350.0,1410.0,49.0,58.0,253.8,13.0,0,0,sw_power_cap,,,,,,True,2.3.1+cu121,2.3.0+cu121,8.4.153,raw/main/runs/eager_fp32/yolov8m/bs28__run0__20261002T151916_998483Z__ok.json,throttle sw_power_cap
main,eager_fp32,yolov8m,28,1,640,20261002T161603_093464Z,2026-10-02T16:16:04+00:00,63.37068733293563,63.40661784633994,0.4330202442714856,63.950760127045214,61.70386075973511,64.88419929519296,100,81.29394312389195,76.11855329014361,76.88801258336753,65.25246605277061,2.2632388333191296,2936.294921875,cuda:0,NVIDIA A100-PCIE-40GB,535.288.01,765.0,1350.0,1410.0,44.0,55.0,255.29,13.0,0,0,sw_power_cap,,,,,,True,2.3.1+cu121,2.3.0+cu121,8.4.153,raw/main/runs/eager_fp32/yolov8m/bs28__run1__20261002T161603_093464Z__ok.json,throttle sw_power_cap
main,eager_fp32,yolov8m,28,2,640,20261002T171050_241218Z,2026-10-02T17:10:51+00:00,63.37655866518617,63.32965102046728,0.44856382107596005,64.19460182078183,62.08281731233001,64.87286230549216,100,80.61177896801382,76.06049301102757,77.04324652440846,65.23018071893603,2.2634485237566486,2936.29541015625,cuda:0,NVIDIA A100-PCIE-40GB,535.288.01,765.0,1350.0,1410.0,40.0,52.0,155.9,13.0,0,0,sw_power_cap,,,,,,True,2.3.1+cu121,2.3.0+cu121,8.4.153,raw/main/runs/eager_fp32/yolov8m/bs28__run2__20261002T171050_241218Z__ok.json,throttle sw_power_cap
main,eager_fp32,yolov8m,28,3,640,20261002T174331_464272Z,2026-10-02T17:43:32+00:00,63.47301436588168,63.490220345556736,0.42169628524054414,64.14860538206995,62.160646077245474,65.28601003810763,100,81.06835937593132,76.2179046869278,76.8623891286552,65.35043952055275,2.26689337021006,2936.2958984375,cuda:0,NVIDIA A100-PCIE-40GB,535.288.01,735.0,1350.0,1410.0,45.0,54.0,91.04,13.0,0,0,sw_power_cap,,,,,,True,2.3.1+cu121,2.3.0+cu121,8.4.153,raw/main/runs/eager_fp32/yolov8m/bs28__run3__20261002T174331_464272Z__ok.json,throttle sw_power_cap
main,eager_fp32,yolov8m,28,4,640,20261002T185608_754001Z,2026-10-02T18:56:10+00:00,63.40332614257932,63.4140360634774,0.45395784465502176,64.0978743089363,61.97175616398454,65.42912777513266,100,80.69303723052144,76.30450278520584,77.00576956849545,65.29100278858095,2.2644045050921187,2936.29541015625,cuda:0,NVIDIA A100-PCIE-40GB,535.288.01,765.0,1350.0,1410.0,45.0,55.0,251.95,13.0,0,0,sw_power_cap,,,,,,True,2.3.1+cu121,2.3.0+cu121,8.4.153,raw/main/runs/eager_fp32/yolov8m/bs28__run4__20261002T185608_754001Z__ok.json,throttle sw_power_cap
main,eager_fp32,yolov8m,30,0,640,20261002T150256_251556Z,2026-10-02T15:02:57+00:00,66.9429619051516,66.82890001684427,0.6297126108038211,67.89788112509996,65.32255280762911,70.31382014974952,100,85.17661043908447,80.5937135592103,82.00657817069441,69.01479346212,2.2314320635050535,3123.70751953125,cuda:0,NVIDIA A100-PCIE-40GB,535.288.01,450.0,1335.0,1410.0,45.0,56.0,99.02,13.0,0,0,sw_power_cap,,,,,,True,2.3.1+cu121,2.3.0+cu121,8.4.153,raw/main/runs/eager_fp32/yolov8m/bs30__run0__20261002T150256_251556Z__ok.json,throttle sw_power_cap
main,eager_fp32,yolov8m,30,1,640,20261002T160329_088757Z,2026-10-02T16:03:30+00:00,66.89816734287888,66.88326434232295,0.5471805696124371,67.56110675632954,64.00147872045636,68.7820091843605,100,85.55012437980622,80.61391906812787,81.87359306029975,68.98021939676255,2.229938911429296,3123.7080078125,cuda:0,NVIDIA A100-PCIE-40GB,535.288.01,600.0,1350.0,1410.0,45.0,55.0,80.65,13.0,0,0,sw_power_cap,,,,,,True,2.3.1+cu121,2.3.0+cu121,8.4.153,raw/main/runs/eager_fp32/yolov8m/bs30__run1__20261002T160329_088757Z__ok.json,throttle sw_power_cap
main,eager_fp32,yolov8m,30,2,640,20261002T172159_770318Z,2026-10-02T17:22:01+00:00,67.01159142889082,66.99277739971876,0.40781045124054427,67.64108496718109,65.75695797801018,68.82616598159075,100,85.85195841267705,80.7495794724673,81.4983089454472,69.03977365698665,2.233719714296361,3123.70703125,cuda:0,NVIDIA A100-PCIE-40GB,535.288.01,765.0,1350.0,1410.0,46.0,55.0,59.48,13.0,0,0,sw_power_cap,,,,,,True,2.3.1+cu121,2.3.0+cu121,8.4.153,raw/main/runs/eager_fp32/yolov8m/bs30__run2__20261002T172159_770318Z__ok.json,throttle sw_power_cap
main,eager_fp32,yolov8m,30,3,640,20261002T181156_898756Z,2026-10-02T18:11:58+00:00,66.81557804346085,66.79830397479236,0.45726523947686787,67.21627039369196,65.27080899104476,68.98643681779504,100,86.35397189296782,80.59739950112998,81.19818877894431,68.78620056901127,2.227185934782028,3123.70849609375,cuda:0,NVIDIA A100-PCIE-40GB,535.288.01,390.0,1335.0,1410.0,40.0,52.0,250.18,13.0,0,0,sw_power_cap,,,,,,True,2.3.1+cu121,2.3.0+cu121,8.4.153,raw/main/runs/eager_fp32/yolov8m/bs30__run3__20261002T181156_898756Z__ok.json,throttle sw_power_cap
main,eager_fp32,yolov8m,30,4,640,20261002T185055_444200Z,2026-10-02T18:50:56+00:00,66.76219117827713,66.7580314911902,0.4320973654367557,67.40621265489608,64.96355077251792,68.43866501003504,100,85.14154023956507,80.60302794910967,81.42922464758158,68.92767604906112,2.2254063726092377,3123.7080078125,cuda:0,NVIDIA A100-PCIE-40GB,535.288.01,765.0,1365.0,1410.0,43.0,54.0,251.46,13.0,0,0,sw_power_cap,,,,,,True,2.3.1+cu121,2.3.0+cu121,8.4.153,raw/main/runs/eager_fp32/yolov8m/bs30__run4__20261002T185055_444200Z__ok.json,throttle sw_power_cap
main,eager_fp32,yolov8m,32,0,640,20261002T152002_045812Z,2026-10-02T15:20:03+00:00,72.66480761114508,72.60060333646834,0.5048796237696564,73.11038018669933,71.00506499409676,75.47371741384268,100,92.62252235785127,87.28474495001137,88.00089585129172,74.88075252156705,2.2707752378482837,3314.201171875,cuda:0,NVIDIA A100-PCIE-40GB,535.288.01,765.0,1350.0,1410.0,48.0,58.0,248.59,13.0,0,0,sw_power_cap,,,,,,True,2.3.1+cu121,2.3.0+cu121,8.4.153,raw/main/runs/eager_fp32/yolov8m/bs32__run0__20261002T152002_045812Z__ok.json,throttle sw_power_cap
main,eager_fp32,yolov8m,32,1,640,20261002T152909_363432Z,2026-10-02T15:29:10+00:00,72.45946377050132,72.41036207415164,0.5214970163839849,73.00726529210806,69.43424791097641,74.48052382096648,100,91.41638501081616,86.90105937421322,87.70754768047482,74.65706862974912,2.264358242828166,3314.20068359375,cuda:0,NVIDIA A100-PCIE-40GB,535.288.01,765.0,1350.0,1410.0,42.0,54.0,108.39,13.0,0,0,sw_power_cap,,,,,,True,2.3.1+cu121,2.3.0+cu121,8.4.153,raw/main/runs/eager_fp32/yolov8m/bs32__run1__20261002T152909_363432Z__ok.json,throttle sw_power_cap
main,eager_fp32,yolov8m,32,2,640,20261002T171355_192027Z,2026-10-02T17:13:56+00:00,72.58746315259486,72.5158101413399,0.4654116096406109,73.01216619089246,71.13911071792245,75.17210114747286,100,91.8168823979795,87.24325872026384,87.98460648395121,74.81391204986721,2.2683582235185895,3314.20068359375,cuda:0,NVIDIA A100-PCIE-40GB,535.288.01,540.0,1350.0,1410.0,47.0,57.0,134.94,13.0,0,0,sw_power_cap,,,,,,True,2.3.1+cu121,2.3.0+cu121,8.4.153,raw/main/runs/eager_fp32/yolov8m/bs32__run2__20261002T171355_192027Z__ok.json,throttle sw_power_cap
main,eager_fp32,yolov8m,32,3,640,20261002T175117_567791Z,2026-10-02T17:51:18+00:00,72.49424036592245,72.36939878202975,0.5422875060707568,73.34328189026564,71.67896023020148,74.96709795668721,100,91.65868749842048,87.015385273844,88.35369509179145,74.65981958899647,2.2654450114350766,3314.20166015625,cuda:0,NVIDIA A100-PCIE-40GB,535.288.01,1410.0,1350.0,1410.0,45.0,55.0,58.58,13.0,0,0,sw_power_cap,,,,,,True,2.3.1+cu121,2.3.0+cu121,8.4.153,raw/main/runs/eager_fp32/yolov8m/bs32__run3__20261002T175117_567791Z__ok.json,throttle sw_power_cap
main,eager_fp32,yolov8m,32,4,640,20261002T183702_695166Z,2026-10-02T18:37:04+00:00,72.40087938029319,72.4186401348561,0.31641530008630614,72.73167313542217,71.07856078073382,74.12042934447527,100,91.4692004211247,86.90914674662054,87.5464784912765,74.6204589214176,2.262527480634162,3314.201171875,cuda:0,NVIDIA A100-PCIE-40GB,535.288.01,345.0,1350.0,1410.0,42.0,54.0,93.19,13.0,0,0,sw_power_cap,,,,,,True,2.3.1+cu121,2.3.0+cu121,8.4.153,raw/main/runs/eager_fp32/yolov8m/bs32__run4__20261002T183702_695166Z__ok.json,throttle sw_power_cap
main,eager_fp32,yolov8m,40,0,640,20261002T152634_823379Z,2026-10-02T15:26:36+00:00,90.39678528904915,90.39835818111897,0.5308701923535416,91.04426866397262,89.23998475074768,93.16098876297474,100,113.12582544516772,108.61435229890049,109.41297423560172,93.05875417776406,2.2599196322262287,3715.615234375,cuda:0,NVIDIA A100-PCIE-40GB,535.288.01,540.0,1335.0,1410.0,49.0,59.0,90.45,13.0,0,0,sw_power_cap,,,,,,True,2.3.1+cu121,2.3.0+cu121,8.4.153,raw/main/runs/eager_fp32/yolov8m/bs40__run0__20261002T152634_823379Z__ok.json,throttle sw_power_cap
main,eager_fp32,yolov8m,40,1,640,20261002T160053_352567Z,2026-10-02T16:00:54+00:00,90.48731981310993,90.40311095304787,0.40859540661678084,90.98132704384625,89.79264833033085,92.96614583581686,100,113.18733213003725,108.66717179305851,109.39636365510523,93.10575107112527,2.2621829953277484,3715.61376953125,cuda:0,NVIDIA A100-PCIE-40GB,535.288.01,1410.0,1335.0,1410.0,52.0,59.0,252.44,13.0,0,0,sw_power_cap,,,,,,True,2.3.1+cu121,2.3.0+cu121,8.4.153,raw/main/runs/eager_fp32/yolov8m/bs40__run1__20261002T160053_352567Z__ok.json,throttle sw_power_cap
main,eager_fp32,yolov8m,40,2,640,20261002T171550_455700Z,2026-10-02T17:15:51+00:00,90.37907786667347,90.36116604693234,0.42600559492159806,90.85892450530082,89.05994007363915,92.57458569481969,100,113.57724546920508,108.54405420832336,109.2899760697037,92.97262701205909,2.2594769466668367,3715.61376953125,cuda:0,NVIDIA A100-PCIE-40GB,535.288.01,1410.0,1335.0,1410.0,50.0,59.0,62.63,13.0,0,0,sw_power_cap,,,,,,True,2.3.1+cu121,2.3.0+cu121,8.4.153,raw/main/runs/eager_fp32/yolov8m/bs40__run2__20261002T171550_455700Z__ok.json,throttle sw_power_cap
main,eager_fp32,yolov8m,40,3,640,20261002T175802_766431Z,2026-10-02T17:58:04+00:00,90.04397928249091,90.04688798449934,0.5670180402442436,90.86130834184587,88.83835515007377,92.45232865214348,100,112.71428649779409,108.23304648511112,109.5622171415016,92.6403191825375,2.2510994820622727,3715.61328125,cuda:0,NVIDIA A100-PCIE-40GB,535.288.01,510.0,1335.0,1410.0,43.0,55.0,249.81,13.0,0,0,sw_power_cap,,,,,,True,2.3.1+cu121,2.3.0+cu121,8.4.153,raw/main/runs/eager_fp32/yolov8m/bs40__run3__20261002T175802_766431Z__ok.json,throttle sw_power_cap
main,eager_fp32,yolov8m,40,4,640,20261002T190540_785651Z,2026-10-02T19:05:42+00:00,90.12092744465917,90.09072929620743,0.4518594838456716,90.69444595370442,88.71289575472474,92.25376741960645,100,113.98417074233294,108.11897786334157,108.94708896521479,92.68177723046392,2.2530231861164793,3715.61279296875,cuda:0,NVIDIA A100-PCIE-40GB,535.288.01,765.0,1335.0,1410.0,43.0,56.0,72.81,13.0,0,0,sw_power_cap,,,,,,True,2.3.1+cu121,2.3.0+cu121,8.4.153,raw/main/runs/eager_fp32/yolov8m/bs40__run4__20261002T190540_785651Z__ok.json,throttle sw_power_cap
main,eager_fp32,yolov8m,48,0,640,20261002T144251_304054Z,2026-10-02T14:42:52+00:00,110.14325928408653,110.09761318564415,0.5211865861388792,110.79739625565708,108.5548447445035,113.06542297825217,100,137.1391050098464,131.9796487223357,132.88732732180506,113.0187912704423,2.294651235085136,4186.087890625,cuda:0,NVIDIA A100-PCIE-40GB,535.288.01,555.0,1350.0,1410.0,44.0,58.0,247.03,13.0,0,0,sw_power_cap,,,,,,True,2.3.1+cu121,2.3.0+cu121,8.4.153,raw/main/runs/eager_fp32/yolov8m/bs48__run0__20261002T144251_304054Z__ok.json,throttle sw_power_cap
main,eager_fp32,yolov8m,48,1,640,20261002T161404_800326Z,2026-10-02T16:14:06+00:00,110.1011756574735,110.10434129275382,0.4911646235716131,110.73643143754452,108.75977901741862,112.91708471253514,100,137.3380042705685,131.83888723142445,132.58855531457812,112.90320925880224,2.2937744928640313,4186.087890625,cuda:0,NVIDIA A100-PCIE-40GB,535.288.01,765.0,1365.0,1410.0,43.0,56.0,64.11,13.0,0,0,sw_power_cap,,,,,,True,2.3.1+cu121,2.3.0+cu121,8.4.153,raw/main/runs/eager_fp32/yolov8m/bs48__run1__20261002T161404_800326Z__ok.json,throttle sw_power_cap
main,eager_fp32,yolov8m,48,2,640,20261002T170413_915096Z,2026-10-02T17:04:15+00:00,110.19590502604842,110.17099861055613,0.5358819204507942,110.90957571286708,108.61450107768178,112.84037213772535,100,136.6609434178099,131.90811430104077,132.91754538659006,113.08684944175184,2.2957480213760086,4186.0888671875,cuda:0,NVIDIA A100-PCIE-40GB,535.288.01,420.0,1335.0,1410.0,45.0,57.0,172.6,13.0,0,0,sw_power_cap,,,,,,True,2.3.1+cu121,2.3.0+cu121,8.4.153,raw/main/runs/eager_fp32/yolov8m/bs48__run2__20261002T170413_915096Z__ok.json,throttle sw_power_cap
main,eager_fp32,yolov8m,48,3,640,20261002T182009_316144Z,2026-10-02T18:20:10+00:00,110.13030911795795,110.06584344431758,0.47337475499756376,110.70045239757746,108.71396632865071,112.4459970742464,100,136.9226940954104,131.86495495028794,132.87446608301252,112.90753429755569,2.294381439957457,4186.08740234375,cuda:0,NVIDIA A100-PCIE-40GB,535.288.01,765.0,1335.0,1410.0,44.0,57.0,58.96,13.0,0,0,sw_power_cap,,,,,,True,2.3.1+cu121,2.3.0+cu121,8.4.153,raw/main/runs/eager_fp32/yolov8m/bs48__run3__20261002T182009_316144Z__ok.json,throttle sw_power_cap
main,eager_fp32,yolov8m,48,4,640,20261002T184118_933645Z,2026-10-02T18:41:20+00:00,110.49732936546206,110.40907772257924,0.4438051470084364,111.10074087046087,109.27857412025332,113.25374618172646,100,138.1830096617341,132.19011155888438,133.1796430516988,113.2936817780137,2.302027695113793,4186.0888671875,cuda:0,NVIDIA A100-PCIE-40GB,535.288.01,540.0,1365.0,1410.0,50.0,60.0,110.51,13.0,0,0,sw_power_cap,,,,,,True,2.3.1+cu121,2.3.0+cu121,8.4.153,raw/main/runs/eager_fp32/yolov8m/bs48__run4__20261002T184118_933645Z__ok.json,throttle sw_power_cap
main,eager_fp32,yolov8m,56,0,640,20261002T151749_387957Z,2026-10-02T15:17:50+00:00,126.93184056784958,126.870401436463,0.4773465178665163,127.48114229179919,125.47752913087606,129.55637509003282,100,156.51400923728943,151.97001630440354,152.76409138459712,130.20906866062433,2.266640010140171,4581.52392578125,cuda:0,NVIDIA A100-PCIE-40GB,535.288.01,615.0,1335.0,1410.0,46.0,58.0,163.56,13.0,0,0,sw_power_cap,,,,,,True,2.3.1+cu121,2.3.0+cu121,8.4.153,raw/main/runs/eager_fp32/yolov8m/bs56__run0__20261002T151749_387957Z__ok.json,throttle sw_power_cap
main,eager_fp32,yolov8m,56,1,640,20261002T153335_660651Z,2026-10-02T15:33:36+00:00,127.16862821485847,127.17012246139348,0.555777442573107,127.67834949772805,125.70145633071661,130.5636647157371,100,156.94839102681726,152.45012193918228,152.94775639194995,130.31544900964946,2.2708683609796156,4581.5234375,cuda:0,NVIDIA A100-PCIE-40GB,535.288.01,510.0,1335.0,1410.0,47.0,59.0,252.88,13.0,0,0,sw_power_cap,,,,,,True,2.3.1+cu121,2.3.0+cu121,8.4.153,raw/main/runs/eager_fp32/yolov8m/bs56__run1__20261002T153335_660651Z__ok.json,throttle sw_power_cap
main,eager_fp32,yolov8m,56,2,640,20261002T164947_533244Z,2026-10-02T16:49:48+00:00,127.29434651322663,127.24330951459706,0.5741836574361333,127.81990938819945,125.9972658008337,130.54740894585848,100,156.9743219902739,152.556847082451,153.42049489263445,130.41781233157963,2.2731133305933326,4581.52294921875,cuda:0,NVIDIA A100-PCIE-40GB,535.288.01,1410.0,1335.0,1410.0,50.0,59.0,255.44,13.0,0,0,sw_power_cap,,,,,,True,2.3.1+cu121,2.3.0+cu121,8.4.153,raw/main/runs/eager_fp32/yolov8m/bs56__run2__20261002T164947_533244Z__ok.json,throttle sw_power_cap
main,eager_fp32,yolov8m,56,3,640,20261002T180057_422789Z,2026-10-02T18:00:58+00:00,126.99329725001007,126.9367451313883,0.4504950070487686,127.42349526379257,125.81033771857619,129.9092099070549,100,158.42285498976707,152.48675597831607,153.2369598513469,130.16228534281254,2.267737450893037,4581.5234375,cuda:0,NVIDIA A100-PCIE-40GB,535.288.01,450.0,1335.0,1410.0,46.0,58.0,166.4,13.0,0,0,sw_power_cap,,,,,,True,2.3.1+cu121,2.3.0+cu121,8.4.153,raw/main/runs/eager_fp32/yolov8m/bs56__run3__20261002T180057_422789Z__ok.json,throttle sw_power_cap
main,eager_fp32,yolov8m,56,4,640,20261002T191843_321754Z,2026-10-02T19:18:44+00:00,127.00157463550568,126.99195835739374,0.579797237222662,127.54963275510818,125.63522905111313,130.79418009147048,100,157.36088505480438,152.21105958335102,152.81225629150867,130.16621748916805,2.2678852613483156,4581.5244140625,cuda:0,NVIDIA A100-PCIE-40GB,535.288.01,345.0,1350.0,1410.0,46.0,58.0,251.89,13.0,0,0,sw_power_cap,,,,,,True,2.3.1+cu121,2.3.0+cu121,8.4.153,raw/main/runs/eager_fp32/yolov8m/bs56__run4__20261002T191843_321754Z__ok.json,throttle sw_power_cap
main,eager_fp32,yolov8m,64,0,640,20261002T151412_120494Z,2026-10-02T15:14:13+00:00,138.96064470987767,138.96222948096693,0.5199035482204851,139.69859092030674,137.7645800821483,141.38606982305646,100,172.3668012302369,167.7380478940904,169.01254495605826,142.52618918195367,2.1712600735918386,5199.36572265625,cuda:0,NVIDIA A100-PCIE-40GB,535.288.01,765.0,1320.0,1410.0,41.0,58.0,87.39,13.0,0,0,sw_power_cap,,,,,,True,2.3.1+cu121,2.3.0+cu121,8.4.153,raw/main/runs/eager_fp32/yolov8m/bs64__run0__20261002T151412_120494Z__ok.json,throttle sw_power_cap
main,eager_fp32,yolov8m,64,1,640,20261002T155442_409112Z,2026-10-02T15:54:43+00:00,139.33306202292442,139.36340529471636,0.5022218582459145,139.9105395656079,138.25089810416102,142.3319550231099,100,172.7021216508001,168.21771208196878,169.1208637552336,142.8520913189277,2.177079094108194,5199.36669921875,cuda:0,NVIDIA A100-PCIE-40GB,535.288.01,765.0,1350.0,1410.0,46.0,59.0,63.8,13.0,0,0,sw_power_cap,,,,,,True,2.3.1+cu121,2.3.0+cu121,8.4.153,raw/main/runs/eager_fp32/yolov8m/bs64__run1__20261002T155442_409112Z__ok.json,throttle sw_power_cap
main,eager_fp32,yolov8m,64,2,640,20261002T163635_352255Z,2026-10-02T16:36:36+00:00,139.18574242852628,139.22090851701796,0.61661448957548,139.88032729830593,137.83145230263472,142.79044279828668,100,173.27770461328328,168.02395903505385,169.1310771740973,142.66431330237538,2.174777225445723,5199.3671875,cuda:0,NVIDIA A100-PCIE-40GB,535.288.01,345.0,1350.0,1410.0,43.0,58.0,261.43,13.0,0,0,sw_power_cap,,,,,,True,2.3.1+cu121,2.3.0+cu121,8.4.153,raw/main/runs/eager_fp32/yolov8m/bs64__run2__20261002T163635_352255Z__ok.json,throttle sw_power_cap
main,eager_fp32,yolov8m,64,3,640,20261002T183312_779483Z,2026-10-02T18:33:14+00:00,139.42150593735278,139.4078303128481,0.565155671212828,139.95371635537595,138.54849198833108,142.3875642940402,100,172.96864109579474,168.3078589849174,169.54869001638144,142.84605619963259,2.178461030271137,5199.36669921875,cuda:0,NVIDIA A100-PCIE-40GB,535.288.01,555.0,1320.0,1410.0,47.0,59.0,179.76,13.0,0,0,sw_power_cap,,,,,,True,2.3.1+cu121,2.3.0+cu121,8.4.153,raw/main/runs/eager_fp32/yolov8m/bs64__run3__20261002T183312_779483Z__ok.json,throttle sw_power_cap
main,eager_fp32,yolov8m,64,4,640,20261002T191350_981539Z,2026-10-02T19:13:52+00:00,138.95630691666156,138.92396679148078,0.4908406189452075,139.60939585231245,137.55548698827624,141.52539521455765,100,173.21357061620802,167.72848134860396,168.63581659272313,142.46168165002018,2.171192295572837,5199.365234375,cuda:0,NVIDIA A100-PCIE-40GB,535.288.01,765.0,1335.0,1410.0,40.0,56.0,246.49,13.0,0,0,sw_power_cap,,,,,,True,2.3.1+cu121,2.3.0+cu121,8.4.153,raw/main/runs/eager_fp32/yolov8m/bs64__run4__20261002T191350_981539Z__ok.json,throttle sw_power_cap
main,eager_fp32,yolov8n,1,0,640,20261002T142949_817116Z,2026-10-02T14:29:51+00:00,4.915031776763499,4.909553099423647,0.08434655005239693,4.92926612496376,4.855667240917683,5.7375808246433735,100,10.388661180622876,5.618218798190355,5.648744013160467,4.853559490293264,4.915031776763499,196.7578125,cuda:0,NVIDIA A100-PCIE-40GB,535.288.01,765.0,1350.0,1410.0,53.0,52.0,57.96,13.0,0,0,,,,,,,True,2.3.1+cu121,2.3.0+cu121,8.4.153,raw/main/runs/eager_fp32/yolov8n/bs1__run0__20261002T142949_817116Z__ok.json,
main,eager_fp32,yolov8n,1,1,640,20261002T154637_455485Z,2026-10-02T15:46:38+00:00,4.941368852742016,4.933429649099708,0.08738986391857342,4.9620149889960885,4.8970188945531845,5.784817971289158,100,10.649171746335924,5.645926110446453,5.7026829570531845,4.855378959327936,4.941368852742016,196.7578125,cuda:0,NVIDIA A100-PCIE-40GB,535.288.01,1410.0,1350.0,1410.0,52.0,50.0,60.53,13.0,0,0,,,,,,,True,2.3.1+cu121,2.3.0+cu121,8.4.153,raw/main/runs/eager_fp32/yolov8n/bs1__run1__20261002T154637_455485Z__ok.json,
main,eager_fp32,yolov8n,1,2,640,20261002T170517_672496Z,2026-10-02T17:05:19+00:00,4.914708370342851,4.89379302598536,0.10399492597599515,4.994965554215014,4.847235046327114,5.830517038702965,100,9.970034849829972,5.6051278952509165,5.719253025017679,4.823638959787786,4.914708370342851,196.7578125,cuda:0,NVIDIA A100-PCIE-40GB,535.288.01,405.0,1365.0,1410.0,44.0,44.0,79.0,13.0,0,0,,,,,,,True,2.3.1+cu121,2.3.0+cu121,8.4.153,raw/main/runs/eager_fp32/yolov8n/bs1__run2__20261002T170517_672496Z__ok.json,
main,eager_fp32,yolov8n,1,3,640,20261002T173747_381440Z,2026-10-02T17:37:48+00:00,4.915104061365128,4.905159119516611,0.08701991934147599,4.944780073128641,4.867332987487316,5.759545136243105,100,10.835894038900733,5.623848410323262,5.668206745758653,4.830274321138859,4.915104061365128,196.7578125,cuda:0,NVIDIA A100-PCIE-40GB,535.288.01,615.0,1365.0,1410.0,50.0,49.0,59.93,13.0,0,0,,,,,,,True,2.3.1+cu121,2.3.0+cu121,8.4.153,raw/main/runs/eager_fp32/yolov8n/bs1__run3__20261002T173747_381440Z__ok.json,
main,eager_fp32,yolov8n,1,4,640,20261002T184442_347212Z,2026-10-02T18:44:43+00:00,4.865479939617217,4.848401062190533,0.08881545472272395,4.922112775966525,4.80657909065485,5.7054199278354645,100,10.51272056531161,5.5618383921682835,5.642645317129791,4.791532419621944,4.865479939617217,196.7578125,cuda:0,NVIDIA A100-PCIE-40GB,535.288.01,1410.0,1365.0,1410.0,52.0,50.0,59.33,13.0,0,0,,,,,,,True,2.3.1+cu121,2.3.0+cu121,8.4.153,raw/main/runs/eager_fp32/yolov8n/bs1__run4__20261002T184442_347212Z__ok.json,
main,eager_fp32,yolov8n,2,0,640,20261002T145817_150430Z,2026-10-02T14:58:18+00:00,4.957035733386874,4.942381056025624,0.07672833904266513,5.024249618873,4.885958973318338,5.656181834638119,100,10.74392813257873,6.10847445204854,6.216066610068083,4.891061182133853,2.478517866693437,251.35302734375,cuda:0,NVIDIA A100-PCIE-40GB,535.288.01,765.0,1410.0,1410.0,46.0,47.0,113.58,13.0,0,0,,,,,,,True,2.3.1+cu121,2.3.0+cu121,8.4.153,raw/main/runs/eager_fp32/yolov8n/bs2__run0__20261002T145817_150430Z__ok.json,
main,eager_fp32,yolov8n,2,1,640,20261002T153619_061281Z,2026-10-02T15:36:20+00:00,4.9869288597255945,4.974395502358675,0.07556602685211895,5.03135328181088,4.949634894728661,5.700233858078718,100,11.17097052745521,6.1449899803847075,6.211123918183148,4.909402937628329,2.4934644298627973,251.35302734375,cuda:0,NVIDIA A100-PCIE-40GB,535.288.01,765.0,1410.0,1410.0,47.0,47.0,64.5,13.0,0,0,,,,,,,True,2.3.1+cu121,2.3.0+cu121,8.4.153,raw/main/runs/eager_fp32/yolov8n/bs2__run1__20261002T153619_061281Z__ok.json,
main,eager_fp32,yolov8n,2,2,640,20261002T172907_791554Z,2026-10-02T17:29:09+00:00,4.941181042231619,4.932536510750651,0.0744286503489393,4.950814228504896,4.89939097315073,5.667536053806543,100,10.55616654921323,6.086922949180007,6.1494405614212155,4.860640843398869,2.4705905211158097,251.35302734375,cuda:0,NVIDIA A100-PCIE-40GB,535.288.01,765.0,1410.0,1410.0,46.0,46.0,114.65,13.0,0,0,,,,,,,True,2.3.1+cu121,2.3.0+cu121,8.4.153,raw/main/runs/eager_fp32/yolov8n/bs2__run2__20261002T172907_791554Z__ok.json,
main,eager_fp32,yolov8n,2,3,640,20261002T173400_717840Z,2026-10-02T17:34:02+00:00,4.975686366669834,4.968433175235987,0.07353549877864901,4.986152076162398,4.936896730214357,5.696816835552454,100,10.481746280565858,6.131141912192106,6.170997419394553,4.90339282900095,2.487843183334917,251.35302734375,cuda:0,NVIDIA A100-PCIE-40GB,535.288.01,765.0,1410.0,1410.0,46.0,47.0,66.88,13.0,0,0,,,,,,,True,2.3.1+cu121,2.3.0+cu121,8.4.153,raw/main/runs/eager_fp32/yolov8n/bs2__run3__20261002T173400_717840Z__ok.json,
main,eager_fp32,yolov8n,2,4,640,20261002T184804_094118Z,2026-10-02T18:48:05+00:00,5.024133557453752,5.018522497266531,0.06998173228497986,5.033670598641038,4.980616737157106,5.707800853997469,100,10.850783847272396,6.169256055727601,6.219659675844014,4.945949832908809,2.512066778726876,251.35302734375,cuda:0,NVIDIA A100-PCIE-40GB,535.288.01,540.0,1410.0,1410.0,46.0,47.0,63.3,13.0,0,0,,,,,,,True,2.3.1+cu121,2.3.0+cu121,8.4.153,raw/main/runs/eager_fp32/yolov8n/bs2__run4__20261002T184804_094118Z__ok.json,
main,eager_fp32,yolov8n,4,0,640,20261002T145833_419863Z,2026-10-02T14:58:34+00:00,5.2098708506673574,5.11932885274291,0.1475252576808864,5.392794939689338,5.069843027740717,5.785893183201551,100,11.925809141248465,7.138451561331749,7.54695103969425,5.028164680115879,1.3024677126668394,354.76220703125,cuda:0,NVIDIA A100-PCIE-40GB,535.288.01,405.0,1410.0,1410.0,43.0,45.0,64.1,13.0,0,0,,,,,,,True,2.3.1+cu121,2.3.0+cu121,8.4.153,raw/main/runs/eager_fp32/yolov8n/bs4__run0__20261002T145833_419863Z__ok.json,
main,eager_fp32,yolov8n,4,1,640,20261002T152839_999576Z,2026-10-02T15:28:41+00:00,5.075208432972431,5.061740055680275,0.08040800875509367,5.1025427877902985,5.040558986365795,5.754262208938599,100,12.762893922626972,7.108864141628146,7.179341115988791,5.004395050927997,1.2688021082431078,354.7626953125,cuda:0,NVIDIA A100-PCIE-40GB,535.288.01,765.0,1410.0,1410.0,45.0,47.0,96.25,13.0,0,0,,,,,,,True,2.3.1+cu121,2.3.0+cu121,8.4.153,raw/main/runs/eager_fp32/yolov8n/bs4__run1__20261002T152839_999576Z__ok.json,
main,eager_fp32,yolov8n,4,2,640,20261002T172525_730013Z,2026-10-02T17:25:27+00:00,5.052248118445277,5.041201366111636,0.08344009993529874,5.066563934087753,5.0116609781980515,5.749065894633532,100,11.99788433033973,7.068421924486756,7.130611105822027,4.982495000585914,1.2630620296113193,354.76220703125,cuda:0,NVIDIA A100-PCIE-40GB,535.288.01,765.0,1410.0,1410.0,48.0,49.0,65.1,13.0,0,0,,,,,,,True,2.3.1+cu121,2.3.0+cu121,8.4.153,raw/main/runs/eager_fp32/yolov8n/bs4__run2__20261002T172525_730013Z__ok.json,
main,eager_fp32,yolov8n,4,3,640,20261002T181937_201310Z,2026-10-02T18:19:38+00:00,5.126223638653755,5.1129881758242846,0.07735752413547053,5.1612736424431205,5.081548821181059,5.81309711560607,100,12.698350274004042,7.173934485763311,7.2465455159544945,5.055488748475909,1.2815559096634388,354.76220703125,cuda:0,NVIDIA A100-PCIE-40GB,535.288.01,1275.0,1410.0,1410.0,47.0,48.0,155.15,13.0,0,0,,,,,,,True,2.3.1+cu121,2.3.0+cu121,8.4.153,raw/main/runs/eager_fp32/yolov8n/bs4__run3__20261002T181937_201310Z__ok.json,
main,eager_fp32,yolov8n,4,4,640,20261002T190949_610570Z,2026-10-02T19:09:50+00:00,5.1099792728200555,5.0916720647364855,0.08364380396304692,5.172617407515645,5.060161929577589,5.816380027681589,100,11.802766271866858,7.13704340159893,7.233429420739412,5.038481708616018,1.2774948182050139,354.76220703125,cuda:0,NVIDIA A100-PCIE-40GB,535.288.01,765.0,1410.0,1410.0,42.0,44.0,62.22,13.0,0,0,,,,,,,True,2.3.1+cu121,2.3.0+cu121,8.4.153,raw/main/runs/eager_fp32/yolov8n/bs4__run4__20261002T190949_610570Z__ok.json,
main,eager_fp32,yolov8n,6,0,640,20261002T150841_631703Z,2026-10-02T15:08:43+00:00,5.089719910174608,5.061296513304114,0.20370686179462827,5.116895493119955,5.033185705542564,6.972057279199362,100,12.712550056166947,7.96440290287137,8.054357510991395,5.000867750495672,0.848286651695768,460.79541015625,cuda:0,NVIDIA A100-PCIE-40GB,535.288.01,330.0,1410.0,1410.0,50.0,54.0,216.2,13.0,0,0,,,,,,,True,2.3.1+cu121,2.3.0+cu121,8.4.153,raw/main/runs/eager_fp32/yolov8n/bs6__run0__20261002T150841_631703Z__ok.json,
main,eager_fp32,yolov8n,6,1,640,20261002T160912_246485Z,2026-10-02T16:09:13+00:00,5.415677265264094,5.091311875730753,0.47658912268923703,6.035479390993714,5.059936083853245,7.024838123470545,100,14.42707089241594,7.99507787451148,9.039946226403117,5.070303305983543,0.9026128775440156,460.79541015625,cuda:0,NVIDIA A100-PCIE-40GB,535.288.01,495.0,1410.0,1410.0,47.0,50.0,213.24,13.0,0,0,,,,,,,True,2.3.1+cu121,2.3.0+cu121,8.4.153,raw/main/runs/eager_fp32/yolov8n/bs6__run1__20261002T160912_246485Z__ok.json,
main,eager_fp32,yolov8n,6,2,640,20261002T172937_004222Z,2026-10-02T17:29:38+00:00,5.12150258757174,5.094043677672744,0.2054322235513775,5.116942687891424,5.070534069091082,7.01723899692297,100,12.216727025806904,7.992902072146535,8.029073453508317,5.027338429354131,0.8535837645952901,460.79541015625,cuda:0,NVIDIA A100-PCIE-40GB,535.288.01,495.0,1410.0,1410.0,42.0,46.0,61.13,13.0,0,0,,,,,,,True,2.3.1+cu121,2.3.0+cu121,8.4.153,raw/main/runs/eager_fp32/yolov8n/bs6__run2__20261002T172937_004222Z__ok.json,
main,eager_fp32,yolov8n,6,3,640,20261002T182917_331206Z,2026-10-02T18:29:18+00:00,5.270964372903109,5.151074845343828,0.18228353106568979,5.5143802193924785,5.107159726321697,5.836407653987408,100,13.075732490979135,8.086374029517174,8.553413231857121,5.113299558870494,0.8784940621505181,460.7958984375,cuda:0,NVIDIA A100-PCIE-40GB,535.288.01,765.0,1410.0,1410.0,52.0,54.0,69.84,13.0,0,0,,,,,,,True,2.3.1+cu121,2.3.0+cu121,8.4.153,raw/main/runs/eager_fp32/yolov8n/bs6__run3__20261002T182917_331206Z__ok.json,
main,eager_fp32,yolov8n,6,4,640,20261002T190043_642232Z,2026-10-02T19:00:44+00:00,5.1536401361227036,5.119056208059192,0.20556322788093254,5.202115257270634,5.085290875285864,7.013718131929636,100,12.605189299210906,8.069202536717057,8.178683929145336,5.057097435928881,0.8589400226871172,460.79541015625,cuda:0,NVIDIA A100-PCIE-40GB,535.288.01,765.0,1410.0,1410.0,40.0,44.0,205.37,13.0,0,0,,,,,,,True,2.3.1+cu121,2.3.0+cu121,8.4.153,raw/main/runs/eager_fp32/yolov8n/bs6__run4__20261002T190043_642232Z__ok.json,
main,eager_fp32,yolov8n,8,0,640,20261002T150628_790999Z,2026-10-02T15:06:30+00:00,5.515489438548684,5.144122987985611,0.5846973105234008,6.364833959378302,5.114132072776556,7.564186118543148,100,13.41820624191314,8.96372739225626,10.292403004132211,5.080357412807643,0.6894361798185855,570.82470703125,cuda:0,NVIDIA A100-PCIE-40GB,535.288.01,765.0,1395.0,1410.0,44.0,50.0,251.02,13.0,0,0,sw_power_cap,,,,,,True,2.3.1+cu121,2.3.0+cu121,8.4.153,raw/main/runs/eager_fp32/yolov8n/bs8__run0__20261002T150628_790999Z__ok.json,throttle sw_power_cap
main,eager_fp32,yolov8n,8,1,640,20261002T161807_861570Z,2026-10-02T16:18:09+00:00,5.154046476818621,5.137434229254723,0.11241582946466336,5.183145869523287,5.100386217236519,6.244868040084839,100,14.089610953815281,8.935210993513465,9.009604388847947,5.038341819308698,0.6442558096023276,570.8251953125,cuda:0,NVIDIA A100-PCIE-40GB,535.288.01,765.0,1395.0,1410.0,46.0,52.0,249.89,13.0,0,0,sw_power_cap,,,,,,True,2.3.1+cu121,2.3.0+cu121,8.4.153,raw/main/runs/eager_fp32/yolov8n/bs8__run1__20261002T161807_861570Z__ok.json,throttle sw_power_cap
main,eager_fp32,yolov8n,8,2,640,20261002T165026_280871Z,2026-10-02T16:50:27+00:00,5.310485763475299,5.150677403435111,0.4073267996146475,5.809138645417988,5.126557778567076,8.294499944895506,100,14.141605384647846,8.980864193290472,9.718412416987121,5.039231302216649,0.6638107204344124,570.8251953125,cuda:0,NVIDIA A100-PCIE-40GB,535.288.01,1410.0,1395.0,1410.0,53.0,56.0,258.08,13.0,0,0,sw_power_cap,,,,,,True,2.3.1+cu121,2.3.0+cu121,8.4.153,raw/main/runs/eager_fp32/yolov8n/bs8__run2__20261002T165026_280871Z__ok.json,throttle sw_power_cap
main,eager_fp32,yolov8n,8,3,640,20261002T181554_393606Z,2026-10-02T18:15:55+00:00,5.151197277009487,5.111308069899678,0.31879313444144947,5.149185750633478,5.09443785995245,8.240896742790937,100,13.42046158388257,8.898880099877715,8.968871482647955,5.037196781486273,0.6438996596261859,570.82470703125,cuda:0,NVIDIA A100-PCIE-40GB,535.288.01,1410.0,1395.0,1410.0,52.0,55.0,73.53,13.0,0,0,sw_power_cap,,,,,,True,2.3.1+cu121,2.3.0+cu121,8.4.153,raw/main/runs/eager_fp32/yolov8n/bs8__run3__20261002T181554_393606Z__ok.json,throttle sw_power_cap
main,eager_fp32,yolov8n,8,4,640,20261002T190416_892579Z,2026-10-02T19:04:18+00:00,5.339195290580392,5.12252701446414,0.3654108194115867,5.945374979637563,5.095520988106728,6.321305874735117,100,14.295812575146556,8.928977651521564,9.822841663844883,5.038654021918774,0.667399411322549,570.8251953125,cuda:0,NVIDIA A100-PCIE-40GB,535.288.01,765.0,1395.0,1410.0,44.0,50.0,75.21,13.0,0,0,sw_power_cap,,,,,,True,2.3.1+cu121,2.3.0+cu121,8.4.153,raw/main/runs/eager_fp32/yolov8n/bs8__run4__20261002T190416_892579Z__ok.json,throttle sw_power_cap
main,eager_fp32,yolov8n,10,0,640,20261002T143651_542020Z,2026-10-02T14:36:52+00:00,6.067978190258145,6.025646813213825,0.3817837774184469,6.034637778066099,6.010232027620077,9.829971008002758,100,16.596300611272454,10.743549093604088,10.862381500191987,6.0891291266307235,0.6067978190258145,674.189453125,cuda:0,NVIDIA A100-PCIE-40GB,535.288.01,765.0,1395.0,1410.0,47.0,52.0,214.69,13.0,0,0,sw_power_cap,,,,,,True,2.3.1+cu121,2.3.0+cu121,8.4.153,raw/main/runs/eager_fp32/yolov8n/bs10__run0__20261002T143651_542020Z__ok.json,throttle sw_power_cap
main,eager_fp32,yolov8n,10,1,640,20261002T161228_162548Z,2026-10-02T16:12:29+00:00,6.0439238185063004,6.037766579538584,0.039531306020283014,6.04721016716212,6.029466632753611,6.341313011944294,100,15.313793336972594,10.72012004442513,10.798590071499348,6.1004410637542605,0.60439238185063,674.18994140625,cuda:0,NVIDIA A100-PCIE-40GB,535.288.01,600.0,1395.0,1410.0,46.0,52.0,103.18,13.0,0,0,sw_power_cap,,,,,,True,2.3.1+cu121,2.3.0+cu121,8.4.153,raw/main/runs/eager_fp32/yolov8n/bs10__run1__20261002T161228_162548Z__ok.json,throttle sw_power_cap
main,eager_fp32,yolov8n,10,2,640,20261002T164747_445361Z,2026-10-02T16:47:48+00:00,6.092279423028231,6.057230522856116,0.23304128022413295,6.0682026436552405,6.04003481566906,8.14938684925437,100,16.518651549704373,10.76328894123435,10.85658767260611,6.120532178319991,0.6092279423028231,674.189453125,cuda:0,NVIDIA A100-PCIE-40GB,535.288.01,1410.0,1395.0,1410.0,51.0,54.0,248.73,13.0,0,0,sw_power_cap,,,,,,True,2.3.1+cu121,2.3.0+cu121,8.4.153,raw/main/runs/eager_fp32/yolov8n/bs10__run2__20261002T164747_445361Z__ok.json,throttle sw_power_cap
main,eager_fp32,yolov8n,10,3,640,20261002T174738_763912Z,2026-10-02T17:47:40+00:00,6.0559994308277965,6.052512908354402,0.02001293879643053,6.0644315322861075,6.039537023752928,6.20215991511941,100,15.792047390714288,10.758581105619669,10.791025729849935,6.085013500414789,0.6055999430827796,674.18994140625,cuda:0,NVIDIA A100-PCIE-40GB,535.288.01,765.0,1395.0,1410.0,43.0,49.0,170.01,13.0,0,0,sw_power_cap,,,,,,True,2.3.1+cu121,2.3.0+cu121,8.4.153,raw/main/runs/eager_fp32/yolov8n/bs10__run3__20261002T174738_763912Z__ok.json,throttle sw_power_cap
main,eager_fp32,yolov8n,10,4,640,20261002T184715_188025Z,2026-10-02T18:47:16+00:00,6.185255600139499,6.024376954883337,0.2908596513749862,6.697082193568349,6.008185911923647,6.8633961491286755,100,15.734226126223803,10.727465152740479,11.447165929712355,6.067747571505606,0.6185255600139499,674.18994140625,cuda:0,NVIDIA A100-PCIE-40GB,535.288.01,450.0,1395.0,1410.0,43.0,48.0,77.18,13.0,0,0,sw_power_cap,,,,,,True,2.3.1+cu121,2.3.0+cu121,8.4.153,raw/main/runs/eager_fp32/yolov8n/bs10__run4__20261002T184715_188025Z__ok.json,throttle sw_power_cap
main,eager_fp32,yolov8n,12,0,640,20261002T143159_042838Z,2026-10-02T14:32:00+00:00,6.934416848234832,6.9049682933837175,0.058447487582490985,7.026616623625159,6.888466887176037,7.198101840913296,100,16.989535982720554,12.463625287637115,12.686439068056643,7.039605220779777,0.577868070686236,780.29443359375,cuda:0,NVIDIA A100-PCIE-40GB,535.288.01,390.0,1395.0,1410.0,46.0,51.0,86.56,13.0,0,0,sw_power_cap,,,,,,True,2.3.1+cu121,2.3.0+cu121,8.4.153,raw/main/runs/eager_fp32/yolov8n/bs12__run0__20261002T143159_042838Z__ok.json,throttle sw_power_cap
main,eager_fp32,yolov8n,12,1,640,20261002T162431_962381Z,2026-10-02T16:24:33+00:00,6.926224059425294,6.900822045281529,0.2163076588511887,6.910604774020612,6.883647758513689,9.039937052875757,100,17.045902432873845,12.511729961261153,12.562780361622572,7.032606001012027,0.5771853382854412,780.29443359375,cuda:0,NVIDIA A100-PCIE-40GB,535.288.01,765.0,1395.0,1410.0,44.0,51.0,66.6,13.0,0,0,sw_power_cap,,,,,,True,2.3.1+cu121,2.3.0+cu121,8.4.153,raw/main/runs/eager_fp32/yolov8n/bs12__run1__20261002T162431_962381Z__ok.json,throttle sw_power_cap
main,eager_fp32,yolov8n,12,2,640,20261002T171900_939477Z,2026-10-02T17:19:02+00:00,6.976218507625163,6.942998850718141,0.28926365579915825,6.958342413417995,6.924653891474009,9.810266084969044,100,16.916674384847283,12.483283644542098,12.547094211913645,7.0697781490162015,0.5813515423020968,780.294921875,cuda:0,NVIDIA A100-PCIE-40GB,535.288.01,555.0,1395.0,1410.0,46.0,52.0,242.43,13.0,0,0,sw_power_cap,,,,,,True,2.3.1+cu121,2.3.0+cu121,8.4.153,raw/main/runs/eager_fp32/yolov8n/bs12__run2__20261002T171900_939477Z__ok.json,throttle sw_power_cap
main,eager_fp32,yolov8n,12,3,640,20261002T181602_926509Z,2026-10-02T18:16:04+00:00,6.915677171200514,6.910879863426089,0.034207220461626546,6.9234485272318125,6.900585256516933,7.2177560068666935,100,17.325082193128765,12.473304523155093,12.560706585645676,7.0706715900450945,0.5763064309333762,780.294921875,cuda:0,NVIDIA A100-PCIE-40GB,535.288.01,465.0,1395.0,1410.0,49.0,53.0,87.18,13.0,0,0,sw_power_cap,,,,,,True,2.3.1+cu121,2.3.0+cu121,8.4.153,raw/main/runs/eager_fp32/yolov8n/bs12__run3__20261002T181602_926509Z__ok.json,throttle sw_power_cap
main,eager_fp32,yolov8n,12,4,640,20261002T191237_610509Z,2026-10-02T19:12:38+00:00,7.03528062440455,6.905351998284459,0.297939609838197,7.619913853704929,6.8903169594705105,8.354180958122015,100,17.55649108439684,12.476440984755754,13.273599604144692,7.038229522295296,0.5862733853670458,780.294921875,cuda:0,NVIDIA A100-PCIE-40GB,535.288.01,765.0,1395.0,1410.0,43.0,49.0,66.49,13.0,0,0,sw_power_cap,,,,,,True,2.3.1+cu121,2.3.0+cu121,8.4.153,raw/main/runs/eager_fp32/yolov8n/bs12__run4__20261002T191237_610509Z__ok.json,throttle sw_power_cap
main,eager_fp32,yolov8n,14,0,640,20261002T152406_238784Z,2026-10-02T15:24:07+00:00,8.020283221267164,8.007787866517901,0.06878785137318258,8.023616997525096,7.995207794010639,8.49287724122405,100,20.18526037223637,14.47240193374455,14.537559146992862,8.270038752816617,0.5728773729476545,890.158203125,cuda:0,NVIDIA A100-PCIE-40GB,535.288.01,765.0,1380.0,1410.0,52.0,56.0,254.46,13.0,0,0,sw_power_cap,,,,,,True,2.3.1+cu121,2.3.0+cu121,8.4.153,raw/main/runs/eager_fp32/yolov8n/bs14__run0__20261002T152406_238784Z__ok.json,throttle sw_power_cap
main,eager_fp32,yolov8n,14,1,640,20261002T160201_257274Z,2026-10-02T16:02:02+00:00,8.0539740761742,8.009833982214332,0.3019398167821847,8.025337220169604,7.994939107447863,10.558032896369696,100,20.17528490629047,14.424059307202697,14.488801057450473,8.23865010868758,0.5752838625838714,890.158203125,cuda:0,NVIDIA A100-PCIE-40GB,535.288.01,645.0,1395.0,1410.0,48.0,53.0,69.06,13.0,0,0,sw_power_cap,,,,,,True,2.3.1+cu121,2.3.0+cu121,8.4.153,raw/main/runs/eager_fp32/yolov8n/bs14__run1__20261002T160201_257274Z__ok.json,throttle sw_power_cap
main,eager_fp32,yolov8n,14,2,640,20261002T170747_247342Z,2026-10-02T17:07:48+00:00,8.049545069225132,8.005142211914062,0.2538230532005563,8.023837418295443,7.987895980477333,9.894513990730047,100,19.430200564675033,14.460130129009485,14.570646407082677,8.213564082980156,0.5749675049446523,890.15771484375,cuda:0,NVIDIA A100-PCIE-40GB,535.288.01,765.0,1380.0,1410.0,43.0,49.0,250.33,13.0,0,0,sw_power_cap,,,,,,True,2.3.1+cu121,2.3.0+cu121,8.4.153,raw/main/runs/eager_fp32/yolov8n/bs14__run2__20261002T170747_247342Z__ok.json,throttle sw_power_cap
main,eager_fp32,yolov8n,14,3,640,20261002T180148_114741Z,2026-10-02T18:01:49+00:00,8.026226167567074,8.01043608225882,0.11121805828993735,8.02422994747758,7.991850841790438,9.053955785930157,100,19.285074090585113,14.429712435230613,14.474093564786017,8.232336998917162,0.5733018691119339,890.15771484375,cuda:0,NVIDIA A100-PCIE-40GB,535.288.01,765.0,1380.0,1410.0,48.0,53.0,64.81,13.0,0,0,sw_power_cap,,,,,,True,2.3.1+cu121,2.3.0+cu121,8.4.153,raw/main/runs/eager_fp32/yolov8n/bs14__run3__20261002T180148_114741Z__ok.json,throttle sw_power_cap
main,eager_fp32,yolov8n,14,4,640,20261002T193139_548286Z,2026-10-02T19:31:40+00:00,7.974303369410336,7.9671654384583235,0.04668960222974793,7.98242820892483,7.950229570269585,8.390805218368769,100,19.218245847150683,14.465115731582046,14.519177842885256,8.178936522454023,0.569593097815024,890.15771484375,cuda:0,NVIDIA A100-PCIE-40GB,535.288.01,360.0,1380.0,1410.0,42.0,49.0,252.76,13.0,0,0,sw_power_cap,,,,,,True,2.3.1+cu121,2.3.0+cu121,8.4.153,raw/main/runs/eager_fp32/yolov8n/bs14__run4__20261002T193139_548286Z__ok.json,throttle sw_power_cap
main,eager_fp32,yolov8n,16,0,640,20261002T145537_760766Z,2026-10-02T14:55:39+00:00,8.92813690006733,8.911473443731666,0.12872571500410027,8.932276302948594,8.892197161912918,10.13907790184021,100,21.988049070350826,16.217415453866124,16.363898827694356,9.198810197412968,0.5580085562542081,942.33349609375,cuda:0,NVIDIA A100-PCIE-40GB,535.288.01,765.0,1365.0,1410.0,42.0,48.0,82.72,13.0,0,0,sw_power_cap,,,,,,True,2.3.1+cu121,2.3.0+cu121,8.4.153,raw/main/runs/eager_fp32/yolov8n/bs16__run0__20261002T145537_760766Z__ok.json,throttle sw_power_cap
main,eager_fp32,yolov8n,16,1,640,20261002T160404_647161Z,2026-10-02T16:04:06+00:00,8.922674292698503,8.91558756120503,0.06290127207063409,8.933434332720935,8.891117293387651,9.516569785773754,100,20.92595207039267,16.24682708643377,16.35160909499973,9.209524779580534,0.5576671432936564,942.33251953125,cuda:0,NVIDIA A100-PCIE-40GB,535.288.01,765.0,1380.0,1410.0,47.0,52.0,227.88,13.0,0,0,sw_power_cap,,,,,,True,2.3.1+cu121,2.3.0+cu121,8.4.153,raw/main/runs/eager_fp32/yolov8n/bs16__run1__20261002T160404_647161Z__ok.json,throttle sw_power_cap
main,eager_fp32,yolov8n,16,2,640,20261002T171620_435708Z,2026-10-02T17:16:21+00:00,8.95222110208124,8.91937012784183,0.22559618212151483,8.942853356711566,8.89797369018197,10.96803369000554,100,20.4823084641248,16.20334852486849,16.379671008326113,9.251463739201427,0.5595138188800775,942.3330078125,cuda:0,NVIDIA A100-PCIE-40GB,535.288.01,765.0,1380.0,1410.0,51.0,57.0,68.16,13.0,0,0,sw_power_cap,,,,,,True,2.3.1+cu121,2.3.0+cu121,8.4.153,raw/main/runs/eager_fp32/yolov8n/bs16__run2__20261002T171620_435708Z__ok.json,throttle sw_power_cap
main,eager_fp32,yolov8n,16,3,640,20261002T182044_006633Z,2026-10-02T18:20:45+00:00,8.951374050229788,8.887832053005695,0.446283447988847,8.907573274336755,8.862798102200031,12.544416822493076,100,22.108616675250232,16.199861420318484,16.25546016730368,9.206757829524577,0.5594608781393617,942.33251953125,cuda:0,NVIDIA A100-PCIE-40GB,535.288.01,1410.0,1380.0,1410.0,50.0,55.0,64.5,13.0,0,0,sw_power_cap,,,,,,True,2.3.1+cu121,2.3.0+cu121,8.4.153,raw/main/runs/eager_fp32/yolov8n/bs16__run3__20261002T182044_006633Z__ok.json,throttle sw_power_cap
main,eager_fp32,yolov8n,16,4,640,20261002T190742_312825Z,2026-10-02T19:07:43+00:00,8.889660518616438,8.881836198270321,0.04551063677214326,8.906137035228312,8.85636592283845,9.25003970041871,100,20.83197926171124,16.17098436690867,16.24538516625762,9.16456247214228,0.5556037824135274,942.3330078125,cuda:0,NVIDIA A100-PCIE-40GB,535.288.01,435.0,1365.0,1410.0,45.0,50.0,165.16,13.0,0,0,sw_power_cap,,,,,,True,2.3.1+cu121,2.3.0+cu121,8.4.153,raw/main/runs/eager_fp32/yolov8n/bs16__run4__20261002T190742_312825Z__ok.json,throttle sw_power_cap
main,eager_fp32,yolov8n,18,0,640,20261002T145220_791166Z,2026-10-02T14:52:22+00:00,10.442751138471067,10.437282966449857,0.039029223587007514,10.45334895607084,10.419208090752363,10.797533672302961,100,23.279035962186754,18.68679141625762,18.86128899641335,10.717874793335795,0.5801528410261704,1033.7392578125,cuda:0,NVIDIA A100-PCIE-40GB,535.288.01,765.0,1380.0,1410.0,45.0,51.0,247.54,13.0,0,0,sw_power_cap,,,,,,True,2.3.1+cu121,2.3.0+cu121,8.4.153,raw/main/runs/eager_fp32/yolov8n/bs18__run0__20261002T145220_791166Z__ok.json,throttle sw_power_cap
main,eager_fp32,yolov8n,18,1,640,20261002T154722_785833Z,2026-10-02T15:47:24+00:00,10.42756859678775,10.417734505608678,0.050787079212632265,10.457413154654205,10.400569997727871,10.777459014207125,100,23.431755644269288,18.68047215975821,18.820425332523882,10.685142311267555,0.5793093664882084,1033.7392578125,cuda:0,NVIDIA A100-PCIE-40GB,535.288.01,405.0,1380.0,1410.0,43.0,49.0,62.03,13.0,0,0,sw_power_cap,,,,,,True,2.3.1+cu121,2.3.0+cu121,8.4.153,raw/main/runs/eager_fp32/yolov8n/bs18__run1__20261002T154722_785833Z__ok.json,throttle sw_power_cap
main,eager_fp32,yolov8n,18,2,640,20261002T171438_939482Z,2026-10-02T17:14:40+00:00,10.482688755728304,10.444688145071268,0.2960143307742644,10.464511602185667,10.427918285131454,13.323189225047827,100,24.135553184896708,18.692621961236,18.863792717456818,10.722544039599597,0.5823715975404613,1033.7392578125,cuda:0,NVIDIA A100-PCIE-40GB,535.288.01,555.0,1380.0,1410.0,45.0,51.0,247.43,13.0,0,0,sw_power_cap,,,,,,True,2.3.1+cu121,2.3.0+cu121,8.4.153,raw/main/runs/eager_fp32/yolov8n/bs18__run2__20261002T171438_939482Z__ok.json,throttle sw_power_cap
main,eager_fp32,yolov8n,18,3,640,20261002T173900_056086Z,2026-10-02T17:39:01+00:00,10.463654049672186,10.453653987497091,0.05629060349512293,10.470608342438936,10.438058990985155,10.8935940079391,100,23.11093830037862,18.658648477867246,18.713165004737675,10.751686422154307,0.581314113870677,1033.7392578125,cuda:0,NVIDIA A100-PCIE-40GB,535.288.01,600.0,1380.0,1410.0,50.0,55.0,253.05,13.0,0,0,sw_power_cap,,,,,,True,2.3.1+cu121,2.3.0+cu121,8.4.153,raw/main/runs/eager_fp32/yolov8n/bs18__run3__20261002T173900_056086Z__ok.json,throttle sw_power_cap
main,eager_fp32,yolov8n,18,4,640,20261002T184642_269579Z,2026-10-02T18:46:43+00:00,10.438977680169046,10.413947515189648,0.22680075542181866,10.434784227982163,10.39558183401823,12.678107712417841,100,23.671630136668682,18.597085727378726,18.715945654548705,10.697556496597826,0.5799432044538358,1033.7392578125,cuda:0,NVIDIA A100-PCIE-40GB,535.288.01,765.0,1380.0,1410.0,45.0,51.0,249.51,13.0,0,0,sw_power_cap,,,,,,True,2.3.1+cu121,2.3.0+cu121,8.4.153,raw/main/runs/eager_fp32/yolov8n/bs18__run4__20261002T184642_269579Z__ok.json,throttle sw_power_cap
main,eager_fp32,yolov8n,20,0,640,20261002T144516_630296Z,2026-10-02T14:45:17+00:00,11.394066279754043,11.387007078155875,0.054747279752140235,11.40119165647775,11.368092149496078,11.917699128389359,100,24.868417866528034,20.398093154653907,20.51563896238804,11.751699899323285,0.5697033139877021,1143.81494140625,cuda:0,NVIDIA A100-PCIE-40GB,535.288.01,765.0,1380.0,1410.0,43.0,50.0,102.99,13.0,0,0,sw_power_cap,,,,,,True,2.3.1+cu121,2.3.0+cu121,8.4.153,raw/main/runs/eager_fp32/yolov8n/bs20__run0__20261002T144516_630296Z__ok.json,throttle sw_power_cap
main,eager_fp32,yolov8n,20,1,640,20261002T161043_046319Z,2026-10-02T16:10:44+00:00,11.386669524945319,11.378088966012001,0.06409991390769999,11.393607594072819,11.365198995918036,11.990941129624844,100,26.205005808733404,20.43823362328112,20.520016527734697,11.77748981397599,0.5693334762472659,1143.81494140625,cuda:0,NVIDIA A100-PCIE-40GB,535.288.01,1410.0,1380.0,1410.0,50.0,54.0,60.27,13.0,0,0,sw_power_cap,,,,,,True,2.3.1+cu121,2.3.0+cu121,8.4.153,raw/main/runs/eager_fp32/yolov8n/bs20__run1__20261002T161043_046319Z__ok.json,throttle sw_power_cap
main,eager_fp32,yolov8n,20,2,640,20261002T172249_708711Z,2026-10-02T17:22:51+00:00,11.41232832800597,11.400443036109209,0.06689330874377666,11.442667851224542,11.381227057427168,11.905268765985966,100,25.010355156846344,20.50799527205527,20.669272891245782,11.793329659849405,0.5706164164002985,1143.81494140625,cuda:0,NVIDIA A100-PCIE-40GB,535.288.01,765.0,1395.0,1410.0,50.0,55.0,243.77,13.0,0,0,sw_power_cap,,,,,,True,2.3.1+cu121,2.3.0+cu121,8.4.153,raw/main/runs/eager_fp32/yolov8n/bs20__run2__20261002T172249_708711Z__ok.json,throttle sw_power_cap
main,eager_fp32,yolov8n,20,3,640,20261002T175915_440225Z,2026-10-02T17:59:16+00:00,11.410681372508407,11.39844604767859,0.09396185926749466,11.417347704991698,11.38299098238349,12.328495737165213,100,25.153406192548573,20.543443970382214,20.675237849354744,11.76593329757452,0.5705340686254203,1143.81494140625,cuda:0,NVIDIA A100-PCIE-40GB,535.288.01,600.0,1395.0,1410.0,46.0,52.0,244.49,13.0,0,0,sw_power_cap,,,,,,True,2.3.1+cu121,2.3.0+cu121,8.4.153,raw/main/runs/eager_fp32/yolov8n/bs20__run3__20261002T175915_440225Z__ok.json,throttle sw_power_cap
main,eager_fp32,yolov8n,20,4,640,20261002T191331_355896Z,2026-10-02T19:13:32+00:00,11.383445467799902,11.363888857886195,0.12591953415738286,11.406968627125025,11.347807943820953,12.416238896548748,100,24.976172600872815,20.46862104907632,20.59864797629416,11.712860963307321,0.5691722733899951,1143.81494140625,cuda:0,NVIDIA A100-PCIE-40GB,535.288.01,345.0,1395.0,1410.0,42.0,47.0,251.96,13.0,0,0,sw_power_cap,,,,,,True,2.3.1+cu121,2.3.0+cu121,8.4.153,raw/main/runs/eager_fp32/yolov8n/bs20__run4__20261002T191331_355896Z__ok.json,throttle sw_power_cap
main,eager_fp32,yolov8n,22,0,640,20261002T145918_853494Z,2026-10-02T14:59:20+00:00,12.409717696718872,12.401463463902473,0.047685153209827545,12.447188678197563,12.376999016851187,12.843281030654907,100,26.974758715368807,22.325034718960524,22.471945267170668,12.80192768201232,0.564078077123585,1260.80712890625,cuda:0,NVIDIA A100-PCIE-40GB,535.288.01,765.0,1380.0,1410.0,41.0,48.0,93.48,13.0,0,0,sw_power_cap,,,,,,True,2.3.1+cu121,2.3.0+cu121,8.4.153,raw/main/runs/eager_fp32/yolov8n/bs22__run0__20261002T145918_853494Z__ok.json,throttle sw_power_cap
main,eager_fp32,yolov8n,22,1,640,20261002T153553_722127Z,2026-10-02T15:35:55+00:00,12.415301981382072,12.40688026882708,0.047298304386055166,12.425622064620256,12.393216136842966,12.85872794687748,100,27.450453923083842,22.344643948599696,22.66235207207501,12.868986260145903,0.5643319082446396,1260.80712890625,cuda:0,NVIDIA A100-PCIE-40GB,535.288.01,495.0,1380.0,1410.0,49.0,54.0,247.8,13.0,0,0,sw_power_cap,,,,,,True,2.3.1+cu121,2.3.0+cu121,8.4.153,raw/main/runs/eager_fp32/yolov8n/bs22__run1__20261002T153553_722127Z__ok.json,throttle sw_power_cap
main,eager_fp32,yolov8n,22,2,640,20261002T170700_727520Z,2026-10-02T17:07:02+00:00,12.418818003498018,12.410777620971203,0.048770269080429515,12.434549792669713,12.394572142511606,12.860768008977175,100,26.73543268814683,22.403791779652238,22.514883219264448,12.823094301857054,0.564491727431728,1260.806640625,cuda:0,NVIDIA A100-PCIE-40GB,535.288.01,585.0,1380.0,1410.0,43.0,50.0,255.81,13.0,0,0,sw_power_cap,,,,,,True,2.3.1+cu121,2.3.0+cu121,8.4.153,raw/main/runs/eager_fp32/yolov8n/bs22__run2__20261002T170700_727520Z__ok.json,throttle sw_power_cap
main,eager_fp32,yolov8n,22,3,640,20261002T175702_557596Z,2026-10-02T17:57:03+00:00,12.422826900146902,12.410505907610059,0.07839650169067447,12.43312784936279,12.392417062073946,13.0649758502841,100,26.752902613952756,22.406565956771374,22.691577253863215,12.828758228570223,0.5646739500066773,1260.806640625,cuda:0,NVIDIA A100-PCIE-40GB,535.288.01,600.0,1380.0,1410.0,44.0,51.0,257.85,13.0,0,0,sw_power_cap,,,,,,True,2.3.1+cu121,2.3.0+cu121,8.4.153,raw/main/runs/eager_fp32/yolov8n/bs22__run3__20261002T175702_557596Z__ok.json,throttle sw_power_cap
main,eager_fp32,yolov8n,22,4,640,20261002T185915_206827Z,2026-10-02T18:59:16+00:00,12.440132689662278,12.383281020447612,0.17250420443501085,12.666160962544382,12.367975898087025,13.77137703821063,100,26.819845270365477,22.39568205550313,22.760438290424645,12.828640840016305,0.5654605768028308,1260.80712890625,cuda:0,NVIDIA A100-PCIE-40GB,535.288.01,615.0,1395.0,1410.0,46.0,52.0,65.59,13.0,0,0,sw_power_cap,,,,,,True,2.3.1+cu121,2.3.0+cu121,8.4.153,raw/main/runs/eager_fp32/yolov8n/bs22__run4__20261002T185915_206827Z__ok.json,throttle sw_power_cap
main,eager_fp32,yolov8n,24,0,640,20261002T151828_090215Z,2026-10-02T15:18:29+00:00,13.260831939987838,13.241450535133481,0.11393296439885398,13.26396195217967,13.22208996862173,14.09393735229969,100,29.26377632189542,24.13086243905127,24.188351794146,13.813721877522767,0.5525346641661599,1367.4365234375,cuda:0,NVIDIA A100-PCIE-40GB,535.288.01,1410.0,1380.0,1410.0,52.0,57.0,215.24,13.0,0,0,sw_power_cap,,,,,,True,2.3.1+cu121,2.3.0+cu121,8.4.153,raw/main/runs/eager_fp32/yolov8n/bs24__run0__20261002T151828_090215Z__ok.json,throttle sw_power_cap
main,eager_fp32,yolov8n,24,1,640,20261002T154002_016415Z,2026-10-02T15:40:03+00:00,13.292616754770279,13.258619233965874,0.277182735753224,13.278226554393768,13.241255190223455,15.983579214662313,100,29.04223411809653,24.13872256875038,24.260355159640312,13.740907409228384,0.5538590314487616,1367.4365234375,cuda:0,NVIDIA A100-PCIE-40GB,535.288.01,345.0,1380.0,1410.0,41.0,48.0,97.03,13.0,0,0,sw_power_cap,,,,,,True,2.3.1+cu121,2.3.0+cu121,8.4.153,raw/main/runs/eager_fp32/yolov8n/bs24__run1__20261002T154002_016415Z__ok.json,throttle sw_power_cap
main,eager_fp32,yolov8n,24,2,640,20261002T171000_290545Z,2026-10-02T17:10:01+00:00,13.268533917143941,13.257710030302405,0.06591225086579265,13.273446657694876,13.243375346064568,13.83544085547328,100,29.09923154860735,24.12178833037615,24.36842394527048,13.77644392196089,0.5528555798809975,1367.43701171875,cuda:0,NVIDIA A100-PCIE-40GB,535.288.01,765.0,1380.0,1410.0,46.0,51.0,137.15,13.0,0,0,sw_power_cap,,,,,,True,2.3.1+cu121,2.3.0+cu121,8.4.153,raw/main/runs/eager_fp32/yolov8n/bs24__run2__20261002T171000_290545Z__ok.json,throttle sw_power_cap
main,eager_fp32,yolov8n,24,3,640,20261002T182332_348567Z,2026-10-02T18:23:33+00:00,13.244723523966968,13.236590893939137,0.0554800187635235,13.264689431525767,13.220366090536118,13.764570001512766,100,28.738688896410167,24.11334845237434,24.23556395806372,13.724975176155567,0.5518634801652903,1367.43603515625,cuda:0,NVIDIA A100-PCIE-40GB,535.288.01,765.0,1380.0,1410.0,41.0,47.0,182.73,13.0,0,0,sw_power_cap,,,,,,True,2.3.1+cu121,2.3.0+cu121,8.4.153,raw/main/runs/eager_fp32/yolov8n/bs24__run3__20261002T182332_348567Z__ok.json,throttle sw_power_cap
main,eager_fp32,yolov8n,24,4,640,20261002T191113_069111Z,2026-10-02T19:11:14+00:00,13.258384014479816,13.236196944490075,0.1623429023979445,13.262019073590636,13.217641972005367,14.760416001081467,100,29.403325859457254,24.0414144936949,24.14729855954647,13.785328716039658,0.5524326672699923,1367.4365234375,cuda:0,NVIDIA A100-PCIE-40GB,535.288.01,1410.0,1380.0,1410.0,49.0,54.0,219.48,13.0,0,0,sw_power_cap,,,,,,True,2.3.1+cu121,2.3.0+cu121,8.4.153,raw/main/runs/eager_fp32/yolov8n/bs24__run4__20261002T191113_069111Z__ok.json,throttle sw_power_cap
main,eager_fp32,yolov8n,26,0,640,20261002T143904_861765Z,2026-10-02T14:39:06+00:00,14.353642002679408,14.338278444483876,0.09085109444710211,14.391452400013804,14.321738854050636,15.01438906416297,100,31.11810475587845,26.20223886333406,26.466976711526513,14.91774010937661,0.552063153949208,1480.5654296875,cuda:0,NVIDIA A100-PCIE-40GB,535.288.01,765.0,1395.0,1410.0,45.0,50.0,60.34,13.0,0,0,sw_power_cap,,,,,,True,2.3.1+cu121,2.3.0+cu121,8.4.153,raw/main/runs/eager_fp32/yolov8n/bs26__run0__20261002T143904_861765Z__ok.json,throttle sw_power_cap
main,eager_fp32,yolov8n,26,1,640,20261002T161439_542459Z,2026-10-02T16:14:40+00:00,14.355100095272064,14.323279494419694,0.21653368876680437,14.39433170016855,14.302098657935858,16.385092865675688,100,30.947689497843385,26.080146664753556,26.22759770601988,14.945822628214955,0.5521192344335409,1480.56591796875,cuda:0,NVIDIA A100-PCIE-40GB,535.288.01,1410.0,1365.0,1410.0,50.0,55.0,251.97,13.0,0,0,sw_power_cap,,,,,,True,2.3.1+cu121,2.3.0+cu121,8.4.153,raw/main/runs/eager_fp32/yolov8n/bs26__run1__20261002T161439_542459Z__ok.json,throttle sw_power_cap
main,eager_fp32,yolov8n,26,2,640,20261002T170233_528967Z,2026-10-02T17:02:34+00:00,14.334257319569588,14.325803378596902,0.06255381507952838,14.358861069194973,14.307593926787376,14.934197068214417,100,30.333206774666905,26.109600206837058,26.337879057973623,14.912579609081149,0.5513175892142149,1480.56640625,cuda:0,NVIDIA A100-PCIE-40GB,535.288.01,765.0,1395.0,1410.0,44.0,51.0,251.08,13.0,0,0,sw_power_cap,,,,,,True,2.3.1+cu121,2.3.0+cu121,8.4.153,raw/main/runs/eager_fp32/yolov8n/bs26__run2__20261002T170233_528967Z__ok.json,throttle sw_power_cap
main,eager_fp32,yolov8n,26,3,640,20261002T183404_922658Z,2026-10-02T18:34:06+00:00,14.322645948268473,14.31161561049521,0.06816450622133767,14.380565006285906,14.296280220150948,14.96525900438428,100,30.406630244106054,26.09125804156065,26.215527369640768,14.937799512408674,0.5508709980103259,1480.56591796875,cuda:0,NVIDIA A100-PCIE-40GB,535.288.01,435.0,1395.0,1410.0,50.0,55.0,145.27,13.0,0,0,sw_power_cap,,,,,,True,2.3.1+cu121,2.3.0+cu121,8.4.153,raw/main/runs/eager_fp32/yolov8n/bs26__run3__20261002T183404_922658Z__ok.json,throttle sw_power_cap
main,eager_fp32,yolov8n,26,4,640,20261002T184206_716252Z,2026-10-02T18:42:08+00:00,14.333791774697602,14.315764419734478,0.07354140515376967,14.388987654820085,14.285726007074118,14.99602198600769,100,30.486131804063916,26.03867184370756,26.201319019310176,14.949970180168748,0.5512996836422155,1480.56591796875,cuda:0,NVIDIA A100-PCIE-40GB,535.288.01,480.0,1395.0,1410.0,50.0,55.0,241.57,13.0,0,0,sw_power_cap,,,,,,True,2.3.1+cu121,2.3.0+cu121,8.4.153,raw/main/runs/eager_fp32/yolov8n/bs26__run4__20261002T184206_716252Z__ok.json,throttle sw_power_cap
main,eager_fp32,yolov8n,28,0,640,20261002T152027_818055Z,2026-10-02T15:20:29+00:00,15.175291299819946,15.148349106311798,0.07560296281059267,15.2349594514817,15.107354149222374,15.808016993105412,100,32.34249306842685,27.846917044371367,28.00901241134852,15.858440278097987,0.5419746892792838,1598.4453125,cuda:0,NVIDIA A100-PCIE-40GB,535.288.01,1410.0,1365.0,1410.0,51.0,56.0,249.99,13.0,0,0,sw_power_cap,,,,,,True,2.3.1+cu121,2.3.0+cu121,8.4.153,raw/main/runs/eager_fp32/yolov8n/bs28__run0__20261002T152027_818055Z__ok.json,throttle sw_power_cap
main,eager_fp32,yolov8n,28,1,640,20261002T162631_101254Z,2026-10-02T16:26:32+00:00,15.137224360369146,15.115207061171532,0.07081810669523685,15.207884623669088,15.086501836776733,15.734727960079908,100,32.14866004418582,27.78150816448033,27.994580613449216,15.770658231340349,0.5406151557274695,1598.44482421875,cuda:0,NVIDIA A100-PCIE-40GB,535.288.01,765.0,1380.0,1410.0,41.0,48.0,252.37,13.0,0,0,sw_power_cap,,,,,,True,2.3.1+cu121,2.3.0+cu121,8.4.153,raw/main/runs/eager_fp32/yolov8n/bs28__run1__20261002T162631_101254Z__ok.json,throttle sw_power_cap
main,eager_fp32,yolov8n,28,2,640,20261002T164626_084694Z,2026-10-02T16:46:27+00:00,15.214296355843544,15.216720523312688,0.10435800468751535,15.273567149415612,15.110316686332226,15.93219768255949,100,32.730629784055054,27.712148381397128,27.830163715407252,15.903432727791367,0.5433677269944123,1598.4453125,cuda:0,NVIDIA A100-PCIE-40GB,535.288.01,1410.0,1365.0,1410.0,55.0,58.0,253.47,13.0,0,0,sw_power_cap,,,,,,True,2.3.1+cu121,2.3.0+cu121,8.4.153,raw/main/runs/eager_fp32/yolov8n/bs28__run2__20261002T164626_084694Z__ok.json,throttle sw_power_cap
main,eager_fp32,yolov8n,28,3,640,20261002T183128_696930Z,2026-10-02T18:31:30+00:00,15.184667250141501,15.135802095755935,0.27310415588477743,15.217594220302999,15.092721208930016,17.75429490953684,100,32.33268256764859,27.765814447775483,28.029091260395944,15.824509090743957,0.5423095446479108,1598.4453125,cuda:0,NVIDIA A100-PCIE-40GB,535.288.01,615.0,1380.0,1410.0,48.0,53.0,249.31,13.0,0,0,sw_power_cap,,,,,,True,2.3.1+cu121,2.3.0+cu121,8.4.153,raw/main/runs/eager_fp32/yolov8n/bs28__run3__20261002T183128_696930Z__ok.json,throttle sw_power_cap
main,eager_fp32,yolov8n,28,4,640,20261002T191432_890160Z,2026-10-02T19:14:34+00:00,15.149408522993326,15.12259733863175,0.0845436282876684,15.207069111056626,15.090341679751873,15.896189026534557,100,32.57357069756836,27.68708043731749,27.844809321686625,15.821695700287817,0.5410503043926188,1598.4453125,cuda:0,NVIDIA A100-PCIE-40GB,535.288.01,1410.0,1380.0,1410.0,50.0,54.0,256.22,13.0,0,0,sw_power_cap,,,,,,True,2.3.1+cu121,2.3.0+cu121,8.4.153,raw/main/runs/eager_fp32/yolov8n/bs28__run4__20261002T191432_890160Z__ok.json,throttle sw_power_cap
main,eager_fp32,yolov8n,30,0,640,20261002T144831_031241Z,2026-10-02T14:48:32+00:00,16.491627893410623,16.465283231809735,0.07124551319907695,16.557116946205497,16.42974792048335,17.0568167231977,100,34.609901532530785,30.07597802206874,30.23713903967291,17.144063832238317,0.5497209297803541,1705.57470703125,cuda:0,NVIDIA A100-PCIE-40GB,535.288.01,510.0,1380.0,1410.0,45.0,51.0,62.13,13.0,0,0,sw_power_cap,,,,,,True,2.3.1+cu121,2.3.0+cu121,8.4.153,raw/main/runs/eager_fp32/yolov8n/bs30__run0__20261002T144831_031241Z__ok.json,throttle sw_power_cap
main,eager_fp32,yolov8n,30,1,640,20261002T161527_563894Z,2026-10-02T16:15:28+00:00,16.46463008131832,16.432294622063637,0.1148850294316684,16.51366602163762,16.407093964517117,17.319762147963047,100,34.78546637110412,29.882400296628475,30.027354904450476,17.12144073098898,0.5488210027106106,1705.57470703125,cuda:0,NVIDIA A100-PCIE-40GB,535.288.01,375.0,1365.0,1410.0,45.0,51.0,247.05,13.0,0,0,sw_power_cap,,,,,,True,2.3.1+cu121,2.3.0+cu121,8.4.153,raw/main/runs/eager_fp32/yolov8n/bs30__run1__20261002T161527_563894Z__ok.json,throttle sw_power_cap
main,eager_fp32,yolov8n,30,2,640,20261002T165709_786593Z,2026-10-02T16:57:11+00:00,16.483093788847327,16.458986327052116,0.07715063514158219,16.53861643280834,16.421600244939327,17.136947251856327,100,35.029614279046655,29.90358415991068,30.035704863257706,17.114833439700305,0.5494364596282443,1705.57470703125,cuda:0,NVIDIA A100-PCIE-40GB,535.288.01,660.0,1380.0,1410.0,44.0,51.0,180.38,13.0,0,0,sw_power_cap,,,,,,True,2.3.1+cu121,2.3.0+cu121,8.4.153,raw/main/runs/eager_fp32/yolov8n/bs30__run2__20261002T165709_786593Z__ok.json,throttle sw_power_cap
main,eager_fp32,yolov8n,30,3,640,20261002T174632_286659Z,2026-10-02T17:46:33+00:00,16.51357800234109,16.46617753431201,0.2672645153381653,16.543637053109705,16.442727763205767,19.058124627918005,100,34.25232951529324,29.818529961630702,29.999222792685032,17.115106652490795,0.5504526000780364,1705.57470703125,cuda:0,NVIDIA A100-PCIE-40GB,535.288.01,540.0,1380.0,1410.0,43.0,51.0,218.05,13.0,0,0,sw_power_cap,,,,,,True,2.3.1+cu121,2.3.0+cu121,8.4.153,raw/main/runs/eager_fp32/yolov8n/bs30__run3__20261002T174632_286659Z__ok.json,throttle sw_power_cap
main,eager_fp32,yolov8n,30,4,640,20261002T190923_222019Z,2026-10-02T19:09:24+00:00,16.44963677972555,16.42379490658641,0.07441485615653626,16.514230566099286,16.403220128268003,17.05861696973443,100,34.427127544768155,29.970674542710185,30.202843947336078,17.065622406080365,0.5483212259908518,1705.57470703125,cuda:0,NVIDIA A100-PCIE-40GB,535.288.01,570.0,1380.0,1410.0,42.0,49.0,140.77,13.0,0,0,sw_power_cap,,,,,,True,2.3.1+cu121,2.3.0+cu121,8.4.153,raw/main/runs/eager_fp32/yolov8n/bs30__run4__20261002T190923_222019Z__ok.json,throttle sw_power_cap
main,eager_fp32,yolov8n,32,0,640,20261002T145446_164829Z,2026-10-02T14:54:47+00:00,17.51619577407837,17.50929211266339,0.09370483305764213,17.587831034325063,17.428241204470396,18.158915918320417,100,36.429024687968194,31.892139930278063,32.11259082891047,18.16591797862202,0.547381117939949,1818.2041015625,cuda:0,NVIDIA A100-PCIE-40GB,535.288.01,360.0,1380.0,1410.0,44.0,51.0,247.24,13.0,0,0,sw_power_cap,,,,,,True,2.3.1+cu121,2.3.0+cu121,8.4.153,raw/main/runs/eager_fp32/yolov8n/bs32__run0__20261002T145446_164829Z__ok.json,throttle sw_power_cap
main,eager_fp32,yolov8n,32,1,640,20261002T154031_011218Z,2026-10-02T15:40:32+00:00,17.504962072707713,17.485790885984898,0.08423360155661494,17.593106860294938,17.429290805011988,18.186707980930805,100,36.78668929729611,31.94070211611688,32.08395983092487,18.157878536731005,0.547030064772116,1818.20458984375,cuda:0,NVIDIA A100-PCIE-40GB,535.288.01,555.0,1395.0,1410.0,44.0,50.0,246.33,13.0,0,0,sw_power_cap,,,,,,True,2.3.1+cu121,2.3.0+cu121,8.4.153,raw/main/runs/eager_fp32/yolov8n/bs32__run1__20261002T154031_011218Z__ok.json,throttle sw_power_cap
main,eager_fp32,yolov8n,32,2,640,20261002T170947_145805Z,2026-10-02T17:09:48+00:00,17.525266339071095,17.525976290926337,0.08002306040551739,17.610147641971707,17.432316206395626,18.14335025846958,100,36.09639427624643,31.828253529965878,32.1882460732013,18.205426102504134,0.5476645730959717,1818.2041015625,cuda:0,NVIDIA A100-PCIE-40GB,535.288.01,630.0,1365.0,1410.0,47.0,53.0,250.89,13.0,0,0,sw_power_cap,,,,,,True,2.3.1+cu121,2.3.0+cu121,8.4.153,raw/main/runs/eager_fp32/yolov8n/bs32__run2__20261002T170947_145805Z__ok.json,throttle sw_power_cap
main,eager_fp32,yolov8n,32,3,640,20261002T180346_635637Z,2026-10-02T18:03:48+00:00,17.519440376199782,17.48704956844449,0.08155893883588033,17.609129915945232,17.436903901398182,18.15693499520421,100,36.46128327585757,31.9122273940593,32.094865501858294,18.204617691226304,0.5474825117562432,1818.2041015625,cuda:0,NVIDIA A100-PCIE-40GB,535.288.01,450.0,1365.0,1410.0,47.0,53.0,62.24,13.0,0,0,sw_power_cap,,,,,,True,2.3.1+cu121,2.3.0+cu121,8.4.153,raw/main/runs/eager_fp32/yolov8n/bs32__run3__20261002T180346_635637Z__ok.json,throttle sw_power_cap
main,eager_fp32,yolov8n,32,4,640,20261002T192011_795189Z,2026-10-02T19:20:13+00:00,17.489912901073694,17.490911995992064,0.0828195566072407,17.553027137182653,17.40425592288375,18.181235995143652,100,37.67223172355443,31.868222868070006,32.096811034716666,18.15637724008411,0.546559778158553,1818.2041015625,cuda:0,NVIDIA A100-PCIE-40GB,535.288.01,765.0,1365.0,1410.0,45.0,51.0,65.1,13.0,0,0,sw_power_cap,,,,,,True,2.3.1+cu121,2.3.0+cu121,8.4.153,raw/main/runs/eager_fp32/yolov8n/bs32__run4__20261002T192011_795189Z__ok.json,throttle sw_power_cap
main,eager_fp32,yolov8n,40,0,640,20261002T143229_944001Z,2026-10-02T14:32:31+00:00,22.225721003487706,22.175485268235207,0.12172172607987707,22.40297431126237,22.14688528329134,23.11669895425439,100,45.16943606548011,40.138244861736894,40.635666623711586,23.077422939240932,0.5556430250871927,1898.4697265625,cuda:0,NVIDIA A100-PCIE-40GB,535.288.01,570.0,1365.0,1410.0,48.0,54.0,108.57,13.0,0,0,sw_power_cap,,,,,,True,2.3.1+cu121,2.3.0+cu121,8.4.153,raw/main/runs/eager_fp32/yolov8n/bs40__run0__20261002T143229_944001Z__ok.json,throttle sw_power_cap
main,eager_fp32,yolov8n,40,1,640,20261002T161838_821867Z,2026-10-02T16:18:40+00:00,22.23643438424915,22.18638197518885,0.1207757464466702,22.411370580084622,22.147952113300562,23.10909004881978,100,45.13728719204664,39.93108752183616,40.27049744036049,23.040839079767466,0.5559108596062288,1898.4697265625,cuda:0,NVIDIA A100-PCIE-40GB,535.288.01,765.0,1365.0,1410.0,44.0,51.0,71.35,13.0,0,0,sw_power_cap,,,,,,True,2.3.1+cu121,2.3.0+cu121,8.4.153,raw/main/runs/eager_fp32/yolov8n/bs40__run1__20261002T161838_821867Z__ok.json,throttle sw_power_cap
main,eager_fp32,yolov8n,40,2,640,20261002T164710_683008Z,2026-10-02T16:47:12+00:00,22.312129554338753,22.300361888483167,0.11925563652404826,22.436450538225472,22.207235917448997,23.15011527389288,100,44.79639212600887,40.212037740275264,40.78891302924603,23.140567992813885,0.5578032388584688,1898.4697265625,cuda:0,NVIDIA A100-PCIE-40GB,535.288.01,495.0,1365.0,1410.0,50.0,55.0,248.84,13.0,0,0,sw_power_cap,,,,,,True,2.3.1+cu121,2.3.0+cu121,8.4.153,raw/main/runs/eager_fp32/yolov8n/bs40__run2__20261002T164710_683008Z__ok.json,throttle sw_power_cap
main,eager_fp32,yolov8n,40,3,640,20261002T175432_283328Z,2026-10-02T17:54:33+00:00,22.296394337899983,22.22949150018394,0.21598400927119962,22.44632088113576,22.202371153980494,24.100099224597216,100,44.67208203393966,40.0457582436502,40.47797634266317,23.074866607785225,0.5574098584474996,1898.46923828125,cuda:0,NVIDIA A100-PCIE-40GB,535.288.01,600.0,1365.0,1410.0,45.0,52.0,183.96,13.0,0,0,sw_power_cap,,,,,,True,2.3.1+cu121,2.3.0+cu121,8.4.153,raw/main/runs/eager_fp32/yolov8n/bs40__run3__20261002T175432_283328Z__ok.json,throttle sw_power_cap
main,eager_fp32,yolov8n,40,4,640,20261002T190232_406970Z,2026-10-02T19:02:33+00:00,22.296587517485023,22.25424093194306,0.30119201064295054,22.431707219220698,22.150113712996244,25.005250703543425,100,44.61664738599211,40.01002921722829,40.366810373961926,23.025670340284705,0.5574146879371256,1898.4697265625,cuda:0,NVIDIA A100-PCIE-40GB,535.288.01,405.0,1380.0,1410.0,42.0,50.0,184.11,13.0,0,0,sw_power_cap,,,,,,True,2.3.1+cu121,2.3.0+cu121,8.4.153,raw/main/runs/eager_fp32/yolov8n/bs40__run4__20261002T190232_406970Z__ok.json,throttle sw_power_cap
main,eager_fp32,yolov8n,48,0,640,20261002T145330_865367Z,2026-10-02T14:53:32+00:00,26.43871637992561,26.408175937831402,0.12046277169022282,26.600341056473553,26.30324801430106,27.356747072190046,100,52.13292715605348,47.67095157876611,47.99887321423739,27.350224959664047,0.5508065912484502,2051.3369140625,cuda:0,NVIDIA A100-PCIE-40GB,535.288.01,765.0,1380.0,1410.0,41.0,50.0,249.51,13.0,0,0,sw_power_cap,,,,,,True,2.3.1+cu121,2.3.0+cu121,8.4.153,raw/main/runs/eager_fp32/yolov8n/bs48__run0__20261002T145330_865367Z__ok.json,throttle sw_power_cap
main,eager_fp32,yolov8n,48,1,640,20261002T155524_367965Z,2026-10-02T15:55:25+00:00,26.475215763784945,26.446725009009242,0.13253714397745378,26.626762957312167,26.302240788936615,27.485397178679705,100,52.976422095671296,47.9510345030576,48.33700442686677,27.49142793007195,0.551566995078853,2051.3369140625,cuda:0,NVIDIA A100-PCIE-40GB,535.288.01,1410.0,1365.0,1410.0,53.0,57.0,79.93,13.0,0,0,sw_power_cap,,,,,,True,2.3.1+cu121,2.3.0+cu121,8.4.153,raw/main/runs/eager_fp32/yolov8n/bs48__run1__20261002T155524_367965Z__ok.json,throttle sw_power_cap
main,eager_fp32,yolov8n,48,2,640,20261002T165309_095022Z,2026-10-02T16:53:10+00:00,26.491092443466187,26.45915956236422,0.13602559492319138,26.638341578654945,26.353827212005854,27.550616767257452,100,52.66534031368792,47.5186170078814,47.95547374524176,27.51423057168722,0.5518977592388788,2051.33642578125,cuda:0,NVIDIA A100-PCIE-40GB,535.288.01,765.0,1365.0,1410.0,52.0,58.0,78.86,13.0,0,0,sw_power_cap,,,,,,True,2.3.1+cu121,2.3.0+cu121,8.4.153,raw/main/runs/eager_fp32/yolov8n/bs48__run2__20261002T165309_095022Z__ok.json,throttle sw_power_cap
main,eager_fp32,yolov8n,48,3,640,20261002T173949_995458Z,2026-10-02T17:39:51+00:00,26.458857799880207,26.429271092638373,0.11573099624483477,26.60751761868596,26.356475427746773,27.358909137547016,100,52.565121250227094,47.54063067957759,47.961423406377435,27.380244098603725,0.551226204164171,2051.3369140625,cuda:0,NVIDIA A100-PCIE-40GB,535.288.01,765.0,1365.0,1410.0,43.0,51.0,219.01,13.0,0,0,sw_power_cap,,,,,,True,2.3.1+cu121,2.3.0+cu121,8.4.153,raw/main/runs/eager_fp32/yolov8n/bs48__run3__20261002T173949_995458Z__ok.json,throttle sw_power_cap
main,eager_fp32,yolov8n,48,4,640,20261002T193106_678302Z,2026-10-02T19:31:08+00:00,26.470000743865967,26.412837905809283,0.35292154093536937,26.57912177965045,26.31570678204298,29.663140885531902,100,52.76862042956054,47.587347915396094,48.10126326046884,27.361785578541458,0.551458348830541,2051.3369140625,cuda:0,NVIDIA A100-PCIE-40GB,535.288.01,1410.0,1365.0,1410.0,45.0,52.0,62.42,13.0,0,0,sw_power_cap,,,,,,True,2.3.1+cu121,2.3.0+cu121,8.4.153,raw/main/runs/eager_fp32/yolov8n/bs48__run4__20261002T193106_678302Z__ok.json,throttle sw_power_cap
main,eager_fp32,yolov8n,56,0,640,20261002T150530_330512Z,2026-10-02T15:05:31+00:00,30.73719372972846,30.69294011220336,0.14515432432303785,30.901323771104217,30.605707783252,31.82794712483883,100,60.279914322309196,55.3396581672132,55.893619428388774,31.901597590185702,0.5488784594594368,2123.1318359375,cuda:0,NVIDIA A100-PCIE-40GB,535.288.01,375.0,1365.0,1410.0,47.0,54.0,64.81,13.0,0,0,sw_power_cap,,,,,,True,2.3.1+cu121,2.3.0+cu121,8.4.153,raw/main/runs/eager_fp32/yolov8n/bs56__run0__20261002T150530_330512Z__ok.json,throttle sw_power_cap
main,eager_fp32,yolov8n,56,1,640,20261002T153727_110555Z,2026-10-02T15:37:28+00:00,30.74860222171992,30.69103299640119,0.16080991211750637,30.91271724551916,30.5629950016737,31.85623697936535,100,60.436889133416116,55.19618792459369,55.637542717158794,31.838407060131434,0.5490821825307128,2123.13134765625,cuda:0,NVIDIA A100-PCIE-40GB,535.288.01,765.0,1365.0,1410.0,44.0,52.0,174.53,13.0,0,0,sw_power_cap,,,,,,True,2.3.1+cu121,2.3.0+cu121,8.4.153,raw/main/runs/eager_fp32/yolov8n/bs56__run1__20261002T153727_110555Z__ok.json,throttle sw_power_cap
main,eager_fp32,yolov8n,56,2,640,20261002T165034_915111Z,2026-10-02T16:50:36+00:00,30.78534130938351,30.757181579247117,0.14722205590707993,30.955649656243622,30.64447781071067,31.863538082689047,100,60.67819346208125,55.50710391253233,56.059980555437505,31.993239279836416,0.5497382376675627,2123.13232421875,cuda:0,NVIDIA A100-PCIE-40GB,535.288.01,765.0,1365.0,1410.0,50.0,56.0,142.82,13.0,0,0,sw_power_cap,,,,,,True,2.3.1+cu121,2.3.0+cu121,8.4.153,raw/main/runs/eager_fp32/yolov8n/bs56__run2__20261002T165034_915111Z__ok.json,throttle sw_power_cap
main,eager_fp32,yolov8n,56,3,640,20261002T181423_985452Z,2026-10-02T18:14:25+00:00,30.705406181514263,30.661199940368533,0.14210588959010348,30.860429210588336,30.531961005181074,31.79917996749282,100,60.190644967369735,55.621904553845525,56.44096767064184,31.809520069509745,0.5483108246698976,2123.1318359375,cuda:0,NVIDIA A100-PCIE-40GB,535.288.01,765.0,1365.0,1410.0,42.0,50.0,248.74,13.0,0,0,sw_power_cap,,,,,,True,2.3.1+cu121,2.3.0+cu121,8.4.153,raw/main/runs/eager_fp32/yolov8n/bs56__run3__20261002T181423_985452Z__ok.json,throttle sw_power_cap
main,eager_fp32,yolov8n,56,4,640,20261002T192829_957360Z,2026-10-02T19:28:31+00:00,30.74022261891514,30.70629294961691,0.14547186944098534,30.891887610778213,30.60136316344142,31.842365860939026,100,60.11279358062893,55.71950692683458,56.06443246360868,31.87966135330498,0.5489325467663418,2123.1318359375,cuda:0,NVIDIA A100-PCIE-40GB,535.288.01,765.0,1365.0,1410.0,47.0,54.0,249.3,13.0,0,0,sw_power_cap,,,,,,True,2.3.1+cu121,2.3.0+cu121,8.4.153,raw/main/runs/eager_fp32/yolov8n/bs56__run4__20261002T192829_957360Z__ok.json,throttle sw_power_cap
main,eager_fp32,yolov8n,64,0,640,20261002T150144_908513Z,2026-10-02T15:01:46+00:00,35.089426157064736,35.0930611602962,0.16396170914207187,35.21440920885652,34.916491247713566,36.44036129117012,100,67.75606592651457,63.148313434794545,63.941642781719565,36.393744801171124,0.5482722837041365,2424.27392578125,cuda:0,NVIDIA A100-PCIE-40GB,535.288.01,1410.0,1365.0,1410.0,48.0,54.0,65.9,13.0,0,0,sw_power_cap,,,,,,True,2.3.1+cu121,2.3.0+cu121,8.4.153,raw/main/runs/eager_fp32/yolov8n/bs64__run0__20261002T150144_908513Z__ok.json,throttle sw_power_cap
main,eager_fp32,yolov8n,64,1,640,20261002T161853_462185Z,2026-10-02T16:18:54+00:00,35.08340266998857,35.084417555481195,0.16083199400250817,35.206902236677706,34.89875374361873,36.23565100133419,100,68.23835602030158,63.231687527149916,64.03267921414226,36.34887680877,0.5481781667185714,2424.2744140625,cuda:0,NVIDIA A100-PCIE-40GB,535.288.01,1410.0,1365.0,1410.0,45.0,53.0,246.92,13.0,0,0,sw_power_cap,,,,,,True,2.3.1+cu121,2.3.0+cu121,8.4.153,raw/main/runs/eager_fp32/yolov8n/bs64__run1__20261002T161853_462185Z__ok.json,throttle sw_power_cap
main,eager_fp32,yolov8n,64,2,640,20261002T171305_383394Z,2026-10-02T17:13:06+00:00,35.095414221286774,35.0840266328305,0.15385403687534044,35.23546243086457,34.918622113764286,36.28620505332947,100,68.76975462306291,63.595413928851485,64.13652517367154,36.37547709979117,0.5483658472076058,2424.2744140625,cuda:0,NVIDIA A100-PCIE-40GB,535.288.01,765.0,1365.0,1410.0,45.0,53.0,253.35,13.0,0,0,sw_power_cap,,,,,,True,2.3.1+cu121,2.3.0+cu121,8.4.153,raw/main/runs/eager_fp32/yolov8n/bs64__run2__20261002T171305_383394Z__ok.json,throttle sw_power_cap
main,eager_fp32,yolov8n,64,3,640,20261002T174259_161929Z,2026-10-02T17:43:00+00:00,35.10942681692541,35.10760748758912,0.15630190682524822,35.217335633933544,34.93380872532725,36.25188767910004,100,68.16882401239127,63.502755016088486,63.97933124098927,36.35923000983894,0.5485847940144595,2424.2744140625,cuda:0,NVIDIA A100-PCIE-40GB,535.288.01,435.0,1365.0,1410.0,43.0,52.0,89.02,13.0,0,0,sw_power_cap,,,,,,True,2.3.1+cu121,2.3.0+cu121,8.4.153,raw/main/runs/eager_fp32/yolov8n/bs64__run3__20261002T174259_161929Z__ok.json,throttle sw_power_cap
main,eager_fp32,yolov8n,64,4,640,20261002T193048_121828Z,2026-10-02T19:30:49+00:00,35.0787561153993,35.07275180891156,0.18872355864914434,35.1740728598088,34.89113599061966,36.567483097314835,100,68.15504407975823,63.63365310244262,64.9154266808182,36.3177243899554,0.5481055643031141,2424.27392578125,cuda:0,NVIDIA A100-PCIE-40GB,535.288.01,765.0,1380.0,1410.0,43.0,51.0,253.04,13.0,0,0,sw_power_cap,,,,,,True,2.3.1+cu121,2.3.0+cu121,8.4.153,raw/main/runs/eager_fp32/yolov8n/bs64__run4__20261002T193048_121828Z__ok.json,throttle sw_power_cap
main,eager_fp32,yolov8s,1,0,640,20261002T151304_561337Z,2026-10-02T15:13:05+00:00,4.954109215177596,4.942902829498053,0.09659166800364649,5.007223272696137,4.891097079962492,5.8601959608495235,100,10.274299215525389,5.652852589264512,5.735908122733235,4.861720153130591,4.954109215177596,232.64501953125,cuda:0,NVIDIA A100-PCIE-40GB,535.288.01,510.0,1410.0,1410.0,45.0,46.0,63.9,13.0,0,0,,,,,,,True,2.3.1+cu121,2.3.0+cu121,8.4.153,raw/main/runs/eager_fp32/yolov8s/bs1__run0__20261002T151304_561337Z__ok.json,
main,eager_fp32,yolov8s,1,1,640,20261002T161157_709013Z,2026-10-02T16:11:59+00:00,4.983007190749049,4.964504390954971,0.083149008429203,5.063595296815038,4.9348026514053345,5.739590153098106,100,10.153560065664351,5.677658831700683,5.797431501559913,4.906261740252376,4.983007190749049,232.64501953125,cuda:0,NVIDIA A100-PCIE-40GB,535.288.01,765.0,1410.0,1410.0,45.0,46.0,76.86,13.0,0,0,,,,,,,True,2.3.1+cu121,2.3.0+cu121,8.4.153,raw/main/runs/eager_fp32/yolov8s/bs1__run1__20261002T161157_709013Z__ok.json,
main,eager_fp32,yolov8s,1,2,640,20261002T163859_809633Z,2026-10-02T16:39:01+00:00,4.97153774369508,4.956085700541735,0.0818727768525818,5.041650985367596,4.931905772536993,5.738625302910805,100,10.10050993412733,5.672751227393746,5.757101648487151,4.89685236942023,4.97153774369508,232.64501953125,cuda:0,NVIDIA A100-PCIE-40GB,535.288.01,765.0,1410.0,1410.0,44.0,45.0,64.0,13.0,0,0,,,,,,,True,2.3.1+cu121,2.3.0+cu121,8.4.153,raw/main/runs/eager_fp32/yolov8s/bs1__run2__20261002T163859_809633Z__ok.json,
main,eager_fp32,yolov8s,1,3,640,20261002T182304_941307Z,2026-10-02T18:23:06+00:00,4.8998671397566795,4.889890784397721,0.08030596809482086,4.923228360712528,4.867831245064735,5.6834532879292965,100,10.031852768734097,5.591003689914942,5.626369314268231,4.820831697434187,4.8998671397566795,232.64501953125,cuda:0,NVIDIA A100-PCIE-40GB,535.288.01,510.0,1410.0,1410.0,44.0,45.0,118.12,13.0,0,0,,,,,,,True,2.3.1+cu121,2.3.0+cu121,8.4.153,raw/main/runs/eager_fp32/yolov8s/bs1__run3__20261002T182304_941307Z__ok.json,
main,eager_fp32,yolov8s,1,4,640,20261002T191220_543370Z,2026-10-02T19:12:21+00:00,4.967924761585891,4.940183134749532,0.09491024218534198,5.041640275157988,4.90372721105814,5.812725983560085,100,9.924919717013836,5.655684974044561,5.779379792511463,4.899324849247932,4.967924761585891,232.64501953125,cuda:0,NVIDIA A100-PCIE-40GB,535.288.01,585.0,1410.0,1410.0,46.0,47.0,63.9,13.0,0,0,,,,,,,True,2.3.1+cu121,2.3.0+cu121,8.4.153,raw/main/runs/eager_fp32/yolov8s/bs1__run4__20261002T191220_543370Z__ok.json,
main,eager_fp32,yolov8s,2,0,640,20261002T150522_146043Z,2026-10-02T15:05:23+00:00,5.152857890352607,5.145075730979443,0.07105116963180798,5.1800551591441035,5.104484967887402,5.833422299474478,100,12.03462338540703,6.304077105596662,6.3475897535681725,5.09858061093837,2.5764289451763034,293.234375,cuda:0,NVIDIA A100-PCIE-40GB,535.288.01,765.0,1410.0,1410.0,50.0,51.0,66.29,13.0,0,0,,,,,,,True,2.3.1+cu121,2.3.0+cu121,8.4.153,raw/main/runs/eager_fp32/yolov8s/bs2__run0__20261002T150522_146043Z__ok.json,
main,eager_fp32,yolov8s,2,1,640,20261002T154714_652343Z,2026-10-02T15:47:16+00:00,5.130169196054339,5.115183535963297,0.08900146169773096,5.16402602661401,5.090721882879734,5.825369153171778,100,10.84176073782146,6.269468460232019,6.340733217075467,5.058873021043837,2.5650845980271697,293.234375,cuda:0,NVIDIA A100-PCIE-40GB,535.288.01,765.0,1410.0,1410.0,45.0,47.0,160.49,13.0,0,0,,,,,,,True,2.3.1+cu121,2.3.0+cu121,8.4.153,raw/main/runs/eager_fp32/yolov8s/bs2__run1__20261002T154714_652343Z__ok.json,
main,eager_fp32,yolov8s,2,2,640,20261002T170509_488371Z,2026-10-02T17:05:10+00:00,5.203631245531142,5.161063512787223,0.11400212981432961,5.329972063191235,5.122475791722536,6.010202690958977,100,11.420739986933768,6.32132263854146,6.54728077352047,5.10534661822021,2.601815622765571,293.23486328125,cuda:0,NVIDIA A100-PCIE-40GB,535.288.01,765.0,1410.0,1410.0,46.0,48.0,64.81,13.0,0,0,,,,,,,True,2.3.1+cu121,2.3.0+cu121,8.4.153,raw/main/runs/eager_fp32/yolov8s/bs2__run2__20261002T170509_488371Z__ok.json,
main,eager_fp32,yolov8s,2,3,640,20261002T174451_732989Z,2026-10-02T17:44:53+00:00,5.162710412405431,5.133932922035456,0.09744786606824518,5.237399018369615,5.1103029400110245,5.850073881447315,100,10.54318739566952,6.297729909420013,6.444015447050333,5.088366731069982,2.5813552062027156,293.23486328125,cuda:0,NVIDIA A100-PCIE-40GB,535.288.01,765.0,1410.0,1410.0,44.0,46.0,64.1,13.0,0,0,,,,,,,True,2.3.1+cu121,2.3.0+cu121,8.4.153,raw/main/runs/eager_fp32/yolov8s/bs2__run3__20261002T174451_732989Z__ok.json,
main,eager_fp32,yolov8s,2,4,640,20261002T191124_759307Z,2026-10-02T19:11:26+00:00,5.3318103309720755,5.1726666279137135,0.22896070747663666,5.6433070451021194,5.1403711549937725,5.779047030955553,100,11.537914024665952,6.327253067865968,6.893899035640061,5.107300621457398,2.6659051654860377,293.234375,cuda:0,NVIDIA A100-PCIE-40GB,535.288.01,765.0,1410.0,1410.0,47.0,49.0,65.41,13.0,0,0,,,,,,,True,2.3.1+cu121,2.3.0+cu121,8.4.153,raw/main/runs/eager_fp32/yolov8s/bs2__run4__20261002T191124_759307Z__ok.json,
main,eager_fp32,yolov8s,4,0,640,20261002T150036_125251Z,2026-10-02T15:00:37+00:00,5.5288012232631445,5.125683033838868,0.7481585735254903,6.812761258333921,5.0899130292236805,8.125341963022947,100,12.653314680792391,7.1741819847375154,8.91664510127157,5.057986490428448,1.3822003058157861,449.31005859375,cuda:0,NVIDIA A100-PCIE-40GB,535.288.01,765.0,1395.0,1410.0,44.0,50.0,248.23,13.0,0,0,sw_power_cap,,,,,,True,2.3.1+cu121,2.3.0+cu121,8.4.153,raw/main/runs/eager_fp32/yolov8s/bs4__run0__20261002T150036_125251Z__ok.json,throttle sw_power_cap
main,eager_fp32,yolov8s,4,1,640,20261002T154133_165169Z,2026-10-02T15:41:34+00:00,5.146849635057151,5.1069739274680614,0.31470701913669596,5.133378296159208,5.088087636977434,8.174459915608168,100,11.903096176683903,7.166906492784619,7.202437403611839,5.054751308634877,1.2867124087642878,449.31005859375,cuda:0,NVIDIA A100-PCIE-40GB,535.288.01,585.0,1395.0,1410.0,47.0,51.0,73.23,13.0,0,0,sw_power_cap,,,,,,True,2.3.1+cu121,2.3.0+cu121,8.4.153,raw/main/runs/eager_fp32/yolov8s/bs4__run1__20261002T154133_165169Z__ok.json,throttle sw_power_cap
main,eager_fp32,yolov8s,4,2,640,20261002T172349_564862Z,2026-10-02T17:23:50+00:00,5.268715210258961,5.142083158716559,0.24752408970513748,5.409499816596508,5.10375713929534,7.251252885907888,100,12.13284745812416,7.2201918810606,7.520003500394523,5.098147098906338,1.3171788025647402,449.310546875,cuda:0,NVIDIA A100-PCIE-40GB,535.288.01,765.0,1395.0,1410.0,44.0,49.0,218.24,13.0,0,0,sw_power_cap,,,,,,True,2.3.1+cu121,2.3.0+cu121,8.4.153,raw/main/runs/eager_fp32/yolov8s/bs4__run2__20261002T172349_564862Z__ok.json,throttle sw_power_cap
main,eager_fp32,yolov8s,4,3,640,20261002T181701_434631Z,2026-10-02T18:17:02+00:00,5.177621846087277,5.164064234122634,0.07112931562954104,5.223380518145859,5.129835102707148,5.826279055327177,100,12.256682254374027,7.214617915451527,7.2990251472219825,5.088755036704242,1.2944054615218192,449.310546875,cuda:0,NVIDIA A100-PCIE-40GB,535.288.01,765.0,1395.0,1410.0,45.0,50.0,69.14,13.0,0,0,sw_power_cap,,,,,,True,2.3.1+cu121,2.3.0+cu121,8.4.153,raw/main/runs/eager_fp32/yolov8s/bs4__run3__20261002T181701_434631Z__ok.json,throttle sw_power_cap
main,eager_fp32,yolov8s,4,4,640,20261002T185702_480491Z,2026-10-02T18:57:03+00:00,5.224506538361311,5.180983105674386,0.3079536119754737,5.25876849424094,5.158226937055588,8.183150086551905,100,12.105498313903809,7.247628644108772,7.327130646444857,5.1218866696581244,1.3061266345903277,449.31005859375,cuda:0,NVIDIA A100-PCIE-40GB,535.288.01,765.0,1395.0,1410.0,44.0,49.0,249.45,13.0,0,0,sw_power_cap,,,,,,True,2.3.1+cu121,2.3.0+cu121,8.4.153,raw/main/runs/eager_fp32/yolov8s/bs4__run4__20261002T185702_480491Z__ok.json,throttle sw_power_cap
main,eager_fp32,yolov8s,6,0,640,20261002T151230_435581Z,2026-10-02T15:12:31+00:00,6.873071403242648,6.86601223424077,0.052688981182697006,6.876221741549671,6.855356972664595,7.382477633655071,100,14.35218924190849,9.82330134138465,9.865068178623915,7.051376570016146,1.1455119005404413,590.62841796875,cuda:0,NVIDIA A100-PCIE-40GB,535.288.01,390.0,1380.0,1410.0,47.0,53.0,253.03,13.0,0,0,sw_power_cap,,,,,,True,2.3.1+cu121,2.3.0+cu121,8.4.153,raw/main/runs/eager_fp32/yolov8s/bs6__run0__20261002T151230_435581Z__ok.json,throttle sw_power_cap
main,eager_fp32,yolov8s,6,1,640,20261002T161758_929246Z,2026-10-02T16:18:00+00:00,6.913423496298492,6.870992016047239,0.40520838979279555,6.884143059141934,6.8612778559327126,10.923360008746386,100,15.369325643405318,9.841181570664048,9.968050615862012,7.053972519934177,1.152237249383082,590.62841796875,cuda:0,NVIDIA A100-PCIE-40GB,535.288.01,765.0,1380.0,1410.0,48.0,54.0,252.35,13.0,0,0,sw_power_cap,,,,,,True,2.3.1+cu121,2.3.0+cu121,8.4.153,raw/main/runs/eager_fp32/yolov8s/bs6__run1__20261002T161758_929246Z__ok.json,throttle sw_power_cap
main,eager_fp32,yolov8s,6,2,640,20261002T172742_211053Z,2026-10-02T17:27:43+00:00,6.910963952541351,6.89461687579751,0.11505240777872816,6.907901936210692,6.885540671646595,7.991933263838291,100,15.05549366120249,9.816572302952409,9.854580741375685,7.08241636864841,1.1518273254235585,590.6279296875,cuda:0,NVIDIA A100-PCIE-40GB,535.288.01,405.0,1395.0,1410.0,44.0,50.0,154.08,13.0,0,0,sw_power_cap,,,,,,True,2.3.1+cu121,2.3.0+cu121,8.4.153,raw/main/runs/eager_fp32/yolov8s/bs6__run2__20261002T172742_211053Z__ok.json,throttle sw_power_cap
main,eager_fp32,yolov8s,6,3,640,20261002T182104_682679Z,2026-10-02T18:21:06+00:00,6.888023694045842,6.867819465696812,0.18888403602540568,6.879594619385898,6.8572587333619595,8.754604030400515,100,14.369100327603519,9.816715959459543,9.845414222218096,7.047804878093302,1.1480039490076404,590.6279296875,cuda:0,NVIDIA A100-PCIE-40GB,535.288.01,540.0,1380.0,1410.0,46.0,52.0,252.2,13.0,0,0,sw_power_cap,,,,,,True,2.3.1+cu121,2.3.0+cu121,8.4.153,raw/main/runs/eager_fp32/yolov8s/bs6__run3__20261002T182104_682679Z__ok.json,throttle sw_power_cap
main,eager_fp32,yolov8s,6,4,640,20261002T185143_577464Z,2026-10-02T18:51:44+00:00,7.074207444675267,6.858448963612318,0.4234413411887182,7.899942551739514,6.845769006758928,8.00741696730256,100,15.12635596562177,9.805925888940692,10.89513476472348,7.046108678914607,1.1790345741125445,590.62841796875,cuda:0,NVIDIA A100-PCIE-40GB,535.288.01,765.0,1380.0,1410.0,49.0,54.0,232.61,13.0,0,0,sw_power_cap,,,,,,True,2.3.1+cu121,2.3.0+cu121,8.4.153,raw/main/runs/eager_fp32/yolov8s/bs6__run4__20261002T185143_577464Z__ok.json,throttle sw_power_cap
main,eager_fp32,yolov8s,8,0,640,20261002T143505_297140Z,2026-10-02T14:35:06+00:00,8.434746004641056,8.419574005529284,0.05045271508841895,8.471655962057412,8.400829043239355,8.868876844644547,100,17.829110827296972,12.23902334459126,12.305938359349966,8.777161138132215,1.054343250580132,651.52099609375,cuda:0,NVIDIA A100-PCIE-40GB,535.288.01,345.0,1365.0,1410.0,46.0,52.0,244.13,13.0,0,0,sw_power_cap,,,,,,True,2.3.1+cu121,2.3.0+cu121,8.4.153,raw/main/runs/eager_fp32/yolov8s/bs8__run0__20261002T143505_297140Z__ok.json,throttle sw_power_cap
main,eager_fp32,yolov8s,8,1,640,20261002T160123_231880Z,2026-10-02T16:01:24+00:00,8.492018049582839,8.492653956636786,0.07997333512657305,8.515519741922617,8.44440795481205,9.20842494815588,100,17.503212210722268,12.348095653578639,12.464149598963559,8.851876189000905,1.0615022561978549,651.52001953125,cuda:0,NVIDIA A100-PCIE-40GB,535.288.01,1410.0,1365.0,1410.0,53.0,57.0,63.91,13.0,0,0,sw_power_cap,,,,,,True,2.3.1+cu121,2.3.0+cu121,8.4.153,raw/main/runs/eager_fp32/yolov8s/bs8__run1__20261002T160123_231880Z__ok.json,throttle sw_power_cap
main,eager_fp32,yolov8s,8,2,640,20261002T163101_159678Z,2026-10-02T16:31:02+00:00,8.430166598409414,8.422996615990996,0.041668592539343206,8.474299684166908,8.397967088967562,8.807257749140263,100,17.48514183331281,12.253626715391874,12.304338114336133,8.752739182673395,1.0537708248011768,651.5205078125,cuda:0,NVIDIA A100-PCIE-40GB,535.288.01,765.0,1365.0,1410.0,44.0,50.0,68.75,13.0,0,0,sw_power_cap,,,,,,True,2.3.1+cu121,2.3.0+cu121,8.4.153,raw/main/runs/eager_fp32/yolov8s/bs8__run2__20261002T163101_159678Z__ok.json,throttle sw_power_cap
main,eager_fp32,yolov8s,8,3,640,20261002T175143_289796Z,2026-10-02T17:51:44+00:00,8.467629686929286,8.451970061287284,0.08441705676593113,8.50774294231087,8.434615097939968,9.262247011065483,100,16.743022054433823,12.262041214853525,12.329786620102823,8.797830170951784,1.0584537108661607,651.52001953125,cuda:0,NVIDIA A100-PCIE-40GB,535.288.01,1410.0,1365.0,1410.0,48.0,53.0,129.27,13.0,0,0,sw_power_cap,,,,,,True,2.3.1+cu121,2.3.0+cu121,8.4.153,raw/main/runs/eager_fp32/yolov8s/bs8__run3__20261002T175143_289796Z__ok.json,throttle sw_power_cap
main,eager_fp32,yolov8s,8,4,640,20261002T192458_807675Z,2026-10-02T19:25:00+00:00,8.426428134553134,8.415544871240854,0.05414649137818128,8.471995778381824,8.3969347178936,8.918920997530222,100,17.998226243071258,12.223673053085804,12.292698444798589,8.757623811252415,1.0533035168191418,651.5205078125,cuda:0,NVIDIA A100-PCIE-40GB,535.288.01,765.0,1365.0,1410.0,44.0,50.0,234.88,13.0,0,0,sw_power_cap,,,,,,True,2.3.1+cu121,2.3.0+cu121,8.4.153,raw/main/runs/eager_fp32/yolov8s/bs8__run4__20261002T192458_807675Z__ok.json,throttle sw_power_cap
main,eager_fp32,yolov8s,10,0,640,20261002T151541_443541Z,2026-10-02T15:15:42+00:00,11.061087562702596,11.049818713217974,0.046954549314677935,11.12749120220542,11.027082800865173,11.451512109488249,100,20.75415773317218,15.835825819522142,15.964549453929067,11.416220692917705,1.1061087562702596,887.02392578125,cuda:0,NVIDIA A100-PCIE-40GB,535.288.01,645.0,1380.0,1410.0,47.0,53.0,251.55,13.0,0,0,sw_power_cap,,,,,,True,2.3.1+cu121,2.3.0+cu121,8.4.153,raw/main/runs/eager_fp32/yolov8s/bs10__run0__20261002T151541_443541Z__ok.json,throttle sw_power_cap
main,eager_fp32,yolov8s,10,1,640,20261002T153837_448414Z,2026-10-02T15:38:38+00:00,11.07999640982598,11.067038401961327,0.05152099605446702,11.13384710624814,11.042376980185509,11.472337879240513,100,20.17593880649656,15.772062120959163,15.860450686886907,11.421766919083893,1.107999640982598,887.02392578125,cuda:0,NVIDIA A100-PCIE-40GB,535.288.01,765.0,1380.0,1410.0,45.0,51.0,250.41,13.0,0,0,sw_power_cap,,,,,,True,2.3.1+cu121,2.3.0+cu121,8.4.153,raw/main/runs/eager_fp32/yolov8s/bs10__run1__20261002T153837_448414Z__ok.json,throttle sw_power_cap
main,eager_fp32,yolov8s,10,2,640,20261002T165325_044318Z,2026-10-02T16:53:26+00:00,11.121655930764973,11.130204889923334,0.09271657350303272,11.15247702691704,11.063518933951855,11.980911251157522,100,20.642250017262995,15.791361685842276,15.874735009856522,11.4622549014166,1.1121655930764973,887.0234375,cuda:0,NVIDIA A100-PCIE-40GB,535.288.01,765.0,1380.0,1410.0,50.0,56.0,67.56,13.0,0,0,sw_power_cap,,,,,,True,2.3.1+cu121,2.3.0+cu121,8.4.153,raw/main/runs/eager_fp32/yolov8s/bs10__run2__20261002T165325_044318Z__ok.json,throttle sw_power_cap
main,eager_fp32,yolov8s,10,3,640,20261002T173930_821634Z,2026-10-02T17:39:32+00:00,11.086430507712066,11.077063158154488,0.0433100726095422,11.140061123296618,11.058187577873468,11.447343043982983,100,21.52848976198584,15.791276469826698,15.860026376321912,11.42772066872567,1.1086430507712066,887.02392578125,cuda:0,NVIDIA A100-PCIE-40GB,535.288.01,765.0,1380.0,1410.0,45.0,51.0,71.83,13.0,0,0,sw_power_cap,,,,,,True,2.3.1+cu121,2.3.0+cu121,8.4.153,raw/main/runs/eager_fp32/yolov8s/bs10__run3__20261002T173930_821634Z__ok.json,throttle sw_power_cap
main,eager_fp32,yolov8s,10,4,640,20261002T193436_172548Z,2026-10-02T19:34:37+00:00,11.072865747846663,11.05168811045587,0.052246150318604107,11.128960712812841,11.024027597159147,11.439200956374407,100,20.650519193150103,15.735138906165957,15.82659319974482,11.43466176930815,1.1072865747846663,887.0234375,cuda:0,NVIDIA A100-PCIE-40GB,535.288.01,1410.0,1380.0,1410.0,51.0,55.0,63.93,13.0,0,0,sw_power_cap,,,,,,True,2.3.1+cu121,2.3.0+cu121,8.4.153,raw/main/runs/eager_fp32/yolov8s/bs10__run4__20261002T193436_172548Z__ok.json,throttle sw_power_cap
main,eager_fp32,yolov8s,12,0,640,20261002T150234_067747Z,2026-10-02T15:02:35+00:00,12.818956123664975,12.825142592191696,0.07352360764836564,12.905622716061771,12.747981119900942,13.371495995670557,100,22.761415163986385,18.423638539388776,18.596829078160226,13.30780565738678,1.068246343638748,1033.09423828125,cuda:0,NVIDIA A100-PCIE-40GB,535.288.01,765.0,1380.0,1410.0,47.0,54.0,117.25,13.0,0,0,sw_power_cap,,,,,,True,2.3.1+cu121,2.3.0+cu121,8.4.153,raw/main/runs/eager_fp32/yolov8s/bs12__run0__20261002T150234_067747Z__ok.json,throttle sw_power_cap
main,eager_fp32,yolov8s,12,1,640,20261002T154845_650113Z,2026-10-02T15:48:47+00:00,12.889696126803756,12.844421435147524,0.3643660527654001,12.92669540271163,12.756999116390944,16.06987090781331,100,22.96451671048999,18.44462426379323,18.595680384896696,13.352954247966409,1.074141343900313,1033.09375,cuda:0,NVIDIA A100-PCIE-40GB,535.288.01,765.0,1380.0,1410.0,49.0,55.0,251.88,13.0,0,0,sw_power_cap,,,,,,True,2.3.1+cu121,2.3.0+cu121,8.4.153,raw/main/runs/eager_fp32/yolov8s/bs12__run1__20261002T154845_650113Z__ok.json,throttle sw_power_cap
main,eager_fp32,yolov8s,12,2,640,20261002T163324_149224Z,2026-10-02T16:33:25+00:00,12.80921678058803,12.81743822619319,0.08018808772146833,12.892019702121615,12.738734018057585,13.469311874359846,100,22.927071689628065,18.4329014737159,18.58014950994402,13.281092839315534,1.0674347317156692,1033.09423828125,cuda:0,NVIDIA A100-PCIE-40GB,535.288.01,765.0,1350.0,1410.0,44.0,51.0,113.52,13.0,0,0,sw_power_cap,,,,,,True,2.3.1+cu121,2.3.0+cu121,8.4.153,raw/main/runs/eager_fp32/yolov8s/bs12__run2__20261002T163324_149224Z__ok.json,throttle sw_power_cap
main,eager_fp32,yolov8s,12,3,640,20261002T175555_379150Z,2026-10-02T17:55:56+00:00,12.830968713387847,12.805206002667546,0.08092149429675798,12.875623139552772,12.777272146195173,13.546883128583431,100,23.540344391949475,18.464021384716034,18.5465841088444,13.286297838203609,1.0692473927823205,1033.09375,cuda:0,NVIDIA A100-PCIE-40GB,535.288.01,375.0,1380.0,1410.0,41.0,48.0,102.89,13.0,0,0,sw_power_cap,,,,,,True,2.3.1+cu121,2.3.0+cu121,8.4.153,raw/main/runs/eager_fp32/yolov8s/bs12__run3__20261002T175555_379150Z__ok.json,throttle sw_power_cap
main,eager_fp32,yolov8s,12,4,640,20261002T183836_237160Z,2026-10-02T18:38:37+00:00,12.808445994742215,12.802574317902327,0.08077278393386882,12.885682890191674,12.741609942167997,13.476288877427578,100,22.72852591238916,18.421729560941458,18.573335325345397,13.284057448618114,1.0673704995618511,1033.09375,cuda:0,NVIDIA A100-PCIE-40GB,535.288.01,765.0,1380.0,1410.0,44.0,51.0,249.4,13.0,0,0,sw_power_cap,,,,,,True,2.3.1+cu121,2.3.0+cu121,8.4.153,raw/main/runs/eager_fp32/yolov8s/bs12__run4__20261002T183836_237160Z__ok.json,throttle sw_power_cap
main,eager_fp32,yolov8s,14,0,640,20261002T145240_319259Z,2026-10-02T14:52:41+00:00,14.677710602991283,14.637070009484887,0.10155242525146892,14.820746309123933,14.57975897938013,15.307067893445492,100,27.06416776869446,21.157101960852742,21.384905511513352,15.292275282554328,1.048407900213663,1175.478515625,cuda:0,NVIDIA A100-PCIE-40GB,535.288.01,345.0,1365.0,1410.0,43.0,50.0,251.2,13.0,0,0,sw_power_cap,,,,,,True,2.3.1+cu121,2.3.0+cu121,8.4.153,raw/main/runs/eager_fp32/yolov8s/bs14__run0__20261002T145240_319259Z__ok.json,throttle sw_power_cap
main,eager_fp32,yolov8s,14,1,640,20261002T154152_040472Z,2026-10-02T15:41:53+00:00,14.683735417202115,14.65913886204362,0.10308806602021521,14.82015885412693,14.57587769255042,15.31109493225813,100,25.792254977859557,21.20276098139584,21.397709543816745,15.270706238225102,1.0488382440858655,1175.47802734375,cuda:0,NVIDIA A100-PCIE-40GB,535.288.01,375.0,1365.0,1410.0,44.0,51.0,250.75,13.0,0,0,sw_power_cap,,,,,,True,2.3.1+cu121,2.3.0+cu121,8.4.153,raw/main/runs/eager_fp32/yolov8s/bs14__run1__20261002T154152_040472Z__ok.json,throttle sw_power_cap
main,eager_fp32,yolov8s,14,2,640,20261002T170649_485701Z,2026-10-02T17:06:50+00:00,14.68789832200855,14.670138014480472,0.09891116918275318,14.823921513743699,14.587472658604383,15.29488293454051,100,25.933109456673265,21.186010213568807,21.402960317209363,15.288483151234686,1.0491355944291822,1175.47802734375,cuda:0,NVIDIA A100-PCIE-40GB,535.288.01,765.0,1365.0,1410.0,44.0,50.0,160.04,13.0,0,0,sw_power_cap,,,,,,True,2.3.1+cu121,2.3.0+cu121,8.4.153,raw/main/runs/eager_fp32/yolov8s/bs14__run2__20261002T170649_485701Z__ok.json,throttle sw_power_cap
main,eager_fp32,yolov8s,14,3,640,20261002T180827_844689Z,2026-10-02T18:08:29+00:00,14.661944629624486,14.621465001255274,0.10841316196842085,14.808130171149969,14.559852425009012,15.297943260520697,100,26.23538512736559,21.1600458715111,21.41421097330749,15.277641508728266,1.0472817592588919,1175.4794921875,cuda:0,NVIDIA A100-PCIE-40GB,535.288.01,420.0,1365.0,1410.0,45.0,52.0,251.32,13.0,0,0,sw_power_cap,,,,,,True,2.3.1+cu121,2.3.0+cu121,8.4.153,raw/main/runs/eager_fp32/yolov8s/bs14__run3__20261002T180827_844689Z__ok.json,throttle sw_power_cap
main,eager_fp32,yolov8s,14,4,640,20261002T185903_967846Z,2026-10-02T18:59:05+00:00,14.666140344925225,14.63592262007296,0.10819478174578781,14.81214554514736,14.569891151040792,15.32171294093132,100,25.465017235837877,21.15596109069884,21.360398270189762,15.268528298474848,1.0475814532089447,1175.47802734375,cuda:0,NVIDIA A100-PCIE-40GB,535.288.01,765.0,1380.0,1410.0,47.0,53.0,251.1,13.0,0,0,sw_power_cap,,,,,,True,2.3.1+cu121,2.3.0+cu121,8.4.153,raw/main/runs/eager_fp32/yolov8s/bs14__run4__20261002T185903_967846Z__ok.json,throttle sw_power_cap
main,eager_fp32,yolov8s,16,0,640,20261002T152714_294916Z,2026-10-02T15:27:15+00:00,16.40499413944781,16.373177990317345,0.11513949730172866,16.571623249910772,16.241935081779957,17.038860823959112,100,29.26107722800225,23.670877562835813,23.89501619618386,17.1182416472584,1.025312133715488,1321.7373046875,cuda:0,NVIDIA A100-PCIE-40GB,535.288.01,765.0,1365.0,1410.0,49.0,56.0,247.98,13.0,0,0,sw_power_cap,,,,,,True,2.3.1+cu121,2.3.0+cu121,8.4.153,raw/main/runs/eager_fp32/yolov8s/bs16__run0__20261002T152714_294916Z__ok.json,throttle sw_power_cap
main,eager_fp32,yolov8s,16,1,640,20261002T160442_488628Z,2026-10-02T16:04:43+00:00,16.381522761657834,16.33416418917477,0.13165730208354778,16.51041000150144,16.220882069319487,17.21443235874176,100,28.479596148245037,23.763420525938272,23.96001482848078,17.029156778007746,1.0238451726036146,1321.73828125,cuda:0,NVIDIA A100-PCIE-40GB,535.288.01,765.0,1380.0,1410.0,42.0,49.0,238.6,13.0,0,0,sw_power_cap,,,,,,True,2.3.1+cu121,2.3.0+cu121,8.4.153,raw/main/runs/eager_fp32/yolov8s/bs16__run1__20261002T160442_488628Z__ok.json,throttle sw_power_cap
main,eager_fp32,yolov8s,16,2,640,20261002T172751_197218Z,2026-10-02T17:27:52+00:00,16.394830620847642,16.36230107396841,0.10556616819828872,16.52311854995787,16.22470887377858,17.062485218048096,100,28.93011638894677,23.765377001836896,24.005955597385764,17.044894630089402,1.0246769138029777,1321.73779296875,cuda:0,NVIDIA A100-PCIE-40GB,535.288.01,450.0,1365.0,1410.0,43.0,50.0,62.81,13.0,0,0,sw_power_cap,,,,,,True,2.3.1+cu121,2.3.0+cu121,8.4.153,raw/main/runs/eager_fp32/yolov8s/bs16__run2__20261002T172751_197218Z__ok.json,throttle sw_power_cap
main,eager_fp32,yolov8s,16,3,640,20261002T181403_761291Z,2026-10-02T18:14:05+00:00,16.36999620590359,16.365579329431057,0.1056132881621412,16.492407117038965,16.217333264648914,17.023405991494656,100,29.70373331103474,23.78173335455358,23.962159943766892,17.037930791266263,1.0231247628689744,1321.73876953125,cuda:0,NVIDIA A100-PCIE-40GB,535.288.01,420.0,1365.0,1410.0,44.0,51.0,62.21,13.0,0,0,sw_power_cap,,,,,,True,2.3.1+cu121,2.3.0+cu121,8.4.153,raw/main/runs/eager_fp32/yolov8s/bs16__run3__20261002T181403_761291Z__ok.json,throttle sw_power_cap
main,eager_fp32,yolov8s,16,4,640,20261002T185935_932964Z,2026-10-02T18:59:37+00:00,16.3726747315377,16.37212629429996,0.11116575071069087,16.489201691001654,16.2000791169703,17.05765211954713,100,28.118238183669746,23.682009894400835,23.91284725163132,17.01427956111729,1.0232921707211062,1321.73779296875,cuda:0,NVIDIA A100-PCIE-40GB,535.288.01,375.0,1365.0,1410.0,43.0,50.0,250.03,13.0,0,0,sw_power_cap,,,,,,True,2.3.1+cu121,2.3.0+cu121,8.4.153,raw/main/runs/eager_fp32/yolov8s/bs16__run4__20261002T185935_932964Z__ok.json,throttle sw_power_cap
main,eager_fp32,yolov8s,18,0,640,20261002T145729_425949Z,2026-10-02T14:57:30+00:00,19.273539166897535,19.235052866861224,0.3438037572255888,19.396285200491548,19.052123185247183,22.496895864605904,100,31.890385379083455,27.545433957129717,27.803020179271698,19.91437093820423,1.070752175938752,1458.4970703125,cuda:0,NVIDIA A100-PCIE-40GB,535.288.01,420.0,1380.0,1410.0,50.0,55.0,129.38,13.0,0,0,sw_power_cap,,,,,,True,2.3.1+cu121,2.3.0+cu121,8.4.153,raw/main/runs/eager_fp32/yolov8s/bs18__run0__20261002T145729_425949Z__ok.json,throttle sw_power_cap
main,eager_fp32,yolov8s,18,1,640,20261002T161507_837536Z,2026-10-02T16:15:09+00:00,19.17730875313282,19.13742464967072,0.10641995727402283,19.324354780837893,19.06731864437461,19.855355843901634,100,31.745844553224742,27.425494510680437,27.625547791831195,19.87073992844671,1.0654060418407123,1458.49755859375,cuda:0,NVIDIA A100-PCIE-40GB,535.288.01,765.0,1365.0,1410.0,48.0,54.0,243.12,13.0,0,0,sw_power_cap,,,,,,True,2.3.1+cu121,2.3.0+cu121,8.4.153,raw/main/runs/eager_fp32/yolov8s/bs18__run1__20261002T161507_837536Z__ok.json,throttle sw_power_cap
main,eager_fp32,yolov8s,18,2,640,20261002T171752_313519Z,2026-10-02T17:17:53+00:00,19.201037557795644,19.164632074534893,0.09769492840308464,19.367333175614476,19.10755503922701,19.835856277495623,100,32.613090109080076,27.428830740973353,27.727052266709507,19.84130147844553,1.0667243087664247,1458.49755859375,cuda:0,NVIDIA A100-PCIE-40GB,535.288.01,765.0,1365.0,1410.0,43.0,50.0,233.61,13.0,0,0,sw_power_cap,,,,,,True,2.3.1+cu121,2.3.0+cu121,8.4.153,raw/main/runs/eager_fp32/yolov8s/bs18__run2__20261002T171752_313519Z__ok.json,throttle sw_power_cap
main,eager_fp32,yolov8s,18,3,640,20261002T175219_265719Z,2026-10-02T17:52:20+00:00,19.2417435022071,19.20853997580707,0.12866559507382982,19.469674630090594,19.119282718747854,19.8630653321743,100,32.004071697592735,27.504487661644816,27.814205875620246,19.86130028963089,1.0689857501226168,1458.4970703125,cuda:0,NVIDIA A100-PCIE-40GB,535.288.01,645.0,1380.0,1410.0,45.0,52.0,237.84,13.0,0,0,sw_power_cap,,,,,,True,2.3.1+cu121,2.3.0+cu121,8.4.153,raw/main/runs/eager_fp32/yolov8s/bs18__run3__20261002T175219_265719Z__ok.json,throttle sw_power_cap
main,eager_fp32,yolov8s,18,4,640,20261002T193025_039365Z,2026-10-02T19:30:26+00:00,19.23503582831472,19.144276157021523,0.5002010756681108,19.34622626286,19.00591515004635,24.043376091867685,100,32.39479591604322,27.42290054447949,27.709813276305795,19.826271361671388,1.06861310157304,1458.49755859375,cuda:0,NVIDIA A100-PCIE-40GB,535.288.01,765.0,1365.0,1410.0,45.0,51.0,244.36,13.0,0,0,sw_power_cap,,,,,,True,2.3.1+cu121,2.3.0+cu121,8.4.153,raw/main/runs/eager_fp32/yolov8s/bs18__run4__20261002T193025_039365Z__ok.json,throttle sw_power_cap
main,eager_fp32,yolov8s,20,0,640,20261002T152218_558922Z,2026-10-02T15:22:19+00:00,21.073013697750866,21.027106093242764,0.13954511266591915,21.306661958806217,20.84145788103342,21.77648525685072,100,35.98031552974135,30.1539555657655,30.5132714798674,21.84894999023527,1.0536506848875433,1604.1318359375,cuda:0,NVIDIA A100-PCIE-40GB,535.288.01,480.0,1365.0,1410.0,48.0,55.0,247.6,13.0,0,0,sw_power_cap,,,,,,True,2.3.1+cu121,2.3.0+cu121,8.4.153,raw/main/runs/eager_fp32/yolov8s/bs20__run0__20261002T152218_558922Z__ok.json,throttle sw_power_cap
main,eager_fp32,yolov8s,20,1,640,20261002T154915_098194Z,2026-10-02T15:49:16+00:00,21.040072715841234,21.012448938563466,0.13501567162013245,21.231679152697325,20.843985956162214,21.791175939142704,100,34.743847134523094,30.271565774455667,30.549491452984512,21.82701404672116,1.0520036357920617,1604.13232421875,cuda:0,NVIDIA A100-PCIE-40GB,535.288.01,555.0,1380.0,1410.0,48.0,54.0,249.21,13.0,0,0,sw_power_cap,,,,,,True,2.3.1+cu121,2.3.0+cu121,8.4.153,raw/main/runs/eager_fp32/yolov8s/bs20__run1__20261002T154915_098194Z__ok.json,throttle sw_power_cap
main,eager_fp32,yolov8s,20,2,640,20261002T163744_650346Z,2026-10-02T16:37:46+00:00,21.066900668665767,21.010724129155278,0.22597096765511857,21.27742029260844,20.846452098339796,22.852934896945953,100,34.621071722358465,30.237260973080993,30.56404215749353,21.84908736962825,1.0533450334332883,1604.1318359375,cuda:0,NVIDIA A100-PCIE-40GB,535.288.01,360.0,1380.0,1410.0,48.0,55.0,248.67,13.0,0,0,sw_power_cap,,,,,,True,2.3.1+cu121,2.3.0+cu121,8.4.153,raw/main/runs/eager_fp32/yolov8s/bs20__run2__20261002T163744_650346Z__ok.json,throttle sw_power_cap
main,eager_fp32,yolov8s,20,3,640,20261002T180952_602776Z,2026-10-02T18:09:53+00:00,21.034586476162076,20.998230669647455,0.13679610207707482,21.226621279492974,20.817440003156662,21.77423518151045,100,35.19373841583729,30.162340495735407,30.45561872422695,21.793608688749373,1.0517293238081038,1604.13134765625,cuda:0,NVIDIA A100-PCIE-40GB,535.288.01,450.0,1380.0,1410.0,47.0,53.0,246.7,13.0,0,0,sw_power_cap,,,,,,True,2.3.1+cu121,2.3.0+cu121,8.4.153,raw/main/runs/eager_fp32/yolov8s/bs20__run3__20261002T180952_602776Z__ok.json,throttle sw_power_cap
main,eager_fp32,yolov8s,20,4,640,20261002T191624_855409Z,2026-10-02T19:16:26+00:00,21.057410682551563,20.987472962588072,0.45913394511996813,21.189931919798255,20.822786260396242,25.413864757865667,100,34.75077492650598,30.202342430129647,30.433743097819388,21.761917900294065,1.0528705341275781,1604.13134765625,cuda:0,NVIDIA A100-PCIE-40GB,535.288.01,765.0,1365.0,1410.0,44.0,52.0,252.9,13.0,0,0,sw_power_cap,,,,,,True,2.3.1+cu121,2.3.0+cu121,8.4.153,raw/main/runs/eager_fp32/yolov8s/bs20__run4__20261002T191624_855409Z__ok.json,throttle sw_power_cap
main,eager_fp32,yolov8s,22,0,640,20261002T151903_250967Z,2026-10-02T15:19:04+00:00,22.958682253956795,22.921582218259573,0.15336991151027982,23.205068334937096,22.788430098444223,23.95824296399951,100,37.83164672553539,33.030304592102766,33.33120867609978,23.89267511665821,1.0435764660889453,1750.75390625,cuda:0,NVIDIA A100-PCIE-40GB,535.288.01,765.0,1380.0,1410.0,51.0,56.0,247.37,13.0,0,0,sw_power_cap,,,,,,True,2.3.1+cu121,2.3.0+cu121,8.4.153,raw/main/runs/eager_fp32/yolov8s/bs22__run0__20261002T151903_250967Z__ok.json,throttle sw_power_cap
main,eager_fp32,yolov8s,22,1,640,20261002T162617_404799Z,2026-10-02T16:26:18+00:00,22.88571733981371,22.848139982670546,0.12889865756568225,23.090239660814404,22.680436726659536,23.624232038855553,100,37.5688715511933,32.94676123186946,33.26403661631048,23.74026026111096,1.0402598790824413,1750.75390625,cuda:0,NVIDIA A100-PCIE-40GB,535.288.01,330.0,1365.0,1410.0,40.0,48.0,248.74,13.0,0,0,sw_power_cap,,,,,,True,2.3.1+cu121,2.3.0+cu121,8.4.153,raw/main/runs/eager_fp32/yolov8s/bs22__run1__20261002T162617_404799Z__ok.json,throttle sw_power_cap
main,eager_fp32,yolov8s,22,2,640,20261002T164231_028979Z,2026-10-02T16:42:32+00:00,22.96072071418166,22.928835125640035,0.148797689356234,23.22395662777126,22.75137323886156,23.83278775960207,100,37.23730376921594,32.86371799185872,32.962926058098674,23.825403726659715,1.0436691233718938,1750.75390625,cuda:0,NVIDIA A100-PCIE-40GB,535.288.01,765.0,1380.0,1410.0,46.0,53.0,243.6,13.0,0,0,sw_power_cap,,,,,,True,2.3.1+cu121,2.3.0+cu121,8.4.153,raw/main/runs/eager_fp32/yolov8s/bs22__run2__20261002T164231_028979Z__ok.json,throttle sw_power_cap
main,eager_fp32,yolov8s,22,3,640,20261002T174317_768387Z,2026-10-02T17:43:19+00:00,22.93566802982241,22.883331403136253,0.14256616807041161,23.167403135448694,22.705758921802044,23.86702597141266,100,37.37339812796563,33.060804940760136,33.34623910486698,23.821766870096326,1.0425303649919277,1750.75390625,cuda:0,NVIDIA A100-PCIE-40GB,535.288.01,1410.0,1365.0,1410.0,46.0,52.0,60.64,13.0,0,0,sw_power_cap,,,,,,True,2.3.1+cu121,2.3.0+cu121,8.4.153,raw/main/runs/eager_fp32/yolov8s/bs22__run3__20261002T174317_768387Z__ok.json,throttle sw_power_cap
main,eager_fp32,yolov8s,22,4,640,20261002T185710_864553Z,2026-10-02T18:57:12+00:00,22.898468575440347,22.837005089968443,0.15352586097104276,23.10216254554689,22.667722776532173,23.856753017753363,100,37.92420506011695,32.927905675023794,33.41864023823291,23.764153863303363,1.040839480701834,1750.75390625,cuda:0,NVIDIA A100-PCIE-40GB,535.288.01,405.0,1365.0,1410.0,42.0,50.0,60.52,13.0,0,0,sw_power_cap,,,,,,True,2.3.1+cu121,2.3.0+cu121,8.4.153,raw/main/runs/eager_fp32/yolov8s/bs22__run4__20261002T185710_864553Z__ok.json,throttle sw_power_cap
main,eager_fp32,yolov8s,24,0,640,20261002T152802_417815Z,2026-10-02T15:28:03+00:00,24.703672542236745,24.652426363900304,0.18160150343074635,24.97245029080659,24.382499046623707,25.575727690011263,100,40.87126296013594,35.69576260633767,36.042610043659806,25.639914385974407,1.0293196892598644,1886.400390625,cuda:0,NVIDIA A100-PCIE-40GB,535.288.01,765.0,1365.0,1410.0,47.0,54.0,64.01,13.0,0,0,sw_power_cap,,,,,,True,2.3.1+cu121,2.3.0+cu121,8.4.153,raw/main/runs/eager_fp32/yolov8s/bs24__run0__20261002T152802_417815Z__ok.json,throttle sw_power_cap
main,eager_fp32,yolov8s,24,1,640,20261002T155901_167458Z,2026-10-02T15:59:02+00:00,24.718921282328665,24.670079117640853,0.1900609432960129,24.9870267463848,24.41117726266384,25.6552342325449,100,40.03869105130434,35.636010114103556,36.10350845847279,25.70453345309943,1.029955053430361,1886.4013671875,cuda:0,NVIDIA A100-PCIE-40GB,535.288.01,570.0,1365.0,1410.0,51.0,56.0,243.7,13.0,0,0,sw_power_cap,,,,,,True,2.3.1+cu121,2.3.0+cu121,8.4.153,raw/main/runs/eager_fp32/yolov8s/bs24__run1__20261002T155901_167458Z__ok.json,throttle sw_power_cap
main,eager_fp32,yolov8s,24,2,640,20261002T163200_421657Z,2026-10-02T16:32:01+00:00,24.647907922044396,24.613991612568498,0.16260009958636432,24.881979543715715,24.43822519853711,25.67964978516102,100,40.492437020875514,35.614749416708946,35.95036256592721,25.615961789153516,1.0269961634185165,1886.400390625,cuda:0,NVIDIA A100-PCIE-40GB,535.288.01,525.0,1380.0,1410.0,44.0,51.0,73.5,13.0,0,0,sw_power_cap,,,,,,True,2.3.1+cu121,2.3.0+cu121,8.4.153,raw/main/runs/eager_fp32/yolov8s/bs24__run2__20261002T163200_421657Z__ok.json,throttle sw_power_cap
main,eager_fp32,yolov8s,24,3,640,20261002T175713_847662Z,2026-10-02T17:57:15+00:00,24.663202445954084,24.600903503596783,0.1664744229617932,24.88236844073981,24.410556070506573,25.602143723517656,100,40.7786199497059,35.648149671033025,36.02171258535236,25.632922942750156,1.027633435248087,1886.400390625,cuda:0,NVIDIA A100-PCIE-40GB,535.288.01,765.0,1365.0,1410.0,43.0,52.0,72.44,13.0,0,0,sw_power_cap,,,,,,True,2.3.1+cu121,2.3.0+cu121,8.4.153,raw/main/runs/eager_fp32/yolov8s/bs24__run3__20261002T175713_847662Z__ok.json,throttle sw_power_cap
main,eager_fp32,yolov8s,24,4,640,20261002T191602_525795Z,2026-10-02T19:16:03+00:00,24.662544773891568,24.6276268735528,0.17238888906138794,24.893285031430423,24.406014941632748,25.81480797380209,100,40.06140385288745,35.50815302878618,36.01806794758886,25.652890671044588,1.027606032245482,1886.400390625,cuda:0,NVIDIA A100-PCIE-40GB,535.288.01,1410.0,1365.0,1410.0,48.0,53.0,247.96,13.0,0,0,sw_power_cap,,,,,,True,2.3.1+cu121,2.3.0+cu121,8.4.153,raw/main/runs/eager_fp32/yolov8s/bs24__run4__20261002T191602_525795Z__ok.json,throttle sw_power_cap
main,eager_fp32,yolov8s,26,0,640,20261002T150219_068349Z,2026-10-02T15:02:20+00:00,27.002705400809646,26.967460522428155,0.1800775523110861,27.291560685262084,26.75526589155197,27.996878139674664,100,43.72611291706562,38.87583361938596,39.30384188424796,28.046527598053217,1.0385655923388326,2030.1455078125,cuda:0,NVIDIA A100-PCIE-40GB,535.288.01,765.0,1365.0,1410.0,47.0,54.0,242.9,13.0,0,0,sw_power_cap,,,,,,True,2.3.1+cu121,2.3.0+cu121,8.4.153,raw/main/runs/eager_fp32/yolov8s/bs26__run0__20261002T150219_068349Z__ok.json,throttle sw_power_cap
main,eager_fp32,yolov8s,26,1,640,20261002T154044_307755Z,2026-10-02T15:40:45+00:00,26.9875869480893,26.957852533087134,0.19569282386342698,27.220575767569244,26.70391695573926,27.945505920797586,100,43.517477358691394,38.73668913729489,39.07504135277122,28.01374628674239,1.03798411338805,2030.1455078125,cuda:0,NVIDIA A100-PCIE-40GB,535.288.01,765.0,1380.0,1410.0,44.0,51.0,101.79,13.0,0,0,sw_power_cap,,,,,,True,2.3.1+cu121,2.3.0+cu121,8.4.153,raw/main/runs/eager_fp32/yolov8s/bs26__run1__20261002T154044_307755Z__ok.json,throttle sw_power_cap
main,eager_fp32,yolov8s,26,2,640,20261002T164057_226350Z,2026-10-02T16:40:58+00:00,26.983442809432745,26.960686780512333,0.1704147084151365,27.190593001432717,26.65910543873906,27.94450893998146,100,44.665884585119784,38.82633848115802,39.16997907217592,27.99666329752654,1.0378247234397209,2030.1455078125,cuda:0,NVIDIA A100-PCIE-40GB,535.288.01,765.0,1350.0,1410.0,42.0,50.0,61.13,13.0,0,0,sw_power_cap,,,,,,True,2.3.1+cu121,2.3.0+cu121,8.4.153,raw/main/runs/eager_fp32/yolov8s/bs26__run2__20261002T164057_226350Z__ok.json,throttle sw_power_cap
main,eager_fp32,yolov8s,26,3,640,20261002T174747_799530Z,2026-10-02T17:47:49+00:00,27.000780263915658,26.979821734130383,0.1678807700715477,27.21301708370447,26.75281884148717,27.956726029515266,100,43.53166673332453,38.70691824704409,39.065694087184966,28.015889707021415,1.0384915486121407,2030.1455078125,cuda:0,NVIDIA A100-PCIE-40GB,535.288.01,765.0,1350.0,1410.0,42.0,51.0,139.28,13.0,0,0,sw_power_cap,,,,,,True,2.3.1+cu121,2.3.0+cu121,8.4.153,raw/main/runs/eager_fp32/yolov8s/bs26__run3__20261002T174747_799530Z__ok.json,throttle sw_power_cap
main,eager_fp32,yolov8s,26,4,640,20261002T185849_068999Z,2026-10-02T18:58:50+00:00,27.000005790032446,26.964989490807056,0.21314873616986985,27.312689158134162,26.744271628558636,28.08572258800268,100,43.41780764982104,38.79277245141566,39.187507797032595,28.035359461791813,1.0384617611550941,2030.1455078125,cuda:0,NVIDIA A100-PCIE-40GB,535.288.01,435.0,1365.0,1410.0,47.0,55.0,116.9,13.0,0,0,sw_power_cap,,,,,,True,2.3.1+cu121,2.3.0+cu121,8.4.153,raw/main/runs/eager_fp32/yolov8s/bs26__run4__20261002T185849_068999Z__ok.json,throttle sw_power_cap
main,eager_fp32,yolov8s,28,0,640,20261002T144621_503210Z,2026-10-02T14:46:22+00:00,28.662823573686182,28.623167192563415,0.20097315453039344,28.963784407824278,28.38137885555625,29.797289054840803,100,46.254629120230675,41.23923252336681,41.68150443583727,29.836283470503986,1.0236722704887922,2179.044921875,cuda:0,NVIDIA A100-PCIE-40GB,535.288.01,450.0,1350.0,1410.0,45.0,53.0,246.09,13.0,0,0,sw_power_cap,,,,,,True,2.3.1+cu121,2.3.0+cu121,8.4.153,raw/main/runs/eager_fp32/yolov8s/bs28__run0__20261002T144621_503210Z__ok.json,throttle sw_power_cap
main,eager_fp32,yolov8s,28,1,640,20261002T160600_332827Z,2026-10-02T16:06:01+00:00,28.708693548105657,28.680023038759828,0.20089021023777157,29.00082676205784,28.32918521016836,29.7839161939919,100,46.5813099918887,41.53200308792293,41.950717684812844,29.848761768080294,1.0253104838609164,2179.0439453125,cuda:0,NVIDIA A100-PCIE-40GB,535.288.01,345.0,1365.0,1410.0,47.0,54.0,83.22,13.0,0,0,sw_power_cap,,,,,,True,2.3.1+cu121,2.3.0+cu121,8.4.153,raw/main/runs/eager_fp32/yolov8s/bs28__run1__20261002T160600_332827Z__ok.json,throttle sw_power_cap
main,eager_fp32,yolov8s,28,2,640,20261002T170535_893073Z,2026-10-02T17:05:37+00:00,28.655909076333046,28.622216312214732,0.20636040469725583,28.955898457206786,28.30655872821808,29.656085185706615,100,46.010738178156316,41.44345154054463,41.83546928688884,29.77423177100718,1.0234253241547517,2179.04443359375,cuda:0,NVIDIA A100-PCIE-40GB,535.288.01,420.0,1350.0,1410.0,42.0,50.0,245.78,13.0,0,0,sw_power_cap,,,,,,True,2.3.1+cu121,2.3.0+cu121,8.4.153,raw/main/runs/eager_fp32/yolov8s/bs28__run2__20261002T170535_893073Z__ok.json,throttle sw_power_cap
main,eager_fp32,yolov8s,28,3,640,20261002T181709_769571Z,2026-10-02T18:17:11+00:00,28.66531956475228,28.648852603510022,0.21827599414900886,28.957342682406306,28.35889719426632,29.775064904242754,100,45.650400281883776,41.2366590462625,41.72163240145892,29.785631210543215,1.023761413026867,2179.04345703125,cuda:0,NVIDIA A100-PCIE-40GB,535.288.01,435.0,1365.0,1410.0,43.0,51.0,256.61,13.0,0,0,sw_power_cap,,,,,,True,2.3.1+cu121,2.3.0+cu121,8.4.153,raw/main/runs/eager_fp32/yolov8s/bs28__run3__20261002T181709_769571Z__ok.json,throttle sw_power_cap
main,eager_fp32,yolov8s,28,4,640,20261002T192609_438895Z,2026-10-02T19:26:10+00:00,28.65604671649635,28.622196055948734,0.19000261647682504,28.907877788878977,28.354131616652012,29.749847948551178,100,46.04621663223952,41.388090467080474,41.66635004803538,29.80495675932616,1.0234302398748696,2179.04443359375,cuda:0,NVIDIA A100-PCIE-40GB,535.288.01,1410.0,1365.0,1410.0,48.0,54.0,249.83,13.0,0,0,sw_power_cap,,,,,,True,2.3.1+cu121,2.3.0+cu121,8.4.153,raw/main/runs/eager_fp32/yolov8s/bs28__run4__20261002T192609_438895Z__ok.json,throttle sw_power_cap
main,eager_fp32,yolov8s,30,0,640,20261002T142957_849886Z,2026-10-02T14:29:59+00:00,30.43146409559995,30.400373972952366,0.2337736305222629,30.726485885679722,30.129384715110064,31.821181997656822,100,48.49995117634535,44.058134546503425,44.697217480279505,31.67469206731766,1.0143821365199983,2246.36572265625,cuda:0,NVIDIA A100-PCIE-40GB,535.288.01,765.0,1350.0,1410.0,50.0,57.0,248.13,13.0,0,0,sw_power_cap,,,,,,True,2.3.1+cu121,2.3.0+cu121,8.4.153,raw/main/runs/eager_fp32/yolov8s/bs30__run0__20261002T142957_849886Z__ok.json,throttle sw_power_cap
main,eager_fp32,yolov8s,30,1,640,20261002T161911_966582Z,2026-10-02T16:19:13+00:00,30.36403303965926,30.347454361617565,0.20636724611561183,30.586497276090086,30.060104094445705,31.58882074058056,100,48.68233426474035,43.93095197156072,44.2917434964329,31.591716161929075,1.0121344346553087,2246.3662109375,cuda:0,NVIDIA A100-PCIE-40GB,535.288.01,795.0,1350.0,1410.0,46.0,53.0,252.36,13.0,0,0,sw_power_cap,,,,,,True,2.3.1+cu121,2.3.0+cu121,8.4.153,raw/main/runs/eager_fp32/yolov8s/bs30__run1__20261002T161911_966582Z__ok.json,throttle sw_power_cap
main,eager_fp32,yolov8s,30,2,640,20261002T171652_352973Z,2026-10-02T17:16:53+00:00,30.405061314813793,30.40152951143682,0.20298500191285698,30.61072095297277,30.063036363571882,31.56942781060934,100,48.188282563351095,43.97164843976498,44.317817175760865,31.622959109954536,1.0135020438271265,2246.36572265625,cuda:0,NVIDIA A100-PCIE-40GB,535.288.01,765.0,1365.0,1410.0,46.0,53.0,247.72,13.0,0,0,sw_power_cap,,,,,,True,2.3.1+cu121,2.3.0+cu121,8.4.153,raw/main/runs/eager_fp32/yolov8s/bs30__run2__20261002T171652_352973Z__ok.json,throttle sw_power_cap
main,eager_fp32,yolov8s,30,3,640,20261002T174132_660293Z,2026-10-02T17:41:34+00:00,30.42904264293611,30.422999523580074,0.2137891423040822,30.62153751961887,30.081545002758503,31.884989701211452,100,48.78395686391741,44.102398911491036,44.46689058095217,31.658369838260114,1.0143014214312036,2246.3662109375,cuda:0,NVIDIA A100-PCIE-40GB,535.288.01,765.0,1365.0,1410.0,49.0,56.0,250.3,13.0,0,0,sw_power_cap,,,,,,True,2.3.1+cu121,2.3.0+cu121,8.4.153,raw/main/runs/eager_fp32/yolov8s/bs30__run3__20261002T174132_660293Z__ok.json,throttle sw_power_cap
main,eager_fp32,yolov8s,30,4,640,20261002T190648_828423Z,2026-10-02T19:06:50+00:00,30.397350355051458,30.390195781365037,0.21908045529769216,30.612117401324213,29.93918117135763,31.79878182709217,100,48.95696408580989,44.044361682608724,44.45122252218425,31.61016908939928,1.0132450118350487,2246.36669921875,cuda:0,NVIDIA A100-PCIE-40GB,535.288.01,765.0,1380.0,1410.0,49.0,55.0,62.14,13.0,0,0,sw_power_cap,,,,,,True,2.3.1+cu121,2.3.0+cu121,8.4.153,raw/main/runs/eager_fp32/yolov8s/bs30__run4__20261002T190648_828423Z__ok.json,throttle sw_power_cap
main,eager_fp32,yolov8s,32,0,640,20261002T145346_717004Z,2026-10-02T14:53:48+00:00,32.714507821947336,32.66430436633527,0.20754316637092687,32.945567509159446,32.43075218051672,34.03860190883279,100,53.50256837438792,47.21391340717673,48.33873901516199,34.05706274788827,1.0223283694358543,2381.8125,cuda:0,NVIDIA A100-PCIE-40GB,535.288.01,1410.0,1350.0,1410.0,44.0,51.0,253.37,13.0,0,0,sw_power_cap,,,,,,True,2.3.1+cu121,2.3.0+cu121,8.4.153,raw/main/runs/eager_fp32/yolov8s/bs32__run0__20261002T145346_717004Z__ok.json,throttle sw_power_cap
main,eager_fp32,yolov8s,32,1,640,20261002T163025_233940Z,2026-10-02T16:30:26+00:00,32.802024711854756,32.77771198190749,0.45813347369910973,33.10213640797883,32.352724112570286,36.56266909092665,100,51.94723061751574,47.30510548688471,47.76043554302305,33.99974856991321,1.0250632722454611,2381.8125,cuda:0,NVIDIA A100-PCIE-40GB,535.288.01,555.0,1365.0,1410.0,45.0,53.0,62.52,13.0,0,0,sw_power_cap,,,,,,True,2.3.1+cu121,2.3.0+cu121,8.4.153,raw/main/runs/eager_fp32/yolov8s/bs32__run1__20261002T163025_233940Z__ok.json,throttle sw_power_cap
main,eager_fp32,yolov8s,32,2,640,20261002T165653_034600Z,2026-10-02T16:56:54+00:00,32.76410415302962,32.787318341434,0.22968236785686588,33.00924838986248,32.410627231001854,34.16449297219515,100,51.59063265193254,47.12815349921584,47.55029634106904,34.000462079420686,1.0238782547821756,2381.81298828125,cuda:0,NVIDIA A100-PCIE-40GB,535.288.01,765.0,1350.0,1410.0,43.0,52.0,247.86,13.0,0,0,sw_power_cap,,,,,,True,2.3.1+cu121,2.3.0+cu121,8.4.153,raw/main/runs/eager_fp32/yolov8s/bs32__run2__20261002T165653_034600Z__ok.json,throttle sw_power_cap
main,eager_fp32,yolov8s,32,3,640,20261002T175100_763953Z,2026-10-02T17:51:02+00:00,32.73676518816501,32.678737537935376,0.2108615804490768,32.974509219639,32.45413862168789,34.03631178662181,100,52.12515021674335,47.29505837894976,47.72619872819632,34.017548500560224,1.0230239121301565,2381.8125,cuda:0,NVIDIA A100-PCIE-40GB,535.288.01,765.0,1350.0,1410.0,43.0,51.0,253.97,13.0,0,0,sw_power_cap,,,,,,True,2.3.1+cu121,2.3.0+cu121,8.4.153,raw/main/runs/eager_fp32/yolov8s/bs32__run3__20261002T175100_763953Z__ok.json,throttle sw_power_cap
main,eager_fp32,yolov8s,32,4,640,20261002T184901_332977Z,2026-10-02T18:49:02+00:00,32.73660674225539,32.76690235361457,0.21678192921512643,32.96936652623117,32.43503486737609,33.928411081433296,100,52.46449197176844,47.20456711947918,47.60004605632275,34.00534309912473,1.023018960695481,2381.8125,cuda:0,NVIDIA A100-PCIE-40GB,535.288.01,765.0,1350.0,1410.0,45.0,53.0,84.71,13.0,0,0,sw_power_cap,,,,,,True,2.3.1+cu121,2.3.0+cu121,8.4.153,raw/main/runs/eager_fp32/yolov8s/bs32__run4__20261002T184901_332977Z__ok.json,throttle sw_power_cap
main,eager_fp32,yolov8s,40,0,640,20261002T150103_835269Z,2026-10-02T15:01:05+00:00,41.48546788375825,41.44428437575698,0.20607091098559752,41.7068702634424,41.185894049704075,42.93663799762726,100,63.94227641168982,59.44487941451371,59.780526254326105,42.92787426151335,1.0371366970939562,2562.6005859375,cuda:0,NVIDIA A100-PCIE-40GB,535.288.01,765.0,1350.0,1410.0,41.0,51.0,112.59,13.0,0,0,sw_power_cap,,,,,,True,2.3.1+cu121,2.3.0+cu121,8.4.153,raw/main/runs/eager_fp32/yolov8s/bs40__run0__20261002T150103_835269Z__ok.json,throttle sw_power_cap
main,eager_fp32,yolov8s,40,1,640,20261002T153627_095140Z,2026-10-02T15:36:28+00:00,41.541673545725644,41.49343306198716,0.2242266011470795,41.762975696474314,40.962751023471355,43.05740399286151,100,63.91054515261203,59.4004241283983,60.30753459781408,43.007878167554736,1.038541838643141,2562.6005859375,cuda:0,NVIDIA A100-PCIE-40GB,535.288.01,765.0,1350.0,1410.0,45.0,54.0,257.73,13.0,0,0,sw_power_cap,,,,,,True,2.3.1+cu121,2.3.0+cu121,8.4.153,raw/main/runs/eager_fp32/yolov8s/bs40__run1__20261002T153627_095140Z__ok.json,throttle sw_power_cap
main,eager_fp32,yolov8s,40,2,640,20261002T164506_675747Z,2026-10-02T16:45:08+00:00,41.57347305677831,41.48662416264415,0.3369899507574025,41.91971174441278,41.23182687908411,43.943262193351984,100,64.20817133970559,59.4846720341593,60.114777786657214,43.022666540928185,1.0393368264194578,2562.60009765625,cuda:0,NVIDIA A100-PCIE-40GB,535.288.01,570.0,1350.0,1410.0,46.0,54.0,92.2,13.0,0,0,sw_power_cap,,,,,,True,2.3.1+cu121,2.3.0+cu121,8.4.153,raw/main/runs/eager_fp32/yolov8s/bs40__run2__20261002T164506_675747Z__ok.json,throttle sw_power_cap
main,eager_fp32,yolov8s,40,3,640,20261002T174645_281340Z,2026-10-02T17:46:46+00:00,41.50392333045602,41.46041930653155,0.19983587634537453,41.74733981490135,41.166604962199926,42.7315179258585,100,64.31141273584217,59.47784008458257,59.918945375829935,42.95801643282175,1.0375980832614005,2562.599609375,cuda:0,NVIDIA A100-PCIE-40GB,535.288.01,750.0,1350.0,1410.0,43.0,52.0,254.93,13.0,0,0,sw_power_cap,,,,,,True,2.3.1+cu121,2.3.0+cu121,8.4.153,raw/main/runs/eager_fp32/yolov8s/bs40__run3__20261002T174645_281340Z__ok.json,throttle sw_power_cap
main,eager_fp32,yolov8s,40,4,640,20261002T191543_570113Z,2026-10-02T19:15:44+00:00,41.54074416961521,41.51377943344414,0.22380196776411534,41.829430032521486,41.11820086836815,42.908597737550735,100,63.96726583130658,59.582567075267434,60.12161239050329,42.96373555902392,1.0385186042403802,2562.599609375,cuda:0,NVIDIA A100-PCIE-40GB,535.288.01,390.0,1350.0,1410.0,46.0,53.0,60.84,13.0,0,0,sw_power_cap,,,,,,True,2.3.1+cu121,2.3.0+cu121,8.4.153,raw/main/runs/eager_fp32/yolov8s/bs40__run4__20261002T191543_570113Z__ok.json,throttle sw_power_cap
main,eager_fp32,yolov8s,48,0,640,20261002T143425_863073Z,2026-10-02T14:34:27+00:00,50.306941494345665,50.28007598593831,0.2381195699769685,50.51331385038793,49.784739036113024,52.20779590308666,100,76.58910718746483,71.94039621390402,72.37608775030822,52.10831879172474,1.0480612811322014,2817.3876953125,cuda:0,NVIDIA A100-PCIE-40GB,535.288.01,765.0,1350.0,1410.0,48.0,56.0,62.24,13.0,0,0,sw_power_cap,,,,,,True,2.3.1+cu121,2.3.0+cu121,8.4.153,raw/main/runs/eager_fp32/yolov8s/bs48__run0__20261002T143425_863073Z__ok.json,throttle sw_power_cap
main,eager_fp32,yolov8s,48,1,640,20261002T161259_980972Z,2026-10-02T16:13:01+00:00,50.24588741827756,50.20535713993013,0.2671914494155396,50.47893952578306,49.79990376159549,52.10989201441407,100,76.56706375535578,71.98598328977823,72.66483947169036,51.98542038910091,1.046789321214116,2817.38818359375,cuda:0,NVIDIA A100-PCIE-40GB,535.288.01,765.0,1365.0,1410.0,44.0,53.0,250.41,13.0,0,0,sw_power_cap,,,,,,True,2.3.1+cu121,2.3.0+cu121,8.4.153,raw/main/runs/eager_fp32/yolov8s/bs48__run1__20261002T161259_980972Z__ok.json,throttle sw_power_cap
main,eager_fp32,yolov8s,48,2,640,20261002T171910_274276Z,2026-10-02T17:19:11+00:00,50.2758982218802,50.226188730448484,0.2602525022244292,50.48639487940818,49.78559073060751,52.37110611051321,100,76.74437779001892,72.094356874004,72.5198206724599,52.01092486269772,1.0474145462891709,2817.3876953125,cuda:0,NVIDIA A100-PCIE-40GB,535.288.01,510.0,1380.0,1410.0,44.0,53.0,212.6,13.0,0,0,sw_power_cap,,,,,,True,2.3.1+cu121,2.3.0+cu121,8.4.153,raw/main/runs/eager_fp32/yolov8s/bs48__run2__20261002T171910_274276Z__ok.json,throttle sw_power_cap
main,eager_fp32,yolov8s,48,3,640,20261002T180157_851751Z,2026-10-02T18:01:59+00:00,50.3247898677364,50.275169080123305,0.3033725879842901,50.526363332755864,49.76843111217022,52.945959847420454,100,76.5949672460556,72.04041280783713,72.6501724217087,52.06209532916546,1.0484331222445082,2817.38671875,cuda:0,NVIDIA A100-PCIE-40GB,535.288.01,765.0,1335.0,1410.0,47.0,55.0,254.37,13.0,0,0,sw_power_cap,,,,,,True,2.3.1+cu121,2.3.0+cu121,8.4.153,raw/main/runs/eager_fp32/yolov8s/bs48__run3__20261002T180157_851751Z__ok.json,throttle sw_power_cap
main,eager_fp32,yolov8s,48,4,640,20261002T184243_679524Z,2026-10-02T18:42:45+00:00,50.362568595446646,50.35746982321143,0.23415949869119226,50.55477595888078,49.87692879512906,52.07504518330097,100,76.9256844650954,71.7991329729557,72.24807753227651,52.13130838703364,1.0492201790718052,2817.38818359375,cuda:0,NVIDIA A100-PCIE-40GB,535.288.01,765.0,1380.0,1410.0,50.0,57.0,257.79,13.0,0,0,sw_power_cap,,,,,,True,2.3.1+cu121,2.3.0+cu121,8.4.153,raw/main/runs/eager_fp32/yolov8s/bs48__run4__20261002T184243_679524Z__ok.json,throttle sw_power_cap
main,eager_fp32,yolov8s,56,0,640,20261002T150407_873586Z,2026-10-02T15:04:09+00:00,58.24625566136092,58.218223974108696,0.3075772948410531,58.4629618562758,57.66630405560136,60.18736166879535,100,88.44177246559411,83.59059994108975,84.37007847242057,60.277304109185934,1.0401117082385878,2993.87158203125,cuda:0,NVIDIA A100-PCIE-40GB,535.288.01,765.0,1350.0,1410.0,48.0,56.0,245.51,13.0,0,0,sw_power_cap,,,,,,True,2.3.1+cu121,2.3.0+cu121,8.4.153,raw/main/runs/eager_fp32/yolov8s/bs56__run0__20261002T150407_873586Z__ok.json,throttle sw_power_cap
main,eager_fp32,yolov8s,56,1,640,20261002T155925_902216Z,2026-10-02T15:59:27+00:00,58.28961038030684,58.25086869299412,0.33702065937535336,58.417074917815626,57.83057492226362,60.80138776451349,100,89.51337193604559,83.47334782592952,84.45327954832464,60.28078573290259,1.0408858996483363,2993.8701171875,cuda:0,NVIDIA A100-PCIE-40GB,535.288.01,375.0,1350.0,1410.0,48.0,56.0,108.7,13.0,0,0,sw_power_cap,,,,,,True,2.3.1+cu121,2.3.0+cu121,8.4.153,raw/main/runs/eager_fp32/yolov8s/bs56__run1__20261002T155925_902216Z__ok.json,throttle sw_power_cap
main,eager_fp32,yolov8s,56,2,640,20261002T165508_631479Z,2026-10-02T16:55:10+00:00,58.21625771932304,58.19426220841706,0.2134687246875398,58.42489779461175,57.776637841016054,59.7435780800879,100,87.84418061375618,83.25474709272385,83.89478004537523,60.258497251197696,1.039576030702197,2993.86962890625,cuda:0,NVIDIA A100-PCIE-40GB,535.288.01,495.0,1350.0,1410.0,46.0,55.0,251.24,13.0,0,0,sw_power_cap,,,,,,True,2.3.1+cu121,2.3.0+cu121,8.4.153,raw/main/runs/eager_fp32/yolov8s/bs56__run2__20261002T165508_631479Z__ok.json,throttle sw_power_cap
main,eager_fp32,yolov8s,56,3,640,20261002T182430_383894Z,2026-10-02T18:24:31+00:00,58.19405316840857,58.16928646527231,0.28898993052531713,58.296578703448176,57.74222780019045,60.53678318858147,100,87.63404092285782,83.10893713496625,83.79765274003148,60.13864621985704,1.0391795208644388,2993.8701171875,cuda:0,NVIDIA A100-PCIE-40GB,535.288.01,765.0,1350.0,1410.0,44.0,54.0,81.71,13.0,0,0,sw_power_cap,,,,,,True,2.3.1+cu121,2.3.0+cu121,8.4.153,raw/main/runs/eager_fp32/yolov8s/bs56__run3__20261002T182430_383894Z__ok.json,throttle sw_power_cap
main,eager_fp32,yolov8s,56,4,640,20261002T190114_391919Z,2026-10-02T19:01:15+00:00,58.15513855777681,58.14089416526258,0.2247156654587587,58.27769024763256,57.71263735368848,60.185411013662815,100,87.82896091695875,83.162194583565,83.7609150679782,60.10780035983771,1.0384846171031572,2993.87060546875,cuda:0,NVIDIA A100-PCIE-40GB,535.288.01,690.0,1350.0,1410.0,44.0,53.0,253.73,13.0,0,0,sw_power_cap,,,,,,True,2.3.1+cu121,2.3.0+cu121,8.4.153,raw/main/runs/eager_fp32/yolov8s/bs56__run4__20261002T190114_391919Z__ok.json,throttle sw_power_cap
main,eager_fp32,yolov8s,64,0,640,20261002T143514_783837Z,2026-10-02T14:35:16+00:00,64.14352753199637,64.10345691256225,0.3246613412596374,64.38654558733106,63.6910111643374,66.5652547031641,100,97.39849171135575,92.79687865637243,93.28901662956923,66.34191412013024,1.0022426176874433,3415.0322265625,cuda:0,NVIDIA A100-PCIE-40GB,535.288.01,765.0,1350.0,1410.0,45.0,55.0,108.08,13.0,0,0,sw_power_cap,,,,,,True,2.3.1+cu121,2.3.0+cu121,8.4.153,raw/main/runs/eager_fp32/yolov8s/bs64__run0__20261002T143514_783837Z__ok.json,throttle sw_power_cap
main,eager_fp32,yolov8s,64,1,640,20261002T160028_083346Z,2026-10-02T16:00:29+00:00,64.25823720637709,64.24040859565139,0.32880406523768296,64.45767199620605,63.6416869238019,67.18141073361039,100,97.85391605924815,93.18949049338698,94.32747915852815,66.52131210081279,1.004034956349642,3415.033203125,cuda:0,NVIDIA A100-PCIE-40GB,535.288.01,1410.0,1335.0,1410.0,51.0,58.0,241.96,13.0,0,0,sw_power_cap,,,,,,True,2.3.1+cu121,2.3.0+cu121,8.4.153,raw/main/runs/eager_fp32/yolov8s/bs64__run1__20261002T160028_083346Z__ok.json,throttle sw_power_cap
main,eager_fp32,yolov8s,64,2,640,20261002T164922_412090Z,2026-10-02T16:49:23+00:00,64.2173693049699,64.1841790638864,0.30068723338906567,64.39675514120609,63.67620173841715,66.45860709249973,100,97.16773889027536,92.63737150467932,93.3190586976707,66.46275425329804,1.0033963953901548,3415.0322265625,cuda:0,NVIDIA A100-PCIE-40GB,535.288.01,765.0,1350.0,1410.0,48.0,57.0,145.22,13.0,0,0,sw_power_cap,,,,,,True,2.3.1+cu121,2.3.0+cu121,8.4.153,raw/main/runs/eager_fp32/yolov8s/bs64__run2__20261002T164922_412090Z__ok.json,throttle sw_power_cap
main,eager_fp32,yolov8s,64,3,640,20261002T181725_170271Z,2026-10-02T18:17:26+00:00,64.13776372559369,64.09834162332118,0.302510216778849,64.34588150586933,63.64145968109369,66.05853466317058,100,97.2315587894991,92.86654810421169,93.46837622579187,66.29618453793228,1.0021525582124013,3415.0322265625,cuda:0,NVIDIA A100-PCIE-40GB,535.288.01,765.0,1335.0,1410.0,45.0,54.0,238.55,13.0,0,0,sw_power_cap,,,,,,True,2.3.1+cu121,2.3.0+cu121,8.4.153,raw/main/runs/eager_fp32/yolov8s/bs64__run3__20261002T181725_170271Z__ok.json,throttle sw_power_cap
main,eager_fp32,yolov8s,64,4,640,20261002T183754_200522Z,2026-10-02T18:37:55+00:00,64.15173382963985,64.12785360589623,0.2734999757125997,64.31382675655186,63.71649727225304,66.00936688482761,100,97.50009573064744,92.77960937470198,93.61835268791765,66.36238371953368,1.0023708410881227,3415.03271484375,cuda:0,NVIDIA A100-PCIE-40GB,535.288.01,765.0,1350.0,1410.0,46.0,55.0,205.68,13.0,0,0,sw_power_cap,,,,,,True,2.3.1+cu121,2.3.0+cu121,8.4.153,raw/main/runs/eager_fp32/yolov8s/bs64__run4__20261002T183754_200522Z__ok.json,throttle sw_power_cap
main,trt_fp16,yolov8l,1,0,640,20261002T152416_124939Z,2026-10-02T15:24:17+00:00,2.885698094032705,2.804146846756339,0.5068280472928745,4.145321412943304,2.4293847382068634,4.416500683873892,100,3.5865738801658154,3.1199329532682896,4.466918157413602,2.305785808712244,2.885698094032705,44.98193359375,cuda:0,NVIDIA A100-PCIE-40GB,535.288.01,765.0,1395.0,1410.0,49.0,54.0,73.81,13.0,0,0,sw_power_cap,1.0,0.0,,286.7398180109449,1.202016199938953,True,2.3.1+cu121,2.3.0+cu121,8.4.153,raw/main/runs/trt_fp16/yolov8l/bs1__run0__20261002T152416_124939Z__ok.json,throttle sw_power_cap
main,trt_fp16,yolov8l,1,1,640,20261002T162449_681251Z,2026-10-02T16:24:51+00:00,3.056090036407113,2.4789341259747744,0.7838076109999776,4.112767893821001,2.4727899581193924,4.366125911474228,100,3.810196523554623,2.796894870698452,4.436623980291188,2.274032160639763,3.056090036407113,44.98193359375,cuda:0,NVIDIA A100-PCIE-40GB,535.288.01,765.0,1395.0,1410.0,42.0,46.0,245.03,13.0,0,0,sw_power_cap,1.0,0.0,,286.7398180109449,1.2274043150246143,True,2.3.1+cu121,2.3.0+cu121,8.4.153,raw/main/runs/trt_fp16/yolov8l/bs1__run1__20261002T162449_681251Z__ok.json,throttle sw_power_cap
main,trt_fp16,yolov8l,1,2,640,20261002T164809_525710Z,2026-10-02T16:48:10+00:00,3.0243426840752363,2.468564547598362,0.8009696908374699,4.138637497089803,2.4223169311881065,4.377969074994326,100,3.704501143656671,2.788205398246646,4.470905777998269,2.286121458746493,3.0243426840752363,44.98193359375,cuda:0,NVIDIA A100-PCIE-40GB,535.288.01,450.0,1395.0,1410.0,47.0,51.0,251.73,13.0,0,0,sw_power_cap,1.0,0.0,,286.7398180109449,1.212753886822611,True,2.3.1+cu121,2.3.0+cu121,8.4.153,raw/main/runs/trt_fp16/yolov8l/bs1__run2__20261002T164809_525710Z__ok.json,throttle sw_power_cap
main,trt_fp16,yolov8l,1,3,640,20261002T182939_910194Z,2026-10-02T18:29:41+00:00,2.8383391117677093,2.4318608921021223,0.7213657573943436,4.108133399859071,2.406131010502577,4.420544020831585,100,3.602875010110438,2.7500600554049015,4.433986428193748,2.281620637513697,2.8383391117677093,44.98193359375,cuda:0,NVIDIA A100-PCIE-40GB,535.288.01,570.0,1395.0,1410.0,48.0,51.0,65.8,13.0,0,0,sw_power_cap,1.0,0.0,,286.7398180109449,1.1971388589590788,True,2.3.1+cu121,2.3.0+cu121,8.4.153,raw/main/runs/trt_fp16/yolov8l/bs1__run3__20261002T182939_910194Z__ok.json,throttle sw_power_cap
main,trt_fp16,yolov8l,1,4,640,20261002T192436_676878Z,2026-10-02T19:24:38+00:00,3.1578729953616858,3.7536430172622204,0.718326145507144,3.845761762931943,2.4013668298721313,4.370299633592367,100,3.835625285282731,4.067475907504559,4.1636757319793105,2.2684728587046266,3.1578729953616858,44.98193359375,cuda:0,NVIDIA A100-PCIE-40GB,535.288.01,765.0,1395.0,1410.0,46.0,49.0,102.36,13.0,0,0,sw_power_cap,1.0,0.0,,286.7398180109449,1.2161619500257075,True,2.3.1+cu121,2.3.0+cu121,8.4.153,raw/main/runs/trt_fp16/yolov8l/bs1__run4__20261002T192436_676878Z__ok.json,throttle sw_power_cap
main,trt_fp16,yolov8l,2,0,640,20261002T151056_781548Z,2026-10-02T15:10:58+00:00,4.033841942436993,3.653308842331171,0.6495814042871971,5.112076457589865,3.6137131974101067,5.338839255273342,100,4.811237505637109,4.029042320325971,5.4978018859401345,3.5848869057372212,2.0169209712184966,91.00830078125,cuda:0,NVIDIA A100-PCIE-40GB,535.288.01,345.0,1380.0,1410.0,47.0,52.0,250.6,13.0,0,0,sw_power_cap,1.0,0.0,,273.3512995429337,1.2154969633556902,True,2.3.1+cu121,2.3.0+cu121,8.4.153,raw/main/runs/trt_fp16/yolov8l/bs2__run0__20261002T151056_781548Z__ok.json,throttle sw_power_cap
main,trt_fp16,yolov8l,2,1,640,20261002T161356_818026Z,2026-10-02T16:13:58+00:00,4.02170508634299,3.6274653393775225,0.875346010529203,5.940513452515006,3.5981847904622555,6.186749320477247,100,4.775668755173683,3.99977364577353,6.3275744672864676,3.5837934678420424,2.010852543171495,91.00830078125,cuda:0,NVIDIA A100-PCIE-40GB,535.288.01,765.0,1380.0,1410.0,45.0,50.0,248.03,13.0,0,0,sw_power_cap,1.0,0.0,,273.3512995429337,1.227928563952446,True,2.3.1+cu121,2.3.0+cu121,8.4.153,raw/main/runs/trt_fp16/yolov8l/bs2__run1__20261002T161356_818026Z__ok.json,throttle sw_power_cap
main,trt_fp16,yolov8l,2,2,640,20261002T171644_369259Z,2026-10-02T17:16:45+00:00,3.9362529385834932,3.6850280594080687,0.36617121541370223,4.3012455105781555,3.633292391896248,5.9268660843372345,100,4.760158113203943,4.056963603943586,4.675064445473254,3.591380286961794,1.9681264692917466,91.00830078125,cuda:0,NVIDIA A100-PCIE-40GB,535.288.01,765.0,1380.0,1410.0,48.0,52.0,62.42,13.0,0,0,sw_power_cap,1.0,0.0,,273.3512995429337,1.2156346179544926,True,2.3.1+cu121,2.3.0+cu121,8.4.153,raw/main/runs/trt_fp16/yolov8l/bs2__run2__20261002T171644_369259Z__ok.json,throttle sw_power_cap
main,trt_fp16,yolov8l,2,3,640,20261002T180934_883075Z,2026-10-02T18:09:36+00:00,3.908766428939998,3.6594190169125795,0.3564365001516818,4.268733668141067,3.640265204012394,5.894767586141825,100,4.668108499608934,4.03462303802371,4.649495310150087,3.6052146507427096,1.954383214469999,91.00830078125,cuda:0,NVIDIA A100-PCIE-40GB,535.288.01,1410.0,1395.0,1410.0,52.0,56.0,251.6,13.0,0,0,sw_power_cap,1.0,0.0,,273.3512995429337,1.2179093742743134,True,2.3.1+cu121,2.3.0+cu121,8.4.153,raw/main/runs/trt_fp16/yolov8l/bs2__run3__20261002T180934_883075Z__ok.json,throttle sw_power_cap
main,trt_fp16,yolov8l,2,4,640,20261002T190408_910554Z,2026-10-02T19:04:10+00:00,3.9073414262384176,3.6636388394981623,0.4244623959317787,4.073434672318399,3.6249440163373947,6.1683147214353085,100,4.651243356056511,4.039224004372954,4.458206077106297,3.585950070992112,1.9536707131192088,91.00830078125,cuda:0,NVIDIA A100-PCIE-40GB,535.288.01,765.0,1380.0,1410.0,47.0,51.0,91.19,13.0,0,0,sw_power_cap,1.0,0.0,,273.3512995429337,1.1963663632050157,True,2.3.1+cu121,2.3.0+cu121,8.4.153,raw/main/runs/trt_fp16/yolov8l/bs2__run4__20261002T190408_910554Z__ok.json,throttle sw_power_cap
main,trt_fp16,yolov8l,4,0,640,20261002T152145_339642Z,2026-10-02T15:21:46+00:00,6.247642054222524,6.1362290289253,0.6230468532680702,6.153048411943018,6.0212016105651855,9.468147065490484,100,7.1297568920999765,6.626027869060636,6.647641607560217,6.200114917010069,1.561910513555631,179.60888671875,cuda:0,NVIDIA A100-PCIE-40GB,535.288.01,1410.0,1380.0,1410.0,55.0,58.0,252.49,13.0,0,0,sw_power_cap,1.0,0.0,,281.9263847908005,1.216371244750917,True,2.3.1+cu121,2.3.0+cu121,8.4.153,raw/main/runs/trt_fp16/yolov8l/bs4__run0__20261002T152145_339642Z__ok.json,throttle sw_power_cap
main,trt_fp16,yolov8l,4,1,640,20261002T153145_567757Z,2026-10-02T15:31:46+00:00,6.31452308036387,6.120668025687337,0.5210731364239023,7.691982621327043,6.089932285249233,7.954414933919907,100,7.176779126748443,6.621347973123193,8.195778355002403,6.202821312472224,1.5786307700909674,179.60888671875,cuda:0,NVIDIA A100-PCIE-40GB,535.288.01,1410.0,1350.0,1410.0,55.0,58.0,245.07,13.0,0,0,sw_power_cap,1.0,0.0,,281.9263847908005,1.2468823022209108,True,2.3.1+cu121,2.3.0+cu121,8.4.153,raw/main/runs/trt_fp16/yolov8l/bs4__run1__20261002T153145_567757Z__ok.json,throttle sw_power_cap
main,trt_fp16,yolov8l,4,2,640,20261002T170815_209338Z,2026-10-02T17:08:16+00:00,6.1101595452055335,6.079008337110281,0.3525360993622922,6.097109499387443,5.9724729508161545,9.262363892048597,100,7.223275192081928,6.572316866368055,6.592230731621385,6.135363690555096,1.5275398863013834,179.60888671875,cuda:0,NVIDIA A100-PCIE-40GB,535.288.01,765.0,1350.0,1410.0,41.0,47.0,220.92,13.0,0,0,sw_power_cap,1.0,0.0,,281.9263847908005,1.2330811559222639,True,2.3.1+cu121,2.3.0+cu121,8.4.153,raw/main/runs/trt_fp16/yolov8l/bs4__run2__20261002T170815_209338Z__ok.json,throttle sw_power_cap
main,trt_fp16,yolov8l,4,3,640,20261002T174422_773385Z,2026-10-02T17:44:24+00:00,6.207164470106363,6.109307054430246,0.206298996716647,6.6348118940368295,6.079976446926594,6.866567302495241,100,7.048740270547569,6.5957235638052225,7.127102394588292,6.1330469604581594,1.5517911175265908,179.60888671875,cuda:0,NVIDIA A100-PCIE-40GB,535.288.01,765.0,1350.0,1410.0,47.0,52.0,70.74,13.0,0,0,sw_power_cap,1.0,0.0,,281.9263847908005,1.228965763002634,True,2.3.1+cu121,2.3.0+cu121,8.4.153,raw/main/runs/trt_fp16/yolov8l/bs4__run3__20261002T174422_773385Z__ok.json,throttle sw_power_cap
main,trt_fp16,yolov8l,4,4,640,20261002T184542_510747Z,2026-10-02T18:45:43+00:00,6.0644948948174715,6.080356892198324,0.06615292350414921,6.092124152928591,5.804280750453472,6.35228306055069,100,6.925935107283294,6.567291682586074,6.5842220559716225,6.108388910070062,1.5161237237043679,179.60888671875,cuda:0,NVIDIA A100-PCIE-40GB,535.288.01,765.0,1365.0,1410.0,45.0,50.0,92.38,13.0,0,0,sw_power_cap,1.0,0.0,,281.9263847908005,1.2199917864054441,True,2.3.1+cu121,2.3.0+cu121,8.4.153,raw/main/runs/trt_fp16/yolov8l/bs4__run4__20261002T184542_510747Z__ok.json,throttle sw_power_cap
main,trt_fp16,yolov8l,6,0,640,20261002T145604_721941Z,2026-10-02T14:56:06+00:00,8.873836933635175,8.818929316475987,0.19018245810706283,9.452315792441368,8.790398016571999,9.822710882872343,100,9.958344805054367,9.421463357284665,10.062900581397116,8.90957745257765,1.4789728222725291,269.41259765625,cuda:0,NVIDIA A100-PCIE-40GB,535.288.01,765.0,1365.0,1410.0,41.0,47.0,125.5,13.0,0,0,sw_power_cap,1.0,0.0,,266.5391004360281,1.2559297187253833,True,2.3.1+cu121,2.3.0+cu121,8.4.153,raw/main/runs/trt_fp16/yolov8l/bs6__run0__20261002T145604_721941Z__ok.json,throttle sw_power_cap
main,trt_fp16,yolov8l,6,1,640,20261002T154240_609911Z,2026-10-02T15:42:42+00:00,8.890882697887719,8.822452742606401,0.2678060309474336,9.324397705495358,8.70283879339695,11.075274087488651,100,9.878664198331535,9.427337208762765,9.937215503305197,8.941667540930212,1.4818137829812865,269.41259765625,cuda:0,NVIDIA A100-PCIE-40GB,535.288.01,765.0,1350.0,1410.0,44.0,50.0,60.22,13.0,0,0,sw_power_cap,1.0,0.0,,266.5391004360281,1.2594309411942959,True,2.3.1+cu121,2.3.0+cu121,8.4.153,raw/main/runs/trt_fp16/yolov8l/bs6__run1__20261002T154240_609911Z__ok.json,throttle sw_power_cap
main,trt_fp16,yolov8l,6,2,640,20261002T163214_717275Z,2026-10-02T16:32:16+00:00,8.823691601864994,8.839420042932034,0.0846543905768959,8.88461316935718,8.428941946476698,9.10855084657669,100,9.81234488543123,9.444514522328973,9.485109313391149,8.93169870134443,1.470615266977499,269.41259765625,cuda:0,NVIDIA A100-PCIE-40GB,535.288.01,780.0,1350.0,1410.0,45.0,50.0,60.44,13.0,0,0,sw_power_cap,1.0,0.0,,266.5391004360281,1.248754476197064,True,2.3.1+cu121,2.3.0+cu121,8.4.153,raw/main/runs/trt_fp16/yolov8l/bs6__run2__20261002T163214_717275Z__ok.json,throttle sw_power_cap
main,trt_fp16,yolov8l,6,3,640,20261002T180453_163426Z,2026-10-02T18:04:54+00:00,8.843270307406783,8.861349429935217,0.085984080722495,8.911204221658409,8.40692687779665,9.1194580309093,100,9.807510948739946,9.458138141781092,9.509690967388451,8.948525781743228,1.4738783845677972,269.41259765625,cuda:0,NVIDIA A100-PCIE-40GB,535.288.01,765.0,1350.0,1410.0,44.0,50.0,244.59,13.0,0,0,sw_power_cap,1.0,0.0,,266.5391004360281,1.253305323421955,True,2.3.1+cu121,2.3.0+cu121,8.4.153,raw/main/runs/trt_fp16/yolov8l/bs6__run3__20261002T180453_163426Z__ok.json,throttle sw_power_cap
main,trt_fp16,yolov8l,6,4,640,20261002T193235_084710Z,2026-10-02T19:32:36+00:00,8.80739962682128,8.835223037749529,0.09257025257940472,8.873115107417107,8.360733278095722,9.018149692565203,100,9.791302345693111,9.43552958779037,9.473333996720612,8.935301820747554,1.4678999378035467,269.41259765625,cuda:0,NVIDIA A100-PCIE-40GB,535.288.01,765.0,1350.0,1410.0,45.0,51.0,56.97,13.0,0,0,sw_power_cap,1.0,0.0,,266.5391004360281,1.256421010941267,True,2.3.1+cu121,2.3.0+cu121,8.4.153,raw/main/runs/trt_fp16/yolov8l/bs6__run4__20261002T193235_084710Z__ok.json,throttle sw_power_cap
main,trt_fp16,yolov8l,8,0,640,20261002T152231_851859Z,2026-10-02T15:22:33+00:00,11.100992471911013,11.123252101242542,0.1856247268283316,11.383456154726446,10.347581934183836,11.90306106582284,100,12.340963217429817,11.836785590276122,12.104170233942568,11.237806580029428,1.3876240589888766,364.14990234375,cuda:0,NVIDIA A100-PCIE-40GB,535.288.01,645.0,1335.0,1410.0,48.0,54.0,77.38,13.0,0,0,sw_power_cap,1.0,0.0,,277.09564098296687,1.2209381181746721,True,2.3.1+cu121,2.3.0+cu121,8.4.153,raw/main/runs/trt_fp16/yolov8l/bs8__run0__20261002T152231_851859Z__ok.json,throttle sw_power_cap
main,trt_fp16,yolov8l,8,1,640,20261002T154704_764626Z,2026-10-02T15:47:06+00:00,11.068216315470636,11.103765340521932,0.18650971720324702,11.218636343255639,10.307868011295795,12.197849806398153,100,12.373127862811089,11.819555889815092,11.938688438385725,11.197604420594871,1.3835270394338295,364.14990234375,cuda:0,NVIDIA A100-PCIE-40GB,535.288.01,420.0,1335.0,1410.0,46.0,52.0,58.47,13.0,0,0,sw_power_cap,1.0,0.0,,277.09564098296687,1.225985589902848,True,2.3.1+cu121,2.3.0+cu121,8.4.153,raw/main/runs/trt_fp16/yolov8l/bs8__run1__20261002T154704_764626Z__ok.json,throttle sw_power_cap
main,trt_fp16,yolov8l,8,2,640,20261002T163535_193173Z,2026-10-02T16:35:36+00:00,11.101804277859628,11.119870003312826,0.3157122889995309,11.197350453585386,10.313821025192738,13.620823621749878,100,12.444267543032765,11.827829526737332,11.90739895682782,11.22495342977345,1.3877255347324535,364.14990234375,cuda:0,NVIDIA A100-PCIE-40GB,535.288.01,765.0,1335.0,1410.0,46.0,52.0,63.71,13.0,0,0,sw_power_cap,1.0,0.0,,277.09564098296687,1.2354115811176598,True,2.3.1+cu121,2.3.0+cu121,8.4.153,raw/main/runs/trt_fp16/yolov8l/bs8__run2__20261002T163535_193173Z__ok.json,throttle sw_power_cap
main,trt_fp16,yolov8l,8,3,640,20261002T181229_299606Z,2026-10-02T18:12:30+00:00,11.05653463397175,11.104952543973923,0.15038309087555152,11.200665589421988,10.319781955331564,11.263356078416109,100,12.209614673629403,11.816034326329827,11.910341121256351,11.193707007914782,1.3820668292464688,364.14990234375,cuda:0,NVIDIA A100-PCIE-40GB,535.288.01,765.0,1335.0,1410.0,43.0,50.0,247.13,13.0,0,0,sw_power_cap,1.0,0.0,,277.09564098296687,1.1879340093582869,True,2.3.1+cu121,2.3.0+cu121,8.4.153,raw/main/runs/trt_fp16/yolov8l/bs8__run3__20261002T181229_299606Z__ok.json,throttle sw_power_cap
main,trt_fp16,yolov8l,8,4,640,20261002T190314_130842Z,2026-10-02T19:03:15+00:00,11.085016750730574,11.104029603302479,0.19972860576488702,11.209640325978398,10.532531887292862,12.645357754081488,100,12.159536075778306,11.811282951384783,11.917996732518077,11.223977841436863,1.3856270938413218,364.14990234375,cuda:0,NVIDIA A100-PCIE-40GB,535.288.01,1410.0,1335.0,1410.0,48.0,53.0,56.49,13.0,0,0,sw_power_cap,1.0,0.0,,277.09564098296687,1.2213839506730437,True,2.3.1+cu121,2.3.0+cu121,8.4.153,raw/main/runs/trt_fp16/yolov8l/bs8__run4__20261002T190314_130842Z__ok.json,throttle sw_power_cap
main,trt_fp16,yolov8l,10,0,640,20261002T145148_671090Z,2026-10-02T14:51:50+00:00,13.924025846645236,13.956814771518111,0.3754441512427764,14.1468305606395,13.028607703745365,17.085712868720293,100,15.129685895517468,14.775848016142845,14.971181354485452,14.133865772746503,1.3924025846645236,449.021484375,cuda:0,NVIDIA A100-PCIE-40GB,535.288.01,765.0,1335.0,1410.0,46.0,53.0,68.74,13.0,0,0,sw_power_cap,1.0,0.0,,298.544699751772,1.2411078633740544,True,2.3.1+cu121,2.3.0+cu121,8.4.153,raw/main/runs/trt_fp16/yolov8l/bs10__run0__20261002T145148_671090Z__ok.json,throttle sw_power_cap
main,trt_fp16,yolov8l,10,1,640,20261002T162914_683411Z,2026-10-02T16:29:16+00:00,13.979183151386678,13.966583414003253,0.1860730924512243,14.209282002411783,13.046774081885815,14.466872438788414,100,15.265347426757216,14.791363384574652,15.17179508227855,14.178586481139064,1.3979183151386678,449.021484375,cuda:0,NVIDIA A100-PCIE-40GB,535.288.01,1410.0,1335.0,1410.0,53.0,57.0,60.74,13.0,0,0,sw_power_cap,1.0,0.0,,298.544699751772,1.2356371046043932,True,2.3.1+cu121,2.3.0+cu121,8.4.153,raw/main/runs/trt_fp16/yolov8l/bs10__run1__20261002T162914_683411Z__ok.json,throttle sw_power_cap
main,trt_fp16,yolov8l,10,2,640,20261002T165722_731007Z,2026-10-02T16:57:24+00:00,13.868107381276786,13.86358868330717,0.15897125222576713,14.02047520969063,13.041601981967688,14.218770898878574,100,15.041645155288279,14.6831797901541,14.83905310742557,14.080426851287484,1.3868107381276786,449.021484375,cuda:0,NVIDIA A100-PCIE-40GB,535.288.01,750.0,1335.0,1410.0,44.0,50.0,249.33,13.0,0,0,sw_power_cap,1.0,0.0,,298.544699751772,1.2006769040599465,True,2.3.1+cu121,2.3.0+cu121,8.4.153,raw/main/runs/trt_fp16/yolov8l/bs10__run2__20261002T165722_731007Z__ok.json,throttle sw_power_cap
main,trt_fp16,yolov8l,10,3,640,20261002T181353_272366Z,2026-10-02T18:13:54+00:00,13.868779642507434,13.940068194642663,0.18378687208870736,14.061663066968322,13.035816606134176,14.19172016903758,100,15.061381692066789,14.767890563234687,14.892746787518263,14.082756568677723,1.3868779642507434,449.021484375,cuda:0,NVIDIA A100-PCIE-40GB,535.288.01,765.0,1350.0,1410.0,45.0,52.0,115.51,13.0,0,0,sw_power_cap,1.0,0.0,,298.544699751772,1.2135708201676607,True,2.3.1+cu121,2.3.0+cu121,8.4.153,raw/main/runs/trt_fp16/yolov8l/bs10__run3__20261002T181353_272366Z__ok.json,throttle sw_power_cap
main,trt_fp16,yolov8l,10,4,640,20261002T184317_483232Z,2026-10-02T18:43:18+00:00,13.939087386243045,13.954038731753826,0.210488332171105,14.213877054862678,12.979727704077959,14.746809843927622,100,15.396547191776335,14.778024749830365,15.090048499405384,14.119397471658885,1.3939087386243045,449.021484375,cuda:0,NVIDIA A100-PCIE-40GB,535.288.01,765.0,1335.0,1410.0,48.0,54.0,252.6,13.0,0,0,sw_power_cap,1.0,0.0,,298.544699751772,1.2041980042122304,True,2.3.1+cu121,2.3.0+cu121,8.4.153,raw/main/runs/trt_fp16/yolov8l/bs10__run4__20261002T184317_483232Z__ok.json,throttle sw_power_cap
main,trt_fp16,yolov8l,12,0,640,20261002T142938_676215Z,2026-10-02T14:29:40+00:00,16.392982536926866,16.43486926332116,0.20437337085607163,16.55943172518164,15.240330714732409,16.821644734591246,100,17.678335276432335,17.365674022585154,17.518591252155602,16.655805590562522,1.3660818780772388,538.8251953125,cuda:0,NVIDIA A100-PCIE-40GB,535.288.01,1410.0,1320.0,1410.0,57.0,61.0,248.38,13.0,0,0,sw_power_cap,1.0,0.0,,299.72076883679256,1.2159315338358283,True,2.3.1+cu121,2.3.0+cu121,8.4.153,raw/main/runs/trt_fp16/yolov8l/bs12__run0__20261002T142938_676215Z__ok.json,throttle sw_power_cap
main,trt_fp16,yolov8l,12,1,640,20261002T153305_012540Z,2026-10-02T15:33:06+00:00,16.2284354865551,16.254362417384982,0.1948236168606351,16.418253746815026,15.017608646303415,16.553751192986965,100,17.53441800363362,17.194043146446347,17.364919488318264,16.4883790910244,1.3523696238795917,538.8251953125,cuda:0,NVIDIA A100-PCIE-40GB,535.288.01,735.0,1320.0,1410.0,47.0,53.0,246.97,13.0,0,0,sw_power_cap,1.0,0.0,,299.72076883679256,1.2260195366106927,True,2.3.1+cu121,2.3.0+cu121,8.4.153,raw/main/runs/trt_fp16/yolov8l/bs12__run1__20261002T153305_012540Z__ok.json,throttle sw_power_cap
main,trt_fp16,yolov8l,12,2,640,20261002T164411_920381Z,2026-10-02T16:44:13+00:00,16.292249052785337,16.339401714503765,0.21652452849333395,16.435291385278106,14.931126963347197,16.73931162804365,100,17.825170368887484,17.2701149713248,17.376100877299905,16.537985769100487,1.3576874210654448,538.8251953125,cuda:0,NVIDIA A100-PCIE-40GB,535.288.01,765.0,1335.0,1410.0,50.0,56.0,57.18,13.0,0,0,sw_power_cap,1.0,0.0,,299.72076883679256,1.2163499919697642,True,2.3.1+cu121,2.3.0+cu121,8.4.153,raw/main/runs/trt_fp16/yolov8l/bs12__run2__20261002T164411_920381Z__ok.json,throttle sw_power_cap
main,trt_fp16,yolov8l,12,3,640,20261002T174715_079823Z,2026-10-02T17:47:16+00:00,16.198717756196856,16.207434935495257,0.1927434794618097,16.42871992662549,15.178840141743422,16.477417666465044,100,17.493575513362885,17.131322994828224,17.355708312243223,16.47671805229038,1.3498931463497381,538.8251953125,cuda:0,NVIDIA A100-PCIE-40GB,535.288.01,765.0,1335.0,1410.0,44.0,51.0,250.71,13.0,0,0,sw_power_cap,1.0,0.0,,299.72076883679256,1.2297473000362515,True,2.3.1+cu121,2.3.0+cu121,8.4.153,raw/main/runs/trt_fp16/yolov8l/bs12__run3__20261002T174715_079823Z__ok.json,throttle sw_power_cap
main,trt_fp16,yolov8l,12,4,640,20261002T191532_479795Z,2026-10-02T19:15:33+00:00,16.20315141044557,16.198655590415,0.2152703644262482,16.480101994238794,15.072130132466555,16.621264163404703,100,17.63301696162671,17.149788793176413,17.526302486658096,16.480306717567146,1.3502626175371308,538.8251953125,cuda:0,NVIDIA A100-PCIE-40GB,535.288.01,420.0,1335.0,1410.0,47.0,53.0,56.18,13.0,0,0,sw_power_cap,1.0,0.0,,299.72076883679256,1.2347245132550597,True,2.3.1+cu121,2.3.0+cu121,8.4.153,raw/main/runs/trt_fp16/yolov8l/bs12__run4__20261002T191532_479795Z__ok.json,throttle sw_power_cap
main,trt_fp16,yolov8l,14,0,640,20261002T145717_632616Z,2026-10-02T14:57:19+00:00,18.955048299394548,18.954144325107336,0.29873341004292026,19.292062614113092,17.584404908120632,19.786131102591753,100,20.425480022095144,20.01071162521839,20.54063689429313,19.141018781811,1.3539320213853248,632.2626953125,cuda:0,NVIDIA A100-PCIE-40GB,535.288.01,1410.0,1335.0,1410.0,53.0,57.0,252.76,13.0,0,0,sw_power_cap,1.0,0.0,,314.67639141716063,1.2096749148331583,True,2.3.1+cu121,2.3.0+cu121,8.4.153,raw/main/runs/trt_fp16/yolov8l/bs14__run0__20261002T145717_632616Z__ok.json,throttle sw_power_cap
main,trt_fp16,yolov8l,14,1,640,20261002T161540_458530Z,2026-10-02T16:15:41+00:00,18.77404543105513,18.767697969451547,0.3044805754068809,19.134013447910547,17.40748481824994,19.770103972405195,100,20.269973021931946,19.81796999461949,20.37132433615625,19.027471817098558,1.3410032450753664,632.2626953125,cuda:0,NVIDIA A100-PCIE-40GB,535.288.01,690.0,1320.0,1410.0,45.0,52.0,248.84,13.0,0,0,sw_power_cap,1.0,0.0,,314.67639141716063,1.2182024288922548,True,2.3.1+cu121,2.3.0+cu121,8.4.153,raw/main/runs/trt_fp16/yolov8l/bs14__run1__20261002T161540_458530Z__ok.json,throttle sw_power_cap
main,trt_fp16,yolov8l,14,2,640,20261002T165543_738388Z,2026-10-02T16:55:45+00:00,18.796894629485905,18.800868885591626,0.2879782904374894,19.12036866415292,17.43072597309947,19.55355703830719,100,20.487799728289247,19.862654386088252,20.38182462565601,19.07973944209516,1.3426353306775647,632.2626953125,cuda:0,NVIDIA A100-PCIE-40GB,535.288.01,555.0,1335.0,1410.0,46.0,53.0,62.42,13.0,0,0,sw_power_cap,1.0,0.0,,314.67639141716063,1.209922076202929,True,2.3.1+cu121,2.3.0+cu121,8.4.153,raw/main/runs/trt_fp16/yolov8l/bs14__run2__20261002T165543_738388Z__ok.json,throttle sw_power_cap
main,trt_fp16,yolov8l,14,3,640,20261002T181853_860190Z,2026-10-02T18:18:55+00:00,18.80330786574632,18.769339891150594,0.31414486210596987,19.246096373535693,17.36991386860609,19.78256180882454,100,20.293965144082904,19.814990926533937,20.312386471778154,19.032971099950373,1.34309341898188,632.2626953125,cuda:0,NVIDIA A100-PCIE-40GB,535.288.01,360.0,1335.0,1410.0,44.0,53.0,238.74,13.0,0,0,sw_power_cap,1.0,0.0,,314.67639141716063,1.2364897760562599,True,2.3.1+cu121,2.3.0+cu121,8.4.153,raw/main/runs/trt_fp16/yolov8l/bs14__run3__20261002T181853_860190Z__ok.json,throttle sw_power_cap
main,trt_fp16,yolov8l,14,4,640,20261002T192707_745439Z,2026-10-02T19:27:09+00:00,18.69278309866786,18.754936987534165,0.24545869748382454,19.100033352151513,17.42043811827898,19.23671830445528,100,20.11471074540168,19.800118869170547,20.163486478850245,18.992560198530555,1.33519879276199,632.2626953125,cuda:0,NVIDIA A100-PCIE-40GB,535.288.01,765.0,1335.0,1410.0,43.0,50.0,246.69,13.0,0,0,sw_power_cap,1.0,0.0,,314.67639141716063,1.2282484038732946,True,2.3.1+cu121,2.3.0+cu121,8.4.153,raw/main/runs/trt_fp16/yolov8l/bs14__run4__20261002T192707_745439Z__ok.json,throttle sw_power_cap
main,trt_fp16,yolov8l,16,0,640,20261002T143626_354204Z,2026-10-02T14:36:27+00:00,20.985172889195383,21.00794273428619,0.30010537273522264,21.328207082115114,19.591120071709156,21.603641100227833,100,22.516026543453336,22.185639943927526,22.590024792589247,21.31844469346106,1.3115733055747114,728.2998046875,cuda:0,NVIDIA A100-PCIE-40GB,535.288.01,540.0,1320.0,1410.0,47.0,54.0,68.58,13.0,0,0,sw_power_cap,1.0,0.0,,316.2077528112568,1.2139658899977803,True,2.3.1+cu121,2.3.0+cu121,8.4.153,raw/main/runs/trt_fp16/yolov8l/bs16__run0__20261002T143626_354204Z__ok.json,throttle sw_power_cap
main,trt_fp16,yolov8l,16,1,640,20261002T161344_526353Z,2026-10-02T16:13:45+00:00,20.954174981452525,20.938463509082794,0.2738673726582357,21.261951932683587,19.803605042397976,21.938129793852568,100,22.481842106208205,22.09149720147252,22.734106401912868,21.28204094711691,1.3096359363407828,728.2998046875,cuda:0,NVIDIA A100-PCIE-40GB,535.288.01,345.0,1320.0,1410.0,44.0,52.0,55.79,13.0,0,0,sw_power_cap,1.0,0.0,,316.2077528112568,1.217563568148762,True,2.3.1+cu121,2.3.0+cu121,8.4.153,raw/main/runs/trt_fp16/yolov8l/bs16__run1__20261002T161344_526353Z__ok.json,throttle sw_power_cap
main,trt_fp16,yolov8l,16,2,640,20261002T170107_172027Z,2026-10-02T17:01:08+00:00,20.98862145561725,20.963120041415095,0.19673859988012798,21.237052674405277,19.996903836727142,21.391733083873987,100,22.510872464627028,22.12160057388246,22.432840173132718,21.329851136542857,1.311788840976078,728.2998046875,cuda:0,NVIDIA A100-PCIE-40GB,535.288.01,765.0,1320.0,1410.0,48.0,55.0,67.2,13.0,0,0,sw_power_cap,1.0,0.0,,316.2077528112568,1.2092071091756225,True,2.3.1+cu121,2.3.0+cu121,8.4.153,raw/main/runs/trt_fp16/yolov8l/bs16__run2__20261002T170107_172027Z__ok.json,throttle sw_power_cap
main,trt_fp16,yolov8l,16,3,640,20261002T183141_139239Z,2026-10-02T18:31:42+00:00,20.944303823634982,20.942214177921414,0.306147602298151,21.27957202028483,19.51515208929777,21.710447035729885,100,22.46083247475326,22.084156051278114,22.430955339223146,21.26885032746941,1.3090189889771864,728.2998046875,cuda:0,NVIDIA A100-PCIE-40GB,535.288.01,765.0,1320.0,1410.0,46.0,54.0,163.91,13.0,0,0,sw_power_cap,1.0,0.0,,316.2077528112568,1.2092136130668223,True,2.3.1+cu121,2.3.0+cu121,8.4.153,raw/main/runs/trt_fp16/yolov8l/bs16__run3__20261002T183141_139239Z__ok.json,throttle sw_power_cap
main,trt_fp16,yolov8l,16,4,640,20261002T185556_312214Z,2026-10-02T18:55:57+00:00,20.931121059693396,20.966712152585387,0.2733212364283278,21.26083371695131,19.40994430333376,21.362700033932924,100,22.462549470365047,22.136242827400565,22.448829049244523,21.274875700473785,1.3081950662308373,728.2998046875,cuda:0,NVIDIA A100-PCIE-40GB,535.288.01,435.0,1365.0,1410.0,45.0,52.0,246.62,13.0,0,0,sw_power_cap,1.0,0.0,,316.2077528112568,1.2081901831552386,True,2.3.1+cu121,2.3.0+cu121,8.4.153,raw/main/runs/trt_fp16/yolov8l/bs16__run4__20261002T185556_312214Z__ok.json,throttle sw_power_cap
main,trt_fp16,yolov8l,18,0,640,20261002T152153_874389Z,2026-10-02T15:21:55+00:00,23.77595372032374,23.796413326635957,0.18912686756209154,24.063438549637794,23.381765000522137,24.351354222744703,100,25.408834666013718,25.06128209643066,25.359760061837733,24.128495939075947,1.3208863177957635,808.23779296875,cuda:0,NVIDIA A100-PCIE-40GB,535.288.01,360.0,1320.0,1410.0,51.0,57.0,58.29,13.0,0,0,sw_power_cap,1.0,0.0,,334.29747054493055,1.2151561570353806,True,2.3.1+cu121,2.3.0+cu121,8.4.153,raw/main/runs/trt_fp16/yolov8l/bs18__run0__20261002T152153_874389Z__ok.json,throttle sw_power_cap
main,trt_fp16,yolov8l,18,1,640,20261002T162111_663154Z,2026-10-02T16:21:13+00:00,23.69523103814572,23.707641987130046,0.2965365847008235,23.961839196272194,22.091994062066078,24.738166946917772,100,25.539697213098407,24.963417556136847,25.233128247782588,24.037094237282872,1.316401724341429,808.23779296875,cuda:0,NVIDIA A100-PCIE-40GB,535.288.01,765.0,1335.0,1410.0,47.0,55.0,245.45,13.0,0,0,sw_power_cap,1.0,0.0,,334.29747054493055,1.195411290973425,True,2.3.1+cu121,2.3.0+cu121,8.4.153,raw/main/runs/trt_fp16/yolov8l/bs18__run1__20261002T162111_663154Z__ok.json,throttle sw_power_cap
main,trt_fp16,yolov8l,18,2,640,20261002T164439_231332Z,2026-10-02T16:44:40+00:00,23.60453091096133,23.588158655911684,0.31316638574905276,23.98764928802848,22.06487115472555,24.63509514927864,100,25.269060074351728,24.861376732587814,25.398678751662374,24.00168530177325,1.3113628283867405,808.23779296875,cuda:0,NVIDIA A100-PCIE-40GB,535.288.01,765.0,1335.0,1410.0,45.0,52.0,115.04,13.0,0,0,sw_power_cap,1.0,0.0,,334.29747054493055,1.211113205179572,True,2.3.1+cu121,2.3.0+cu121,8.4.153,raw/main/runs/trt_fp16/yolov8l/bs18__run2__20261002T164439_231332Z__ok.json,throttle sw_power_cap
main,trt_fp16,yolov8l,18,3,640,20261002T174949_944506Z,2026-10-02T17:49:51+00:00,23.627088647335768,23.584960959851742,0.31467185314617896,24.0065548568964,21.90462127327919,24.481968954205513,100,25.490020005963743,24.852524744346738,25.50380597822368,24.031617823056877,1.3126160359630983,808.23779296875,cuda:0,NVIDIA A100-PCIE-40GB,535.288.01,765.0,1335.0,1410.0,46.0,53.0,245.7,13.0,0,0,sw_power_cap,1.0,0.0,,334.29747054493055,1.2215846278704703,True,2.3.1+cu121,2.3.0+cu121,8.4.153,raw/main/runs/trt_fp16/yolov8l/bs18__run3__20261002T174949_944506Z__ok.json,throttle sw_power_cap
main,trt_fp16,yolov8l,18,4,640,20261002T184153_773266Z,2026-10-02T18:41:55+00:00,23.728326479904354,23.783714044839144,0.3000555341033806,24.01069439947605,22.060323040932417,24.346514139324427,100,25.452013737522066,25.055869249626994,25.2914369571954,24.1900573996827,1.3182403599946864,808.23779296875,cuda:0,NVIDIA A100-PCIE-40GB,535.288.01,1410.0,1320.0,1410.0,53.0,58.0,245.68,13.0,0,0,sw_power_cap,1.0,0.0,,334.29747054493055,1.2008717781864107,True,2.3.1+cu121,2.3.0+cu121,8.4.153,raw/main/runs/trt_fp16/yolov8l/bs18__run4__20261002T184153_773266Z__ok.json,throttle sw_power_cap
main,trt_fp16,yolov8l,20,0,640,20261002T142652_105678Z,2026-10-02T14:26:53+00:00,26.14190171007067,26.12900105305016,0.33814781528763516,26.577859465032816,24.179240223020315,26.905394159257412,100,27.912636599503458,27.493353001773357,27.98907987307757,26.55397194903344,1.3070950855035335,901.45849609375,cuda:0,NVIDIA A100-PCIE-40GB,535.288.01,420.0,1320.0,1410.0,48.0,55.0,56.1,13.0,0,0,sw_power_cap,1.0,0.0,,342.51275690831244,1.2005169317126274,True,2.3.1+cu121,2.3.0+cu121,8.4.153,raw/main/runs/trt_fp16/yolov8l/bs20__run0__20261002T142652_105678Z__ok.json,throttle sw_power_cap
main,trt_fp16,yolov8l,20,1,640,20261002T153713_613783Z,2026-10-02T15:37:15+00:00,26.024451311677694,26.039595482870936,0.2815617895945367,26.21354127768427,24.233891163021326,26.50951687246561,100,27.79702573083341,27.432139962911606,27.670918684452772,26.435430822893977,1.3012225655838847,901.45849609375,cuda:0,NVIDIA A100-PCIE-40GB,535.288.01,330.0,1320.0,1410.0,42.0,51.0,76.7,13.0,0,0,sw_power_cap,1.0,0.0,,342.51275690831244,1.2178227757103741,True,2.3.1+cu121,2.3.0+cu121,8.4.153,raw/main/runs/trt_fp16/yolov8l/bs20__run1__20261002T153713_613783Z__ok.json,throttle sw_power_cap
main,trt_fp16,yolov8l,20,2,640,20261002T163439_159882Z,2026-10-02T16:34:40+00:00,26.03145133703947,26.028788881376386,0.3287369222118922,26.324368314817548,24.102716706693172,26.777807157486677,100,27.81231579836458,27.409837348386645,27.835928997956216,26.4292197721079,1.3015725668519735,901.45849609375,cuda:0,NVIDIA A100-PCIE-40GB,535.288.01,765.0,1350.0,1410.0,43.0,51.0,251.86,13.0,0,0,sw_power_cap,1.0,0.0,,342.51275690831244,1.2173209553584456,True,2.3.1+cu121,2.3.0+cu121,8.4.153,raw/main/runs/trt_fp16/yolov8l/bs20__run2__20261002T163439_159882Z__ok.json,throttle sw_power_cap
main,trt_fp16,yolov8l,20,3,640,20261002T182453_650004Z,2026-10-02T18:24:54+00:00,26.063129915855825,26.03065292350948,0.35152989865749346,26.46329195704311,24.153713136911392,27.094360906630754,100,27.959451493807137,27.40773744881153,28.00295117776841,26.522334991022944,1.3031564957927912,901.45849609375,cuda:0,NVIDIA A100-PCIE-40GB,535.288.01,1410.0,1320.0,1410.0,48.0,54.0,240.07,13.0,0,0,sw_power_cap,1.0,0.0,,342.51275690831244,1.2158481287769973,True,2.3.1+cu121,2.3.0+cu121,8.4.153,raw/main/runs/trt_fp16/yolov8l/bs20__run3__20261002T182453_650004Z__ok.json,throttle sw_power_cap
main,trt_fp16,yolov8l,20,4,640,20261002T184701_641842Z,2026-10-02T18:47:03+00:00,26.02834633551538,26.025540893897414,0.32722779612219155,26.400735159404576,24.166224990040064,26.804089080542326,100,27.79247575905174,27.40044053643942,27.777399914339185,26.420169258490205,1.301417316775769,901.45849609375,cuda:0,NVIDIA A100-PCIE-40GB,535.288.01,765.0,1320.0,1410.0,42.0,50.0,61.72,13.0,0,0,sw_power_cap,1.0,0.0,,342.51275690831244,1.1946897180750966,True,2.3.1+cu121,2.3.0+cu121,8.4.153,raw/main/runs/trt_fp16/yolov8l/bs20__run4__20261002T184701_641842Z__ok.json,throttle sw_power_cap
main,trt_fp16,yolov8l,22,0,640,20261002T143710_767415Z,2026-10-02T14:37:12+00:00,28.80131564103067,28.81768625229597,0.3384750706841286,29.129475401714444,26.60248801112175,29.481071047484875,100,30.688244537450373,30.304473359137774,30.635576881468296,29.210685063153505,1.3091507109559395,996.41259765625,cuda:0,NVIDIA A100-PCIE-40GB,535.288.01,765.0,1320.0,1410.0,45.0,53.0,55.4,13.0,0,0,sw_power_cap,1.0,0.0,,353.1979823471047,1.201686143875122,True,2.3.1+cu121,2.3.0+cu121,8.4.153,raw/main/runs/trt_fp16/yolov8l/bs22__run0__20261002T143710_767415Z__ok.json,throttle sw_power_cap
main,trt_fp16,yolov8l,22,1,640,20261002T153744_264538Z,2026-10-02T15:37:45+00:00,28.78712985664606,28.78397167660296,0.33717233675498637,29.137690737843513,26.806009002029896,29.28680879995227,100,30.681503443047404,30.269638169556856,30.63544542528689,29.189441637136042,1.308505902574821,996.41259765625,cuda:0,NVIDIA A100-PCIE-40GB,535.288.01,1410.0,1335.0,1410.0,46.0,53.0,246.19,13.0,0,0,sw_power_cap,1.0,0.0,,353.1979823471047,1.199913026764989,True,2.3.1+cu121,2.3.0+cu121,8.4.153,raw/main/runs/trt_fp16/yolov8l/bs22__run1__20261002T153744_264538Z__ok.json,throttle sw_power_cap
main,trt_fp16,yolov8l,22,2,640,20261002T171113_610569Z,2026-10-02T17:11:14+00:00,28.72031480073929,28.748180018737912,0.3211392927303538,29.108759993687272,26.75080904737115,29.443913139402866,100,30.573888514190912,30.223466455936432,30.617400025948882,29.20901345089078,1.3054688545790585,996.41259765625,cuda:0,NVIDIA A100-PCIE-40GB,535.288.01,765.0,1350.0,1410.0,45.0,52.0,202.49,13.0,0,0,sw_power_cap,1.0,0.0,,353.1979823471047,1.2198657379485667,True,2.3.1+cu121,2.3.0+cu121,8.4.153,raw/main/runs/trt_fp16/yolov8l/bs22__run2__20261002T171113_610569Z__ok.json,throttle sw_power_cap
main,trt_fp16,yolov8l,22,3,640,20261002T175318_288704Z,2026-10-02T17:53:19+00:00,28.67239035665989,28.676366433501244,0.33632431799522305,29.143274971283972,26.69187681749463,29.359007254242897,100,30.557555984705687,30.16201383434236,30.79485173802823,29.10838251002133,1.3032904707572677,996.41259765625,cuda:0,NVIDIA A100-PCIE-40GB,535.288.01,465.0,1320.0,1410.0,40.0,49.0,71.24,13.0,0,0,sw_power_cap,1.0,0.0,,353.1979823471047,1.218279484193772,True,2.3.1+cu121,2.3.0+cu121,8.4.153,raw/main/runs/trt_fp16/yolov8l/bs22__run3__20261002T175318_288704Z__ok.json,throttle sw_power_cap
main,trt_fp16,yolov8l,22,4,640,20261002T192405_426667Z,2026-10-02T19:24:06+00:00,28.720423127524555,28.735136380419135,0.3330788812499432,29.1415813844651,26.68714802712202,29.599952045828104,100,30.595818455331028,30.22096399217844,30.641946219839156,29.146273899823427,1.3054737785238435,996.41259765625,cuda:0,NVIDIA A100-PCIE-40GB,535.288.01,645.0,1320.0,1410.0,44.0,52.0,57.87,13.0,0,0,sw_power_cap,1.0,0.0,,353.1979823471047,1.204810384195298,True,2.3.1+cu121,2.3.0+cu121,8.4.153,raw/main/runs/trt_fp16/yolov8l/bs22__run4__20261002T192405_426667Z__ok.json,throttle sw_power_cap
main,trt_fp16,yolov8l,24,0,640,20261002T151239_371184Z,2026-10-02T15:12:40+00:00,30.91361542697996,30.923306243494153,0.36366399525419857,31.446707900613546,28.834735043346882,31.847975216805935,100,32.90249680168927,32.54126291722059,33.069043536670506,31.469023977406323,1.2880673094574984,1077.64892578125,cuda:0,NVIDIA A100-PCIE-40GB,535.288.01,390.0,1305.0,1410.0,45.0,54.0,58.68,13.0,0,0,sw_power_cap,1.0,0.0,,354.5279799210839,1.2278813272714615,True,2.3.1+cu121,2.3.0+cu121,8.4.153,raw/main/runs/trt_fp16/yolov8l/bs24__run0__20261002T151239_371184Z__ok.json,throttle sw_power_cap
main,trt_fp16,yolov8l,24,1,640,20261002T161143_011444Z,2026-10-02T16:11:44+00:00,30.877953423187137,30.90343251824379,0.38434652312071993,31.337469327263534,28.433885890990496,31.728054862469435,100,32.86392682231963,32.51180145889521,33.04627418983728,31.403940850868818,1.2865813926327974,1077.64892578125,cuda:0,NVIDIA A100-PCIE-40GB,535.288.01,765.0,1365.0,1410.0,44.0,52.0,243.84,13.0,0,0,sw_power_cap,1.0,0.0,,354.5279799210839,1.2284355135634542,True,2.3.1+cu121,2.3.0+cu121,8.4.153,raw/main/runs/trt_fp16/yolov8l/bs24__run1__20261002T161143_011444Z__ok.json,throttle sw_power_cap
main,trt_fp16,yolov8l,24,2,640,20261002T163413_670815Z,2026-10-02T16:34:15+00:00,30.86139847524464,30.909195775166154,0.390923961285759,31.32644339930266,28.552770148962736,31.851170118898153,100,32.84592225216329,32.51606458798051,33.03301588166505,31.41654287930578,1.2858916031351935,1077.64892578125,cuda:0,NVIDIA A100-PCIE-40GB,535.288.01,390.0,1305.0,1410.0,43.0,52.0,246.94,13.0,0,0,sw_power_cap,1.0,0.0,,354.5279799210839,1.1942864321172237,True,2.3.1+cu121,2.3.0+cu121,8.4.153,raw/main/runs/trt_fp16/yolov8l/bs24__run2__20261002T163413_670815Z__ok.json,throttle sw_power_cap
main,trt_fp16,yolov8l,24,3,640,20261002T180813_097229Z,2026-10-02T18:08:14+00:00,30.89679813478142,30.916365096345544,0.3673595685572272,31.34335782378912,28.89591595157981,31.822477001696825,100,32.88792862556875,32.514961902052164,32.99727833364159,31.44757928326726,1.2873665889492258,1077.64892578125,cuda:0,NVIDIA A100-PCIE-40GB,535.288.01,765.0,1320.0,1410.0,44.0,52.0,54.89,13.0,0,0,sw_power_cap,1.0,0.0,,354.5279799210839,1.2240928490646183,True,2.3.1+cu121,2.3.0+cu121,8.4.153,raw/main/runs/trt_fp16/yolov8l/bs24__run3__20261002T180813_097229Z__ok.json,throttle sw_power_cap
main,trt_fp16,yolov8l,24,4,640,20261002T191922_122688Z,2026-10-02T19:19:23+00:00,31.061618220992386,31.03656880557537,0.308866263836547,31.455743056721985,29.38626194372773,31.991496682167053,100,33.15937094390392,32.64265554025769,33.276190678589046,31.59013733267784,1.2942340925413494,1077.64892578125,cuda:0,NVIDIA A100-PCIE-40GB,535.288.01,1410.0,1350.0,1410.0,52.0,57.0,59.58,13.0,0,0,sw_power_cap,1.0,0.0,,354.5279799210839,1.1981203998439014,True,2.3.1+cu121,2.3.0+cu121,8.4.153,raw/main/runs/trt_fp16/yolov8l/bs24__run4__20261002T191922_122688Z__ok.json,throttle sw_power_cap
main,trt_fp16,yolov8l,26,0,640,20261002T151033_398186Z,2026-10-02T15:10:34+00:00,33.7229716591537,33.66738883778453,0.4630393021066162,34.249372920021415,31.40817303210497,34.887583926320076,100,35.92783236410469,35.395029466599226,35.969571536406875,34.37296468298882,1.2970373715059116,1169.49609375,cuda:0,NVIDIA A100-PCIE-40GB,535.288.01,450.0,1320.0,1410.0,51.0,57.0,240.32,13.0,0,0,sw_power_cap,1.0,0.0,,377.51484553609043,1.2009723782539368,True,2.3.1+cu121,2.3.0+cu121,8.4.153,raw/main/runs/trt_fp16/yolov8l/bs26__run0__20261002T151033_398186Z__ok.json,throttle sw_power_cap
main,trt_fp16,yolov8l,26,1,640,20261002T155610_865163Z,2026-10-02T15:56:12+00:00,33.688395861536264,33.66889199241996,0.4239652937357492,34.2386917443946,31.364817637950182,34.80929182842374,100,35.83716325927526,35.38718423806131,35.99712415598333,34.28091736976057,1.2957075331360102,1169.49609375,cuda:0,NVIDIA A100-PCIE-40GB,535.288.01,540.0,1305.0,1410.0,49.0,56.0,206.34,13.0,0,0,sw_power_cap,1.0,0.0,,377.51484553609043,1.2319668950513005,True,2.3.1+cu121,2.3.0+cu121,8.4.153,raw/main/runs/trt_fp16/yolov8l/bs26__run1__20261002T155610_865163Z__ok.json,throttle sw_power_cap
main,trt_fp16,yolov8l,26,2,640,20261002T172852_493441Z,2026-10-02T17:28:53+00:00,33.58599544502795,33.62527606077492,0.5281249979579232,34.25869299098849,31.208102125674486,35.76570702716708,100,35.79091695602983,35.368273267522454,36.0626487294212,34.13333084899932,1.291769055577998,1169.49609375,cuda:0,NVIDIA A100-PCIE-40GB,535.288.01,765.0,1320.0,1410.0,45.0,54.0,65.31,13.0,0,0,sw_power_cap,1.0,0.0,,377.51484553609043,1.192281004972756,True,2.3.1+cu121,2.3.0+cu121,8.4.153,raw/main/runs/trt_fp16/yolov8l/bs26__run2__20261002T172852_493441Z__ok.json,throttle sw_power_cap
main,trt_fp16,yolov8l,26,3,640,20261002T180236_866911Z,2026-10-02T18:02:38+00:00,33.688298971392214,33.68940902873874,0.40168243063435805,34.26226375158876,30.885137151926756,34.7141339443624,100,35.863882061094046,35.414844984188676,35.99937064573169,34.25162761937827,1.2957038065920083,1169.49609375,cuda:0,NVIDIA A100-PCIE-40GB,535.288.01,765.0,1320.0,1410.0,48.0,56.0,240.13,13.0,0,0,sw_power_cap,1.0,0.0,,377.51484553609043,1.2233285349793732,True,2.3.1+cu121,2.3.0+cu121,8.4.153,raw/main/runs/trt_fp16/yolov8l/bs26__run3__20261002T180236_866911Z__ok.json,throttle sw_power_cap
main,trt_fp16,yolov8l,26,4,640,20261002T192226_870358Z,2026-10-02T19:22:28+00:00,33.849948733113706,33.87006348930299,0.417436647725401,34.37646965030581,31.242115888744593,34.65069783851504,100,36.06655127834529,35.59387940913439,36.17839007638395,34.43690705113113,1.301921105119758,1169.49609375,cuda:0,NVIDIA A100-PCIE-40GB,535.288.01,1410.0,1320.0,1410.0,55.0,60.0,109.68,13.0,0,0,sw_power_cap,1.0,0.0,,377.51484553609043,1.195432412903756,True,2.3.1+cu121,2.3.0+cu121,8.4.153,raw/main/runs/trt_fp16/yolov8l/bs26__run4__20261002T192226_870358Z__ok.json,throttle sw_power_cap
main,trt_fp16,yolov8l,28,0,640,20261002T145753_161957Z,2026-10-02T14:57:54+00:00,35.839663837105036,35.86784331128001,0.5205786736801463,36.5691889077425,33.03130902349949,36.63305286318064,100,38.11672345735133,37.719023413956165,38.38908930774778,36.42238094005734,1.2799879941823227,1264.525390625,cuda:0,NVIDIA A100-PCIE-40GB,535.288.01,435.0,1320.0,1410.0,47.0,56.0,241.2,13.0,0,0,sw_power_cap,1.0,0.0,,381.96898271515965,1.2331499392166734,True,2.3.1+cu121,2.3.0+cu121,8.4.153,raw/main/runs/trt_fp16/yolov8l/bs28__run0__20261002T145753_161957Z__ok.json,throttle sw_power_cap
main,trt_fp16,yolov8l,28,1,640,20261002T162643_444778Z,2026-10-02T16:26:44+00:00,35.567413750104606,35.5022584553808,0.46729736319785936,36.12340153194964,32.657021190971136,36.27739194780588,100,37.75526507291943,37.35817177221179,38.031434710137546,36.22052143327892,1.2702647767894502,1264.525390625,cuda:0,NVIDIA A100-PCIE-40GB,535.288.01,705.0,1320.0,1410.0,42.0,50.0,235.87,13.0,0,0,sw_power_cap,1.0,0.0,,381.96898271515965,1.2451959121972322,True,2.3.1+cu121,2.3.0+cu121,8.4.153,raw/main/runs/trt_fp16/yolov8l/bs28__run1__20261002T162643_444778Z__ok.json,throttle sw_power_cap
main,trt_fp16,yolov8l,28,2,640,20261002T170245_621661Z,2026-10-02T17:02:46+00:00,35.688735051080585,35.71365284733474,0.5723518293860292,36.577204312197864,32.98408631235361,37.25646389648318,100,37.94060525484383,37.509309593588114,38.37791853584349,36.34516495279968,1.274597680395735,1264.525390625,cuda:0,NVIDIA A100-PCIE-40GB,535.288.01,690.0,1275.0,1410.0,44.0,52.0,243.48,13.0,0,0,sw_power_cap,1.0,0.0,,381.96898271515965,1.2264827229082584,True,2.3.1+cu121,2.3.0+cu121,8.4.153,raw/main/runs/trt_fp16/yolov8l/bs28__run2__20261002T170245_621661Z__ok.json,throttle sw_power_cap
main,trt_fp16,yolov8l,28,3,640,20261002T174526_761037Z,2026-10-02T17:45:28+00:00,35.6605681264773,35.806452855467796,0.4581433429682074,36.143292183987796,33.45770901069045,36.78724588826299,100,37.83512773923576,37.60854876600206,37.963886046782136,36.282679992727935,1.2735917188027608,1264.525390625,cuda:0,NVIDIA A100-PCIE-40GB,535.288.01,765.0,1350.0,1410.0,43.0,52.0,246.34,13.0,0,0,sw_power_cap,1.0,0.0,,381.96898271515965,1.21850545424968,True,2.3.1+cu121,2.3.0+cu121,8.4.153,raw/main/runs/trt_fp16/yolov8l/bs28__run3__20261002T174526_761037Z__ok.json,throttle sw_power_cap
main,trt_fp16,yolov8l,28,4,640,20261002T192814_005987Z,2026-10-02T19:28:15+00:00,35.759985256008804,35.829809959977865,0.557766344625969,36.52951393742114,32.729017082601786,36.83390002697706,100,38.119534477591515,37.631198996677995,38.33991021383554,36.43844034988433,1.277142330571743,1264.525390625,cuda:0,NVIDIA A100-PCIE-40GB,535.288.01,765.0,1335.0,1410.0,47.0,55.0,56.88,13.0,0,0,sw_power_cap,1.0,0.0,,381.96898271515965,1.234442980028689,True,2.3.1+cu121,2.3.0+cu121,8.4.153,raw/main/runs/trt_fp16/yolov8l/bs28__run4__20261002T192814_005987Z__ok.json,throttle sw_power_cap
main,trt_fp16,yolov8l,30,0,640,20261002T151658_910570Z,2026-10-02T15:17:00+00:00,37.57327810395509,37.81501390039921,0.5447372697193218,38.11100346501917,34.12656392902136,38.99278724566102,100,39.84747171867639,39.71796575933695,40.0246832286939,38.08621725998819,1.2524426034651697,1347.0615234375,cuda:0,NVIDIA A100-PCIE-40GB,535.288.01,765.0,1350.0,1410.0,45.0,53.0,87.34,13.0,0,0,sw_power_cap,1.0,0.0,,393.0748194726184,1.2330758278258145,True,2.3.1+cu121,2.3.0+cu121,8.4.153,raw/main/runs/trt_fp16/yolov8l/bs30__run0__20261002T151658_910570Z__ok.json,throttle sw_power_cap
main,trt_fp16,yolov8l,30,1,640,20261002T154753_202896Z,2026-10-02T15:47:54+00:00,37.41223397664726,37.402753019705415,0.625025650655083,38.12590267043561,34.35945697128773,39.635772816836834,100,39.851398058235645,39.37784256413579,40.05198460072279,38.03481439128518,1.247074465888242,1347.0615234375,cuda:0,NVIDIA A100-PCIE-40GB,535.288.01,600.0,1320.0,1410.0,42.0,51.0,193.58,13.0,0,0,sw_power_cap,1.0,0.0,,393.0748194726184,1.2571103069931269,True,2.3.1+cu121,2.3.0+cu121,8.4.153,raw/main/runs/trt_fp16/yolov8l/bs30__run1__20261002T154753_202896Z__ok.json,throttle sw_power_cap
main,trt_fp16,yolov8l,30,2,640,20261002T163545_080779Z,2026-10-02T16:35:46+00:00,37.56308084819466,37.6832562033087,0.5775846797576326,38.130622170865536,33.98582432419062,39.32662773877382,100,40.002658776938915,39.60882965475321,40.06297218147665,38.105516699142754,1.252102694939822,1347.0615234375,cuda:0,NVIDIA A100-PCIE-40GB,535.288.01,765.0,1335.0,1410.0,45.0,53.0,248.54,13.0,0,0,sw_power_cap,1.0,0.0,,393.0748194726184,1.2233882560394704,True,2.3.1+cu121,2.3.0+cu121,8.4.153,raw/main/runs/trt_fp16/yolov8l/bs30__run2__20261002T163545_080779Z__ok.json,throttle sw_power_cap
main,trt_fp16,yolov8l,30,3,640,20261002T180604_599890Z,2026-10-02T18:06:05+00:00,37.39354242105037,37.432992132380605,0.6143019020931838,38.14654387533665,34.23549793660641,38.674155715852976,100,39.70157460775226,39.38176645897329,40.04662781953812,37.98888483084738,1.2464514140350123,1347.0615234375,cuda:0,NVIDIA A100-PCIE-40GB,535.288.01,540.0,1320.0,1410.0,40.0,50.0,253.07,13.0,0,0,sw_power_cap,1.0,0.0,,393.0748194726184,1.2108480669558048,True,2.3.1+cu121,2.3.0+cu121,8.4.153,raw/main/runs/trt_fp16/yolov8l/bs30__run3__20261002T180604_599890Z__ok.json,throttle sw_power_cap
main,trt_fp16,yolov8l,30,4,640,20261002T190717_072391Z,2026-10-02T19:07:18+00:00,37.68175541423261,37.81600249931216,0.5846109903017542,38.54391167405993,35.31151590868831,39.27017888054252,100,40.263729761354625,39.76156865246594,40.50699416548014,38.169283219613135,1.2560585138077538,1347.0615234375,cuda:0,NVIDIA A100-PCIE-40GB,535.288.01,510.0,1305.0,1410.0,47.0,54.0,259.69,13.0,0,0,sw_power_cap,1.0,0.0,,393.0748194726184,1.2321212929673493,True,2.3.1+cu121,2.3.0+cu121,8.4.153,raw/main/runs/trt_fp16/yolov8l/bs30__run4__20261002T190717_072391Z__ok.json,throttle sw_power_cap
main,trt_fp16,yolov8l,32,0,640,20261002T150554_667681Z,2026-10-02T15:05:56+00:00,39.8648017924279,39.76284060627222,0.5654746602257483,40.68203247152269,36.45893186330795,40.704306680709124,100,42.36151425167918,41.824515676125884,42.73356816265732,40.398746212013066,1.2457750560133718,1437.798828125,cuda:0,NVIDIA A100-PCIE-40GB,535.288.01,345.0,1335.0,1410.0,45.0,55.0,252.07,13.0,0,0,sw_power_cap,1.0,0.0,,399.4075074181892,1.2535759788006544,True,2.3.1+cu121,2.3.0+cu121,8.4.153,raw/main/runs/trt_fp16/yolov8l/bs32__run0__20261002T150554_667681Z__ok.json,throttle sw_power_cap
main,trt_fp16,yolov8l,32,1,640,20261002T160312_085905Z,2026-10-02T16:03:13+00:00,39.801320186816156,39.736172650009394,0.5236996293918951,40.45159516390413,36.831106059253216,40.910663083195686,100,42.2021549474448,41.77348013035953,42.594348546117544,40.4666183097288,1.2437912558380049,1437.798828125,cuda:0,NVIDIA A100-PCIE-40GB,535.288.01,465.0,1305.0,1410.0,43.0,53.0,260.68,13.0,0,0,sw_power_cap,1.0,0.0,,399.4075074181892,1.2230325238779187,True,2.3.1+cu121,2.3.0+cu121,8.4.153,raw/main/runs/trt_fp16/yolov8l/bs32__run1__20261002T160312_085905Z__ok.json,throttle sw_power_cap
main,trt_fp16,yolov8l,32,2,640,20261002T164638_528395Z,2026-10-02T16:46:39+00:00,40.13790930621326,40.12036160565913,0.5907006988792932,40.92205052729696,36.710213869810104,41.67083976790309,100,42.67844289075583,42.14277653954923,42.96250818297267,40.76875588390976,1.2543096658191644,1437.798828125,cuda:0,NVIDIA A100-PCIE-40GB,535.288.01,720.0,1305.0,1410.0,51.0,58.0,72.55,13.0,0,0,sw_power_cap,1.0,0.0,,399.4075074181892,1.2594400490634143,True,2.3.1+cu121,2.3.0+cu121,8.4.153,raw/main/runs/trt_fp16/yolov8l/bs32__run2__20261002T164638_528395Z__ok.json,throttle sw_power_cap
main,trt_fp16,yolov8l,32,3,640,20261002T175415_278710Z,2026-10-02T17:54:16+00:00,39.86230591312051,39.81452388688922,0.5835638837471796,40.62458041589707,36.5624763071537,40.75853805989027,100,42.32234709896147,41.9190947432071,42.78643459547311,40.41537626646459,1.2456970597850159,1437.798828125,cuda:0,NVIDIA A100-PCIE-40GB,535.288.01,450.0,1290.0,1410.0,44.0,53.0,94.58,13.0,0,0,sw_power_cap,1.0,0.0,,399.4075074181892,1.2496387078426778,True,2.3.1+cu121,2.3.0+cu121,8.4.153,raw/main/runs/trt_fp16/yolov8l/bs32__run3__20261002T175415_278710Z__ok.json,throttle sw_power_cap
main,trt_fp16,yolov8l,32,4,640,20261002T192933_361757Z,2026-10-02T19:29:34+00:00,39.92264809086919,39.86397897824645,0.578612272504976,40.68523400928825,36.1493150703609,40.837673004716635,100,42.560800104402006,41.89712996594608,42.72725284099579,40.501131881028414,1.2475827528396621,1437.798828125,cuda:0,NVIDIA A100-PCIE-40GB,535.288.01,540.0,1305.0,1410.0,47.0,55.0,256.4,13.0,0,0,sw_power_cap,1.0,0.0,,399.4075074181892,1.2355368011631072,True,2.3.1+cu121,2.3.0+cu121,8.4.153,raw/main/runs/trt_fp16/yolov8l/bs32__run4__20261002T192933_361757Z__ok.json,throttle sw_power_cap
main,trt_fp16,yolov8l,40,0,640,20261002T152742_958899Z,2026-10-02T15:27:44+00:00,50.44974782504141,50.552204018458724,0.6119994781305539,51.15710541140288,46.273678075522184,51.897570956498384,100,53.42731276527047,53.05435531772673,53.661157097667456,51.347054690122604,1.2612436956260353,1424.74951171875,cuda:0,NVIDIA A100-PCIE-40GB,535.288.01,600.0,1305.0,1410.0,45.0,54.0,244.66,13.0,0,0,sw_power_cap,1.0,0.0,,443.6673103356734,1.2382989469915628,True,2.3.1+cu121,2.3.0+cu121,8.4.153,raw/main/runs/trt_fp16/yolov8l/bs40__run0__20261002T152742_958899Z__ok.json,throttle sw_power_cap
main,trt_fp16,yolov8l,40,1,640,20261002T160818_576706Z,2026-10-02T16:08:19+00:00,50.39462288841605,50.41431379504502,0.4190025333194933,50.93896852340549,48.787505365908146,52.009851671755314,100,53.2872823998332,52.92281601577997,53.48670317325741,51.2850567093119,1.2598655722104013,1424.74951171875,cuda:0,NVIDIA A100-PCIE-40GB,535.288.01,765.0,1290.0,1410.0,42.0,53.0,170.6,13.0,0,0,sw_power_cap,1.0,0.0,,443.6673103356734,1.2559872837737203,True,2.3.1+cu121,2.3.0+cu121,8.4.153,raw/main/runs/trt_fp16/yolov8l/bs40__run1__20261002T160818_576706Z__ok.json,throttle sw_power_cap
main,trt_fp16,yolov8l,40,2,640,20261002T170047_712944Z,2026-10-02T17:00:49+00:00,50.52002735901624,50.545609556138515,0.542251462491594,51.22132047545165,46.48385662585497,51.731850020587444,100,53.46090017352253,52.98647889867425,53.712090849876404,51.38231274206191,1.263000683975406,1424.74951171875,cuda:0,NVIDIA A100-PCIE-40GB,535.288.01,450.0,1305.0,1410.0,46.0,55.0,252.09,13.0,0,0,sw_power_cap,1.0,0.0,,443.6673103356734,1.2403640109114349,True,2.3.1+cu121,2.3.0+cu121,8.4.153,raw/main/runs/trt_fp16/yolov8l/bs40__run2__20261002T170047_712944Z__ok.json,throttle sw_power_cap
main,trt_fp16,yolov8l,40,3,640,20261002T183204_069122Z,2026-10-02T18:32:05+00:00,50.43789387214929,50.461992621421814,0.5053643369919542,51.039659162051976,46.6718846000731,51.17519525811076,100,53.344888356514275,52.96244635246694,53.602318465709686,51.31857207044959,1.2609473468037322,1424.74951171875,cuda:0,NVIDIA A100-PCIE-40GB,535.288.01,450.0,1335.0,1410.0,45.0,54.0,57.17,13.0,0,0,sw_power_cap,1.0,0.0,,443.6673103356734,1.2185856462456286,True,2.3.1+cu121,2.3.0+cu121,8.4.153,raw/main/runs/trt_fp16/yolov8l/bs40__run3__20261002T183204_069122Z__ok.json,throttle sw_power_cap
main,trt_fp16,yolov8l,40,4,640,20261002T185218_199317Z,2026-10-02T18:52:19+00:00,50.50598411820829,50.486018881201744,0.5629647410110491,51.34382059331983,46.722629107534885,51.67786404490471,100,53.37378959171474,53.01559413783252,53.852094151079655,51.37517788913101,1.2626496029552072,1424.74951171875,cuda:0,NVIDIA A100-PCIE-40GB,535.288.01,450.0,1320.0,1410.0,46.0,56.0,249.33,13.0,0,0,sw_power_cap,1.0,0.0,,443.6673103356734,1.205342338886112,True,2.3.1+cu121,2.3.0+cu121,8.4.153,raw/main/runs/trt_fp16/yolov8l/bs40__run4__20261002T185218_199317Z__ok.json,throttle sw_power_cap
main,trt_fp16,yolov8l,48,0,640,20261002T143208_380839Z,2026-10-02T14:32:09+00:00,60.14919296838343,60.21240912377834,0.46919654437499403,60.763467592187226,58.54838294908404,61.02987099438906,100,63.41199716553092,63.10350354760885,63.654730934649706,60.96520808991045,1.2531081868413214,1486.8994140625,cuda:0,NVIDIA A100-PCIE-40GB,535.288.01,765.0,1320.0,1410.0,45.0,56.0,125.75,13.0,0,0,sw_power_cap,1.0,0.0,,488.44907213607803,1.234438885934651,True,2.3.1+cu121,2.3.0+cu121,8.4.153,raw/main/runs/trt_fp16/yolov8l/bs48__run0__20261002T143208_380839Z__ok.json,throttle sw_power_cap
main,trt_fp16,yolov8l,48,1,640,20261002T155011_521894Z,2026-10-02T15:50:12+00:00,60.31160246115178,60.35246257670224,0.6475717141052516,61.0342703294009,55.69695122539997,61.647570226341486,100,63.807554761879146,63.24479961767793,63.98678419645876,61.27209960017353,1.256491717940662,1486.8994140625,cuda:0,NVIDIA A100-PCIE-40GB,535.288.01,765.0,1305.0,1410.0,50.0,58.0,247.24,13.0,0,0,sw_power_cap,1.0,0.0,,488.44907213607803,1.2197905126959085,True,2.3.1+cu121,2.3.0+cu121,8.4.153,raw/main/runs/trt_fp16/yolov8l/bs48__run1__20261002T155011_521894Z__ok.json,throttle sw_power_cap
main,trt_fp16,yolov8l,48,2,640,20261002T165825_847332Z,2026-10-02T16:58:27+00:00,60.07124708965421,60.18845597282052,0.6543936814857588,60.80647318158299,55.65671995282173,61.49413017556071,100,63.57647765427828,63.12384037300944,63.70027374941856,60.99525943864137,1.251484314367796,1486.8994140625,cuda:0,NVIDIA A100-PCIE-40GB,535.288.01,510.0,1320.0,1410.0,43.0,54.0,253.75,13.0,0,0,sw_power_cap,1.0,0.0,,488.44907213607803,1.2197845508344471,True,2.3.1+cu121,2.3.0+cu121,8.4.153,raw/main/runs/trt_fp16/yolov8l/bs48__run2__20261002T165825_847332Z__ok.json,throttle sw_power_cap
main,trt_fp16,yolov8l,48,3,640,20261002T181915_638329Z,2026-10-02T18:19:17+00:00,60.004302291199565,60.09869207628071,0.7076030549161239,60.87220008485019,55.76377594843507,62.276569195091724,100,63.45957628451288,63.01731849089265,63.80942875985056,61.06082157231867,1.2500896310666576,1486.8994140625,cuda:0,NVIDIA A100-PCIE-40GB,535.288.01,435.0,1320.0,1410.0,43.0,54.0,105.49,13.0,0,0,sw_power_cap,1.0,0.0,,488.44907213607803,1.2209689221344888,True,2.3.1+cu121,2.3.0+cu121,8.4.153,raw/main/runs/trt_fp16/yolov8l/bs48__run3__20261002T181915_638329Z__ok.json,throttle sw_power_cap
main,trt_fp16,yolov8l,48,4,640,20261002T193157_669475Z,2026-10-02T19:31:59+00:00,59.87653125077486,59.90538210608065,0.6454109218768374,60.66111109685153,55.80737115815282,61.22637586668134,100,63.23717462364584,62.84804665483534,63.73279867693782,60.82829693797976,1.2474277343911429,1486.8994140625,cuda:0,NVIDIA A100-PCIE-40GB,535.288.01,435.0,1320.0,1410.0,41.0,51.0,247.73,13.0,0,0,sw_power_cap,1.0,0.0,,488.44907213607803,1.2164515838958323,True,2.3.1+cu121,2.3.0+cu121,8.4.153,raw/main/runs/trt_fp16/yolov8l/bs48__run4__20261002T193157_669475Z__ok.json,throttle sw_power_cap
main,trt_fp16,yolov8l,56,0,640,20261002T151839_781447Z,2026-10-02T15:18:41+00:00,68.89749207533896,68.93828022293746,0.7481084595043758,69.85093425028026,64.00985224172473,70.45213412493467,100,72.60909323580563,72.29811907745898,73.32366823684424,70.06596517749131,1.2303123584881956,1465.14794921875,cuda:0,NVIDIA A100-PCIE-40GB,535.288.01,615.0,1260.0,1410.0,49.0,59.0,250.49,13.0,0,0,sw_power_cap,1.0,0.0,,529.0009979871102,1.210282996762544,True,2.3.1+cu121,2.3.0+cu121,8.4.153,raw/main/runs/trt_fp16/yolov8l/bs56__run0__20261002T151839_781447Z__ok.json,SM clock 1260/1410 MHz at end; throttle sw_power_cap
main,trt_fp16,yolov8l,56,1,640,20261002T160718_864032Z,2026-10-02T16:07:20+00:00,68.52754387073219,68.52544005960226,0.7548931569753745,69.65633663348854,63.70055768638849,69.99725103378296,100,72.2957172896713,71.95988646708429,73.11008279211819,69.81847735121846,1.223706140548789,1465.14794921875,cuda:0,NVIDIA A100-PCIE-40GB,535.288.01,765.0,1290.0,1410.0,43.0,55.0,74.5,13.0,0,0,sw_power_cap,1.0,0.0,,529.0009979871102,1.2471228339709342,True,2.3.1+cu121,2.3.0+cu121,8.4.153,raw/main/runs/trt_fp16/yolov8l/bs56__run1__20261002T160718_864032Z__ok.json,throttle sw_power_cap
main,trt_fp16,yolov8l,56,2,640,20261002T171331_872964Z,2026-10-02T17:13:33+00:00,68.65978387650102,68.66587791591883,0.5913094947628291,69.59677846170962,67.5156693905592,70.3045716509223,100,72.42065451107919,72.01618072576821,73.08595662470907,69.86588679254055,1.2260675692232326,1465.14794921875,cuda:0,NVIDIA A100-PCIE-40GB,535.288.01,420.0,1305.0,1410.0,44.0,54.0,131.23,13.0,0,0,sw_power_cap,1.0,0.0,,529.0009979871102,1.2127796402201056,True,2.3.1+cu121,2.3.0+cu121,8.4.153,raw/main/runs/trt_fp16/yolov8l/bs56__run2__20261002T171331_872964Z__ok.json,throttle sw_power_cap
main,trt_fp16,yolov8l,56,3,640,20261002T181449_572106Z,2026-10-02T18:14:50+00:00,68.56562331318855,68.5717910528183,0.8254268974582399,69.72510570194572,63.31951403990388,70.8008878864348,100,72.44565316010267,72.01681681908667,73.13579462934285,69.74015333689749,1.2243861305926527,1465.14794921875,cuda:0,NVIDIA A100-PCIE-40GB,535.288.01,435.0,1320.0,1410.0,42.0,54.0,260.47,13.0,0,0,sw_power_cap,1.0,0.0,,529.0009979871102,1.2366535551846027,True,2.3.1+cu121,2.3.0+cu121,8.4.153,raw/main/runs/trt_fp16/yolov8l/bs56__run3__20261002T181449_572106Z__ok.json,throttle sw_power_cap
main,trt_fp16,yolov8l,56,4,640,20261002T185756_859526Z,2026-10-02T18:57:58+00:00,68.69488353841007,68.79971642047167,0.7586606403499612,69.61158481426537,64.22703806310892,70.13737596571445,100,72.44523541536182,72.15743348933756,73.18795211613178,69.85987244639546,1.2266943489001798,1465.14794921875,cuda:0,NVIDIA A100-PCIE-40GB,535.288.01,1410.0,1320.0,1410.0,47.0,56.0,104.06,13.0,0,0,sw_power_cap,1.0,0.0,,529.0009979871102,1.1867987858131528,True,2.3.1+cu121,2.3.0+cu121,8.4.153,raw/main/runs/trt_fp16/yolov8l/bs56__run4__20261002T185756_859526Z__ok.json,throttle sw_power_cap
main,trt_fp16,yolov8l,64,0,640,20261002T152431_141523Z,2026-10-02T15:24:32+00:00,78.13169905915856,78.09861656278372,0.7578661798642744,79.22432296909392,73.15861014649272,79.48968699201941,100,82.33602600172162,81.92805107682943,83.1100876443088,79.61270699743181,1.2208077977993526,1675.59765625,cuda:0,NVIDIA A100-PCIE-40GB,535.288.01,765.0,1305.0,1410.0,45.0,57.0,252.08,13.0,0,0,sw_power_cap,1.0,0.0,,568.9927185848355,1.2164107072167099,True,2.3.1+cu121,2.3.0+cu121,8.4.153,raw/main/runs/trt_fp16/yolov8l/bs64__run0__20261002T152431_141523Z__ok.json,throttle sw_power_cap
main,trt_fp16,yolov8l,64,1,640,20261002T155033_086996Z,2026-10-02T15:50:34+00:00,78.37108040694147,78.36245535872877,0.7893817683347301,79.44363402202725,73.10149725526571,79.77229217067361,100,82.74081209674478,82.19567430205643,83.24474953114986,79.90840184036642,1.2245481313584605,1675.59765625,cuda:0,NVIDIA A100-PCIE-40GB,535.288.01,615.0,1320.0,1410.0,50.0,59.0,108.99,13.0,0,0,sw_power_cap,1.0,0.0,,568.9927185848355,1.2579157869331539,True,2.3.1+cu121,2.3.0+cu121,8.4.153,raw/main/runs/trt_fp16/yolov8l/bs64__run1__20261002T155033_086996Z__ok.json,throttle sw_power_cap
main,trt_fp16,yolov8l,64,2,640,20261002T172224_037805Z,2026-10-02T17:22:25+00:00,78.1470234086737,78.14669911749661,0.7805228966174983,79.35226522386074,73.79184383898973,79.55003716051579,100,82.44784649461508,81.97502745315433,83.21800311096013,79.75714841857553,1.2210472407605266,1675.59765625,cuda:0,NVIDIA A100-PCIE-40GB,535.288.01,1410.0,1350.0,1410.0,49.0,58.0,242.12,13.0,0,0,sw_power_cap,1.0,0.0,,568.9927185848355,1.2131316512823105,True,2.3.1+cu121,2.3.0+cu121,8.4.153,raw/main/runs/trt_fp16/yolov8l/bs64__run2__20261002T172224_037805Z__ok.json,throttle sw_power_cap
main,trt_fp16,yolov8l,64,3,640,20261002T173755_417128Z,2026-10-02T17:37:56+00:00,77.89625158533454,77.83741457387805,0.8556351611313606,79.34275446459651,73.43739690259099,80.32690640538931,100,82.08235516678542,81.65822550654411,83.16009598784149,79.69751823693514,1.2171289310208522,1675.59765625,cuda:0,NVIDIA A100-PCIE-40GB,535.288.01,390.0,1305.0,1410.0,47.0,57.0,61.82,13.0,0,0,sw_power_cap,1.0,0.0,,568.9927185848355,1.2394514940679073,True,2.3.1+cu121,2.3.0+cu121,8.4.153,raw/main/runs/trt_fp16/yolov8l/bs64__run3__20261002T173755_417128Z__ok.json,throttle sw_power_cap
main,trt_fp16,yolov8l,64,4,640,20261002T184724_224139Z,2026-10-02T18:47:25+00:00,77.5114173674956,77.569002751261,0.7584720221612604,78.48204954061657,73.06185131892562,80.19857807084918,100,81.93054256495088,81.35330025106668,82.2943422710523,79.39685109071434,1.2111158963671187,1675.59765625,cuda:0,NVIDIA A100-PCIE-40GB,535.288.01,495.0,1305.0,1410.0,42.0,54.0,56.6,13.0,0,0,sw_power_cap,1.0,0.0,,568.9927185848355,1.2242936678230762,True,2.3.1+cu121,2.3.0+cu121,8.4.153,raw/main/runs/trt_fp16/yolov8l/bs64__run4__20261002T184724_224139Z__ok.json,throttle sw_power_cap
main,trt_fp16,yolov8m,1,0,640,20261002T145141_537744Z,2026-10-02T14:51:42+00:00,2.5477465335279703,2.1426226012408733,0.48507217320734075,3.1217185547575355,2.1369378082454205,3.3992789685726166,100,3.459585686214268,2.46255612000823,3.445027070119977,1.761178900487721,2.5477465335279703,44.98193359375,cuda:0,NVIDIA A100-PCIE-40GB,535.288.01,735.0,1410.0,1410.0,49.0,50.0,103.96,13.0,0,0,,1.0,0.0,,278.13550137821585,0.7429671506397426,True,2.3.1+cu121,2.3.0+cu121,8.4.153,raw/main/runs/trt_fp16/yolov8m/bs1__run0__20261002T145141_537744Z__ok.json,
main,trt_fp16,yolov8m,1,1,640,20261002T162755_967637Z,2026-10-02T16:27:57+00:00,2.4630152573809028,2.387884072959423,0.34570726703218296,3.109122347086668,1.8095099367201328,3.399695735424757,100,3.370169084519148,2.7048999909311533,3.4333626506850123,1.6569038899615407,2.4630152573809028,44.98193359375,cuda:0,NVIDIA A100-PCIE-40GB,535.288.01,765.0,1410.0,1410.0,41.0,43.0,131.03,13.0,0,0,,1.0,0.0,,278.13550137821585,0.7704911879263818,True,2.3.1+cu121,2.3.0+cu121,8.4.153,raw/main/runs/trt_fp16/yolov8m/bs1__run1__20261002T162755_967637Z__ok.json,
main,trt_fp16,yolov8m,1,2,640,20261002T171024_383580Z,2026-10-02T17:10:25+00:00,2.5298062851652503,2.857309067621827,0.4848037552225251,2.8639974305406213,1.8255161121487617,3.155191894620657,100,3.291310123167932,3.17287165671587,3.1843306962400675,1.6744640609249473,2.5298062851652503,44.98193359375,cuda:0,NVIDIA A100-PCIE-40GB,535.288.01,765.0,1410.0,1410.0,43.0,45.0,71.22,13.0,0,0,,1.0,0.0,,278.13550137821585,0.7446934599429369,True,2.3.1+cu121,2.3.0+cu121,8.4.153,raw/main/runs/trt_fp16/yolov8m/bs1__run2__20261002T171024_383580Z__ok.json,
main,trt_fp16,yolov8m,1,3,640,20261002T180528_005959Z,2026-10-02T18:05:29+00:00,2.5259870337322354,3.0304708052426577,0.6055870835413653,3.038328536786139,1.8102070316672325,3.2928697764873505,100,3.2588957343250513,3.3500059507787228,3.361726808361709,1.6599406395107508,2.5259870337322354,44.98193359375,cuda:0,NVIDIA A100-PCIE-40GB,535.288.01,765.0,1410.0,1410.0,41.0,44.0,139.79,13.0,0,0,,1.0,0.0,,278.13550137821585,0.7449870426207781,True,2.3.1+cu121,2.3.0+cu121,8.4.153,raw/main/runs/trt_fp16/yolov8m/bs1__run3__20261002T180528_005959Z__ok.json,
main,trt_fp16,yolov8m,1,4,640,20261002T190526_875777Z,2026-10-02T19:05:28+00:00,2.266232599504292,1.952477963641286,0.5139888220893104,3.091844217851758,1.9428227096796036,3.3620791509747505,100,2.9456162080168724,2.2690410260111094,3.417323832400143,1.6858357889577746,2.266232599504292,44.98193359375,cuda:0,NVIDIA A100-PCIE-40GB,535.288.01,765.0,1410.0,1410.0,48.0,50.0,216.87,13.0,0,0,,1.0,0.0,,278.13550137821585,0.7709309291094542,True,2.3.1+cu121,2.3.0+cu121,8.4.153,raw/main/runs/trt_fp16/yolov8m/bs1__run4__20261002T190526_875777Z__ok.json,
main,trt_fp16,yolov8m,2,0,640,20261002T150637_326703Z,2026-10-02T15:06:38+00:00,3.0956387612968683,2.5596010964363813,0.7229889711783822,4.029923095367849,2.5252648629248142,4.29896404966712,100,3.923423024825752,2.9336344450712204,4.42253106739372,2.3966507986187935,1.5478193806484342,91.00830078125,cuda:0,NVIDIA A100-PCIE-40GB,535.288.01,435.0,1395.0,1410.0,43.0,48.0,63.82,13.0,0,0,sw_power_cap,1.0,0.0,,261.09867462702096,0.767380831297487,True,2.3.1+cu121,2.3.0+cu121,8.4.153,raw/main/runs/trt_fp16/yolov8m/bs2__run0__20261002T150637_326703Z__ok.json,throttle sw_power_cap
main,trt_fp16,yolov8m,2,1,640,20261002T162321_115786Z,2026-10-02T16:23:22+00:00,3.241836717352271,2.6020624209195375,0.7161138866079069,3.9612247608602047,2.525312826037407,4.572554025799036,100,4.110751934349537,2.972441492602229,4.347887099720538,2.407703949138522,1.6209183586761355,91.00830078125,cuda:0,NVIDIA A100-PCIE-40GB,535.288.01,1410.0,1395.0,1410.0,51.0,53.0,256.44,13.0,0,0,sw_power_cap,1.0,0.0,,261.09867462702096,0.7861566366627812,True,2.3.1+cu121,2.3.0+cu121,8.4.153,raw/main/runs/trt_fp16/yolov8m/bs2__run1__20261002T162321_115786Z__ok.json,throttle sw_power_cap
main,trt_fp16,yolov8m,2,2,640,20261002T170502_106121Z,2026-10-02T17:05:03+00:00,3.166100955568254,2.5893920101225376,0.7791177950366688,4.173042555339634,2.5452738627791405,4.438465926796198,100,3.9176438935101032,2.9668963979929686,4.569399612955749,2.4317788099870086,1.583050477784127,91.00830078125,cuda:0,NVIDIA A100-PCIE-40GB,535.288.01,570.0,1395.0,1410.0,48.0,51.0,241.38,13.0,0,0,sw_power_cap,1.0,0.0,,261.09867462702096,0.9359293547458947,True,2.3.1+cu121,2.3.0+cu121,8.4.153,raw/main/runs/trt_fp16/yolov8m/bs2__run2__20261002T170502_106121Z__ok.json,throttle sw_power_cap
main,trt_fp16,yolov8m,2,3,640,20261002T181945_584031Z,2026-10-02T18:19:46+00:00,2.997759450227022,2.5570399593561888,0.7465392288356578,4.211040190421045,2.5235097855329514,4.452649969607592,100,3.731311596930027,2.928944071754813,4.608925944194198,2.4022183613851666,1.498879725113511,91.00830078125,cuda:0,NVIDIA A100-PCIE-40GB,535.288.01,420.0,1395.0,1410.0,44.0,48.0,64.89,13.0,0,0,sw_power_cap,1.0,0.0,,261.09867462702096,0.7882886468432844,True,2.3.1+cu121,2.3.0+cu121,8.4.153,raw/main/runs/trt_fp16/yolov8m/bs2__run3__20261002T181945_584031Z__ok.json,throttle sw_power_cap
main,trt_fp16,yolov8m,2,4,640,20261002T192321_415910Z,2026-10-02T19:23:22+00:00,3.087257444858551,2.5621599052101374,0.7082703797825884,4.024310456588864,2.5465600192546844,4.297401290386915,100,4.0464746579527855,2.9341401532292366,4.413442988879979,2.3922363575547934,1.5436287224292755,91.00830078125,cuda:0,NVIDIA A100-PCIE-40GB,535.288.01,540.0,1395.0,1410.0,45.0,50.0,74.22,13.0,0,0,sw_power_cap,1.0,0.0,,261.09867462702096,0.7761809402145445,True,2.3.1+cu121,2.3.0+cu121,8.4.153,raw/main/runs/trt_fp16/yolov8m/bs2__run4__20261002T192321_415910Z__ok.json,throttle sw_power_cap
main,trt_fp16,yolov8m,4,0,640,20261002T145841_653981Z,2026-10-02T14:58:43+00:00,4.309413759037852,4.032493568956852,0.6875395195412904,5.984901427291334,4.0169330313801765,6.244454998522997,100,5.238823294639587,4.51981695368886,6.492023007012904,4.0122196497395635,1.077353439759463,179.60888671875,cuda:0,NVIDIA A100-PCIE-40GB,535.288.01,765.0,1380.0,1410.0,41.0,47.0,108.21,13.0,0,0,sw_power_cap,1.0,0.0,,238.5201849769801,0.7779299290850759,True,2.3.1+cu121,2.3.0+cu121,8.4.153,raw/main/runs/trt_fp16/yolov8m/bs4__run0__20261002T145841_653981Z__ok.json,throttle sw_power_cap
main,trt_fp16,yolov8m,4,1,640,20261002T153439_180262Z,2026-10-02T15:34:40+00:00,4.24790040589869,4.051330965012312,0.688380082928453,6.544127548113465,4.018004983663559,7.067275699228048,100,5.096489521674812,4.534123465418816,7.069495343603194,4.021442187950015,1.0619751014746726,179.60888671875,cuda:0,NVIDIA A100-PCIE-40GB,535.288.01,765.0,1380.0,1410.0,52.0,56.0,251.86,13.0,0,0,sw_power_cap,1.0,0.0,,238.5201849769801,0.7675032261759043,True,2.3.1+cu121,2.3.0+cu121,8.4.153,raw/main/runs/trt_fp16/yolov8m/bs4__run1__20261002T153439_180262Z__ok.json,throttle sw_power_cap
main,trt_fp16,yolov8m,4,2,640,20261002T171127_758172Z,2026-10-02T17:11:29+00:00,4.381577824242413,4.050966585054994,0.735927851864754,5.994652188383043,4.022606182843447,6.260741967707872,100,5.240812329575419,4.542339826002717,6.508960574865341,4.022831618785858,1.0953944560606033,179.60888671875,cuda:0,NVIDIA A100-PCIE-40GB,535.288.01,510.0,1380.0,1410.0,45.0,50.0,163.23,13.0,0,0,sw_power_cap,1.0,0.0,,238.5201849769801,0.7746489150449634,True,2.3.1+cu121,2.3.0+cu121,8.4.153,raw/main/runs/trt_fp16/yolov8m/bs4__run2__20261002T171127_758172Z__ok.json,throttle sw_power_cap
main,trt_fp16,yolov8m,4,3,640,20261002T180445_480375Z,2026-10-02T18:04:46+00:00,4.192515518516302,4.061656538397074,0.29047705456704415,4.365673055872321,4.019591026008129,6.582668982446194,100,5.040470031090081,4.5459389220923185,4.860244202427566,4.024972328916192,1.0481288796290755,179.60888671875,cuda:0,NVIDIA A100-PCIE-40GB,535.288.01,435.0,1380.0,1410.0,46.0,51.0,246.27,13.0,0,0,sw_power_cap,1.0,0.0,,238.5201849769801,0.7791529949754477,True,2.3.1+cu121,2.3.0+cu121,8.4.153,raw/main/runs/trt_fp16/yolov8m/bs4__run3__20261002T180445_480375Z__ok.json,throttle sw_power_cap
main,trt_fp16,yolov8m,4,4,640,20261002T183933_778448Z,2026-10-02T18:39:35+00:00,4.348724246956408,4.032096127048135,0.5849942694335751,5.178017006255686,3.978550899773836,7.293161004781723,100,5.225021769292653,4.521200666204095,5.684021138586104,4.00812498293817,1.087181061739102,179.60888671875,cuda:0,NVIDIA A100-PCIE-40GB,535.288.01,420.0,1380.0,1410.0,46.0,51.0,66.69,13.0,0,0,sw_power_cap,1.0,0.0,,238.5201849769801,0.7666532159782946,True,2.3.1+cu121,2.3.0+cu121,8.4.153,raw/main/runs/trt_fp16/yolov8m/bs4__run4__20261002T183933_778448Z__ok.json,throttle sw_power_cap
main,trt_fp16,yolov8m,6,0,640,20261002T143127_921179Z,2026-10-02T14:31:29+00:00,5.8121433621272445,5.773350363597274,0.33249225217043626,5.829017516225576,5.660739261657,9.026420768350363,100,6.909310664050281,6.376059725880623,6.436027819290757,5.837645712308586,0.9686905603545407,269.41259765625,cuda:0,NVIDIA A100-PCIE-40GB,535.288.01,405.0,1365.0,1410.0,49.0,55.0,248.7,13.0,0,0,sw_power_cap,1.0,0.0,,248.04954018769786,0.7464409461244941,True,2.3.1+cu121,2.3.0+cu121,8.4.153,raw/main/runs/trt_fp16/yolov8m/bs6__run0__20261002T143127_921179Z__ok.json,throttle sw_power_cap
main,trt_fp16,yolov8m,6,1,640,20261002T160218_230605Z,2026-10-02T16:02:19+00:00,5.850353776477277,5.786482244729996,0.48328487887849686,5.847884784452617,5.640889052301645,9.351687971502542,100,6.9381179148331285,6.387629779055715,6.4498404040932655,5.832781386561692,0.9750589627462128,269.41259765625,cuda:0,NVIDIA A100-PCIE-40GB,535.288.01,345.0,1365.0,1410.0,45.0,51.0,246.13,13.0,0,0,sw_power_cap,1.0,0.0,,248.04954018769786,0.7561651370488107,True,2.3.1+cu121,2.3.0+cu121,8.4.153,raw/main/runs/trt_fp16/yolov8m/bs6__run1__20261002T160218_230605Z__ok.json,throttle sw_power_cap
main,trt_fp16,yolov8m,6,2,640,20261002T171420_864183Z,2026-10-02T17:14:22+00:00,5.928644365631044,5.791660398244858,0.657735383261528,5.943899485282599,5.636931397020817,9.313337970525026,100,6.907437276095152,6.393179530277848,6.549366773106157,5.856441659852862,0.9881073942718407,269.41259765625,cuda:0,NVIDIA A100-PCIE-40GB,535.288.01,1410.0,1365.0,1410.0,50.0,54.0,69.45,13.0,0,0,sw_power_cap,1.0,0.0,,248.04954018769786,0.7520882450044155,True,2.3.1+cu121,2.3.0+cu121,8.4.153,raw/main/runs/trt_fp16/yolov8m/bs6__run2__20261002T171420_864183Z__ok.json,throttle sw_power_cap
main,trt_fp16,yolov8m,6,3,640,20261002T180535_087195Z,2026-10-02T18:05:36+00:00,5.974094578996301,5.765612004324794,0.6930569182962971,8.255194360390306,5.715766921639442,8.50166892632842,100,6.93365138489753,6.364841712638736,8.901892672292888,5.800186148844659,0.9956824298327168,269.41259765625,cuda:0,NVIDIA A100-PCIE-40GB,535.288.01,765.0,1365.0,1410.0,39.0,46.0,165.06,13.0,0,0,sw_power_cap,1.0,0.0,,248.04954018769786,0.7663312978111207,True,2.3.1+cu121,2.3.0+cu121,8.4.153,raw/main/runs/trt_fp16/yolov8m/bs6__run3__20261002T180535_087195Z__ok.json,throttle sw_power_cap
main,trt_fp16,yolov8m,6,4,640,20261002T184559_177056Z,2026-10-02T18:46:00+00:00,5.782405603677034,5.760707892477512,0.3313189663968821,5.777334119193256,5.631167907267809,9.041786193847656,100,6.789822047576308,6.359677063301206,6.381613970734179,5.809374330565333,0.9637342672795057,269.41259765625,cuda:0,NVIDIA A100-PCIE-40GB,535.288.01,345.0,1365.0,1410.0,42.0,48.0,194.23,13.0,0,0,sw_power_cap,1.0,0.0,,248.04954018769786,0.7465014178305864,True,2.3.1+cu121,2.3.0+cu121,8.4.153,raw/main/runs/trt_fp16/yolov8m/bs6__run4__20261002T184559_177056Z__ok.json,throttle sw_power_cap
main,trt_fp16,yolov8m,8,0,640,20261002T145849_288317Z,2026-10-02T14:58:50+00:00,7.1225462621077895,7.126868469640613,0.06661922988916627,7.185375154949725,6.8336897529661655,7.321314886212349,100,8.329147552140057,7.832248462364078,7.888901862315834,7.244991511106491,0.8903182827634737,364.14990234375,cuda:0,NVIDIA A100-PCIE-40GB,535.288.01,345.0,1380.0,1410.0,41.0,48.0,72.34,13.0,0,0,sw_power_cap,1.0,0.0,,251.9063946409151,0.7513116858899593,True,2.3.1+cu121,2.3.0+cu121,8.4.153,raw/main/runs/trt_fp16/yolov8m/bs8__run0__20261002T145849_288317Z__ok.json,throttle sw_power_cap
main,trt_fp16,yolov8m,8,1,640,20261002T155411_588084Z,2026-10-02T15:54:12+00:00,7.17584066092968,7.194198900833726,0.07557213302151901,7.208639057353139,6.866076961159706,7.558842655271292,100,8.254072908312082,7.902304409071803,7.925753574818373,7.272429349832237,0.89698008261621,364.14990234375,cuda:0,NVIDIA A100-PCIE-40GB,535.288.01,765.0,1350.0,1410.0,49.0,55.0,71.04,13.0,0,0,sw_power_cap,1.0,0.0,,251.9063946409151,0.7784946151077747,True,2.3.1+cu121,2.3.0+cu121,8.4.153,raw/main/runs/trt_fp16/yolov8m/bs8__run1__20261002T155411_588084Z__ok.json,throttle sw_power_cap
main,trt_fp16,yolov8m,8,2,640,20261002T163736_165551Z,2026-10-02T16:37:37+00:00,7.177629196085036,7.194523699581623,0.07255088920131543,7.212964887730777,6.88136788085103,7.513817865401506,100,8.393828505650163,7.907578954473138,7.9267471097409725,7.2838264890015125,0.8972036495106295,364.14990234375,cuda:0,NVIDIA A100-PCIE-40GB,535.288.01,765.0,1365.0,1410.0,50.0,55.0,215.1,13.0,0,0,sw_power_cap,1.0,0.0,,251.9063946409151,0.7636821549385786,True,2.3.1+cu121,2.3.0+cu121,8.4.153,raw/main/runs/trt_fp16/yolov8m/bs8__run2__20261002T163736_165551Z__ok.json,throttle sw_power_cap
main,trt_fp16,yolov8m,8,3,640,20261002T175231_859501Z,2026-10-02T17:52:33+00:00,7.198145133443177,7.186881965026259,0.369226946712489,7.213007682003081,6.906571798026562,10.787509847432375,100,8.356900936923921,7.9013321083039045,7.942580338567495,7.251525870524347,0.8997681416803971,364.14990234375,cuda:0,NVIDIA A100-PCIE-40GB,535.288.01,765.0,1350.0,1410.0,45.0,50.0,58.56,13.0,0,0,sw_power_cap,1.0,0.0,,251.9063946409151,0.7560424539260566,True,2.3.1+cu121,2.3.0+cu121,8.4.153,raw/main/runs/trt_fp16/yolov8m/bs8__run3__20261002T175231_859501Z__ok.json,throttle sw_power_cap
main,trt_fp16,yolov8m,8,4,640,20261002T190223_973518Z,2026-10-02T19:02:25+00:00,7.128070718608797,7.1381081361323595,0.07292560407105775,7.187572447583079,6.8565490655601025,7.487997878342867,100,8.196309725753963,7.852102164179087,7.90180538315326,7.232352825812995,0.8910088398260996,364.14990234375,cuda:0,NVIDIA A100-PCIE-40GB,535.288.01,420.0,1380.0,1410.0,43.0,48.0,82.82,13.0,0,0,sw_power_cap,1.0,0.0,,251.9063946409151,0.750729211140424,True,2.3.1+cu121,2.3.0+cu121,8.4.153,raw/main/runs/trt_fp16/yolov8m/bs8__run4__20261002T190223_973518Z__ok.json,throttle sw_power_cap
main,trt_fp16,yolov8m,10,0,640,20261002T144127_555430Z,2026-10-02T14:41:28+00:00,8.653443986549973,8.666896494105458,0.08895505106669278,8.741691149771214,8.211764972656965,8.921006228774786,100,10.041077313944697,9.49754356406629,9.571986645460129,8.818982858210802,0.8653443986549973,449.021484375,cuda:0,NVIDIA A100-PCIE-40GB,535.288.01,795.0,1350.0,1410.0,52.0,57.0,157.76,13.0,0,0,sw_power_cap,1.0,0.0,,264.7229054598138,0.7675970620475709,True,2.3.1+cu121,2.3.0+cu121,8.4.153,raw/main/runs/trt_fp16/yolov8m/bs10__run0__20261002T144127_555430Z__ok.json,throttle sw_power_cap
main,trt_fp16,yolov8m,10,1,640,20261002T155236_043597Z,2026-10-02T15:52:37+00:00,8.619523528032005,8.610760560259223,0.13050093516623595,8.796222787350416,8.193606976419687,9.555246215313673,100,9.805640107952058,9.432617807760835,9.622205886989832,8.764321571215987,0.8619523528032005,449.021484375,cuda:0,NVIDIA A100-PCIE-40GB,535.288.01,405.0,1350.0,1410.0,46.0,51.0,249.22,13.0,0,0,sw_power_cap,1.0,0.0,,264.7229054598138,0.7667892971076071,True,2.3.1+cu121,2.3.0+cu121,8.4.153,raw/main/runs/trt_fp16/yolov8m/bs10__run1__20261002T155236_043597Z__ok.json,throttle sw_power_cap
main,trt_fp16,yolov8m,10,2,640,20261002T164402_934634Z,2026-10-02T16:44:04+00:00,8.668673750944436,8.672771975398064,0.129668967120132,8.895717631094158,8.258338086307049,9.075896814465523,100,9.921053280122578,9.485363494604826,9.738188073970377,8.827499779872596,0.8668673750944436,449.021484375,cuda:0,NVIDIA A100-PCIE-40GB,535.288.01,765.0,1350.0,1410.0,52.0,57.0,61.54,13.0,0,0,sw_power_cap,1.0,0.0,,264.7229054598138,0.7710034102201462,True,2.3.1+cu121,2.3.0+cu121,8.4.153,raw/main/runs/trt_fp16/yolov8m/bs10__run2__20261002T164402_934634Z__ok.json,throttle sw_power_cap
main,trt_fp16,yolov8m,10,3,640,20261002T173910_646265Z,2026-10-02T17:39:12+00:00,8.661102429032326,8.626044495031238,0.24078139639228274,8.685726439580321,8.241760078817606,10.410338640213013,100,10.141515149734914,9.449286619201303,9.510692791081965,8.78991274163127,0.8661102429032326,449.021484375,cuda:0,NVIDIA A100-PCIE-40GB,535.288.01,765.0,1365.0,1410.0,47.0,53.0,60.16,13.0,0,0,sw_power_cap,1.0,0.0,,264.7229054598138,0.7815480176359415,True,2.3.1+cu121,2.3.0+cu121,8.4.153,raw/main/runs/trt_fp16/yolov8m/bs10__run3__20261002T173910_646265Z__ok.json,throttle sw_power_cap
main,trt_fp16,yolov8m,10,4,640,20261002T183556_655571Z,2026-10-02T18:35:58+00:00,8.678611144423485,8.612678619101644,0.2407865647501019,9.280199045315383,8.542034309357405,9.877651929855347,100,9.875224540010095,9.444752940908074,10.110662970691918,8.784865397028625,0.8678611144423485,449.021484375,cuda:0,NVIDIA A100-PCIE-40GB,535.288.01,765.0,1350.0,1410.0,48.0,53.0,250.29,13.0,0,0,sw_power_cap,1.0,0.0,,264.7229054598138,0.7583107301034033,True,2.3.1+cu121,2.3.0+cu121,8.4.153,raw/main/runs/trt_fp16/yolov8m/bs10__run4__20261002T183556_655571Z__ok.json,throttle sw_power_cap
main,trt_fp16,yolov8m,12,0,640,20261002T145211_353913Z,2026-10-02T14:52:12+00:00,10.28779596555978,10.248755803331733,0.17178288068266262,10.354994796216488,10.077419225126505,11.275265831500292,100,11.59132313914597,11.187832802534103,11.428945860825479,10.448935138992965,0.857316330463315,538.8251953125,cuda:0,NVIDIA A100-PCIE-40GB,535.288.01,435.0,1350.0,1410.0,46.0,52.0,64.5,13.0,0,0,sw_power_cap,1.0,0.0,,266.16471055336297,0.762496410869062,True,2.3.1+cu121,2.3.0+cu121,8.4.153,raw/main/runs/trt_fp16/yolov8m/bs12__run0__20261002T145211_353913Z__ok.json,throttle sw_power_cap
main,trt_fp16,yolov8m,12,1,640,20261002T160632_649285Z,2026-10-02T16:06:34+00:00,10.249231327325106,10.25096490047872,0.12594997540092442,10.333407809957862,9.673942811787128,10.951919946819544,100,11.77181123290211,11.179545661434531,11.270724469795823,10.436012581922114,0.8541026106104255,538.8251953125,cuda:0,NVIDIA A100-PCIE-40GB,535.288.01,765.0,1350.0,1410.0,44.0,50.0,69.86,13.0,0,0,sw_power_cap,1.0,0.0,,266.16471055336297,0.75628343783319,True,2.3.1+cu121,2.3.0+cu121,8.4.153,raw/main/runs/trt_fp16/yolov8m/bs12__run1__20261002T160632_649285Z__ok.json,throttle sw_power_cap
main,trt_fp16,yolov8m,12,2,640,20261002T163051_774497Z,2026-10-02T16:30:53+00:00,10.26356059126556,10.23224275559187,0.2563850125160948,10.349526139907539,9.854083880782127,12.053751852363348,100,11.596390926279128,11.173909064382315,11.30411815829575,10.427578059025109,0.8552967159387966,538.8251953125,cuda:0,NVIDIA A100-PCIE-40GB,535.288.01,765.0,1365.0,1410.0,45.0,50.0,244.48,13.0,0,0,sw_power_cap,1.0,0.0,,266.16471055336297,0.7682462451048195,True,2.3.1+cu121,2.3.0+cu121,8.4.153,raw/main/runs/trt_fp16/yolov8m/bs12__run2__20261002T163051_774497Z__ok.json,throttle sw_power_cap
main,trt_fp16,yolov8m,12,3,640,20261002T174517_373474Z,2026-10-02T17:45:18+00:00,10.243238620460033,10.248811915516853,0.10270645208869414,10.320645966567099,9.701419156044722,10.633292142301798,100,11.536123733967543,11.175704654306173,11.24197356402874,10.420747138559818,0.8536032183716694,538.8251953125,cuda:0,NVIDIA A100-PCIE-40GB,535.288.01,480.0,1350.0,1410.0,44.0,51.0,126.66,13.0,0,0,sw_power_cap,1.0,0.0,,266.16471055336297,0.7769238790497184,True,2.3.1+cu121,2.3.0+cu121,8.4.153,raw/main/runs/trt_fp16/yolov8m/bs12__run3__20261002T174517_373474Z__ok.json,throttle sw_power_cap
main,trt_fp16,yolov8m,12,4,640,20261002T192719_538594Z,2026-10-02T19:27:20+00:00,10.233958815224469,10.227304883301258,0.10117624881310927,10.329995513893664,9.704334195703268,10.49694325774908,100,11.649707141332328,11.154819978401065,11.251189862377942,10.397631390951574,0.8528299012687057,538.8251953125,cuda:0,NVIDIA A100-PCIE-40GB,535.288.01,420.0,1365.0,1410.0,43.0,50.0,244.57,13.0,0,0,sw_power_cap,1.0,0.0,,266.16471055336297,0.7588828932493925,True,2.3.1+cu121,2.3.0+cu121,8.4.153,raw/main/runs/trt_fp16/yolov8m/bs12__run4__20261002T192719_538594Z__ok.json,throttle sw_power_cap
main,trt_fp16,yolov8m,14,0,640,20261002T151940_316102Z,2026-10-02T15:19:41+00:00,11.698304894380271,11.710630496963859,0.1340098230454148,11.825444689020514,10.994696989655495,11.987975798547268,100,13.272818541154265,12.76272046379745,12.885226751677692,11.927780117839575,0.835593206741448,632.2626953125,cuda:0,NVIDIA A100-PCIE-40GB,535.288.01,1410.0,1320.0,1410.0,52.0,56.0,65.1,13.0,0,0,sw_power_cap,1.0,0.0,,274.8418300440535,0.7698996220715344,True,2.3.1+cu121,2.3.0+cu121,8.4.153,raw/main/runs/trt_fp16/yolov8m/bs14__run0__20261002T151940_316102Z__ok.json,throttle sw_power_cap
main,trt_fp16,yolov8m,14,1,640,20261002T162551_597139Z,2026-10-02T16:25:52+00:00,11.64577447809279,11.642673751339316,0.12662977324585012,11.817507818341255,11.081883683800697,11.939541902393103,100,13.064582478255033,12.672715121880174,12.852962128818035,11.833311896771193,0.831841034149485,632.2626953125,cuda:0,NVIDIA A100-PCIE-40GB,535.288.01,435.0,1350.0,1410.0,42.0,49.0,62.91,13.0,0,0,sw_power_cap,1.0,0.0,,274.8418300440535,0.7403032500296831,True,2.3.1+cu121,2.3.0+cu121,8.4.153,raw/main/runs/trt_fp16/yolov8m/bs14__run1__20261002T162551_597139Z__ok.json,throttle sw_power_cap
main,trt_fp16,yolov8m,14,2,640,20261002T171950_559109Z,2026-10-02T17:19:51+00:00,11.676508588716388,11.66808302514255,0.26780243345432925,11.7976448033005,11.099469847977161,14.059301000088453,100,13.082855017855763,12.704582884907722,12.842796836048365,11.85463149100542,0.8340363277654562,632.2626953125,cuda:0,NVIDIA A100-PCIE-40GB,535.288.01,765.0,1365.0,1410.0,44.0,50.0,248.58,13.0,0,0,sw_power_cap,1.0,0.0,,274.8418300440535,0.7621628879569471,True,2.3.1+cu121,2.3.0+cu121,8.4.153,raw/main/runs/trt_fp16/yolov8m/bs14__run2__20261002T171950_559109Z__ok.json,throttle sw_power_cap
main,trt_fp16,yolov8m,14,3,640,20261002T174249_423118Z,2026-10-02T17:42:50+00:00,11.65887264534831,11.665343074128032,0.146749607952533,11.858957237564027,10.9926238656044,12.096998747438192,100,13.221258413977921,12.70901714451611,12.919733976013958,11.862509064376354,0.8327766175248793,632.2626953125,cuda:0,NVIDIA A100-PCIE-40GB,535.288.01,540.0,1350.0,1410.0,44.0,50.0,252.98,13.0,0,0,sw_power_cap,1.0,0.0,,274.8418300440535,0.7517203632742167,True,2.3.1+cu121,2.3.0+cu121,8.4.153,raw/main/runs/trt_fp16/yolov8m/bs14__run3__20261002T174249_423118Z__ok.json,throttle sw_power_cap
main,trt_fp16,yolov8m,14,4,640,20261002T185546_425642Z,2026-10-02T18:55:47+00:00,11.675693555735052,11.674094712361693,0.12476646545242616,11.797010526061058,11.06339506804943,11.993571184575558,100,13.091180426999927,12.712869560346007,12.85568664316088,11.855841050855815,0.8339781111239323,632.2626953125,cuda:0,NVIDIA A100-PCIE-40GB,535.288.01,765.0,1350.0,1410.0,47.0,52.0,252.11,13.0,0,0,sw_power_cap,1.0,0.0,,274.8418300440535,0.7530897469259799,True,2.3.1+cu121,2.3.0+cu121,8.4.153,raw/main/runs/trt_fp16/yolov8m/bs14__run4__20261002T185546_425642Z__ok.json,throttle sw_power_cap
main,trt_fp16,yolov8m,16,0,640,20261002T143700_628896Z,2026-10-02T14:37:02+00:00,13.155910498462617,13.180542038753629,0.16336135266975363,13.302472000941634,12.366509065032005,13.490336947143078,100,14.746689856983721,14.350354671478271,14.473662548698485,13.398343371227384,0.8222444061539136,728.2998046875,cuda:0,NVIDIA A100-PCIE-40GB,535.288.01,765.0,1350.0,1410.0,45.0,51.0,60.44,13.0,0,0,sw_power_cap,1.0,0.0,,274.4373087179847,0.7577815111726522,True,2.3.1+cu121,2.3.0+cu121,8.4.153,raw/main/runs/trt_fp16/yolov8m/bs16__run0__20261002T143700_628896Z__ok.json,throttle sw_power_cap
main,trt_fp16,yolov8m,16,1,640,20261002T153501_510856Z,2026-10-02T15:35:02+00:00,13.218376752920449,13.249968877062201,0.14260019932990045,13.320281193591654,12.454492971301079,13.607583940029144,100,14.751213267445564,14.413863653317094,14.492973685264587,13.485497990623116,0.826148547057528,728.2998046875,cuda:0,NVIDIA A100-PCIE-40GB,535.288.01,765.0,1335.0,1410.0,49.0,55.0,252.28,13.0,0,0,sw_power_cap,1.0,0.0,,274.4373087179847,0.7614497737959027,True,2.3.1+cu121,2.3.0+cu121,8.4.153,raw/main/runs/trt_fp16/yolov8m/bs16__run1__20261002T153501_510856Z__ok.json,throttle sw_power_cap
main,trt_fp16,yolov8m,16,2,640,20261002T164047_188427Z,2026-10-02T16:40:48+00:00,13.170343353413045,13.153694570064545,0.16725358172666202,13.41606646310538,12.36968394368887,13.497639913111925,100,14.71451866440475,14.315444976091385,14.584209024906158,13.411026448011398,0.8231464595883153,728.2998046875,cuda:0,NVIDIA A100-PCIE-40GB,535.288.01,765.0,1350.0,1410.0,42.0,49.0,243.68,13.0,0,0,sw_power_cap,1.0,0.0,,274.4373087179847,0.7645564549602568,True,2.3.1+cu121,2.3.0+cu121,8.4.153,raw/main/runs/trt_fp16/yolov8m/bs16__run2__20261002T164047_188427Z__ok.json,throttle sw_power_cap
main,trt_fp16,yolov8m,16,3,640,20261002T183354_734046Z,2026-10-02T18:33:56+00:00,13.234898019582033,13.251495314761996,0.16306016197246015,13.383299764245749,12.446132022887468,13.939789962023497,100,14.753698371350765,14.398065162822604,14.650091365911067,13.497030031867325,0.8271811262238771,728.2998046875,cuda:0,NVIDIA A100-PCIE-40GB,535.288.01,1410.0,1350.0,1410.0,53.0,57.0,67.59,13.0,0,0,sw_power_cap,1.0,0.0,,274.4373087179847,0.7510271817445755,True,2.3.1+cu121,2.3.0+cu121,8.4.153,raw/main/runs/trt_fp16/yolov8m/bs16__run3__20261002T183354_734046Z__ok.json,throttle sw_power_cap
main,trt_fp16,yolov8m,16,4,640,20261002T184336_455588Z,2026-10-02T18:43:37+00:00,13.186671221628785,13.166611082851887,0.1237355598542913,13.309776596724987,12.989008333534002,13.920225203037262,100,14.838015139102936,14.338709879666567,14.489397290162742,13.421414718031883,0.8241669513517991,728.2998046875,cuda:0,NVIDIA A100-PCIE-40GB,535.288.01,765.0,1335.0,1410.0,45.0,52.0,59.56,13.0,0,0,sw_power_cap,1.0,0.0,,274.4373087179847,0.760459850076586,True,2.3.1+cu121,2.3.0+cu121,8.4.153,raw/main/runs/trt_fp16/yolov8m/bs16__run4__20261002T184336_455588Z__ok.json,throttle sw_power_cap
main,trt_fp16,yolov8m,18,0,640,20261002T144435_980658Z,2026-10-02T14:44:37+00:00,14.846403794363141,14.863424934446812,0.16891181963520235,14.994692872278392,14.038532972335815,15.55717596784234,100,16.543071446940303,16.110768541693687,16.252745874226093,15.118754329159856,0.8248002107979523,808.23779296875,cuda:0,NVIDIA A100-PCIE-40GB,535.288.01,765.0,1350.0,1410.0,46.0,52.0,62.03,13.0,0,0,sw_power_cap,1.0,0.0,,289.6560129709542,0.7749397438019514,True,2.3.1+cu121,2.3.0+cu121,8.4.153,raw/main/runs/trt_fp16/yolov8m/bs18__run0__20261002T144435_980658Z__ok.json,throttle sw_power_cap
main,trt_fp16,yolov8m,18,1,640,20261002T154141_449885Z,2026-10-02T15:41:42+00:00,14.808074268512428,14.793558744713664,0.11948169195694001,14.943369687534869,14.52304795384407,15.563660766929388,100,16.427170089446008,16.041747527197003,16.20199983008206,15.121806156821549,0.8226707926951349,808.23779296875,cuda:0,NVIDIA A100-PCIE-40GB,535.288.01,765.0,1335.0,1410.0,45.0,52.0,177.2,13.0,0,0,sw_power_cap,1.0,0.0,,289.6560129709542,0.7516707913018763,True,2.3.1+cu121,2.3.0+cu121,8.4.153,raw/main/runs/trt_fp16/yolov8m/bs18__run1__20261002T154141_449885Z__ok.json,throttle sw_power_cap
main,trt_fp16,yolov8m,18,2,640,20261002T170804_667750Z,2026-10-02T17:08:06+00:00,14.773131483234465,14.784807804971933,0.16617748215720016,14.917882205918431,13.876099605113268,15.324211213737726,100,16.47317082621157,16.040351474657655,16.17620198521763,15.076098190620542,0.8207295268463591,808.23779296875,cuda:0,NVIDIA A100-PCIE-40GB,535.288.01,405.0,1335.0,1410.0,40.0,48.0,252.36,13.0,0,0,sw_power_cap,1.0,0.0,,289.6560129709542,0.7446047090925276,True,2.3.1+cu121,2.3.0+cu121,8.4.153,raw/main/runs/trt_fp16/yolov8m/bs18__run2__20261002T170804_667750Z__ok.json,throttle sw_power_cap
main,trt_fp16,yolov8m,18,3,640,20261002T183153_581564Z,2026-10-02T18:31:54+00:00,14.817425622604787,14.844575664028525,0.16447854655322314,14.920065575279295,13.877296820282936,15.333313960582018,100,16.59175606444478,16.110667260363698,16.214430634863675,15.081393998116255,0.8231903123669326,808.23779296875,cuda:0,NVIDIA A100-PCIE-40GB,535.288.01,765.0,1335.0,1410.0,46.0,52.0,70.07,13.0,0,0,sw_power_cap,1.0,0.0,,289.6560129709542,0.742865685839206,True,2.3.1+cu121,2.3.0+cu121,8.4.153,raw/main/runs/trt_fp16/yolov8m/bs18__run3__20261002T183153_581564Z__ok.json,throttle sw_power_cap
main,trt_fp16,yolov8m,18,4,640,20261002T190801_834552Z,2026-10-02T19:08:03+00:00,14.779899497516453,14.789432985708117,0.17451126281963866,14.928147941827774,13.88414902612567,15.587336849421263,100,16.544233835302293,16.0639020614326,16.222681151703,15.063477186486125,0.8211055276398029,808.23779296875,cuda:0,NVIDIA A100-PCIE-40GB,535.288.01,765.0,1350.0,1410.0,43.0,50.0,249.49,13.0,0,0,sw_power_cap,1.0,0.0,,289.6560129709542,0.7473544720560312,True,2.3.1+cu121,2.3.0+cu121,8.4.153,raw/main/runs/trt_fp16/yolov8m/bs18__run4__20261002T190801_834552Z__ok.json,throttle sw_power_cap
main,trt_fp16,yolov8m,20,0,640,20261002T151636_427970Z,2026-10-02T15:16:37+00:00,16.041286760009825,16.048173420131207,0.2343699331900493,16.316650551743805,14.966777060180902,16.895434819161892,100,17.988162534311414,17.42309983819723,17.708697938360274,16.39062089845538,0.8020643380004913,901.45849609375,cuda:0,NVIDIA A100-PCIE-40GB,535.288.01,630.0,1335.0,1410.0,47.0,53.0,97.58,13.0,0,0,sw_power_cap,1.0,0.0,,291.9965877337381,0.7580628111027181,True,2.3.1+cu121,2.3.0+cu121,8.4.153,raw/main/runs/trt_fp16/yolov8m/bs20__run0__20261002T151636_427970Z__ok.json,throttle sw_power_cap
main,trt_fp16,yolov8m,20,1,640,20261002T162237_491102Z,2026-10-02T16:22:38+00:00,16.062728576362133,16.039550071582198,0.3202165221234672,16.286781197413802,14.956600032746792,18.58146907761693,100,18.09678499121219,17.425190890207887,17.75404990185052,16.376709728501737,0.8031364288181067,901.45849609375,cuda:0,NVIDIA A100-PCIE-40GB,535.288.01,525.0,1335.0,1410.0,48.0,54.0,247.46,13.0,0,0,sw_power_cap,1.0,0.0,,291.9965877337381,0.7742022760212421,True,2.3.1+cu121,2.3.0+cu121,8.4.153,raw/main/runs/trt_fp16/yolov8m/bs20__run1__20261002T162237_491102Z__ok.json,throttle sw_power_cap
main,trt_fp16,yolov8m,20,2,640,20261002T163907_792610Z,2026-10-02T16:39:09+00:00,15.983901326544583,15.997473150491714,0.18288926165598496,16.182220121845603,15.083354897797108,16.4831574074924,100,17.982113221660256,17.384830629453063,17.57329269312322,16.327066589146852,0.7991950663272291,901.45849609375,cuda:0,NVIDIA A100-PCIE-40GB,535.288.01,330.0,1335.0,1410.0,42.0,50.0,57.09,13.0,0,0,sw_power_cap,1.0,0.0,,291.9965877337381,0.7698310851119459,True,2.3.1+cu121,2.3.0+cu121,8.4.153,raw/main/runs/trt_fp16/yolov8m/bs20__run2__20261002T163907_792610Z__ok.json,throttle sw_power_cap
main,trt_fp16,yolov8m,20,3,640,20261002T174704_288811Z,2026-10-02T17:47:05+00:00,16.007021223194897,16.005546553060412,0.19163937913977216,16.234824061393738,15.084067825227976,16.52486901730299,100,17.818405623547733,17.373646143823862,17.617760715074837,16.367952600121498,0.8003510611597449,901.45849609375,cuda:0,NVIDIA A100-PCIE-40GB,535.288.01,1410.0,1335.0,1410.0,46.0,52.0,65.2,13.0,0,0,sw_power_cap,1.0,0.0,,291.9965877337381,0.7478798148222268,True,2.3.1+cu121,2.3.0+cu121,8.4.153,raw/main/runs/trt_fp16/yolov8m/bs20__run3__20261002T174704_288811Z__ok.json,throttle sw_power_cap
main,trt_fp16,yolov8m,20,4,640,20261002T193340_872891Z,2026-10-02T19:33:42+00:00,15.965779614634812,15.990593004971743,0.17719020252603673,16.197477490641177,15.095918904989958,16.469962429255247,100,17.724737036041915,17.37885153852403,17.632184480316937,16.307538212276995,0.7982889807317406,901.45849609375,cuda:0,NVIDIA A100-PCIE-40GB,535.288.01,765.0,1365.0,1410.0,42.0,49.0,249.52,13.0,0,0,sw_power_cap,1.0,0.0,,291.9965877337381,0.7635057321749628,True,2.3.1+cu121,2.3.0+cu121,8.4.153,raw/main/runs/trt_fp16/yolov8m/bs20__run4__20261002T193340_872891Z__ok.json,throttle sw_power_cap
main,trt_fp16,yolov8m,22,0,640,20261002T144947_464691Z,2026-10-02T14:49:48+00:00,17.58973334915936,17.631850438192487,0.29314684493450155,17.97705953940749,16.502419020980597,19.04992712661624,100,19.578554946929216,19.116502488031983,19.586598849855363,17.954632127657533,0.7995333340526982,996.41259765625,cuda:0,NVIDIA A100-PCIE-40GB,535.288.01,390.0,1335.0,1410.0,49.0,55.0,71.94,13.0,0,0,sw_power_cap,1.0,0.0,,303.419696461875,0.7711052661761642,True,2.3.1+cu121,2.3.0+cu121,8.4.153,raw/main/runs/trt_fp16/yolov8m/bs22__run0__20261002T144947_464691Z__ok.json,throttle sw_power_cap
main,trt_fp16,yolov8m,22,1,640,20261002T160353_305475Z,2026-10-02T16:03:54+00:00,17.575806630775332,17.585115507245064,0.23930843126351334,17.94203531462699,16.45764708518982,18.095591105520725,100,19.43249992094934,19.06189159490168,19.442767626605928,17.931927968747914,0.7989003013988788,996.41259765625,cuda:0,NVIDIA A100-PCIE-40GB,535.288.01,1410.0,1335.0,1410.0,49.0,54.0,250.49,13.0,0,0,sw_power_cap,1.0,0.0,,303.419696461875,0.7722506797872484,True,2.3.1+cu121,2.3.0+cu121,8.4.153,raw/main/runs/trt_fp16/yolov8m/bs22__run1__20261002T160353_305475Z__ok.json,throttle sw_power_cap
main,trt_fp16,yolov8m,22,2,640,20261002T171135_440158Z,2026-10-02T17:11:36+00:00,17.49927993863821,17.492817481979728,0.22976941882500976,17.758066509850323,16.597924754023552,18.255988135933876,100,19.600000651553273,18.977609695866704,19.316944549791515,17.88366483990103,0.7954218153926459,996.41259765625,cuda:0,NVIDIA A100-PCIE-40GB,535.288.01,765.0,1335.0,1410.0,43.0,50.0,254.76,13.0,0,0,sw_power_cap,1.0,0.0,,303.419696461875,0.7561423773877323,True,2.3.1+cu121,2.3.0+cu121,8.4.153,raw/main/runs/trt_fp16/yolov8m/bs22__run2__20261002T171135_440158Z__ok.json,throttle sw_power_cap
main,trt_fp16,yolov8m,22,3,640,20261002T175152_675387Z,2026-10-02T17:51:54+00:00,17.57826372049749,17.637761775404215,0.23826523070559533,17.878977162763476,16.618436202406883,18.439263105392456,100,19.415624532848597,19.09951795823872,19.35890403110534,17.911097356118262,0.7990119872953404,996.41259765625,cuda:0,NVIDIA A100-PCIE-40GB,535.288.01,480.0,1350.0,1410.0,46.0,52.0,241.23,13.0,0,0,sw_power_cap,1.0,0.0,,303.419696461875,0.7716758218593895,True,2.3.1+cu121,2.3.0+cu121,8.4.153,raw/main/runs/trt_fp16/yolov8m/bs22__run3__20261002T175152_675387Z__ok.json,throttle sw_power_cap
main,trt_fp16,yolov8m,22,4,640,20261002T190848_801859Z,2026-10-02T19:08:50+00:00,17.463245624676347,17.455168068408966,0.34491179480609163,17.86928994115442,16.347271855920553,19.837078172713518,100,19.34252442792058,18.95087887533009,19.42609795369208,17.83562342170626,0.7937838920307431,996.41259765625,cuda:0,NVIDIA A100-PCIE-40GB,535.288.01,765.0,1335.0,1410.0,42.0,50.0,69.17,13.0,0,0,sw_power_cap,1.0,0.0,,303.419696461875,0.7558268420398235,True,2.3.1+cu121,2.3.0+cu121,8.4.153,raw/main/runs/trt_fp16/yolov8m/bs22__run4__20261002T190848_801859Z__ok.json,throttle sw_power_cap
main,trt_fp16,yolov8m,24,0,640,20261002T150507_238716Z,2026-10-02T15:05:08+00:00,19.21218469273299,19.263046560809016,0.3134569858068827,19.534514844417572,17.949757166206837,19.877320155501366,100,21.42815967556089,20.888883620500565,21.207768889144063,19.700808110646904,0.8005076955305412,1077.64892578125,cuda:0,NVIDIA A100-PCIE-40GB,535.288.01,1410.0,1335.0,1410.0,53.0,57.0,234.53,13.0,0,0,sw_power_cap,1.0,0.0,,298.9185196016915,0.7441119262948632,True,2.3.1+cu121,2.3.0+cu121,8.4.153,raw/main/runs/trt_fp16/yolov8m/bs24__run0__20261002T150507_238716Z__ok.json,throttle sw_power_cap
main,trt_fp16,yolov8m,24,1,640,20261002T161237_148434Z,2026-10-02T16:12:38+00:00,19.05049803201109,19.028357695788145,0.349474006710699,19.60273797158152,17.99546694383025,19.960318226367235,100,20.99790994077921,20.60149167664349,21.300757164135575,19.600773877464235,0.7937707513337955,1077.64892578125,cuda:0,NVIDIA A100-PCIE-40GB,535.288.01,390.0,1350.0,1410.0,44.0,52.0,238.92,13.0,0,0,sw_power_cap,1.0,0.0,,298.9185196016915,0.7706139511428773,True,2.3.1+cu121,2.3.0+cu121,8.4.153,raw/main/runs/trt_fp16/yolov8m/bs24__run1__20261002T161237_148434Z__ok.json,throttle sw_power_cap
main,trt_fp16,yolov8m,24,2,640,20261002T172711_599779Z,2026-10-02T17:27:12+00:00,19.093739101663232,19.042912172153592,0.35779699782809193,19.493614370003343,17.969815991818905,21.524955052882433,100,21.057697888463736,20.633562933653593,21.094194101169705,19.661402171477675,0.7955724625693014,1077.64892578125,cuda:0,NVIDIA A100-PCIE-40GB,535.288.01,765.0,1335.0,1410.0,48.0,53.0,242.43,13.0,0,0,sw_power_cap,1.0,0.0,,298.9185196016915,0.7538504749536514,True,2.3.1+cu121,2.3.0+cu121,8.4.153,raw/main/runs/trt_fp16/yolov8m/bs24__run2__20261002T172711_599779Z__ok.json,throttle sw_power_cap
main,trt_fp16,yolov8m,24,3,640,20261002T173243_819413Z,2026-10-02T17:32:45+00:00,19.116687844507396,19.207217497751117,0.38419794833163506,19.440806028433144,18.043906893581152,21.579279098659754,100,21.2505744677037,20.77398495748639,21.007168130017817,19.565224410034716,0.7965286601878082,1077.64892578125,cuda:0,NVIDIA A100-PCIE-40GB,535.288.01,765.0,1335.0,1410.0,43.0,51.0,197.05,13.0,0,0,sw_power_cap,1.0,0.0,,298.9185196016915,0.7521651508286595,True,2.3.1+cu121,2.3.0+cu121,8.4.153,raw/main/runs/trt_fp16/yolov8m/bs24__run3__20261002T173243_819413Z__ok.json,throttle sw_power_cap
main,trt_fp16,yolov8m,24,4,640,20261002T190957_794477Z,2026-10-02T19:09:59+00:00,18.936783196404576,18.930673832073808,0.24937651189617493,19.266045792028308,17.884832806885242,19.676020834594965,100,20.944782667793334,20.544630009680986,20.89458811096847,19.515925007872283,0.789032633183524,1077.64892578125,cuda:0,NVIDIA A100-PCIE-40GB,535.288.01,765.0,1335.0,1410.0,41.0,49.0,248.88,13.0,0,0,sw_power_cap,1.0,0.0,,298.9185196016915,0.7461635936051607,True,2.3.1+cu121,2.3.0+cu121,8.4.153,raw/main/runs/trt_fp16/yolov8m/bs24__run4__20261002T190957_794477Z__ok.json,throttle sw_power_cap
main,trt_fp16,yolov8m,26,0,640,20261002T145311_188512Z,2026-10-02T14:53:12+00:00,20.4654010431841,20.513117080554366,0.2392264282750154,20.705008250661194,19.384840968996286,20.97661094740033,100,22.545929355546832,22.214735625311732,22.416701586917043,20.906123691238463,0.7871308093532347,1169.49609375,cuda:0,NVIDIA A100-PCIE-40GB,535.288.01,585.0,1350.0,1410.0,42.0,50.0,212.84,13.0,0,0,sw_power_cap,1.0,0.0,,314.07665166817605,0.7530263178050518,True,2.3.1+cu121,2.3.0+cu121,8.4.153,raw/main/runs/trt_fp16/yolov8m/bs26__run0__20261002T145311_188512Z__ok.json,throttle sw_power_cap
main,trt_fp16,yolov8m,26,1,640,20261002T155949_417683Z,2026-10-02T15:59:50+00:00,20.58625596575439,20.68959316238761,0.28059863762609055,20.963497553020716,19.238117150962353,21.049796137958765,100,22.84670751541853,22.37962861545384,22.716536093503237,21.01873816922307,0.7917790756059381,1169.49609375,cuda:0,NVIDIA A100-PCIE-40GB,535.288.01,1410.0,1350.0,1410.0,50.0,55.0,61.53,13.0,0,0,sw_power_cap,1.0,0.0,,314.07665166817605,0.7640865966677666,True,2.3.1+cu121,2.3.0+cu121,8.4.153,raw/main/runs/trt_fp16/yolov8m/bs26__run1__20261002T155949_417683Z__ok.json,throttle sw_power_cap
main,trt_fp16,yolov8m,26,2,640,20261002T164009_793205Z,2026-10-02T16:40:11+00:00,20.553014161996543,20.645672921091318,0.29337736058342984,20.802513672970235,19.269465003162622,21.30019012838602,100,22.852188725955784,22.31326699256897,22.596560488454998,20.97173321992159,0.7905005446921748,1169.49609375,cuda:0,NVIDIA A100-PCIE-40GB,535.288.01,1410.0,1350.0,1410.0,48.0,54.0,61.82,13.0,0,0,sw_power_cap,1.0,0.0,,314.07665166817605,0.7520900201052427,True,2.3.1+cu121,2.3.0+cu121,8.4.153,raw/main/runs/trt_fp16/yolov8m/bs26__run2__20261002T164009_793205Z__ok.json,throttle sw_power_cap
main,trt_fp16,yolov8m,26,3,640,20261002T174237_329737Z,2026-10-02T17:42:38+00:00,20.52068622317165,20.54140204563737,0.2967245461399212,20.810209424234927,19.225208088755608,21.145635284483433,100,22.776561714708805,22.25445117801428,22.514659096486866,20.956888180226088,0.7892571624296789,1169.49609375,cuda:0,NVIDIA A100-PCIE-40GB,535.288.01,360.0,1350.0,1410.0,44.0,51.0,243.52,13.0,0,0,sw_power_cap,1.0,0.0,,314.07665166817605,0.7515580388717353,True,2.3.1+cu121,2.3.0+cu121,8.4.153,raw/main/runs/trt_fp16/yolov8m/bs26__run3__20261002T174237_329737Z__ok.json,throttle sw_power_cap
main,trt_fp16,yolov8m,26,4,640,20261002T192328_697980Z,2026-10-02T19:23:30+00:00,20.481733907945454,20.515605341643095,0.28956615793897245,20.770045020617545,19.175834953784943,21.012376062572002,100,22.572184298187494,22.238750709220767,22.521408926695585,20.93358197249472,0.7877589964594406,1169.49609375,cuda:0,NVIDIA A100-PCIE-40GB,535.288.01,765.0,1335.0,1410.0,43.0,51.0,59.65,13.0,0,0,sw_power_cap,1.0,0.0,,314.07665166817605,0.7635869192890823,True,2.3.1+cu121,2.3.0+cu121,8.4.153,raw/main/runs/trt_fp16/yolov8m/bs26__run4__20261002T192328_697980Z__ok.json,throttle sw_power_cap
main,trt_fp16,yolov8m,28,0,640,20261002T143244_643363Z,2026-10-02T14:32:46+00:00,21.945291995070875,21.94833103567362,0.2538895330234445,22.230483987368643,21.01230714470148,22.729773074388504,100,24.12188363261521,23.763334611430764,24.04008866287768,22.409872943535447,0.7837604283953884,1264.525390625,cuda:0,NVIDIA A100-PCIE-40GB,535.288.01,1410.0,1335.0,1410.0,48.0,53.0,254.26,13.0,0,0,sw_power_cap,1.0,0.0,,315.13293185597286,0.7718546809628606,True,2.3.1+cu121,2.3.0+cu121,8.4.153,raw/main/runs/trt_fp16/yolov8m/bs28__run0__20261002T143244_643363Z__ok.json,throttle sw_power_cap
main,trt_fp16,yolov8m,28,1,640,20261002T160650_969984Z,2026-10-02T16:06:52+00:00,21.86185585334897,21.912414813414216,0.2529388960776251,22.19749817159027,20.799046847969294,22.47324213385582,100,24.04287586454302,23.723533609881997,24.13766181562096,22.31581720057875,0.7807805661910346,1264.525390625,cuda:0,NVIDIA A100-PCIE-40GB,535.288.01,465.0,1335.0,1410.0,42.0,50.0,86.19,13.0,0,0,sw_power_cap,1.0,0.0,,315.13293185597286,0.7878511981107295,True,2.3.1+cu121,2.3.0+cu121,8.4.153,raw/main/runs/trt_fp16/yolov8m/bs28__run1__20261002T160650_969984Z__ok.json,throttle sw_power_cap
main,trt_fp16,yolov8m,28,2,640,20261002T163259_612923Z,2026-10-02T16:33:00+00:00,21.867967760190368,21.93498588167131,0.31852928730157926,22.224436094984412,20.570147782564163,22.516395896673203,100,24.041153113357723,23.743915604427457,24.05355805531144,22.356850001960993,0.7809988485782274,1264.525390625,cuda:0,NVIDIA A100-PCIE-40GB,535.288.01,375.0,1320.0,1410.0,45.0,52.0,244.76,13.0,0,0,sw_power_cap,1.0,0.0,,315.13293185597286,0.7819068799726665,True,2.3.1+cu121,2.3.0+cu121,8.4.153,raw/main/runs/trt_fp16/yolov8m/bs28__run2__20261002T163259_612923Z__ok.json,throttle sw_power_cap
main,trt_fp16,yolov8m,28,3,640,20261002T174813_538786Z,2026-10-02T17:48:14+00:00,21.863411995582283,21.942744497209787,0.2663107194271038,22.109517361968756,20.538229029625654,22.333755157887936,100,24.061808330006897,23.75223091803491,23.974192584864795,22.343925000168383,0.7808361426993672,1264.525390625,cuda:0,NVIDIA A100-PCIE-40GB,535.288.01,450.0,1335.0,1410.0,43.0,51.0,61.32,13.0,0,0,sw_power_cap,1.0,0.0,,315.13293185597286,0.7705785278230906,True,2.3.1+cu121,2.3.0+cu121,8.4.153,raw/main/runs/trt_fp16/yolov8m/bs28__run3__20261002T174813_538786Z__ok.json,throttle sw_power_cap
main,trt_fp16,yolov8m,28,4,640,20261002T185641_906014Z,2026-10-02T18:56:43+00:00,21.926304674707353,21.947486558929086,0.2788382782779391,22.23060156684369,20.61905898153782,22.310147993266582,100,24.105185181833804,23.74483714811504,24.05071137472987,22.38357484806329,0.7830823098109769,1264.525390625,cuda:0,NVIDIA A100-PCIE-40GB,535.288.01,480.0,1335.0,1410.0,45.0,53.0,65.5,13.0,0,0,sw_power_cap,1.0,0.0,,315.13293185597286,0.7778634526766837,True,2.3.1+cu121,2.3.0+cu121,8.4.153,raw/main/runs/trt_fp16/yolov8m/bs28__run4__20261002T185641_906014Z__ok.json,throttle sw_power_cap
main,trt_fp16,yolov8m,30,0,640,20261002T143638_697846Z,2026-10-02T14:36:40+00:00,23.446614099666476,23.465324426069856,0.2696543777013204,23.748437385074794,22.14042004197836,23.977207951247692,100,25.816464298404753,25.39658988825977,25.69433960597962,23.96050372160971,0.7815538033222159,1347.0615234375,cuda:0,NVIDIA A100-PCIE-40GB,535.288.01,765.0,1335.0,1410.0,47.0,54.0,247.95,13.0,0,0,sw_power_cap,1.0,0.0,,325.5169545649551,0.7764080781489611,True,2.3.1+cu121,2.3.0+cu121,8.4.153,raw/main/runs/trt_fp16/yolov8m/bs30__run0__20261002T143638_697846Z__ok.json,throttle sw_power_cap
main,trt_fp16,yolov8m,30,1,640,20261002T154120_269391Z,2026-10-02T15:41:21+00:00,23.498687706887722,23.474812041968107,0.40720712796844566,23.777661146596074,22.20286801457405,26.690621860325336,100,25.797472773119807,25.39572725072503,25.696003390476108,23.975376221351326,0.7832895902295908,1347.0615234375,cuda:0,NVIDIA A100-PCIE-40GB,535.288.01,1410.0,1335.0,1410.0,48.0,54.0,89.17,13.0,0,0,sw_power_cap,1.0,0.0,,325.5169545649551,0.7779564666561782,True,2.3.1+cu121,2.3.0+cu121,8.4.153,raw/main/runs/trt_fp16/yolov8m/bs30__run1__20261002T154120_269391Z__ok.json,throttle sw_power_cap
main,trt_fp16,yolov8m,30,2,640,20261002T171512_841507Z,2026-10-02T17:15:14+00:00,23.51920937653631,23.57433643192053,0.296829535190299,23.8818601006642,22.172024007886648,24.110950995236635,100,25.82571803126484,25.50742495805025,25.90958985965699,23.976678289473057,0.7839736458845437,1347.0615234375,cuda:0,NVIDIA A100-PCIE-40GB,535.288.01,1410.0,1335.0,1410.0,48.0,54.0,130.54,13.0,0,0,sw_power_cap,1.0,0.0,,325.5169545649551,0.7781477100215852,True,2.3.1+cu121,2.3.0+cu121,8.4.153,raw/main/runs/trt_fp16/yolov8m/bs30__run2__20261002T171512_841507Z__ok.json,throttle sw_power_cap
main,trt_fp16,yolov8m,30,3,640,20261002T182343_938033Z,2026-10-02T18:23:45+00:00,23.37110748514533,23.437255527824163,0.28476029388310087,23.71290682349354,21.74538094550371,23.845572024583817,100,25.879434919916093,25.356703670695424,25.638419715687633,23.849579049274325,0.779036916171511,1347.0615234375,cuda:0,NVIDIA A100-PCIE-40GB,535.288.01,660.0,1365.0,1410.0,41.0,49.0,61.53,13.0,0,0,sw_power_cap,1.0,0.0,,325.5169545649551,0.7855245051905513,True,2.3.1+cu121,2.3.0+cu121,8.4.153,raw/main/runs/trt_fp16/yolov8m/bs30__run3__20261002T182343_938033Z__ok.json,throttle sw_power_cap
main,trt_fp16,yolov8m,30,4,640,20261002T193327_927045Z,2026-10-02T19:33:29+00:00,23.42043934389949,23.43832701444626,0.3168207302921449,23.748773988336325,21.834996063262224,24.954746942967176,100,25.68927425891161,25.33342596143484,25.651342002674937,23.879710799083114,0.7806813114633163,1347.0615234375,cuda:0,NVIDIA A100-PCIE-40GB,535.288.01,765.0,1335.0,1410.0,41.0,49.0,215.29,13.0,0,0,sw_power_cap,1.0,0.0,,325.5169545649551,0.771195633802563,True,2.3.1+cu121,2.3.0+cu121,8.4.153,raw/main/runs/trt_fp16/yolov8m/bs30__run4__20261002T193327_927045Z__ok.json,throttle sw_power_cap
main,trt_fp16,yolov8m,32,0,640,20261002T142808_583028Z,2026-10-02T14:28:09+00:00,24.970295345410705,25.026468792930245,0.31041229705667134,25.362069089896977,23.29031191766262,25.6697298027575,100,27.426990238018334,27.04437682405114,27.37636254169047,25.505706039257348,0.7803217295440845,1437.798828125,cuda:0,NVIDIA A100-PCIE-40GB,535.288.01,1410.0,1290.0,1410.0,52.0,58.0,256.71,13.0,0,0,sw_power_cap,1.0,0.0,,320.1546239028685,0.7874559578485787,True,2.3.1+cu121,2.3.0+cu121,8.4.153,raw/main/runs/trt_fp16/yolov8m/bs32__run0__20261002T142808_583028Z__ok.json,throttle sw_power_cap
main,trt_fp16,yolov8m,32,1,640,20261002T163011_938027Z,2026-10-02T16:30:13+00:00,24.86850048415363,24.920625844970345,0.2877484378155899,25.138310412876308,23.41112680733204,25.77519929036498,100,27.29936388786882,26.957395020872355,27.31678462587297,25.388907403685153,0.7771406401298009,1437.798828125,cuda:0,NVIDIA A100-PCIE-40GB,535.288.01,765.0,1350.0,1410.0,45.0,52.0,247.56,13.0,0,0,sw_power_cap,1.0,0.0,,320.1546239028685,0.7909710970707238,True,2.3.1+cu121,2.3.0+cu121,8.4.153,raw/main/runs/trt_fp16/yolov8m/bs32__run1__20261002T163011_938027Z__ok.json,throttle sw_power_cap
main,trt_fp16,yolov8m,32,2,640,20261002T165631_805797Z,2026-10-02T16:56:33+00:00,24.881841731257737,24.944404838606715,0.31711523346566545,25.23347376845777,23.4205131419003,25.62402980402112,100,27.252827091142535,26.948152109980583,27.37161337863654,25.38699510972947,0.7775575541018043,1437.798828125,cuda:0,NVIDIA A100-PCIE-40GB,535.288.01,585.0,1350.0,1410.0,45.0,51.0,57.37,13.0,0,0,sw_power_cap,1.0,0.0,,320.1546239028685,0.7815137943252921,True,2.3.1+cu121,2.3.0+cu121,8.4.153,raw/main/runs/trt_fp16/yolov8m/bs32__run2__20261002T165631_805797Z__ok.json,throttle sw_power_cap
main,trt_fp16,yolov8m,32,3,640,20261002T173720_093137Z,2026-10-02T17:37:21+00:00,24.999475767835975,25.04454180598259,0.29169263193941003,25.364698213525116,23.44269212335348,25.579440407454967,100,27.39706640597433,27.0724231377244,27.419821708463132,25.55941325146705,0.7812336177448742,1437.798828125,cuda:0,NVIDIA A100-PCIE-40GB,535.288.01,1410.0,1335.0,1410.0,54.0,59.0,68.5,13.0,0,0,sw_power_cap,1.0,0.0,,320.1546239028685,0.7848713621497154,True,2.3.1+cu121,2.3.0+cu121,8.4.153,raw/main/runs/trt_fp16/yolov8m/bs32__run3__20261002T173720_093137Z__ok.json,throttle sw_power_cap
main,trt_fp16,yolov8m,32,4,640,20261002T191445_431667Z,2026-10-02T19:14:46+00:00,24.87881545908749,24.934418266639113,0.3066018774594263,25.209334981627762,23.23171915486455,25.47961939126253,100,27.290314440615475,26.938682654872537,27.24460659082979,25.42434179689735,0.7774629830964841,1437.798828125,cuda:0,NVIDIA A100-PCIE-40GB,535.288.01,525.0,1335.0,1410.0,47.0,53.0,246.93,13.0,0,0,sw_power_cap,1.0,0.0,,320.1546239028685,0.7893003588542342,True,2.3.1+cu121,2.3.0+cu121,8.4.153,raw/main/runs/trt_fp16/yolov8m/bs32__run4__20261002T191445_431667Z__ok.json,throttle sw_power_cap
main,trt_fp16,yolov8m,40,0,640,20261002T143926_792159Z,2026-10-02T14:39:28+00:00,30.640815128572285,30.650066677480936,0.33256443807846614,31.015512789599597,28.64377712830901,31.34892787784338,100,33.491688896901906,33.12576492317021,33.58718401286751,31.299764472059906,0.7660203782143071,1424.74951171875,cuda:0,NVIDIA A100-PCIE-40GB,535.288.01,765.0,1335.0,1410.0,43.0,51.0,55.59,13.0,0,0,sw_power_cap,1.0,0.0,,347.1941330488771,0.7728264140896499,True,2.3.1+cu121,2.3.0+cu121,8.4.153,raw/main/runs/trt_fp16/yolov8m/bs40__run0__20261002T143926_792159Z__ok.json,throttle sw_power_cap
main,trt_fp16,yolov8m,40,1,640,20261002T153758_510868Z,2026-10-02T15:37:59+00:00,30.666431430727243,30.667554819956422,0.39539049023846207,31.229467340745032,28.660750947892666,31.57072188332677,100,33.504300927743316,33.14880095422268,33.73999590985477,31.341876392252743,0.7666607857681811,1424.74951171875,cuda:0,NVIDIA A100-PCIE-40GB,535.288.01,765.0,1350.0,1410.0,45.0,53.0,259.24,13.0,0,0,sw_power_cap,1.0,0.0,,347.1941330488771,0.7770138620398939,True,2.3.1+cu121,2.3.0+cu121,8.4.153,raw/main/runs/trt_fp16/yolov8m/bs40__run1__20261002T153758_510868Z__ok.json,throttle sw_power_cap
main,trt_fp16,yolov8m,40,2,640,20261002T164452_126807Z,2026-10-02T16:44:53+00:00,30.686437329277396,30.675780260935426,0.3509780780644548,31.257716077379882,28.701144736260176,31.468885950744152,100,33.58432168606669,33.16186089068651,33.70029197540134,31.355394562706348,0.7671609332319349,1424.74951171875,cuda:0,NVIDIA A100-PCIE-40GB,535.288.01,765.0,1320.0,1410.0,45.0,52.0,234.94,13.0,0,0,sw_power_cap,1.0,0.0,,347.1941330488771,0.7687692497856915,True,2.3.1+cu121,2.3.0+cu121,8.4.153,raw/main/runs/trt_fp16/yolov8m/bs40__run2__20261002T164452_126807Z__ok.json,throttle sw_power_cap
main,trt_fp16,yolov8m,40,3,640,20261002T181016_385215Z,2026-10-02T18:10:17+00:00,30.65749250818044,30.64071643166244,0.3520790441669896,31.171776307746768,28.480177745223045,31.63467487320304,100,33.68898676708341,33.122997963801026,33.658954594284296,31.31494408939034,0.766437312704511,1424.74951171875,cuda:0,NVIDIA A100-PCIE-40GB,535.288.01,765.0,1335.0,1410.0,45.0,54.0,126.24,13.0,0,0,sw_power_cap,1.0,0.0,,347.1941330488771,0.7664587353356183,True,2.3.1+cu121,2.3.0+cu121,8.4.153,raw/main/runs/trt_fp16/yolov8m/bs40__run3__20261002T181016_385215Z__ok.json,throttle sw_power_cap
main,trt_fp16,yolov8m,40,4,640,20261002T190200_741778Z,2026-10-02T19:02:02+00:00,30.63381257466972,30.639913398772478,0.3427965215855869,31.080172397196293,28.778649866580963,31.305463053286076,100,33.505540983751416,33.14095106907189,33.58369192574173,31.279632179066542,0.765845314366743,1424.74951171875,cuda:0,NVIDIA A100-PCIE-40GB,535.288.01,765.0,1320.0,1410.0,44.0,53.0,134.94,13.0,0,0,sw_power_cap,1.0,0.0,,347.1941330488771,0.7797303809784353,True,2.3.1+cu121,2.3.0+cu121,8.4.153,raw/main/runs/trt_fp16/yolov8m/bs40__run4__20261002T190200_741778Z__ok.json,throttle sw_power_cap
main,trt_fp16,yolov8m,48,0,640,20261002T143848_912718Z,2026-10-02T14:38:50+00:00,36.869708574377,37.05229121260345,0.47570254517291427,37.4546525767073,34.355794079601765,37.62214398011565,100,40.186326056718826,39.95007975026965,40.350641892291605,37.44329747278243,0.7681189286328541,1486.8994140625,cuda:0,NVIDIA A100-PCIE-40GB,535.288.01,540.0,1320.0,1410.0,43.0,52.0,69.57,13.0,0,0,sw_power_cap,1.0,0.0,,373.358320329804,0.7544446899555624,True,2.3.1+cu121,2.3.0+cu121,8.4.153,raw/main/runs/trt_fp16/yolov8m/bs48__run0__20261002T143848_912718Z__ok.json,throttle sw_power_cap
main,trt_fp16,yolov8m,48,1,640,20261002T162135_142354Z,2026-10-02T16:21:36+00:00,36.98251179419458,37.130273412913084,0.5578816597913964,37.44039935991168,34.14841229096055,37.649726029485464,100,40.43091397266835,40.08224816061556,40.37598099093884,37.49786844942719,0.770468995712387,1486.8994140625,cuda:0,NVIDIA A100-PCIE-40GB,535.288.01,585.0,1320.0,1410.0,45.0,54.0,177.08,13.0,0,0,sw_power_cap,1.0,0.0,,373.358320329804,0.7839511060155928,True,2.3.1+cu121,2.3.0+cu121,8.4.153,raw/main/runs/trt_fp16/yolov8m/bs48__run1__20261002T162135_142354Z__ok.json,throttle sw_power_cap
main,trt_fp16,yolov8m,48,2,640,20261002T173138_885428Z,2026-10-02T17:31:40+00:00,37.31851472053677,37.45201742276549,0.4869606346715415,37.68324479460716,34.32375192642212,38.782802410423756,100,40.57876783888787,40.30306311324239,40.763658354990184,37.63762522954494,0.7774690566778494,1486.8994140625,cuda:0,NVIDIA A100-PCIE-40GB,535.288.01,1410.0,1320.0,1410.0,51.0,57.0,250.18,13.0,0,0,sw_power_cap,1.0,0.0,,373.358320329804,0.994052296038717,True,2.3.1+cu121,2.3.0+cu121,8.4.153,raw/main/runs/trt_fp16/yolov8m/bs48__run2__20261002T173138_885428Z__ok.json,throttle sw_power_cap
main,trt_fp16,yolov8m,48,3,640,20261002T182239_405503Z,2026-10-02T18:22:40+00:00,36.94247616454959,37.037603789940476,0.538124756306931,37.602272583171725,33.920429181307554,37.754422053694725,100,40.18134766258299,39.891722379252315,40.46728902030736,37.46507795061916,0.7696349200947831,1486.8994140625,cuda:0,NVIDIA A100-PCIE-40GB,535.288.01,765.0,1320.0,1410.0,45.0,54.0,221.59,13.0,0,0,sw_power_cap,1.0,0.0,,373.358320329804,0.7709367228671908,True,2.3.1+cu121,2.3.0+cu121,8.4.153,raw/main/runs/trt_fp16/yolov8m/bs48__run3__20261002T182239_405503Z__ok.json,throttle sw_power_cap
main,trt_fp16,yolov8m,48,4,640,20261002T193219_134557Z,2026-10-02T19:32:20+00:00,36.821595039218664,36.874838871881366,0.472882437297336,37.42642549332231,34.366883803159,37.46162494644523,100,40.07667706348002,39.79157330468297,40.32589413691312,37.399705960415304,0.7671165633170555,1486.8994140625,cuda:0,NVIDIA A100-PCIE-40GB,535.288.01,765.0,1335.0,1410.0,45.0,52.0,73.84,13.0,0,0,sw_power_cap,1.0,0.0,,373.358320329804,0.7705668988637626,True,2.3.1+cu121,2.3.0+cu121,8.4.153,raw/main/runs/trt_fp16/yolov8m/bs48__run4__20261002T193219_134557Z__ok.json,throttle sw_power_cap
main,trt_fp16,yolov8m,56,0,640,20261002T151732_232856Z,2026-10-02T15:17:33+00:00,42.395855505019426,42.40497387945652,0.483828317980519,43.14215031918138,39.825578685849905,43.3280267752707,100,46.12743102014065,45.77669291757047,46.4840141357854,43.36208411026746,0.7570688483039183,1465.14794921875,cuda:0,NVIDIA A100-PCIE-40GB,535.288.01,765.0,1320.0,1410.0,44.0,53.0,245.16,13.0,0,0,sw_power_cap,1.0,0.0,,399.0848843851127,0.7752579916268587,True,2.3.1+cu121,2.3.0+cu121,8.4.153,raw/main/runs/trt_fp16/yolov8m/bs56__run0__20261002T151732_232856Z__ok.json,throttle sw_power_cap
main,trt_fp16,yolov8m,56,1,640,20261002T154013_857840Z,2026-10-02T15:40:15+00:00,42.33572035562247,42.30030905455351,0.49177967540532164,43.10375836212188,39.909414015710354,43.32213383167982,100,46.06404762715101,45.65336857922375,46.447517070919275,43.26227551791817,0.7559950063504013,1465.14794921875,cuda:0,NVIDIA A100-PCIE-40GB,535.288.01,660.0,1320.0,1410.0,41.0,51.0,57.88,13.0,0,0,sw_power_cap,1.0,0.0,,399.0848843851127,0.7753341048955917,True,2.3.1+cu121,2.3.0+cu121,8.4.153,raw/main/runs/trt_fp16/yolov8m/bs56__run1__20261002T154013_857840Z__ok.json,throttle sw_power_cap
main,trt_fp16,yolov8m,56,2,640,20261002T172945_337927Z,2026-10-02T17:29:46+00:00,42.32153286691755,42.32562193647027,0.5132806677678037,43.01222518552095,39.307120721787214,43.14363095909357,100,46.28710917197168,45.69711326621473,46.50156090501696,43.298518122173846,0.7557416583378134,1465.14794921875,cuda:0,NVIDIA A100-PCIE-40GB,535.288.01,420.0,1320.0,1410.0,41.0,51.0,253.66,13.0,0,0,sw_power_cap,1.0,0.0,,399.0848843851127,0.7666113101877272,True,2.3.1+cu121,2.3.0+cu121,8.4.153,raw/main/runs/trt_fp16/yolov8m/bs56__run2__20261002T172945_337927Z__ok.json,throttle sw_power_cap
main,trt_fp16,yolov8m,56,3,640,20261002T183111_544737Z,2026-10-02T18:31:12+00:00,42.47536793816835,42.39712143316865,0.5120443802285337,43.343653599731624,39.89978181198239,43.560384307056665,100,46.2187039013952,45.76478712260723,46.710863476619124,43.434043559245765,0.7584887131815776,1465.14794921875,cuda:0,NVIDIA A100-PCIE-40GB,535.288.01,765.0,1320.0,1410.0,47.0,55.0,237.38,13.0,0,0,sw_power_cap,1.0,0.0,,399.0848843851127,0.7623582351952791,True,2.3.1+cu121,2.3.0+cu121,8.4.153,raw/main/runs/trt_fp16/yolov8m/bs56__run3__20261002T183111_544737Z__ok.json,throttle sw_power_cap
main,trt_fp16,yolov8m,56,4,640,20261002T192419_573563Z,2026-10-02T19:24:20+00:00,42.427277974784374,42.4162361305207,0.5986656677685979,43.10299756471068,39.672784972935915,45.268929563462734,100,46.121829468756914,45.72547925636172,46.62487187888473,43.36309123784304,0.7576299638354352,1465.14794921875,cuda:0,NVIDIA A100-PCIE-40GB,535.288.01,525.0,1335.0,1410.0,44.0,53.0,253.55,13.0,0,0,sw_power_cap,1.0,0.0,,399.0848843851127,0.7756038652732968,True,2.3.1+cu121,2.3.0+cu121,8.4.153,raw/main/runs/trt_fp16/yolov8m/bs56__run4__20261002T192419_573563Z__ok.json,throttle sw_power_cap
main,trt_fp16,yolov8m,64,0,640,20261002T143750_806040Z,2026-10-02T14:37:52+00:00,48.278731130994856,48.29290299676359,0.5004636920118306,48.99884080514312,45.24828074499965,49.43877598270774,100,52.42578234523535,52.09010117687285,52.761544776149094,49.40367887262255,0.7543551739217946,1675.59765625,cuda:0,NVIDIA A100-PCIE-40GB,535.288.01,765.0,1320.0,1410.0,45.0,54.0,256.22,13.0,0,0,sw_power_cap,1.0,0.0,,423.8774270792492,0.7801568377763033,True,2.3.1+cu121,2.3.0+cu121,8.4.153,raw/main/runs/trt_fp16/yolov8m/bs64__run0__20261002T143750_806040Z__ok.json,throttle sw_power_cap
main,trt_fp16,yolov8m,64,1,640,20261002T154543_909385Z,2026-10-02T15:45:45+00:00,48.323545013554394,48.30084298737347,0.5701887374556155,49.122325517237186,44.83133088797331,49.46758504956961,100,52.64222131576389,52.10369289852679,52.94558259192854,49.405732401646674,0.7550553908367874,1675.59765625,cuda:0,NVIDIA A100-PCIE-40GB,535.288.01,405.0,1320.0,1410.0,45.0,54.0,259.67,13.0,0,0,sw_power_cap,1.0,0.0,,423.8774270792492,0.7844522539526224,True,2.3.1+cu121,2.3.0+cu121,8.4.153,raw/main/runs/trt_fp16/yolov8m/bs64__run1__20261002T154543_909385Z__ok.json,throttle sw_power_cap
main,trt_fp16,yolov8m,64,2,640,20261002T163717_358025Z,2026-10-02T16:37:18+00:00,48.57833585701883,48.62904688343406,0.6293961886422443,49.149853899143636,44.89139188081026,51.32133513689041,100,52.91462907101959,52.39493655972183,52.90687612723559,49.65050003025681,0.7590364977659192,1675.59765625,cuda:0,NVIDIA A100-PCIE-40GB,535.288.01,1410.0,1350.0,1410.0,51.0,57.0,253.16,13.0,0,0,sw_power_cap,1.0,0.0,,423.8774270792492,0.7890026899985969,True,2.3.1+cu121,2.3.0+cu121,8.4.153,raw/main/runs/trt_fp16/yolov8m/bs64__run2__20261002T163717_358025Z__ok.json,throttle sw_power_cap
main,trt_fp16,yolov8m,64,3,640,20261002T181827_421078Z,2026-10-02T18:18:28+00:00,48.32742024678737,48.3139508869499,0.5662936122213843,49.044208764098585,44.894464779645205,49.389834981411695,100,52.50111457891762,52.145813358947635,52.95754068065435,49.35365241020918,0.7551159413560526,1675.59765625,cuda:0,NVIDIA A100-PCIE-40GB,535.288.01,765.0,1320.0,1410.0,45.0,55.0,253.69,13.0,0,0,sw_power_cap,1.0,0.0,,423.8774270792492,0.7805183986201882,True,2.3.1+cu121,2.3.0+cu121,8.4.153,raw/main/runs/trt_fp16/yolov8m/bs64__run3__20261002T181827_421078Z__ok.json,throttle sw_power_cap
main,trt_fp16,yolov8m,64,4,640,20261002T190350_103386Z,2026-10-02T19:03:51+00:00,48.31603032536805,48.2989635784179,0.5124432213600127,49.00424636434764,45.1166620478034,49.27900293841958,100,52.463578726165,52.056669257581234,52.73623114917427,49.354462968185544,0.7549379738338757,1675.59765625,cuda:0,NVIDIA A100-PCIE-40GB,535.288.01,480.0,1335.0,1410.0,45.0,54.0,251.4,13.0,0,0,sw_power_cap,1.0,0.0,,423.8774270792492,0.7730385339818895,True,2.3.1+cu121,2.3.0+cu121,8.4.153,raw/main/runs/trt_fp16/yolov8m/bs64__run4__20261002T190350_103386Z__ok.json,throttle sw_power_cap
main,trt_fp16,yolov8n,1,0,640,20261002T151715_412832Z,2026-10-02T15:17:16+00:00,1.6669736988842487,1.6610915772616863,0.05302851122450989,1.6691396245732903,1.6542919911444187,2.1906509064137936,100,6.842703316360712,2.1789066959172487,2.3944614455103874,0.9916759608313442,1.6669736988842487,44.98193359375,cuda:0,NVIDIA A100-PCIE-40GB,535.288.01,465.0,1410.0,1410.0,46.0,46.0,127.16,13.0,0,0,,1.0,0.0,,258.0056518726051,0.16464380826801062,True,2.3.1+cu121,2.3.0+cu121,8.4.153,raw/main/runs/trt_fp16/yolov8n/bs1__run0__20261002T151715_412832Z__ok.json,
main,trt_fp16,yolov8n,1,1,640,20261002T162536_933244Z,2026-10-02T16:25:38+00:00,1.6678362339735031,1.6617199871689081,0.05362006840415027,1.6727755079045892,1.6571050509810448,2.1969741210341454,100,7.2102653933689,2.3730630055069923,2.4139331420883536,1.007441901601851,1.6678362339735031,44.98193359375,cuda:0,NVIDIA A100-PCIE-40GB,535.288.01,1410.0,1410.0,1410.0,47.0,46.0,87.53,13.0,0,0,,1.0,0.0,,258.0056518726051,0.16576930973678827,True,2.3.1+cu121,2.3.0+cu121,8.4.153,raw/main/runs/trt_fp16/yolov8n/bs1__run1__20261002T162536_933244Z__ok.json,
main,trt_fp16,yolov8n,1,2,640,20261002T164826_793235Z,2026-10-02T16:48:28+00:00,1.6311292862519622,1.6824118793010712,0.20096929704940972,1.693948358297348,1.0230448096990585,2.217364963144064,100,7.107096659019589,2.0114488434046507,2.4635506561025977,0.8695190073922276,1.6311292862519622,44.982421875,cuda:0,NVIDIA A100-PCIE-40GB,535.288.01,450.0,1380.0,1410.0,44.0,44.0,119.51,13.0,0,0,,1.0,0.0,,258.0056518726051,0.16141031589359045,True,2.3.1+cu121,2.3.0+cu121,8.4.153,raw/main/runs/trt_fp16/yolov8n/bs1__run2__20261002T164826_793235Z__ok.json,
main,trt_fp16,yolov8n,1,3,640,20261002T180007_001032Z,2026-10-02T18:00:08+00:00,1.4857135294005275,1.5564882196485996,0.12053245884279862,1.56754853669554,1.349140889942646,2.141352277249098,100,7.235155566595495,2.057576086372137,2.282100706361234,1.1955616204068065,1.4857135294005275,44.98193359375,cuda:0,NVIDIA A100-PCIE-40GB,535.288.01,765.0,1410.0,1410.0,47.0,46.0,57.84,13.0,0,0,,1.0,0.0,,258.0056518726051,0.16435719700530171,True,2.3.1+cu121,2.3.0+cu121,8.4.153,raw/main/runs/trt_fp16/yolov8n/bs1__run3__20261002T180007_001032Z__ok.json,
main,trt_fp16,yolov8n,1,4,640,20261002T190533_956013Z,2026-10-02T19:05:35+00:00,1.6720611322671175,1.6594291664659977,0.06989845381661074,1.6711406875401735,1.6538091003894806,2.2334749810397625,100,6.78590415045619,2.3526321165263653,2.3908790666610003,1.0988666582852602,1.6720611322671175,44.98193359375,cuda:0,NVIDIA A100-PCIE-40GB,535.288.01,765.0,1410.0,1410.0,45.0,45.0,63.8,13.0,0,0,,1.0,0.0,,258.0056518726051,0.16417572181671858,True,2.3.1+cu121,2.3.0+cu121,8.4.153,raw/main/runs/trt_fp16/yolov8n/bs1__run4__20261002T190533_956013Z__ok.json,
main,trt_fp16,yolov8n,2,0,640,20261002T152726_138456Z,2026-10-02T15:27:27+00:00,1.859256587922573,1.9773803651332855,0.28649630761251144,1.9887239439412951,1.222990918904543,2.5033727288246155,100,8.12345138285309,3.131329081952572,3.1568868784233928,1.0683468217030168,0.9296282939612865,91.00927734375,cuda:0,NVIDIA A100-PCIE-40GB,535.288.01,765.0,1410.0,1410.0,48.0,48.0,95.25,13.0,0,0,,1.0,0.0,,245.34518105024472,0.15566820884123445,True,2.3.1+cu121,2.3.0+cu121,8.4.153,raw/main/runs/trt_fp16/yolov8n/bs2__run0__20261002T152726_138456Z__ok.json,
main,trt_fp16,yolov8n,2,1,640,20261002T155058_912047Z,2026-10-02T15:51:00+00:00,1.77422683686018,1.9748280756175518,0.35135800049060806,1.9836032064631581,1.1848160065710545,2.416962292045355,100,8.766037956811488,2.753158798441291,3.1585749704390764,1.0335526010021567,0.88711341843009,91.0087890625,cuda:0,NVIDIA A100-PCIE-40GB,535.288.01,1410.0,1410.0,1410.0,52.0,51.0,115.74,13.0,0,0,,1.0,0.0,,245.34518105024472,0.16281692031770945,True,2.3.1+cu121,2.3.0+cu121,8.4.153,raw/main/runs/trt_fp16/yolov8n/bs2__run1__20261002T155058_912047Z__ok.json,
main,trt_fp16,yolov8n,2,2,640,20261002T171245_808305Z,2026-10-02T17:12:47+00:00,1.6993156168609858,1.9749945495277643,0.32711099546325684,1.9860619911924005,1.3403869234025478,2.5246888399124146,100,7.284887246787548,2.4885174352675676,3.159063565544784,1.1542866099625826,0.8496578084304929,91.0087890625,cuda:0,NVIDIA A100-PCIE-40GB,535.288.01,510.0,1410.0,1410.0,47.0,47.0,111.13,13.0,0,0,,1.0,0.0,,245.34518105024472,0.1692701019346714,True,2.3.1+cu121,2.3.0+cu121,8.4.153,raw/main/runs/trt_fp16/yolov8n/bs2__run2__20261002T171245_808305Z__ok.json,
main,trt_fp16,yolov8n,2,3,640,20261002T180502_451087Z,2026-10-02T18:05:03+00:00,1.9870381942018867,1.9814996048808098,0.05142500919038795,1.9888377515599132,1.9756099209189415,2.495048101991415,100,7.7054339880123734,2.7723119128495455,3.1678717816248536,1.1150769796222448,0.9935190971009433,91.0087890625,cuda:0,NVIDIA A100-PCIE-40GB,535.288.01,375.0,1410.0,1410.0,43.0,44.0,161.7,13.0,0,0,,1.0,0.0,,245.34518105024472,0.1771463523618877,True,2.3.1+cu121,2.3.0+cu121,8.4.153,raw/main/runs/trt_fp16/yolov8n/bs2__run3__20261002T180502_451087Z__ok.json,
main,trt_fp16,yolov8n,2,4,640,20261002T183655_765300Z,2026-10-02T18:36:57+00:00,1.7125829448923469,1.967863878235221,0.31139078132665327,1.9773917505517602,1.3561700470745564,2.4100779555737972,100,8.015243099071085,2.7540733572095633,3.1783304177224636,1.1603736691176891,0.8562914724461734,91.0087890625,cuda:0,NVIDIA A100-PCIE-40GB,535.288.01,330.0,1410.0,1410.0,43.0,44.0,71.22,13.0,0,0,,1.0,0.0,,245.34518105024472,0.15735952695831656,True,2.3.1+cu121,2.3.0+cu121,8.4.153,raw/main/runs/trt_fp16/yolov8n/bs2__run4__20261002T183655_765300Z__ok.json,
main,trt_fp16,yolov8n,4,0,640,20261002T144017_301506Z,2026-10-02T14:40:18+00:00,2.221274822950363,2.5768387131392956,0.5555273826160896,2.5844089221209288,1.5866546891629696,4.863284062594175,100,8.873931998386979,3.8864193484187126,4.677181970328093,1.4022215269505978,0.5553187057375908,179.60986328125,cuda:0,NVIDIA A100-PCIE-40GB,535.288.01,1410.0,1410.0,1410.0,49.0,49.0,206.24,13.0,0,0,,1.0,0.0,,241.50444677798077,0.18749282276257873,True,2.3.1+cu121,2.3.0+cu121,8.4.153,raw/main/runs/trt_fp16/yolov8n/bs4__run0__20261002T144017_301506Z__ok.json,
main,trt_fp16,yolov8n,4,1,640,20261002T160211_096826Z,2026-10-02T16:02:12+00:00,2.09960185457021,1.6651302576065063,0.46728987601352745,2.5867493357509375,1.6553248278796673,3.0241040512919426,100,8.320007962174714,3.3090992365032434,4.297009017318487,1.410638471134007,0.5249004636425525,179.60986328125,cuda:0,NVIDIA A100-PCIE-40GB,535.288.01,540.0,1410.0,1410.0,47.0,48.0,206.4,13.0,0,0,,1.0,0.0,,241.50444677798077,0.17649186495691538,True,2.3.1+cu121,2.3.0+cu121,8.4.153,raw/main/runs/trt_fp16/yolov8n/bs4__run1__20261002T160211_096826Z__ok.json,
main,trt_fp16,yolov8n,4,2,640,20261002T165956_681179Z,2026-10-02T16:59:58+00:00,2.2347001312300563,2.1641450002789497,0.3321938217462023,2.582456637173891,1.5276288613677025,3.034885972738266,100,8.922085636295378,3.819003002718091,4.644671967253089,1.37658657040447,0.5586750328075141,179.61083984375,cuda:0,NVIDIA A100-PCIE-40GB,535.288.01,645.0,1410.0,1410.0,48.0,49.0,173.96,13.0,0,0,,1.0,0.0,,241.50444677798077,0.177384614944458,True,2.3.1+cu121,2.3.0+cu121,8.4.153,raw/main/runs/trt_fp16/yolov8n/bs4__run2__20261002T165956_681179Z__ok.json,
main,trt_fp16,yolov8n,4,3,640,20261002T175548_197267Z,2026-10-02T17:55:49+00:00,2.209586836397648,2.593768760561943,0.49757189630430626,2.6062672957777977,1.5866640023887157,3.006025217473507,100,8.831518492661417,3.894238034263253,4.664056724868715,1.4050170267000794,0.552396709099412,179.60986328125,cuda:0,NVIDIA A100-PCIE-40GB,535.288.01,555.0,1410.0,1410.0,43.0,44.0,115.36,13.0,0,0,,1.0,0.0,,241.50444677798077,0.17945683421567082,True,2.3.1+cu121,2.3.0+cu121,8.4.153,raw/main/runs/trt_fp16/yolov8n/bs4__run3__20261002T175548_197267Z__ok.json,
main,trt_fp16,yolov8n,4,4,640,20261002T193122_628797Z,2026-10-02T19:31:24+00:00,2.094008387066424,1.9856097642332315,0.23927152589597062,2.35732386354357,1.5118657611310482,2.7408283203840256,100,8.466905453242362,3.6479919217526913,4.421656462363899,1.3572323508560658,0.523502096766606,179.609375,cuda:0,NVIDIA A100-PCIE-40GB,535.288.01,1410.0,1410.0,1410.0,46.0,46.0,207.68,13.0,0,0,,1.0,0.0,,241.50444677798077,0.17418975522741675,True,2.3.1+cu121,2.3.0+cu121,8.4.153,raw/main/runs/trt_fp16/yolov8n/bs4__run4__20261002T193122_628797Z__ok.json,
main,trt_fp16,yolov8n,6,0,640,20261002T144231_476047Z,2026-10-02T14:42:32+00:00,2.5543468119576573,2.394365845248103,0.598366090982675,3.245838708244264,1.9214698113501072,5.510773975402117,100,9.573112688958645,4.913320066407323,5.85142073687166,1.7688672104850411,0.42572446865960956,269.41455078125,cuda:0,NVIDIA A100-PCIE-40GB,535.288.01,345.0,1410.0,1410.0,45.0,48.0,229.92,13.0,0,0,,1.0,0.0,,246.02620053803548,0.17316790390759706,True,2.3.1+cu121,2.3.0+cu121,8.4.153,raw/main/runs/trt_fp16/yolov8n/bs6__run0__20261002T144231_476047Z__ok.json,
main,trt_fp16,yolov8n,6,1,640,20261002T161520_331712Z,2026-10-02T16:15:21+00:00,2.458159360103309,1.9538311753422022,0.6300220736483492,3.218848817050457,1.9105090759694576,3.6077150143682957,100,9.348078104667366,4.120781552046537,5.798841128125787,1.7538826307281852,0.40969322668388486,269.4140625,cuda:0,NVIDIA A100-PCIE-40GB,535.288.01,675.0,1410.0,1410.0,47.0,49.0,67.08,13.0,0,0,,1.0,0.0,,246.02620053803548,0.17594290478155017,True,2.3.1+cu121,2.3.0+cu121,8.4.153,raw/main/runs/trt_fp16/yolov8n/bs6__run1__20261002T161520_331712Z__ok.json,
main,trt_fp16,yolov8n,6,2,640,20261002T164030_519510Z,2026-10-02T16:40:31+00:00,2.4810232874006033,1.9994894973933697,0.6265135142742555,3.2590167364105582,1.920485869050026,3.6467942409217358,100,9.8428701935336,4.5111284125596285,5.864779325202107,1.7661350965499878,0.4135038812334339,269.4140625,cuda:0,NVIDIA A100-PCIE-40GB,535.288.01,450.0,1410.0,1410.0,44.0,47.0,200.96,13.0,0,0,,1.0,0.0,,246.02620053803548,0.1776103158481419,True,2.3.1+cu121,2.3.0+cu121,8.4.153,raw/main/runs/trt_fp16/yolov8n/bs6__run2__20261002T164030_519510Z__ok.json,
main,trt_fp16,yolov8n,6,3,640,20261002T175037_130305Z,2026-10-02T17:50:38+00:00,2.7003149781376123,2.0381950307637453,0.8560441342653184,3.266831859946251,1.9303280860185623,7.15613504871726,100,10.32579303253442,4.553147591650486,5.8822378516197205,1.7695050686597824,0.4500524963562687,269.41357421875,cuda:0,NVIDIA A100-PCIE-40GB,535.288.01,765.0,1410.0,1410.0,41.0,44.0,63.71,13.0,0,0,,1.0,0.0,,246.02620053803548,0.17465563397854567,True,2.3.1+cu121,2.3.0+cu121,8.4.153,raw/main/runs/trt_fp16/yolov8n/bs6__run3__20261002T175037_130305Z__ok.json,
main,trt_fp16,yolov8n,6,4,640,20261002T190015_833440Z,2026-10-02T19:00:17+00:00,2.5050498312339187,2.0252440590411425,0.6152494861502995,3.237983980216086,1.9092066213488579,3.4849997609853745,100,9.774109735153615,4.920884966850281,6.2262124149128795,1.7556900018826127,0.41750830520565313,269.41552734375,cuda:0,NVIDIA A100-PCIE-40GB,535.288.01,765.0,1410.0,1410.0,40.0,44.0,117.85,13.0,0,0,,1.0,0.0,,246.02620053803548,0.1751088062301278,True,2.3.1+cu121,2.3.0+cu121,8.4.153,raw/main/runs/trt_fp16/yolov8n/bs6__run4__20261002T190015_833440Z__ok.json,
main,trt_fp16,yolov8n,8,0,640,20261002T145547_950584Z,2026-10-02T14:55:49+00:00,2.875093868933618,2.8052853886038065,0.7833295671781526,3.424336761236191,2.2271820344030857,7.929064799100161,100,10.267652128823102,5.495506571605802,6.5412821713835,2.0764098782092333,0.35938673361670226,364.15234375,cuda:0,NVIDIA A100-PCIE-40GB,535.288.01,765.0,1410.0,1410.0,42.0,45.0,118.55,13.0,0,0,,1.0,0.0,,244.7141352808103,0.17500869929790497,True,2.3.1+cu121,2.3.0+cu121,8.4.153,raw/main/runs/trt_fp16/yolov8n/bs8__run0__20261002T145547_950584Z__ok.json,
main,trt_fp16,yolov8n,8,1,640,20261002T160625_117422Z,2026-10-02T16:06:26+00:00,2.8888587886467576,2.3443095851689577,0.7011718403461926,3.7190253380686045,2.2274069488048553,4.130296874791384,100,11.057752342894673,5.346112651750445,7.118865591473877,2.0740874065086246,0.3611073485808447,364.15234375,cuda:0,NVIDIA A100-PCIE-40GB,535.288.01,420.0,1410.0,1410.0,45.0,48.0,253.99,13.0,0,0,,1.0,0.0,,244.7141352808103,0.17612074268981814,True,2.3.1+cu121,2.3.0+cu121,8.4.153,raw/main/runs/trt_fp16/yolov8n/bs8__run1__20261002T160625_117422Z__ok.json,
main,trt_fp16,yolov8n,8,2,640,20261002T170757_085030Z,2026-10-02T17:07:58+00:00,2.7590600540861487,2.3889001458883286,0.6678212113650653,3.7419782485812902,2.2246609441936016,3.968010190874338,100,10.58233190793544,5.771696101874113,7.285260618664324,2.0769196189939976,0.3448825067607686,364.1533203125,cuda:0,NVIDIA A100-PCIE-40GB,535.288.01,495.0,1410.0,1410.0,42.0,45.0,251.61,13.0,0,0,,1.0,0.0,,244.7141352808103,0.17450067773461342,True,2.3.1+cu121,2.3.0+cu121,8.4.153,raw/main/runs/trt_fp16/yolov8n/bs8__run2__20261002T170757_085030Z__ok.json,
main,trt_fp16,yolov8n,8,3,640,20261002T181114_527291Z,2026-10-02T18:11:15+00:00,2.8423061221837997,2.340516773983836,0.6911735537199384,3.6976774455979466,2.2144177928566933,4.063332919031382,100,11.414729352109134,5.60778146609664,7.1787668857723475,2.06031606066972,0.35528826527297497,364.15283203125,cuda:0,NVIDIA A100-PCIE-40GB,535.288.01,360.0,1410.0,1410.0,46.0,49.0,255.05,13.0,0,0,,1.0,0.0,,244.7141352808103,0.1830207989551127,True,2.3.1+cu121,2.3.0+cu121,8.4.153,raw/main/runs/trt_fp16/yolov8n/bs8__run3__20261002T181114_527291Z__ok.json,
main,trt_fp16,yolov8n,8,4,640,20261002T193313_414516Z,2026-10-02T19:33:14+00:00,2.857180219143629,2.300427295267582,0.7053418578808781,3.6928854882717133,2.213631756603718,4.076910205185413,100,11.679734694771469,5.612625973299146,7.1931266924366355,2.0608835481107235,0.35714752739295363,364.150390625,cuda:0,NVIDIA A100-PCIE-40GB,535.288.01,540.0,1410.0,1410.0,45.0,47.0,62.41,13.0,0,0,,1.0,0.0,,244.7141352808103,0.17536032013595104,True,2.3.1+cu121,2.3.0+cu121,8.4.153,raw/main/runs/trt_fp16/yolov8n/bs8__run4__20261002T193313_414516Z__ok.json,
main,trt_fp16,yolov8n,10,0,640,20261002T145428_442257Z,2026-10-02T14:54:29+00:00,3.3711794344708323,2.919976133853197,0.8159855222949189,4.572689533233643,2.7411547489464283,4.782915115356445,100,12.538300221785903,6.809569196775556,8.700294559821486,2.611536900512874,0.33711794344708323,449.025390625,cuda:0,NVIDIA A100-PCIE-40GB,535.288.01,570.0,1395.0,1410.0,48.0,52.0,66.38,13.0,0,0,sw_power_cap,1.0,0.0,,222.27636583196,0.17260619113221765,True,2.3.1+cu121,2.3.0+cu121,8.4.153,raw/main/runs/trt_fp16/yolov8n/bs10__run0__20261002T145428_442257Z__ok.json,throttle sw_power_cap
main,trt_fp16,yolov8n,10,1,640,20261002T153228_932813Z,2026-10-02T15:32:30+00:00,3.1410936126485467,2.749556442722678,0.6511867519134106,4.196460684761405,2.7392059564590454,4.552376922219992,100,11.008077608421445,6.245393073186278,7.7946406323462725,2.6172572327777743,0.31410936126485467,449.02490234375,cuda:0,NVIDIA A100-PCIE-40GB,535.288.01,555.0,1395.0,1410.0,47.0,51.0,245.41,13.0,0,0,sw_power_cap,1.0,0.0,,222.27636583196,0.17433738568797708,True,2.3.1+cu121,2.3.0+cu121,8.4.153,raw/main/runs/trt_fp16/yolov8n/bs10__run1__20261002T153228_932813Z__ok.json,throttle sw_power_cap
main,trt_fp16,yolov8n,10,2,640,20261002T171324_039342Z,2026-10-02T17:13:25+00:00,3.339059860445559,2.7551783714443445,0.7482699455693383,4.200026718899608,2.7414527721703053,7.426481228321791,100,11.813163463957608,6.6390749998390675,8.184490422718225,2.612465089187026,0.3339059860445559,449.02490234375,cuda:0,NVIDIA A100-PCIE-40GB,535.288.01,1410.0,1395.0,1410.0,47.0,48.0,80.14,13.0,0,0,sw_power_cap,1.0,0.0,,222.27636583196,0.17418738966807723,True,2.3.1+cu121,2.3.0+cu121,8.4.153,raw/main/runs/trt_fp16/yolov8n/bs10__run2__20261002T171324_039342Z__ok.json,throttle sw_power_cap
main,trt_fp16,yolov8n,10,3,640,20261002T180839_233573Z,2026-10-02T18:08:40+00:00,3.143638581968844,2.9597582761198282,0.5966070837735044,4.176305653527379,2.726317849010229,4.807317163795233,100,12.0508444448933,6.484731566160917,8.202680223621426,2.596892798319459,0.3143638581968844,449.025390625,cuda:0,NVIDIA A100-PCIE-40GB,535.288.01,765.0,1410.0,1410.0,45.0,47.0,68.07,13.0,0,0,sw_power_cap,1.0,0.0,,222.27636583196,0.17663007276132703,True,2.3.1+cu121,2.3.0+cu121,8.4.153,raw/main/runs/trt_fp16/yolov8n/bs10__run3__20261002T180839_233573Z__ok.json,throttle sw_power_cap
main,trt_fp16,yolov8n,10,4,640,20261002T191758_658129Z,2026-10-02T19:18:00+00:00,3.339663175866008,2.856155391782522,0.8241421515179794,4.553009825758636,2.731409389525652,4.907349124550819,100,11.846834528259933,6.620903965085745,8.993433229625225,2.613624748773873,0.3339663175866008,449.025390625,cuda:0,NVIDIA A100-PCIE-40GB,535.288.01,1410.0,1395.0,1410.0,54.0,55.0,129.28,13.0,0,0,sw_power_cap,1.0,0.0,,222.27636583196,0.17527833115309477,True,2.3.1+cu121,2.3.0+cu121,8.4.153,raw/main/runs/trt_fp16/yolov8n/bs10__run4__20261002T191758_658129Z__ok.json,throttle sw_power_cap
main,trt_fp16,yolov8n,12,0,640,20261002T145809_265435Z,2026-10-02T14:58:10+00:00,3.390410291031003,3.1074194703251123,0.7012233626525698,4.205721151083708,3.022537101060152,8.136763703078032,100,12.171198069117963,7.094437954947352,8.602336957119405,2.9351715510711074,0.28253419091925025,538.8291015625,cuda:0,NVIDIA A100-PCIE-40GB,535.288.01,540.0,1395.0,1410.0,48.0,51.0,248.93,13.0,0,0,sw_power_cap,1.0,0.0,,217.7060531429015,0.16569590894505382,True,2.3.1+cu121,2.3.0+cu121,8.4.153,raw/main/runs/trt_fp16/yolov8n/bs12__run0__20261002T145809_265435Z__ok.json,throttle sw_power_cap
main,trt_fp16,yolov8n,12,1,640,20261002T162543_663899Z,2026-10-02T16:25:45+00:00,3.480169354006648,3.024559235200286,0.5577376750184428,4.182787821628153,3.009933978319168,5.450101103633642,100,12.313139224424958,7.41157541051507,9.026927244849503,2.9050444392487407,0.29001411283388734,538.82958984375,cuda:0,NVIDIA A100-PCIE-40GB,535.288.01,765.0,1395.0,1410.0,44.0,49.0,250.48,13.0,0,0,sw_power_cap,1.0,0.0,,217.7060531429015,0.17202064208686352,True,2.3.1+cu121,2.3.0+cu121,8.4.153,raw/main/runs/trt_fp16/yolov8n/bs12__run1__20261002T162543_663899Z__ok.json,throttle sw_power_cap
main,trt_fp16,yolov8n,12,2,640,20261002T165806_323869Z,2026-10-02T16:58:07+00:00,3.3517222199589014,3.1258324161171913,0.5355943109962645,4.204521561041474,3.023112192749977,5.363909061998129,100,12.45120816398412,7.461498957127333,9.349560155533254,2.9210679791867733,0.2793101849965751,538.8291015625,cuda:0,NVIDIA A100-PCIE-40GB,535.288.01,765.0,1395.0,1410.0,46.0,50.0,192.19,13.0,0,0,sw_power_cap,1.0,0.0,,217.7060531429015,0.17158678732812405,True,2.3.1+cu121,2.3.0+cu121,8.4.153,raw/main/runs/trt_fp16/yolov8n/bs12__run2__20261002T165806_323869Z__ok.json,throttle sw_power_cap
main,trt_fp16,yolov8n,12,3,640,20261002T180437_545614Z,2026-10-02T18:04:38+00:00,3.427021405659616,3.0384156852960587,0.6576867183287911,4.165552044287324,3.028376027941704,7.1855890564620495,100,11.95910407230258,7.389106787741184,8.9722411474213,2.935505430214107,0.2855851171383013,538.8291015625,cuda:0,NVIDIA A100-PCIE-40GB,535.288.01,600.0,1380.0,1410.0,48.0,51.0,250.0,13.0,0,0,sw_power_cap,1.0,0.0,,217.7060531429015,0.1758035710081458,True,2.3.1+cu121,2.3.0+cu121,8.4.153,raw/main/runs/trt_fp16/yolov8n/bs12__run3__20261002T180437_545614Z__ok.json,throttle sw_power_cap
main,trt_fp16,yolov8n,12,4,640,20261002T191132_893097Z,2026-10-02T19:11:34+00:00,3.4953874116763473,3.064690390601754,0.7974109415766059,4.852766660042107,3.0087698251008987,5.09276008233428,100,12.59486342780292,7.042329525575042,9.38336702529341,2.9042404191568494,0.29128228430636227,538.82958984375,cuda:0,NVIDIA A100-PCIE-40GB,535.288.01,765.0,1395.0,1410.0,44.0,48.0,62.7,13.0,0,0,sw_power_cap,1.0,0.0,,217.7060531429015,0.1667961711063981,True,2.3.1+cu121,2.3.0+cu121,8.4.153,raw/main/runs/trt_fp16/yolov8n/bs12__run4__20261002T191132_893097Z__ok.json,throttle sw_power_cap
main,trt_fp16,yolov8n,14,0,640,20261002T151342_609490Z,2026-10-02T15:13:43+00:00,3.694706321693957,3.349351231008768,0.5120846261561753,4.295613034628332,3.336056135594845,5.520758219063282,100,13.492517000995576,7.843229454010725,9.856205084361134,3.2662542629987,0.2639075944067112,632.2666015625,cuda:0,NVIDIA A100-PCIE-40GB,535.288.01,435.0,1395.0,1410.0,41.0,46.0,244.21,13.0,0,0,sw_power_cap,1.0,0.0,,221.0926077500917,0.16530160792171955,True,2.3.1+cu121,2.3.0+cu121,8.4.153,raw/main/runs/trt_fp16/yolov8n/bs14__run0__20261002T151342_609490Z__ok.json,throttle sw_power_cap
main,trt_fp16,yolov8n,14,1,640,20261002T154454_738773Z,2026-10-02T15:44:56+00:00,3.905620356090367,3.3512257505208254,0.8842574469496427,5.3996395552530885,3.3370149321854115,6.454815156757832,100,14.265965358354151,8.976181503385305,11.59810668323189,3.2728773914277554,0.27897288257788333,632.267578125,cuda:0,NVIDIA A100-PCIE-40GB,535.288.01,1410.0,1395.0,1410.0,50.0,53.0,70.44,13.0,0,0,sw_power_cap,1.0,0.0,,221.0926077500917,0.16684130067005754,True,2.3.1+cu121,2.3.0+cu121,8.4.153,raw/main/runs/trt_fp16/yolov8n/bs14__run1__20261002T154454_738773Z__ok.json,throttle sw_power_cap
main,trt_fp16,yolov8n,14,2,640,20261002T163134_332320Z,2026-10-02T16:31:35+00:00,3.640743549913168,3.3457481767982244,0.411770532548105,4.294905671849847,3.331818152219057,5.423899739980698,100,13.046795814298093,8.250157115980983,9.265689807944,3.270687577314675,0.2600531107080834,632.26708984375,cuda:0,NVIDIA A100-PCIE-40GB,535.288.01,615.0,1395.0,1410.0,44.0,47.0,69.76,13.0,0,0,sw_power_cap,1.0,0.0,,221.0926077500917,0.16495527978986502,True,2.3.1+cu121,2.3.0+cu121,8.4.153,raw/main/runs/trt_fp16/yolov8n/bs14__run2__20261002T163134_332320Z__ok.json,throttle sw_power_cap
main,trt_fp16,yolov8n,14,3,640,20261002T181612_361227Z,2026-10-02T18:16:13+00:00,3.681304636411369,3.3484012819826603,0.46542035746719707,4.259249521419406,3.337197005748749,5.379946436733007,100,13.562323930673301,8.605766110122204,9.95771938469261,3.273326517082751,0.26295033117224065,632.267578125,cuda:0,NVIDIA A100-PCIE-40GB,535.288.01,765.0,1395.0,1410.0,47.0,51.0,249.93,13.0,0,0,sw_power_cap,1.0,0.0,,221.0926077500917,0.1795455147512257,True,2.3.1+cu121,2.3.0+cu121,8.4.153,raw/main/runs/trt_fp16/yolov8n/bs14__run3__20261002T181612_361227Z__ok.json,throttle sw_power_cap
main,trt_fp16,yolov8n,14,4,640,20261002T191616_771307Z,2026-10-02T19:16:18+00:00,3.707020878791809,3.346771001815796,0.4893945092304408,4.316846746951342,3.3379308879375458,5.390791688114405,100,13.280396722257137,8.432799018919468,9.604427893646061,3.269974351860583,0.26478720562798636,632.267578125,cuda:0,NVIDIA A100-PCIE-40GB,535.288.01,780.0,1395.0,1410.0,47.0,50.0,249.93,13.0,0,0,sw_power_cap,1.0,0.0,,221.0926077500917,0.1654997169971466,True,2.3.1+cu121,2.3.0+cu121,8.4.153,raw/main/runs/trt_fp16/yolov8n/bs14__run4__20261002T191616_771307Z__ok.json,throttle sw_power_cap
main,trt_fp16,yolov8n,16,0,640,20261002T152256_539505Z,2026-10-02T15:22:57+00:00,4.241454396396875,3.7570649292320013,0.8755213171435346,5.658543016761541,3.679587971419096,6.2743560411036015,100,14.101633569225669,8.669466013088822,11.368538392707704,3.6457355599850416,0.2650908997748047,728.30615234375,cuda:0,NVIDIA A100-PCIE-40GB,535.288.01,450.0,1380.0,1410.0,47.0,50.0,81.92,13.0,0,0,sw_power_cap,1.0,0.0,,216.83379023708403,0.1633056211285293,True,2.3.1+cu121,2.3.0+cu121,8.4.153,raw/main/runs/trt_fp16/yolov8n/bs16__run0__20261002T152256_539505Z__ok.json,throttle sw_power_cap
main,trt_fp16,yolov8n,16,1,640,20261002T154733_426080Z,2026-10-02T15:47:34+00:00,4.250044641084969,3.679550951346755,0.9206194386903771,5.860099266283214,3.6649908870458603,6.870600860565901,100,14.602461815811694,9.436457883566618,11.981431930325925,3.627617717720568,0.26562779006781057,728.3056640625,cuda:0,NVIDIA A100-PCIE-40GB,535.288.01,765.0,1395.0,1410.0,43.0,47.0,247.36,13.0,0,0,sw_power_cap,1.0,0.0,,216.83379023708403,0.1678873747587204,True,2.3.1+cu121,2.3.0+cu121,8.4.153,raw/main/runs/trt_fp16/yolov8n/bs16__run1__20261002T154733_426080Z__ok.json,throttle sw_power_cap
main,trt_fp16,yolov8n,16,2,640,20261002T172000_246465Z,2026-10-02T17:20:01+00:00,4.242392191663384,3.6932434886693954,0.8971459112595654,5.8509157272055745,3.673568833619356,6.0748266987502575,100,14.660685574635863,9.442267706617713,11.840733466669917,3.6218107026070356,0.2651495119789615,728.3056640625,cuda:0,NVIDIA A100-PCIE-40GB,535.288.01,390.0,1380.0,1410.0,43.0,47.0,245.7,13.0,0,0,sw_power_cap,1.0,0.0,,216.83379023708403,0.1724349968135357,True,2.3.1+cu121,2.3.0+cu121,8.4.153,raw/main/runs/trt_fp16/yolov8n/bs16__run2__20261002T172000_246465Z__ok.json,throttle sw_power_cap
main,trt_fp16,yolov8n,16,3,640,20261002T181415_701868Z,2026-10-02T18:14:17+00:00,3.8261291896924376,3.6748137790709734,0.3360357247945496,4.350723559036851,3.6632828414440155,5.81716513261199,100,13.81264513824135,8.643690962344408,9.71494154073298,3.619367340579629,0.23913307435577735,728.30517578125,cuda:0,NVIDIA A100-PCIE-40GB,535.288.01,645.0,1380.0,1410.0,44.0,48.0,253.38,13.0,0,0,sw_power_cap,1.0,0.0,,216.83379023708403,0.1710271486081183,True,2.3.1+cu121,2.3.0+cu121,8.4.153,raw/main/runs/trt_fp16/yolov8n/bs16__run3__20261002T181415_701868Z__ok.json,throttle sw_power_cap
main,trt_fp16,yolov8n,16,4,640,20261002T185419_690582Z,2026-10-02T18:54:21+00:00,3.934169001877308,3.676125081256032,0.41371169826767945,4.399386770091951,3.6644036881625652,5.8109392412006855,100,14.620987405069172,9.440707042813301,10.607055714353919,3.6176524311304092,0.24588556261733174,728.30615234375,cuda:0,NVIDIA A100-PCIE-40GB,535.288.01,765.0,1395.0,1410.0,44.0,48.0,131.39,13.0,0,0,sw_power_cap,1.0,0.0,,216.83379023708403,0.17423352925106883,True,2.3.1+cu121,2.3.0+cu121,8.4.153,raw/main/runs/trt_fp16/yolov8n/bs16__run4__20261002T185419_690582Z__ok.json,throttle sw_power_cap
main,trt_fp16,yolov8n,18,0,640,20261002T150044_559226Z,2026-10-02T15:00:45+00:00,4.602824510075152,4.277470987290144,0.5281591217205681,5.452468944713473,4.264229908585548,5.751199088990688,100,15.439620236866176,10.532098589465022,12.175370077602564,4.226399790495634,0.25571247278195286,808.244140625,cuda:0,NVIDIA A100-PCIE-40GB,535.288.01,390.0,1395.0,1410.0,42.0,47.0,62.21,13.0,0,0,sw_power_cap,1.0,0.0,,224.1994897071272,0.1609357101842761,True,2.3.1+cu121,2.3.0+cu121,8.4.153,raw/main/runs/trt_fp16/yolov8n/bs18__run0__20261002T150044_559226Z__ok.json,throttle sw_power_cap
main,trt_fp16,yolov8n,18,1,640,20261002T162201_784153Z,2026-10-02T16:22:03+00:00,4.359438791871071,4.277159459888935,0.2774883288254381,4.589627799578011,4.266391042619944,6.774229928851128,100,15.02289857249707,10.425584157928824,11.526071513071656,4.239520281553268,0.24219104399283728,808.2451171875,cuda:0,NVIDIA A100-PCIE-40GB,535.288.01,765.0,1395.0,1410.0,45.0,49.0,245.16,13.0,0,0,sw_power_cap,1.0,0.0,,224.1994897071272,0.16218447405844927,True,2.3.1+cu121,2.3.0+cu121,8.4.153,raw/main/runs/trt_fp16/yolov8n/bs18__run1__20261002T162201_784153Z__ok.json,throttle sw_power_cap
main,trt_fp16,yolov8n,18,2,640,20261002T164021_885222Z,2026-10-02T16:40:23+00:00,4.66508025303483,4.295590566471219,0.7508942480907178,6.324653327465057,4.281025845557451,6.798664107918739,100,16.029132483527064,10.693529853597283,13.026696164160967,4.254297469742596,0.2591711251686017,808.2431640625,cuda:0,NVIDIA A100-PCIE-40GB,535.288.01,765.0,1395.0,1410.0,46.0,51.0,160.5,13.0,0,0,sw_power_cap,1.0,0.0,,224.1994897071272,0.167962693143636,True,2.3.1+cu121,2.3.0+cu121,8.4.153,raw/main/runs/trt_fp16/yolov8n/bs18__run2__20261002T164021_885222Z__ok.json,throttle sw_power_cap
main,trt_fp16,yolov8n,18,3,640,20261002T180338_100715Z,2026-10-02T18:03:39+00:00,4.432878820225596,4.297305131331086,0.40982506663402757,4.5540750259533525,4.284484777599573,7.465682923793793,100,15.306439553387463,10.558275040239096,11.630726349540055,4.272134019993246,0.24627104556808868,808.2431640625,cuda:0,NVIDIA A100-PCIE-40GB,535.288.01,765.0,1380.0,1410.0,49.0,53.0,83.81,13.0,0,0,sw_power_cap,1.0,0.0,,224.1994897071272,0.17762904707342386,True,2.3.1+cu121,2.3.0+cu121,8.4.153,raw/main/runs/trt_fp16/yolov8n/bs18__run3__20261002T180338_100715Z__ok.json,throttle sw_power_cap
main,trt_fp16,yolov8n,18,4,640,20261002T185348_924213Z,2026-10-02T18:53:50+00:00,4.391148621216416,4.281625617295504,0.27819594500668865,4.5747337164357305,4.271989688277245,6.773192901164293,100,15.772614106535912,10.472200345247984,11.771799111738801,4.262628061696887,0.2439527011786898,808.244140625,cuda:0,NVIDIA A100-PCIE-40GB,535.288.01,360.0,1380.0,1410.0,47.0,51.0,65.31,13.0,0,0,sw_power_cap,1.0,0.0,,224.1994897071272,0.16159781301394105,True,2.3.1+cu121,2.3.0+cu121,8.4.153,raw/main/runs/trt_fp16/yolov8n/bs18__run4__20261002T185348_924213Z__ok.json,throttle sw_power_cap
main,trt_fp16,yolov8n,20,0,640,20261002T150620_155731Z,2026-10-02T15:06:21+00:00,4.687130320817232,4.5846563298255205,0.2316487663194549,5.191836040467024,4.566310904920101,5.3844088688492775,100,17.242773193866014,11.06415456160903,12.063182378187774,4.569669379852712,0.2343565160408616,901.4658203125,cuda:0,NVIDIA A100-PCIE-40GB,535.288.01,765.0,1380.0,1410.0,45.0,50.0,252.56,13.0,0,0,sw_power_cap,1.0,0.0,,220.93653650721535,0.1737054968252778,True,2.3.1+cu121,2.3.0+cu121,8.4.153,raw/main/runs/trt_fp16/yolov8n/bs20__run0__20261002T150620_155731Z__ok.json,throttle sw_power_cap
main,trt_fp16,yolov8n,20,1,640,20261002T160642_185697Z,2026-10-02T16:06:43+00:00,4.623530614189804,4.592496436089277,0.26510175805337544,4.604572197422385,4.57811588421464,7.227571681141853,100,16.290799342095852,11.230531381443143,11.998369614593685,4.576428392902017,0.23117653070949018,901.46533203125,cuda:0,NVIDIA A100-PCIE-40GB,535.288.01,405.0,1395.0,1410.0,43.0,49.0,251.32,13.0,0,0,sw_power_cap,1.0,0.0,,220.93653650721535,0.17931046895682812,True,2.3.1+cu121,2.3.0+cu121,8.4.153,raw/main/runs/trt_fp16/yolov8n/bs20__run1__20261002T160642_185697Z__ok.json,throttle sw_power_cap
main,trt_fp16,yolov8n,20,2,640,20261002T171941_923556Z,2026-10-02T17:19:43+00:00,4.658476379700005,4.596957005560398,0.3684360500611248,4.634434334002435,4.5832921750843525,7.2361771017313,100,15.730213830247521,10.912330821156502,12.059658020734787,4.581511886790395,0.23292381898500025,901.46337890625,cuda:0,NVIDIA A100-PCIE-40GB,535.288.01,555.0,1380.0,1410.0,45.0,50.0,251.01,13.0,0,0,sw_power_cap,1.0,0.0,,220.93653650721535,0.16973537392914295,True,2.3.1+cu121,2.3.0+cu121,8.4.153,raw/main/runs/trt_fp16/yolov8n/bs20__run2__20261002T171941_923556Z__ok.json,throttle sw_power_cap
main,trt_fp16,yolov8n,20,3,640,20261002T175240_393739Z,2026-10-02T17:52:41+00:00,4.847900066524744,4.600313026458025,0.47506791716056607,5.807481263764203,4.5820577070117,7.191067095845938,100,16.91818787716329,11.337097967043519,12.705677119083703,4.576751119457185,0.2423950033262372,901.4638671875,cuda:0,NVIDIA A100-PCIE-40GB,535.288.01,375.0,1380.0,1410.0,43.0,49.0,95.47,13.0,0,0,sw_power_cap,1.0,0.0,,220.93653650721535,0.1760279620066285,True,2.3.1+cu121,2.3.0+cu121,8.4.153,raw/main/runs/trt_fp16/yolov8n/bs20__run3__20261002T175240_393739Z__ok.json,throttle sw_power_cap
main,trt_fp16,yolov8n,20,4,640,20261002T191342_296021Z,2026-10-02T19:13:43+00:00,4.743046243675053,4.588443320244551,0.2640284588016002,5.187005549669266,4.575624130666256,5.3794807754457,100,16.274299663491547,11.291487840935588,12.53790152259171,4.562600580975413,0.23715231218375266,901.46533203125,cuda:0,NVIDIA A100-PCIE-40GB,535.288.01,555.0,1395.0,1410.0,41.0,46.0,251.22,13.0,0,0,sw_power_cap,1.0,0.0,,220.93653650721535,0.17545522283762693,True,2.3.1+cu121,2.3.0+cu121,8.4.153,raw/main/runs/trt_fp16/yolov8n/bs20__run4__20261002T191342_296021Z__ok.json,throttle sw_power_cap
main,trt_fp16,yolov8n,22,0,640,20261002T150850_017585Z,2026-10-02T15:08:51+00:00,5.037088869139552,4.976860014721751,0.13974199033717422,5.1690289517864585,4.961075261235237,6.082397885620594,100,17.148809428326786,12.224957114085555,12.82343128696084,5.000486667267978,0.22895858496088872,996.419921875,cuda:0,NVIDIA A100-PCIE-40GB,535.288.01,765.0,1380.0,1410.0,48.0,53.0,256.21,13.0,0,0,sw_power_cap,1.0,0.0,,226.70882811909541,0.177908044308424,True,2.3.1+cu121,2.3.0+cu121,8.4.153,raw/main/runs/trt_fp16/yolov8n/bs22__run0__20261002T150850_017585Z__ok.json,throttle sw_power_cap
main,trt_fp16,yolov8n,22,1,640,20261002T155141_255903Z,2026-10-02T15:51:42+00:00,5.093318694271147,4.988212138414383,0.30260339570120626,5.26277266908437,4.974466748535633,7.793697994202375,100,17.54276256542653,12.561476090922952,13.178534060716629,5.039579006843269,0.23151448610323397,996.41943359375,cuda:0,NVIDIA A100-PCIE-40GB,535.288.01,765.0,1365.0,1410.0,49.0,54.0,248.53,13.0,0,0,sw_power_cap,1.0,0.0,,226.70882811909541,0.172411457169801,True,2.3.1+cu121,2.3.0+cu121,8.4.153,raw/main/runs/trt_fp16/yolov8n/bs22__run1__20261002T155141_255903Z__ok.json,throttle sw_power_cap
main,trt_fp16,yolov8n,22,2,640,20261002T172318_552982Z,2026-10-02T17:23:19+00:00,5.019076471216977,4.99176699668169,0.2211301519727656,5.001871311105788,4.982825834304094,7.1790628135204315,100,18.53259918279946,12.24237703718245,13.339409162290394,5.009343069978058,0.22813983960077167,996.419921875,cuda:0,NVIDIA A100-PCIE-40GB,535.288.01,765.0,1395.0,1410.0,48.0,52.0,253.76,13.0,0,0,sw_power_cap,1.0,0.0,,226.70882811909541,0.1693006344139576,True,2.3.1+cu121,2.3.0+cu121,8.4.153,raw/main/runs/trt_fp16/yolov8n/bs22__run2__20261002T172318_552982Z__ok.json,throttle sw_power_cap
main,trt_fp16,yolov8n,22,3,640,20261002T175332_385244Z,2026-10-02T17:53:33+00:00,5.3927475633099675,4.995069466531277,0.80587623539054,6.919876439496875,4.982705228030682,7.943277712911367,100,17.358027370646596,12.650683522224426,15.101238340139389,4.99660334084183,0.24512488924136216,996.4208984375,cuda:0,NVIDIA A100-PCIE-40GB,535.288.01,480.0,1380.0,1410.0,42.0,47.0,249.91,13.0,0,0,sw_power_cap,1.0,0.0,,226.70882811909541,0.16987275797873735,True,2.3.1+cu121,2.3.0+cu121,8.4.153,raw/main/runs/trt_fp16/yolov8n/bs22__run3__20261002T175332_385244Z__ok.json,throttle sw_power_cap
main,trt_fp16,yolov8n,22,4,640,20261002T192521_991050Z,2026-10-02T19:25:23+00:00,5.004915497265756,4.973480477929115,0.270640650604485,4.983917810022831,4.963626153767109,7.666095159947872,100,16.81177968159318,12.11781078018248,13.281351141631603,5.004773931577802,0.22749615896662528,996.42041015625,cuda:0,NVIDIA A100-PCIE-40GB,535.288.01,765.0,1395.0,1410.0,44.0,48.0,126.0,13.0,0,0,sw_power_cap,1.0,0.0,,226.70882811909541,0.1789752161130309,True,2.3.1+cu121,2.3.0+cu121,8.4.153,raw/main/runs/trt_fp16/yolov8n/bs22__run4__20261002T192521_991050Z__ok.json,throttle sw_power_cap
main,trt_fp16,yolov8n,24,0,640,20261002T143447_075742Z,2026-10-02T14:34:48+00:00,5.6076395232230425,5.350827239453793,0.5141325042113639,6.618301244452596,5.335642024874687,6.945556960999966,100,18.399275694973767,13.557478785514832,15.162937622517347,5.415293229743838,0.2336516468009601,1077.65771484375,cuda:0,NVIDIA A100-PCIE-40GB,535.288.01,1410.0,1395.0,1410.0,50.0,54.0,249.22,13.0,0,0,sw_power_cap,1.0,0.0,,220.53423731494695,0.1610448849387467,True,2.3.1+cu121,2.3.0+cu121,8.4.153,raw/main/runs/trt_fp16/yolov8n/bs24__run0__20261002T143447_075742Z__ok.json,throttle sw_power_cap
main,trt_fp16,yolov8n,24,1,640,20261002T162102_477310Z,2026-10-02T16:21:03+00:00,5.4822720075026155,5.353681044653058,0.3119136089620714,6.0578170930966735,5.343732889741659,7.1823508478701115,100,18.39985130354762,13.141118455678225,14.658092334866522,5.40865580085665,0.228428000312609,1077.65673828125,cuda:0,NVIDIA A100-PCIE-40GB,535.288.01,570.0,1380.0,1410.0,50.0,54.0,250.91,13.0,0,0,sw_power_cap,1.0,0.0,,220.53423731494695,0.16161144711077213,True,2.3.1+cu121,2.3.0+cu121,8.4.153,raw/main/runs/trt_fp16/yolov8n/bs24__run1__20261002T162102_477310Z__ok.json,throttle sw_power_cap
main,trt_fp16,yolov8n,24,2,640,20261002T172843_305750Z,2026-10-02T17:28:44+00:00,5.528505789116025,5.364300450310111,0.44654498241154267,6.367949256673455,5.353220272809267,8.288835175335407,100,18.247783319093287,13.395545538514853,14.625370502471924,5.428408808074892,0.23035440787983438,1077.65625,cuda:0,NVIDIA A100-PCIE-40GB,535.288.01,1410.0,1380.0,1410.0,48.0,51.0,250.57,13.0,0,0,sw_power_cap,1.0,0.0,,220.53423731494695,0.16278170701116323,True,2.3.1+cu121,2.3.0+cu121,8.4.153,raw/main/runs/trt_fp16/yolov8n/bs24__run2__20261002T172843_305750Z__ok.json,throttle sw_power_cap
main,trt_fp16,yolov8n,24,3,640,20261002T174623_050439Z,2026-10-02T17:46:24+00:00,5.399049571715295,5.36450301297009,0.2949274597640902,5.376146640628576,5.353056825697422,8.296960033476353,100,18.551383996382356,13.852734351530671,14.66233644168824,5.429371460340917,0.22496039882147065,1077.65771484375,cuda:0,NVIDIA A100-PCIE-40GB,535.288.01,765.0,1395.0,1410.0,44.0,49.0,97.83,13.0,0,0,sw_power_cap,1.0,0.0,,220.53423731494695,0.15826833061873913,True,2.3.1+cu121,2.3.0+cu121,8.4.153,raw/main/runs/trt_fp16/yolov8n/bs24__run3__20261002T174623_050439Z__ok.json,throttle sw_power_cap
main,trt_fp16,yolov8n,24,4,640,20261002T190006_647134Z,2026-10-02T19:00:08+00:00,5.421255435794592,5.349416984245181,0.13277426084656468,5.635789269581437,5.334427114576101,5.979645997285843,100,17.87547384388745,13.063498539850116,14.590357546694577,5.401829499751329,0.225885643158108,1077.65771484375,cuda:0,NVIDIA A100-PCIE-40GB,535.288.01,765.0,1395.0,1410.0,41.0,46.0,85.2,13.0,0,0,sw_power_cap,1.0,0.0,,220.53423731494695,0.17811943823471665,True,2.3.1+cu121,2.3.0+cu121,8.4.153,raw/main/runs/trt_fp16/yolov8n/bs24__run4__20261002T190006_647134Z__ok.json,throttle sw_power_cap
main,trt_fp16,yolov8n,26,0,640,20261002T143617_017450Z,2026-10-02T14:36:18+00:00,5.708657852374017,5.650336854159832,0.20956516770424813,5.819125450216234,5.638796836137772,7.210571318864822,100,19.54716682434082,13.992314459756017,15.478118369355798,5.713849007152021,0.21956376355284682,1169.50341796875,cuda:0,NVIDIA A100-PCIE-40GB,535.288.01,1410.0,1380.0,1410.0,50.0,54.0,257.29,13.0,0,0,sw_power_cap,1.0,0.0,,228.21787416096777,0.16839831601828337,True,2.3.1+cu121,2.3.0+cu121,8.4.153,raw/main/runs/trt_fp16/yolov8n/bs26__run0__20261002T143617_017450Z__ok.json,throttle sw_power_cap
main,trt_fp16,yolov8n,26,1,640,20261002T155752_301993Z,2026-10-02T15:57:53+00:00,5.69657982327044,5.661439849063754,0.3010840025628487,5.674969567917287,5.649430211633444,8.651694282889366,100,20.491716782562435,14.146310975775123,14.936027186922729,5.75147548224777,0.21909922397194,1169.50537109375,cuda:0,NVIDIA A100-PCIE-40GB,535.288.01,480.0,1380.0,1410.0,52.0,56.0,249.3,13.0,0,0,sw_power_cap,1.0,0.0,,228.21787416096777,0.16157316230237484,True,2.3.1+cu121,2.3.0+cu121,8.4.153,raw/main/runs/trt_fp16/yolov8n/bs26__run1__20261002T155752_301993Z__ok.json,throttle sw_power_cap
main,trt_fp16,yolov8n,26,2,640,20261002T171015_097331Z,2026-10-02T17:10:16+00:00,5.706808841787279,5.658978130668402,0.3071581947582985,5.760302045382559,5.6463573127985,8.693336974829435,100,19.096769611351192,13.854077318683267,15.458906791172922,5.721423821523786,0.21949264776104918,1169.50634765625,cuda:0,NVIDIA A100-PCIE-40GB,535.288.01,660.0,1380.0,1410.0,44.0,49.0,250.93,13.0,0,0,sw_power_cap,1.0,0.0,,228.21787416096777,0.15816714009270072,True,2.3.1+cu121,2.3.0+cu121,8.4.153,raw/main/runs/trt_fp16/yolov8n/bs26__run2__20261002T171015_097331Z__ok.json,throttle sw_power_cap
main,trt_fp16,yolov8n,26,3,640,20261002T181122_210125Z,2026-10-02T18:11:23+00:00,5.750863328576088,5.646929144859314,0.21312799778253097,6.147868442349136,5.634025204926729,6.441609002649784,100,18.991788499988616,14.535583090037107,15.130930463783443,5.712931756861508,0.2211870510990803,1169.50341796875,cuda:0,NVIDIA A100-PCIE-40GB,535.288.01,765.0,1380.0,1410.0,44.0,49.0,80.92,13.0,0,0,sw_power_cap,1.0,0.0,,228.21787416096777,0.15505560394376516,True,2.3.1+cu121,2.3.0+cu121,8.4.153,raw/main/runs/trt_fp16/yolov8n/bs26__run3__20261002T181122_210125Z__ok.json,throttle sw_power_cap
main,trt_fp16,yolov8n,26,4,640,20261002T190752_499489Z,2026-10-02T19:07:53+00:00,5.700907679274678,5.646210862323642,0.13984949712128208,6.018090131692588,5.635649897158146,6.356298923492432,100,20.084405285306275,14.191202586516738,14.999813586473465,5.7100238325074315,0.219265679972103,1169.50341796875,cuda:0,NVIDIA A100-PCIE-40GB,535.288.01,510.0,1380.0,1410.0,44.0,49.0,71.35,13.0,0,0,sw_power_cap,1.0,0.0,,228.21787416096777,0.15701000904664397,True,2.3.1+cu121,2.3.0+cu121,8.4.153,raw/main/runs/trt_fp16/yolov8n/bs26__run4__20261002T190752_499489Z__ok.json,throttle sw_power_cap
main,trt_fp16,yolov8n,28,0,640,20261002T152704_706092Z,2026-10-02T15:27:06+00:00,6.077761668711901,6.007067859172821,0.273409810831724,6.264388794079423,5.997202824801207,8.309180848300457,100,19.818827146664262,14.64568474330008,16.543230856768787,6.122060501947999,0.21706291673971073,1264.5341796875,cuda:0,NVIDIA A100-PCIE-40GB,535.288.01,1410.0,1365.0,1410.0,53.0,55.0,248.64,13.0,0,0,sw_power_cap,1.0,0.0,,227.63982507772744,0.18696338403970003,True,2.3.1+cu121,2.3.0+cu121,8.4.153,raw/main/runs/trt_fp16/yolov8n/bs28__run0__20261002T152704_706092Z__ok.json,throttle sw_power_cap
main,trt_fp16,yolov8n,28,1,640,20261002T155420_124460Z,2026-10-02T15:54:21+00:00,6.037177937105298,5.9997886419296265,0.31698765452166777,6.011972692795098,5.986857693642378,9.148635901510715,100,20.327041316777468,15.452431049197912,16.2386188050732,6.100227269344032,0.21561349775376065,1264.53564453125,cuda:0,NVIDIA A100-PCIE-40GB,535.288.01,375.0,1395.0,1410.0,47.0,52.0,254.53,13.0,0,0,sw_power_cap,1.0,0.0,,227.63982507772744,0.19015038385987282,True,2.3.1+cu121,2.3.0+cu121,8.4.153,raw/main/runs/trt_fp16/yolov8n/bs28__run1__20261002T155420_124460Z__ok.json,throttle sw_power_cap
main,trt_fp16,yolov8n,28,2,640,20261002T171040_704954Z,2026-10-02T17:10:42+00:00,6.1467318050563335,6.00174511782825,0.31362861063248293,6.809330475516617,5.985373631119728,7.1560717187821865,100,20.16333854291588,14.818118652328849,17.183008138090372,6.0742925480008125,0.21952613589486905,1264.53662109375,cuda:0,NVIDIA A100-PCIE-40GB,535.288.01,765.0,1380.0,1410.0,41.0,46.0,93.79,13.0,0,0,sw_power_cap,1.0,0.0,,227.63982507772744,0.18691799975931644,True,2.3.1+cu121,2.3.0+cu121,8.4.153,raw/main/runs/trt_fp16/yolov8n/bs28__run2__20261002T171040_704954Z__ok.json,throttle sw_power_cap
main,trt_fp16,yolov8n,28,3,640,20261002T182255_305137Z,2026-10-02T18:22:56+00:00,6.049432079307735,5.99067285656929,0.38759238695216597,6.006140960380435,5.977838765829802,9.147795848548412,100,21.279036183841527,14.972405973821878,16.16230991203338,6.094101867638528,0.21605114568956196,1264.53369140625,cuda:0,NVIDIA A100-PCIE-40GB,535.288.01,765.0,1380.0,1410.0,46.0,51.0,115.64,13.0,0,0,sw_power_cap,1.0,0.0,,227.63982507772744,0.1890095341950655,True,2.3.1+cu121,2.3.0+cu121,8.4.153,raw/main/runs/trt_fp16/yolov8n/bs28__run3__20261002T182255_305137Z__ok.json,throttle sw_power_cap
main,trt_fp16,yolov8n,28,4,640,20261002T193001_405786Z,2026-10-02T19:30:02+00:00,6.026843856088817,5.992181366309524,0.2448565489495977,6.037933565676212,5.9828320518136024,8.412647061049938,100,19.992609675973654,14.98772925697267,16.156634502112865,6.093608378432691,0.21524442343174346,1264.53515625,cuda:0,NVIDIA A100-PCIE-40GB,535.288.01,585.0,1380.0,1410.0,46.0,51.0,217.02,13.0,0,0,sw_power_cap,1.0,0.0,,227.63982507772744,0.19027502089738846,True,2.3.1+cu121,2.3.0+cu121,8.4.153,raw/main/runs/trt_fp16/yolov8n/bs28__run4__20261002T193001_405786Z__ok.json,throttle sw_power_cap
main,trt_fp16,yolov8n,30,0,640,20261002T144446_519227Z,2026-10-02T14:44:47+00:00,6.457146173343062,6.338990991935134,0.2967453001936589,7.159559056162834,6.324684713035822,7.370871026068926,100,21.260613570921123,16.587120946496725,17.518999986350536,6.466764430515468,0.21523820577810207,1347.0712890625,cuda:0,NVIDIA A100-PCIE-40GB,535.288.01,765.0,1380.0,1410.0,46.0,51.0,250.7,13.0,0,0,sw_power_cap,1.0,0.0,,231.48084181919694,0.1850987384095788,True,2.3.1+cu121,2.3.0+cu121,8.4.153,raw/main/runs/trt_fp16/yolov8n/bs30__run0__20261002T144446_519227Z__ok.json,throttle sw_power_cap
main,trt_fp16,yolov8n,30,1,640,20261002T153657_144874Z,2026-10-02T15:36:58+00:00,6.5723332250490785,6.3303622882813215,0.5375726374263283,7.739730109460652,6.320626940578222,7.985519245266914,100,20.73927407618612,15.867195324972272,18.08309906627983,6.473455210216343,0.21907777416830262,1347.0712890625,cuda:0,NVIDIA A100-PCIE-40GB,535.288.01,765.0,1380.0,1410.0,45.0,51.0,252.09,13.0,0,0,sw_power_cap,1.0,0.0,,231.48084181919694,0.18787296675145626,True,2.3.1+cu121,2.3.0+cu121,8.4.153,raw/main/runs/trt_fp16/yolov8n/bs30__run1__20261002T153657_144874Z__ok.json,throttle sw_power_cap
main,trt_fp16,yolov8n,30,2,640,20261002T172135_587796Z,2026-10-02T17:21:37+00:00,6.483461554162204,6.342323962599039,0.3366459398860686,7.165304757654667,6.328104063868523,7.978830952197313,100,21.09633751679212,16.648462042212486,17.6106734899804,6.4862435311079025,0.21611538513874015,1347.072265625,cuda:0,NVIDIA A100-PCIE-40GB,535.288.01,765.0,1380.0,1410.0,48.0,52.0,241.03,13.0,0,0,sw_power_cap,1.0,0.0,,231.48084181919694,0.18562984792515635,True,2.3.1+cu121,2.3.0+cu121,8.4.153,raw/main/runs/trt_fp16/yolov8n/bs30__run2__20261002T172135_587796Z__ok.json,throttle sw_power_cap
main,trt_fp16,yolov8n,30,3,640,20261002T175258_615257Z,2026-10-02T17:52:59+00:00,6.5213787741959095,6.338919047266245,0.4024046084567347,7.107265200465918,6.3245040364563465,9.048433974385262,100,21.835123454220593,16.29340648651123,18.9611806999892,6.448715501464903,0.21737929247319698,1347.06982421875,cuda:0,NVIDIA A100-PCIE-40GB,535.288.01,480.0,1395.0,1410.0,41.0,47.0,62.81,13.0,0,0,sw_power_cap,1.0,0.0,,231.48084181919694,0.18746682396158576,True,2.3.1+cu121,2.3.0+cu121,8.4.153,raw/main/runs/trt_fp16/yolov8n/bs30__run3__20261002T175258_615257Z__ok.json,throttle sw_power_cap
main,trt_fp16,yolov8n,30,4,640,20261002T185631_968906Z,2026-10-02T18:56:33+00:00,6.515042884275317,6.328535964712501,0.43542641113457875,7.670261361636221,6.312430836260319,8.149733301252127,100,21.767937010154128,15.709016472101212,17.879697517491877,6.472991122864187,0.21716809614251056,1347.07080078125,cuda:0,NVIDIA A100-PCIE-40GB,535.288.01,675.0,1365.0,1410.0,48.0,51.0,60.14,13.0,0,0,sw_power_cap,1.0,0.0,,231.48084181919694,0.1860314253717661,True,2.3.1+cu121,2.3.0+cu121,8.4.153,raw/main/runs/trt_fp16/yolov8n/bs30__run4__20261002T185631_968906Z__ok.json,throttle sw_power_cap
main,trt_fp16,yolov8n,32,0,640,20261002T152733_019290Z,2026-10-02T15:27:34+00:00,6.728318007662892,6.647694390267134,0.36531255071644037,6.909321364946663,6.634538993239403,10.204127989709377,100,22.338160695508122,17.102604499086738,18.668577237986028,6.812688070349395,0.21025993773946539,1437.8095703125,cuda:0,NVIDIA A100-PCIE-40GB,535.288.01,765.0,1365.0,1410.0,46.0,51.0,65.1,13.0,0,0,sw_power_cap,1.0,0.0,,226.11345801874995,0.1896853349171579,True,2.3.1+cu121,2.3.0+cu121,8.4.153,raw/main/runs/trt_fp16/yolov8n/bs32__run0__20261002T152733_019290Z__ok.json,throttle sw_power_cap
main,trt_fp16,yolov8n,32,1,640,20261002T155540_365741Z,2026-10-02T15:55:41+00:00,6.660700268112123,6.649096962064505,0.06623115947947049,6.664040987379849,6.636740639805794,7.177312858402729,100,22.0096606714651,17.53963460214436,18.345818435773253,6.811605193652213,0.20814688337850384,1437.80712890625,cuda:0,NVIDIA A100-PCIE-40GB,535.288.01,1410.0,1380.0,1410.0,51.0,54.0,74.11,13.0,0,0,sw_power_cap,1.0,0.0,,226.11345801874995,0.19477825704962015,True,2.3.1+cu121,2.3.0+cu121,8.4.153,raw/main/runs/trt_fp16/yolov8n/bs32__run1__20261002T155540_365741Z__ok.json,throttle sw_power_cap
main,trt_fp16,yolov8n,32,2,640,20261002T171428_949510Z,2026-10-02T17:14:30+00:00,6.682253507897258,6.650150753557682,0.26898660575033695,6.66227696929127,6.639830768108368,9.307494852691889,100,22.976390374824405,16.98910864070058,18.52189681958407,6.81783745996654,0.2088204221217893,1437.8115234375,cuda:0,NVIDIA A100-PCIE-40GB,535.288.01,375.0,1380.0,1410.0,47.0,52.0,161.65,13.0,0,0,sw_power_cap,1.0,0.0,,226.11345801874995,0.19097226718440652,True,2.3.1+cu121,2.3.0+cu121,8.4.153,raw/main/runs/trt_fp16/yolov8n/bs32__run2__20261002T171428_949510Z__ok.json,throttle sw_power_cap
main,trt_fp16,yolov8n,32,3,640,20261002T181905_650682Z,2026-10-02T18:19:07+00:00,6.650790888816118,6.640371400862932,0.05727980952005092,6.651750532910228,6.628287024796009,7.0917680859565735,100,21.834724145010114,17.021878622472286,19.70097189769149,6.800245642662048,0.2078372152755037,1437.8076171875,cuda:0,NVIDIA A100-PCIE-40GB,535.288.01,465.0,1365.0,1410.0,44.0,50.0,246.48,13.0,0,0,sw_power_cap,1.0,0.0,,226.11345801874995,0.1912131942808628,True,2.3.1+cu121,2.3.0+cu121,8.4.153,raw/main/runs/trt_fp16/yolov8n/bs32__run3__20261002T181905_650682Z__ok.json,throttle sw_power_cap
main,trt_fp16,yolov8n,32,4,640,20261002T191210_656351Z,2026-10-02T19:12:12+00:00,6.669846079312265,6.639639381319284,0.2521686958628706,6.655469839461148,6.626854185014963,9.138419292867184,100,21.82763498276472,17.456745728850365,17.88325982633978,6.801908849738538,0.20843268997850828,1437.810546875,cuda:0,NVIDIA A100-PCIE-40GB,535.288.01,765.0,1365.0,1410.0,48.0,52.0,251.68,13.0,0,0,sw_power_cap,1.0,0.0,,226.11345801874995,0.18771184515208006,True,2.3.1+cu121,2.3.0+cu121,8.4.153,raw/main/runs/trt_fp16/yolov8n/bs32__run4__20261002T191210_656351Z__ok.json,throttle sw_power_cap
main,trt_fp16,yolov8n,40,0,640,20261002T151254_070534Z,2026-10-02T15:12:55+00:00,8.309070095419884,8.295815205201507,0.09573868996054036,8.311159862205386,8.27904511243105,9.139841888099909,100,26.38633676804602,21.156169939786196,22.261229692958295,8.541831308975816,0.2077267523854971,1424.763671875,cuda:0,NVIDIA A100-PCIE-40GB,535.288.01,765.0,1365.0,1410.0,46.0,51.0,255.14,13.0,0,0,sw_power_cap,1.0,0.0,,230.85783639084548,0.18583927396684885,True,2.3.1+cu121,2.3.0+cu121,8.4.153,raw/main/runs/trt_fp16/yolov8n/bs40__run0__20261002T151254_070534Z__ok.json,throttle sw_power_cap
main,trt_fp16,yolov8n,40,1,640,20261002T162124_557613Z,2026-10-02T16:21:25+00:00,8.312416025437415,8.299387991428375,0.060365197090866615,8.364129485562444,8.277738001197577,8.725679013878107,100,26.816627364605665,21.23493328690529,23.4055730747059,8.545093880966306,0.20781040063593537,1424.76220703125,cuda:0,NVIDIA A100-PCIE-40GB,535.288.01,480.0,1365.0,1410.0,47.0,52.0,254.62,13.0,0,0,sw_power_cap,1.0,0.0,,230.85783639084548,0.1893736496567726,True,2.3.1+cu121,2.3.0+cu121,8.4.153,raw/main/runs/trt_fp16/yolov8n/bs40__run1__20261002T162124_557613Z__ok.json,throttle sw_power_cap
main,trt_fp16,yolov8n,40,2,640,20261002T170638_946238Z,2026-10-02T17:06:40+00:00,8.32518422510475,8.308428805321455,0.12435474147668264,8.331944770179689,8.278892375528812,9.51338279992342,100,26.83218310587108,21.91738411784172,22.73345123976469,8.565988251939416,0.20812960562761873,1424.76416015625,cuda:0,NVIDIA A100-PCIE-40GB,535.288.01,540.0,1380.0,1410.0,45.0,50.0,74.63,13.0,0,0,sw_power_cap,1.0,0.0,,230.85783639084548,0.18836265802383423,True,2.3.1+cu121,2.3.0+cu121,8.4.153,raw/main/runs/trt_fp16/yolov8n/bs40__run2__20261002T170638_946238Z__ok.json,throttle sw_power_cap
main,trt_fp16,yolov8n,40,3,640,20261002T182054_192525Z,2026-10-02T18:20:55+00:00,8.331204634159803,8.299588225781918,0.23464864702966937,8.327369973994792,8.270677644759417,10.578327346593142,100,25.986785041168332,20.936852786689997,21.732945111580193,8.542555901221931,0.20828011585399508,1424.76220703125,cuda:0,NVIDIA A100-PCIE-40GB,535.288.01,765.0,1365.0,1410.0,47.0,52.0,169.35,13.0,0,0,sw_power_cap,1.0,0.0,,230.85783639084548,0.18587752105668187,True,2.3.1+cu121,2.3.0+cu121,8.4.153,raw/main/runs/trt_fp16/yolov8n/bs40__run3__20261002T182054_192525Z__ok.json,throttle sw_power_cap
main,trt_fp16,yolov8n,40,4,640,20261002T193037_632690Z,2026-10-02T19:30:39+00:00,8.340760483406484,8.295994950458407,0.33255312800297016,8.402138017117977,8.27096402645111,11.58257806673646,100,26.03733773343265,21.003815112635493,23.34294025786221,8.543351893313229,0.2085190120851621,1424.7626953125,cuda:0,NVIDIA A100-PCIE-40GB,535.288.01,615.0,1365.0,1410.0,44.0,50.0,184.76,13.0,0,0,sw_power_cap,1.0,0.0,,230.85783639084548,0.1909890128299594,True,2.3.1+cu121,2.3.0+cu121,8.4.153,raw/main/runs/trt_fp16/yolov8n/bs40__run4__20261002T193037_632690Z__ok.json,throttle sw_power_cap
main,trt_fp16,yolov8n,48,0,640,20261002T151322_232750Z,2026-10-02T15:13:23+00:00,9.644459336996078,9.63075109757483,0.0780165882675731,9.677535435184836,9.607399813830853,10.328964330255985,100,30.343775185756385,25.064150569960475,26.92891201004386,10.03140996210277,0.2009262361874183,1486.91796875,cuda:0,NVIDIA A100-PCIE-40GB,535.288.01,765.0,1365.0,1410.0,43.0,49.0,228.29,13.0,0,0,sw_power_cap,1.0,0.0,,235.3709914269857,0.1814143778756261,True,2.3.1+cu121,2.3.0+cu121,8.4.153,raw/main/runs/trt_fp16/yolov8n/bs48__run0__20261002T151322_232750Z__ok.json,throttle sw_power_cap
main,trt_fp16,yolov8n,48,1,640,20261002T153646_003990Z,2026-10-02T15:36:47+00:00,9.647910185158253,9.636590955778956,0.07543671458079475,9.648027271032333,9.615590795874596,10.188775137066841,100,30.850883908569813,24.74900404922664,26.752109499648213,10.052485689520836,0.2009981288574636,1486.9150390625,cuda:0,NVIDIA A100-PCIE-40GB,535.288.01,1410.0,1365.0,1410.0,48.0,52.0,234.51,13.0,0,0,sw_power_cap,1.0,0.0,,235.3709914269857,0.18391069397330284,True,2.3.1+cu121,2.3.0+cu121,8.4.153,raw/main/runs/trt_fp16/yolov8n/bs48__run1__20261002T153646_003990Z__ok.json,throttle sw_power_cap
main,trt_fp16,yolov8n,48,2,640,20261002T172639_049490Z,2026-10-02T17:26:40+00:00,9.685619473457336,9.644387988373637,0.20765275957757157,9.813506691716611,9.6251480281353,11.407672893255949,100,29.7587669827044,25.149336084723473,26.400742027908564,10.074672941118479,0.20178373903036118,1486.9140625,cuda:0,NVIDIA A100-PCIE-40GB,535.288.01,480.0,1365.0,1410.0,48.0,52.0,242.19,13.0,0,0,sw_power_cap,1.0,0.0,,235.3709914269857,0.18155738897621632,True,2.3.1+cu121,2.3.0+cu121,8.4.153,raw/main/runs/trt_fp16/yolov8n/bs48__run2__20261002T172639_049490Z__ok.json,throttle sw_power_cap
main,trt_fp16,yolov8n,48,3,640,20261002T175537_156886Z,2026-10-02T17:55:38+00:00,9.654935449361801,9.6427989192307,0.07293491095599007,9.665507357567549,9.622133802622557,10.29387442395091,100,30.273768794722855,24.36732011847198,27.079945988953114,10.031362539157271,0.20114448852837086,1486.91796875,cuda:0,NVIDIA A100-PCIE-40GB,535.288.01,765.0,1365.0,1410.0,43.0,48.0,241.04,13.0,0,0,sw_power_cap,1.0,0.0,,235.3709914269857,0.18141685286536813,True,2.3.1+cu121,2.3.0+cu121,8.4.153,raw/main/runs/trt_fp16/yolov8n/bs48__run3__20261002T175537_156886Z__ok.json,throttle sw_power_cap
main,trt_fp16,yolov8n,48,4,640,20261002T190912_081071Z,2026-10-02T19:09:13+00:00,9.659409653395414,9.622210171073675,0.11739156320393783,9.902504063211381,9.608360007405281,10.383718181401491,100,29.988609165884554,24.692071368917823,26.972317090258002,10.000414620153606,0.20123770111240447,1486.91552734375,cuda:0,NVIDIA A100-PCIE-40GB,535.288.01,390.0,1365.0,1410.0,42.0,48.0,236.4,13.0,0,0,sw_power_cap,1.0,0.0,,235.3709914269857,0.1807982511818409,True,2.3.1+cu121,2.3.0+cu121,8.4.153,raw/main/runs/trt_fp16/yolov8n/bs48__run4__20261002T190912_081071Z__ok.json,throttle sw_power_cap
main,trt_fp16,yolov8n,56,0,640,20261002T151647_319289Z,2026-10-02T15:16:48+00:00,11.04597709607333,10.998610407114029,0.31693415668044633,11.138826073147357,10.97478112205863,14.00653924793005,100,34.518683133646846,29.746295884251595,31.080530560575426,11.493558250367641,0.19724959100130945,1465.16943359375,cuda:0,NVIDIA A100-PCIE-40GB,535.288.01,765.0,1380.0,1410.0,46.0,51.0,250.04,13.0,0,0,sw_power_cap,1.0,0.0,,240.26664704084396,0.17879180004820228,True,2.3.1+cu121,2.3.0+cu121,8.4.153,raw/main/runs/trt_fp16/yolov8n/bs56__run0__20261002T151647_319289Z__ok.json,throttle sw_power_cap
main,trt_fp16,yolov8n,56,1,640,20261002T160758_651415Z,2026-10-02T16:08:00+00:00,11.036695898510516,11.002191342413425,0.2246174225495205,11.09541468322277,10.97396994009614,13.133426196873188,100,34.09327636472881,29.14111688733101,30.362135241739452,11.483032661490142,0.19708385533054493,1465.1650390625,cuda:0,NVIDIA A100-PCIE-40GB,535.288.01,765.0,1365.0,1410.0,43.0,49.0,247.81,13.0,0,0,sw_power_cap,1.0,0.0,,240.26664704084396,0.1805500420741737,True,2.3.1+cu121,2.3.0+cu121,8.4.153,raw/main/runs/trt_fp16/yolov8n/bs56__run1__20261002T160758_651415Z__ok.json,throttle sw_power_cap
main,trt_fp16,yolov8n,56,2,640,20261002T165814_257127Z,2026-10-02T16:58:15+00:00,11.048163184896111,11.003683088347316,0.302565326523045,11.108057643286884,10.985179338604212,13.950820080935955,100,33.74300990719348,28.720200760290027,30.543074058368802,11.499864640645683,0.19728862830171628,1465.166015625,cuda:0,NVIDIA A100-PCIE-40GB,535.288.01,765.0,1365.0,1410.0,44.0,50.0,99.52,13.0,0,0,sw_power_cap,1.0,0.0,,240.26664704084396,0.18011227110400796,True,2.3.1+cu121,2.3.0+cu121,8.4.153,raw/main/runs/trt_fp16/yolov8n/bs56__run2__20261002T165814_257127Z__ok.json,throttle sw_power_cap
main,trt_fp16,yolov8n,56,3,640,20261002T175525_615443Z,2026-10-02T17:55:27+00:00,11.02547004353255,11.013994924724102,0.074873707266088,11.034974572248757,10.990323964506388,11.625614017248154,100,33.63537379540503,28.755354462191463,30.81031220499426,11.509549580514431,0.19688339363450982,1465.1689453125,cuda:0,NVIDIA A100-PCIE-40GB,535.288.01,405.0,1365.0,1410.0,44.0,50.0,63.81,13.0,0,0,sw_power_cap,1.0,0.0,,240.26664704084396,0.1777017363347113,True,2.3.1+cu121,2.3.0+cu121,8.4.153,raw/main/runs/trt_fp16/yolov8n/bs56__run3__20261002T175525_615443Z__ok.json,throttle sw_power_cap
main,trt_fp16,yolov8n,56,4,640,20261002T192309_725519Z,2026-10-02T19:23:11+00:00,11.01196650415659,10.996835539117455,0.09349867028954453,11.026460188440979,10.975540149956942,11.845720000565052,100,33.82008116226643,29.488653410226107,29.914458678103983,11.520434077829123,0.19664225900279625,1465.16796875,cuda:0,NVIDIA A100-PCIE-40GB,535.288.01,765.0,1365.0,1410.0,46.0,51.0,169.11,13.0,0,0,sw_power_cap,1.0,0.0,,240.26664704084396,0.17930217133834958,True,2.3.1+cu121,2.3.0+cu121,8.4.153,raw/main/runs/trt_fp16/yolov8n/bs56__run4__20261002T192309_725519Z__ok.json,throttle sw_power_cap
main,trt_fp16,yolov8n,64,0,640,20261002T151359_777156Z,2026-10-02T15:14:01+00:00,12.35160537995398,12.336207320913672,0.08796378828804478,12.414372665807605,12.316030915826559,13.107567094266415,100,38.14124546945095,32.81853487715125,33.80968642886728,12.902050819247961,0.19299383406178094,1675.619140625,cuda:0,NVIDIA A100-PCIE-40GB,535.288.01,345.0,1365.0,1410.0,40.0,47.0,247.74,13.0,0,0,sw_power_cap,1.0,0.0,,246.38788706669584,0.18494340404868126,True,2.3.1+cu121,2.3.0+cu121,8.4.153,raw/main/runs/trt_fp16/yolov8n/bs64__run0__20261002T151359_777156Z__ok.json,throttle sw_power_cap
main,trt_fp16,yolov8n,64,1,640,20261002T162346_953420Z,2026-10-02T16:23:48+00:00,12.351700151339173,12.334593338891864,0.1037557812898455,12.369333347305655,12.313826009631157,13.246506918221712,100,38.44378038775176,32.69526455551386,34.10060084424913,12.953845839947462,0.19299531486467458,1675.61865234375,cuda:0,NVIDIA A100-PCIE-40GB,535.288.01,765.0,1350.0,1410.0,49.0,53.0,247.93,13.0,0,0,sw_power_cap,1.0,0.0,,246.38788706669584,0.1846560169942677,True,2.3.1+cu121,2.3.0+cu121,8.4.153,raw/main/runs/trt_fp16/yolov8n/bs64__run1__20261002T162346_953420Z__ok.json,throttle sw_power_cap
main,trt_fp16,yolov8n,64,2,640,20261002T171813_440505Z,2026-10-02T17:18:14+00:00,12.364877946674824,12.345361057668924,0.10238230475213003,12.383172032423317,12.319570872932673,12.996889185160398,100,37.71074790973216,32.74166537448764,34.806606569327414,12.915798490867019,0.19320121791679412,1675.6171875,cuda:0,NVIDIA A100-PCIE-40GB,535.288.01,765.0,1365.0,1410.0,42.0,50.0,249.02,13.0,0,0,sw_power_cap,1.0,0.0,,246.38788706669584,0.18524761823937297,True,2.3.1+cu121,2.3.0+cu121,8.4.153,raw/main/runs/trt_fp16/yolov8n/bs64__run2__20261002T171813_440505Z__ok.json,throttle sw_power_cap
main,trt_fp16,yolov8n,64,3,640,20261002T174726_370676Z,2026-10-02T17:47:27+00:00,12.357223737053573,12.346799252554774,0.07453305388258799,12.363811046816409,12.31740927323699,12.999857775866985,100,37.94820983894169,33.47921115346253,33.936191350221634,12.928164042532444,0.19308162089146208,1675.6181640625,cuda:0,NVIDIA A100-PCIE-40GB,535.288.01,375.0,1395.0,1410.0,44.0,48.0,56.88,13.0,0,0,sw_power_cap,1.0,0.0,,246.38788706669584,0.19129889411851764,True,2.3.1+cu121,2.3.0+cu121,8.4.153,raw/main/runs/trt_fp16/yolov8n/bs64__run3__20261002T174726_370676Z__ok.json,throttle sw_power_cap
main,trt_fp16,yolov8n,64,4,640,20261002T190148_347809Z,2026-10-02T19:01:49+00:00,12.348560597747564,12.33096863143146,0.09119411639238627,12.386348098516464,12.310534249991179,13.100694864988327,100,39.193665934726596,33.34146807901561,35.439932136796415,12.910901391878724,0.1929462593398057,1675.6220703125,cuda:0,NVIDIA A100-PCIE-40GB,535.288.01,570.0,1365.0,1410.0,45.0,50.0,251.11,13.0,0,0,sw_power_cap,1.0,0.0,,246.38788706669584,0.188492929097265,True,2.3.1+cu121,2.3.0+cu121,8.4.153,raw/main/runs/trt_fp16/yolov8n/bs64__run4__20261002T190148_347809Z__ok.json,throttle sw_power_cap
main,trt_fp16,yolov8s,1,0,640,20261002T144527_569448Z,2026-10-02T14:45:28+00:00,1.65629249997437,1.763906329870224,0.22043630942633188,1.771585876122117,1.2295590713620186,2.0248908549547195,100,7.149425833486021,2.471447456628084,2.492717606946826,1.0758934495970607,1.65629249997437,44.982421875,cuda:0,NVIDIA A100-PCIE-40GB,535.288.01,765.0,1410.0,1410.0,42.0,44.0,65.29,13.0,0,0,,1.0,0.0,,253.89188177883625,0.3684275741688907,True,2.3.1+cu121,2.3.0+cu121,8.4.153,raw/main/runs/trt_fp16/yolov8s/bs1__run0__20261002T144527_569448Z__ok.json,
main,trt_fp16,yolov8s,1,1,640,20261002T162601_235087Z,2026-10-02T16:26:02+00:00,1.879162285476923,2.0468293223530054,0.339235870179669,2.056014840491116,1.2163450010120869,2.3328950628638268,100,8.28299158718437,2.777143381536007,2.80037852935493,1.0612257476896048,1.879162285476923,44.982421875,cuda:0,NVIDIA A100-PCIE-40GB,535.288.01,450.0,1410.0,1410.0,42.0,43.0,66.46,13.0,0,0,,1.0,0.0,,253.89188177883625,0.3791101770475507,True,2.3.1+cu121,2.3.0+cu121,8.4.153,raw/main/runs/trt_fp16/yolov8s/bs1__run1__20261002T162601_235087Z__ok.json,
main,trt_fp16,yolov8s,1,2,640,20261002T165445_149814Z,2026-10-02T16:54:46+00:00,1.9447849737480283,1.8446361646056175,0.12827783656746863,2.074896590784192,1.8361699767410755,2.54296837374568,100,7.5654811738058925,2.5667580775916576,2.8158793225884438,1.2726498674601316,1.9447849737480283,44.982421875,cuda:0,NVIDIA A100-PCIE-40GB,535.288.01,765.0,1410.0,1410.0,47.0,47.0,164.98,13.0,0,0,,1.0,0.0,,253.89188177883625,0.3697963082231581,True,2.3.1+cu121,2.3.0+cu121,8.4.153,raw/main/runs/trt_fp16/yolov8s/bs1__run2__20261002T165445_149814Z__ok.json,
main,trt_fp16,yolov8s,1,3,640,20261002T182140_368186Z,2026-10-02T18:21:41+00:00,1.798242530785501,2.059284830465913,0.3425112061332043,2.068463689647615,1.3727126643061638,2.503388561308384,100,8.29886393621564,2.7771510649472475,2.805336844176054,1.213711998425424,1.798242530785501,44.98193359375,cuda:0,NVIDIA A100-PCIE-40GB,535.288.01,765.0,1410.0,1410.0,41.0,42.0,96.37,13.0,0,0,,1.0,0.0,,253.89188177883625,0.3694734158925712,True,2.3.1+cu121,2.3.0+cu121,8.4.153,raw/main/runs/trt_fp16/yolov8s/bs1__run3__20261002T182140_368186Z__ok.json,
main,trt_fp16,yolov8s,1,4,640,20261002T190425_577240Z,2026-10-02T19:04:26+00:00,2.0656819781288505,2.062290208414197,0.0299017347025893,2.06987087149173,2.057485282421112,2.3597083054482937,100,8.244356676004827,2.7902929577976465,2.817882946692407,1.1384098324924707,2.0656819781288505,44.982421875,cuda:0,NVIDIA A100-PCIE-40GB,535.288.01,765.0,1410.0,1410.0,43.0,44.0,165.76,13.0,0,0,,1.0,0.0,,253.89188177883625,0.3696341998875141,True,2.3.1+cu121,2.3.0+cu121,8.4.153,raw/main/runs/trt_fp16/yolov8s/bs1__run4__20261002T190425_577240Z__ok.json,
main,trt_fp16,yolov8s,2,0,640,20261002T150547_484356Z,2026-10-02T15:05:48+00:00,2.143040532246232,2.5077909231185913,0.4999230388956669,2.518549282103777,1.4807437546551228,3.0259881168603897,100,8.694925955496728,3.299274016171694,3.714268747717142,1.3272782787680626,1.071520266123116,91.00927734375,cuda:0,NVIDIA A100-PCIE-40GB,535.288.01,1410.0,1410.0,1410.0,48.0,49.0,69.46,13.0,0,0,,1.0,0.0,,242.99959100643173,0.3792142220772803,True,2.3.1+cu121,2.3.0+cu121,8.4.153,raw/main/runs/trt_fp16/yolov8s/bs2__run0__20261002T150547_484356Z__ok.json,
main,trt_fp16,yolov8s,2,1,640,20261002T162938_720232Z,2026-10-02T16:29:40+00:00,2.0494934218004346,2.507133409380913,0.4966649292309223,2.519098250195384,1.5244362875819206,2.92407488450408,100,7.826640917919576,3.291916335001588,3.7202698178589344,1.3522755168378353,1.0247467109002173,91.00927734375,cuda:0,NVIDIA A100-PCIE-40GB,535.288.01,765.0,1410.0,1410.0,49.0,50.0,66.68,13.0,0,0,,1.0,0.0,,242.99959100643173,0.3778719939291477,True,2.3.1+cu121,2.3.0+cu121,8.4.153,raw/main/runs/trt_fp16/yolov8s/bs2__run1__20261002T162938_720232Z__ok.json,
main,trt_fp16,yolov8s,2,2,640,20261002T164423_061136Z,2026-10-02T16:44:24+00:00,2.231081360951066,2.223182236775756,0.1657517172664966,2.330271457321942,1.4926819130778313,2.717501949518919,100,7.973534883931279,3.389837685972452,3.523732232861221,1.3407371332868934,1.115540680475533,91.0087890625,cuda:0,NVIDIA A100-PCIE-40GB,535.288.01,765.0,1410.0,1410.0,49.0,50.0,222.69,13.0,0,0,,1.0,0.0,,242.99959100643173,0.3722888948395848,True,2.3.1+cu121,2.3.0+cu121,8.4.153,raw/main/runs/trt_fp16/yolov8s/bs2__run2__20261002T164423_061136Z__ok.json,
main,trt_fp16,yolov8s,2,3,640,20261002T183027_154351Z,2026-10-02T18:30:28+00:00,2.2372974874451756,2.507347147911787,0.4624827985539942,2.5156712159514427,1.4817449264228344,2.958651166409254,100,8.384749651886523,3.6912185605615377,3.7177675869315863,1.3258848432451487,1.1186487437225878,91.00927734375,cuda:0,NVIDIA A100-PCIE-40GB,535.288.01,765.0,1410.0,1410.0,48.0,50.0,226.25,13.0,0,0,,1.0,0.0,,242.99959100643173,0.37844081688672304,True,2.3.1+cu121,2.3.0+cu121,8.4.153,raw/main/runs/trt_fp16/yolov8s/bs2__run3__20261002T183027_154351Z__ok.json,
main,trt_fp16,yolov8s,2,4,640,20261002T191255_430444Z,2026-10-02T19:12:56+00:00,1.941734328866005,2.134280512109399,0.37775589020321254,2.316595707088709,1.5567252412438393,2.522244118154049,100,7.827814393676817,2.8978432528674603,3.510155947878957,1.3642149697989225,0.9708671644330025,91.00927734375,cuda:0,NVIDIA A100-PCIE-40GB,535.288.01,405.0,1410.0,1410.0,41.0,43.0,218.28,13.0,0,0,,1.0,0.0,,242.99959100643173,0.37061816779896617,True,2.3.1+cu121,2.3.0+cu121,8.4.153,raw/main/runs/trt_fp16/yolov8s/bs2__run4__20261002T191255_430444Z__ok.json,
main,trt_fp16,yolov8s,4,0,640,20261002T152423_707418Z,2026-10-02T15:24:25+00:00,2.6890570670366287,2.2034109570086002,0.6694927084604899,3.571170591749251,2.1434202790260315,3.969922661781311,100,9.48181641753763,4.245453514158726,5.702110775746405,2.010828838683665,0.6722642667591572,179.61083984375,cuda:0,NVIDIA A100-PCIE-40GB,535.288.01,345.0,1395.0,1410.0,47.0,50.0,251.9,13.0,0,0,sw_power_cap,1.0,0.0,,240.4263844434172,0.3882121806964278,True,2.3.1+cu121,2.3.0+cu121,8.4.153,raw/main/runs/trt_fp16/yolov8s/bs4__run0__20261002T152423_707418Z__ok.json,throttle sw_power_cap
main,trt_fp16,yolov8s,4,1,640,20261002T161722_457227Z,2026-10-02T16:17:23+00:00,2.9372970201075077,3.5358103923499584,0.7047231208713427,3.5462223226204515,2.1249637939035892,3.7723532877862453,100,11.092045856639743,4.866628907620907,5.672600865364075,1.9980755168944597,0.7343242550268769,179.60986328125,cuda:0,NVIDIA A100-PCIE-40GB,535.288.01,1410.0,1395.0,1410.0,53.0,55.0,76.47,13.0,0,0,sw_power_cap,1.0,0.0,,240.4263844434172,0.3872320051304996,True,2.3.1+cu121,2.3.0+cu121,8.4.153,raw/main/runs/trt_fp16/yolov8s/bs4__run1__20261002T161722_457227Z__ok.json,throttle sw_power_cap
main,trt_fp16,yolov8s,4,2,640,20261002T170119_567944Z,2026-10-02T17:01:20+00:00,2.8786470368504524,2.156846458092332,0.828080002095852,3.56552223674953,2.1414849907159805,7.09728617221117,100,9.39990104176104,4.181340103968978,5.688231997191906,2.0094165485352278,0.7196617592126131,179.60986328125,cuda:0,NVIDIA A100-PCIE-40GB,535.288.01,765.0,1395.0,1410.0,47.0,51.0,251.84,13.0,0,0,sw_power_cap,1.0,0.0,,240.4263844434172,0.3905184753239155,True,2.3.1+cu121,2.3.0+cu121,8.4.153,raw/main/runs/trt_fp16/yolov8s/bs4__run2__20261002T170119_567944Z__ok.json,throttle sw_power_cap
main,trt_fp16,yolov8s,4,3,640,20261002T180509_331861Z,2026-10-02T18:05:10+00:00,2.6873555220663548,2.156222239136696,0.7015207763864857,3.590979683212936,2.145713195204735,3.974500112235546,100,9.444985701702535,4.2047330643981695,5.741486861370504,2.0051057590171695,0.6718388805165887,179.61083984375,cuda:0,NVIDIA A100-PCIE-40GB,535.288.01,765.0,1395.0,1410.0,42.0,46.0,147.56,13.0,0,0,sw_power_cap,1.0,0.0,,240.4263844434172,0.3958785538561642,True,2.3.1+cu121,2.3.0+cu121,8.4.153,raw/main/runs/trt_fp16/yolov8s/bs4__run3__20261002T180509_331861Z__ok.json,throttle sw_power_cap
main,trt_fp16,yolov8s,4,4,640,20261002T185047_862508Z,2026-10-02T18:50:49+00:00,2.694532023742795,2.6929264422506094,0.5648756102722752,3.257967601530254,2.1274457685649395,3.4881928004324436,100,9.591013565659523,4.5774271711707115,5.355561315082014,2.000261442735791,0.6736330059356987,179.6103515625,cuda:0,NVIDIA A100-PCIE-40GB,535.288.01,345.0,1395.0,1410.0,45.0,48.0,245.2,13.0,0,0,sw_power_cap,1.0,0.0,,240.4263844434172,0.3869818947277963,True,2.3.1+cu121,2.3.0+cu121,8.4.153,raw/main/runs/trt_fp16/yolov8s/bs4__run4__20261002T185047_862508Z__ok.json,throttle sw_power_cap
main,trt_fp16,yolov8s,6,0,640,20261002T144416_455324Z,2026-10-02T14:44:17+00:00,3.486509434878826,3.4102764911949635,0.5451265554772076,4.218484973534942,2.960585057735443,4.835393279790878,100,11.306732734665275,5.86297269910574,7.187295542098582,2.8774039074778557,0.5810849058131377,269.4150390625,cuda:0,NVIDIA A100-PCIE-40GB,535.288.01,555.0,1395.0,1410.0,50.0,54.0,166.72,13.0,0,0,sw_power_cap,1.0,0.0,,213.41247586300597,0.39702732395380735,True,2.3.1+cu121,2.3.0+cu121,8.4.153,raw/main/runs/trt_fp16/yolov8s/bs6__run0__20261002T144416_455324Z__ok.json,throttle sw_power_cap
main,trt_fp16,yolov8s,6,1,640,20261002T154527_893376Z,2026-10-02T15:45:29+00:00,3.4593003382906318,2.957521239295602,0.6262892000411443,4.2072642128914595,2.9442859813570976,4.807217977941036,100,11.575899561867118,5.826690467074513,7.149899820797145,2.869412531144917,0.5765500563817719,269.4150390625,cuda:0,NVIDIA A100-PCIE-40GB,535.288.01,495.0,1395.0,1410.0,49.0,53.0,246.55,13.0,0,0,sw_power_cap,1.0,0.0,,213.41247586300597,0.3974940902553499,True,2.3.1+cu121,2.3.0+cu121,8.4.153,raw/main/runs/trt_fp16/yolov8s/bs6__run1__20261002T154527_893376Z__ok.json,throttle sw_power_cap
main,trt_fp16,yolov8s,6,2,640,20261002T170922_762573Z,2026-10-02T17:09:24+00:00,3.5513759264722466,2.9665029142051935,0.8805297885102632,4.841706715524197,2.9533416964113712,5.395032931119204,100,11.68788312934339,5.8398868422955275,7.847657753154635,2.875567371957004,0.5918959877453744,269.41552734375,cuda:0,NVIDIA A100-PCIE-40GB,535.288.01,450.0,1395.0,1410.0,50.0,53.0,253.6,13.0,0,0,sw_power_cap,1.0,0.0,,213.41247586300597,0.3982586213387549,True,2.3.1+cu121,2.3.0+cu121,8.4.153,raw/main/runs/trt_fp16/yolov8s/bs6__run2__20261002T170922_762573Z__ok.json,throttle sw_power_cap
main,trt_fp16,yolov8s,6,3,640,20261002T183223_425305Z,2026-10-02T18:32:24+00:00,3.4574092272669077,2.950747963041067,0.8383881752407879,4.8224217258393764,2.942423801869154,5.16620883718133,100,11.489591421559453,5.818933015689254,7.812350243330002,2.8527462668716908,0.5762348712111512,269.4150390625,cuda:0,NVIDIA A100-PCIE-40GB,535.288.01,765.0,1395.0,1410.0,47.0,50.0,130.75,13.0,0,0,sw_power_cap,1.0,0.0,,213.41247586300597,0.40825839387252927,True,2.3.1+cu121,2.3.0+cu121,8.4.153,raw/main/runs/trt_fp16/yolov8s/bs6__run3__20261002T183223_425305Z__ok.json,throttle sw_power_cap
main,trt_fp16,yolov8s,6,4,640,20261002T192624_886514Z,2026-10-02T19:26:26+00:00,3.4615715825930238,2.950458088889718,0.6108966178177737,4.158619185909629,2.9405029490590096,4.805433098226786,100,12.186152236536145,5.894854431971908,7.1764882653951645,2.844840562902391,0.5769285970988373,269.4150390625,cuda:0,NVIDIA A100-PCIE-40GB,535.288.01,765.0,1395.0,1410.0,47.0,51.0,253.28,13.0,0,0,sw_power_cap,1.0,0.0,,213.41247586300597,0.4016907438635826,True,2.3.1+cu121,2.3.0+cu121,8.4.153,raw/main/runs/trt_fp16/yolov8s/bs6__run4__20261002T192624_886514Z__ok.json,throttle sw_power_cap
main,trt_fp16,yolov8s,8,0,640,20261002T145825_235216Z,2026-10-02T14:58:26+00:00,3.844552356749773,3.486264031380415,0.4646224162488686,4.359676642343402,3.4712981432676315,5.598608870059252,100,12.810229272581637,7.262540981173515,8.191777067258954,3.463966967537999,0.48056904459372163,364.1533203125,cuda:0,NVIDIA A100-PCIE-40GB,535.288.01,390.0,1380.0,1410.0,44.0,49.0,65.38,13.0,0,0,sw_power_cap,1.0,0.0,,216.59275715006515,0.3970518670976162,True,2.3.1+cu121,2.3.0+cu121,8.4.153,raw/main/runs/trt_fp16/yolov8s/bs8__run0__20261002T145825_235216Z__ok.json,throttle sw_power_cap
main,trt_fp16,yolov8s,8,1,640,20261002T154535_775322Z,2026-10-02T15:45:37+00:00,4.15999960154295,3.475877456367016,0.9871298439482271,5.55576984770596,3.461567685008049,5.786639172583818,100,12.183026606217027,6.894124206155539,9.452553722076118,3.472507852129638,0.5199999501928687,364.15283203125,cuda:0,NVIDIA A100-PCIE-40GB,535.288.01,390.0,1380.0,1410.0,47.0,51.0,82.22,13.0,0,0,sw_power_cap,1.0,0.0,,216.59275715006515,0.3891048119403422,True,2.3.1+cu121,2.3.0+cu121,8.4.153,raw/main/runs/trt_fp16/yolov8s/bs8__run1__20261002T154535_775322Z__ok.json,throttle sw_power_cap
main,trt_fp16,yolov8s,8,2,640,20261002T165437_116116Z,2026-10-02T16:54:38+00:00,3.7133912928402424,3.579685464501381,0.3890960201470807,4.348667385056615,3.4757088869810104,5.575442686676979,100,11.858598170801997,6.888226373121142,7.878232072107494,3.4727922687307,0.4641739116050303,364.1533203125,cuda:0,NVIDIA A100-PCIE-40GB,535.288.01,765.0,1380.0,1410.0,49.0,54.0,250.41,13.0,0,0,sw_power_cap,1.0,0.0,,216.59275715006515,0.3973275227472186,True,2.3.1+cu121,2.3.0+cu121,8.4.153,raw/main/runs/trt_fp16/yolov8s/bs8__run2__20261002T165437_116116Z__ok.json,throttle sw_power_cap
main,trt_fp16,yolov8s,8,3,640,20261002T181221_216079Z,2026-10-02T18:12:22+00:00,4.096634746529162,3.4750199411064386,0.9580393062713807,5.557106877677143,3.4629213623702526,5.7815867476165295,100,12.176352231763303,7.269513793289661,9.50427744537592,3.472252110950649,0.5120793433161452,364.15380859375,cuda:0,NVIDIA A100-PCIE-40GB,535.288.01,1410.0,1395.0,1410.0,46.0,49.0,246.3,13.0,0,0,sw_power_cap,1.0,0.0,,216.59275715006515,0.39082547277212143,True,2.3.1+cu121,2.3.0+cu121,8.4.153,raw/main/runs/trt_fp16/yolov8s/bs8__run3__20261002T181221_216079Z__ok.json,throttle sw_power_cap
main,trt_fp16,yolov8s,8,4,640,20261002T185654_398265Z,2026-10-02T18:56:55+00:00,3.7868249602615833,3.4740851260721684,0.4487618382123782,4.33555981144309,3.4625399857759476,5.545254796743393,100,12.918343492783606,7.22625944763422,8.163076755590737,3.4657602524384856,0.4733531200326979,364.1533203125,cuda:0,NVIDIA A100-PCIE-40GB,535.288.01,765.0,1380.0,1410.0,45.0,49.0,64.19,13.0,0,0,sw_power_cap,1.0,0.0,,216.59275715006515,0.38873513089492917,True,2.3.1+cu121,2.3.0+cu121,8.4.153,raw/main/runs/trt_fp16/yolov8s/bs8__run4__20261002T185654_398265Z__ok.json,throttle sw_power_cap
main,trt_fp16,yolov8s,10,0,640,20261002T151221_800547Z,2026-10-02T15:12:23+00:00,5.222070282325149,4.458968993276358,1.2011952730171418,7.121131825260818,4.444939084351063,7.557290606200695,100,15.707484628073871,8.748299907892942,11.863584537059069,4.504615683108568,0.5222070282325149,449.025390625,cuda:0,NVIDIA A100-PCIE-40GB,535.288.01,765.0,1395.0,1410.0,49.0,53.0,63.91,13.0,0,0,sw_power_cap,1.0,0.0,,224.33076544385403,0.3894838918931782,True,2.3.1+cu121,2.3.0+cu121,8.4.153,raw/main/runs/trt_fp16/yolov8s/bs10__run0__20261002T151221_800547Z__ok.json,throttle sw_power_cap
main,trt_fp16,yolov8s,10,1,640,20261002T162659_297004Z,2026-10-02T16:27:00+00:00,4.996628719381988,4.457304021343589,0.9318714911878201,6.622973550111055,4.443319048732519,6.821664981544018,100,14.469343577511609,9.19433985836804,11.508852825500071,4.476351197808981,0.4996628719381988,449.0263671875,cuda:0,NVIDIA A100-PCIE-40GB,535.288.01,540.0,1380.0,1410.0,43.0,48.0,250.91,13.0,0,0,sw_power_cap,1.0,0.0,,224.33076544385403,0.3911695540882647,True,2.3.1+cu121,2.3.0+cu121,8.4.153,raw/main/runs/trt_fp16/yolov8s/bs10__run1__20261002T162659_297004Z__ok.json,throttle sw_power_cap
main,trt_fp16,yolov8s,10,2,640,20261002T170127_000925Z,2026-10-02T17:01:28+00:00,4.53029899392277,4.46403119713068,0.3175033543326569,4.572081891819835,4.451018758118153,7.122520357370377,100,13.509530667215586,9.114952990785241,9.271312318742275,4.490901636891067,0.453029899392277,449.025390625,cuda:0,NVIDIA A100-PCIE-40GB,535.288.01,360.0,1380.0,1410.0,44.0,50.0,90.4,13.0,0,0,sw_power_cap,1.0,0.0,,224.33076544385403,0.4145025392062962,True,2.3.1+cu121,2.3.0+cu121,8.4.153,raw/main/runs/trt_fp16/yolov8s/bs10__run2__20261002T170127_000925Z__ok.json,throttle sw_power_cap
main,trt_fp16,yolov8s,10,3,640,20261002T175021_262367Z,2026-10-02T17:50:22+00:00,4.810479609295726,4.47741081006825,0.6389377036182681,6.239590863697231,4.4595059007406235,6.456275004893541,100,14.972948390059173,8.728763088583946,10.602753818966448,4.486334631219506,0.4810479609295726,449.025390625,cuda:0,NVIDIA A100-PCIE-40GB,535.288.01,435.0,1380.0,1410.0,44.0,48.0,250.41,13.0,0,0,sw_power_cap,1.0,0.0,,224.33076544385403,0.3806196916848421,True,2.3.1+cu121,2.3.0+cu121,8.4.153,raw/main/runs/trt_fp16/yolov8s/bs10__run3__20261002T175021_262367Z__ok.json,throttle sw_power_cap
main,trt_fp16,yolov8s,10,4,640,20261002T184652_957850Z,2026-10-02T18:46:54+00:00,4.994580242782831,4.456165712326765,0.7857095881723889,6.218225019983947,4.43793460726738,7.155656814575195,100,15.216835159808397,8.777230512350798,10.641205636784434,4.471765728667378,0.4994580242782831,449.02587890625,cuda:0,NVIDIA A100-PCIE-40GB,535.288.01,585.0,1380.0,1410.0,44.0,49.0,252.5,13.0,0,0,sw_power_cap,1.0,0.0,,224.33076544385403,0.39609582629054785,True,2.3.1+cu121,2.3.0+cu121,8.4.153,raw/main/runs/trt_fp16/yolov8s/bs10__run4__20261002T184652_957850Z__ok.json,throttle sw_power_cap
main,trt_fp16,yolov8s,12,0,640,20261002T143315_945920Z,2026-10-02T14:33:17+00:00,5.431078672409058,4.958856385201216,0.8029964925539474,6.784976413473487,4.943885840475559,7.004349026829004,100,15.11973119340837,10.156137635931373,12.507356889545918,5.055804732255638,0.45258988936742145,538.830078125,cuda:0,NVIDIA A100-PCIE-40GB,535.288.01,615.0,1380.0,1410.0,48.0,53.0,99.6,13.0,0,0,sw_power_cap,1.0,0.0,,221.06797605473548,0.3913513720035553,True,2.3.1+cu121,2.3.0+cu121,8.4.153,raw/main/runs/trt_fp16/yolov8s/bs12__run0__20261002T143315_945920Z__ok.json,throttle sw_power_cap
main,trt_fp16,yolov8s,12,1,640,20261002T160414_733501Z,2026-10-02T16:04:16+00:00,5.3206890588626266,4.969964502379298,0.5634302316481662,6.211144803091884,4.954844247549772,6.571148056536913,100,14.873046479187906,10.143923573195934,11.472906824201345,5.0936993677169085,0.4433907549052189,538.83056640625,cuda:0,NVIDIA A100-PCIE-40GB,535.288.01,765.0,1365.0,1410.0,45.0,50.0,246.75,13.0,0,0,sw_power_cap,1.0,0.0,,221.06797605473548,0.3983537587337196,True,2.3.1+cu121,2.3.0+cu121,8.4.153,raw/main/runs/trt_fp16/yolov8s/bs12__run1__20261002T160414_733501Z__ok.json,throttle sw_power_cap
main,trt_fp16,yolov8s,12,2,640,20261002T173201_967259Z,2026-10-02T17:32:03+00:00,4.996345229446888,4.970332840457559,0.22049682064593404,4.9857207108289,4.959348123520613,7.149716839194298,100,15.167688461951911,10.079303989186883,10.509796650148928,5.095421662554145,0.4163621024539073,538.8310546875,cuda:0,NVIDIA A100-PCIE-40GB,535.288.01,765.0,1365.0,1410.0,47.0,51.0,180.83,13.0,0,0,sw_power_cap,1.0,0.0,,221.06797605473548,0.39290232118219137,True,2.3.1+cu121,2.3.0+cu121,8.4.153,raw/main/runs/trt_fp16/yolov8s/bs12__run2__20261002T173201_967259Z__ok.json,throttle sw_power_cap
main,trt_fp16,yolov8s,12,3,640,20261002T180804_360729Z,2026-10-02T18:08:05+00:00,5.302736419253051,4.961399827152491,0.7460101187928633,6.8505380768328905,4.94615500792861,7.740265224128962,100,15.521210283041,10.166122810915112,12.310209427960217,5.084134140051901,0.44189470160442096,538.83056640625,cuda:0,NVIDIA A100-PCIE-40GB,535.288.01,765.0,1365.0,1410.0,46.0,51.0,248.04,13.0,0,0,sw_power_cap,1.0,0.0,,221.06797605473548,0.39622114412486553,True,2.3.1+cu121,2.3.0+cu121,8.4.153,raw/main/runs/trt_fp16/yolov8s/bs12__run3__20261002T180804_360729Z__ok.json,throttle sw_power_cap
main,trt_fp16,yolov8s,12,4,640,20261002T190733_524841Z,2026-10-02T19:07:34+00:00,5.332403020001948,4.961123922839761,0.6281757087542691,6.375361420214176,4.9498239532113075,6.718862801790237,100,15.003640679642558,10.14509005472064,12.032381747849286,5.083852801471949,0.4443669183334957,538.830078125,cuda:0,NVIDIA A100-PCIE-40GB,535.288.01,765.0,1365.0,1410.0,47.0,52.0,246.84,13.0,0,0,sw_power_cap,1.0,0.0,,221.06797605473548,0.3930756840854883,True,2.3.1+cu121,2.3.0+cu121,8.4.153,raw/main/runs/trt_fp16/yolov8s/bs12__run4__20261002T190733_524841Z__ok.json,throttle sw_power_cap
main,trt_fp16,yolov8s,14,0,640,20261002T143456_261987Z,2026-10-02T14:34:57+00:00,5.599716869182885,5.564406048506498,0.308553188072792,5.579346232116222,5.552405025810003,8.637513034045696,100,16.44138680305332,11.566862929612398,12.044505518861115,5.750294751487672,0.39997977637020604,632.2685546875,cuda:0,NVIDIA A100-PCIE-40GB,535.288.01,525.0,1365.0,1410.0,47.0,53.0,60.84,13.0,0,0,sw_power_cap,1.0,0.0,,226.54935857467353,0.3889076462946832,True,2.3.1+cu121,2.3.0+cu121,8.4.153,raw/main/runs/trt_fp16/yolov8s/bs14__run0__20261002T143456_261987Z__ok.json,throttle sw_power_cap
main,trt_fp16,yolov8s,14,1,640,20261002T161134_025193Z,2026-10-02T16:11:35+00:00,5.8419621316716075,5.568871973082423,0.5701949919616616,7.033469062298536,5.556495860219002,7.353103719651699,100,16.753425956703722,11.608652770519257,13.20037473924458,5.720098032616079,0.4172830094051148,632.26806640625,cuda:0,NVIDIA A100-PCIE-40GB,535.288.01,765.0,1380.0,1410.0,46.0,51.0,251.39,13.0,0,0,sw_power_cap,1.0,0.0,,226.54935857467353,0.39185121608898044,True,2.3.1+cu121,2.3.0+cu121,8.4.153,raw/main/runs/trt_fp16/yolov8s/bs14__run1__20261002T161134_025193Z__ok.json,throttle sw_power_cap
main,trt_fp16,yolov8s,14,2,640,20261002T172723_289814Z,2026-10-02T17:27:24+00:00,5.914775333367288,5.58163202367723,0.7360915945446833,7.512617413885891,5.567977204918861,7.851581089198589,100,16.724819680675864,11.255802121013403,13.734364253468812,5.738718858920038,0.4224839523833777,632.2685546875,cuda:0,NVIDIA A100-PCIE-40GB,535.288.01,405.0,1365.0,1410.0,47.0,51.0,77.56,13.0,0,0,sw_power_cap,1.0,0.0,,226.54935857467353,0.39118742197752,True,2.3.1+cu121,2.3.0+cu121,8.4.153,raw/main/runs/trt_fp16/yolov8s/bs14__run2__20261002T172723_289814Z__ok.json,throttle sw_power_cap
main,trt_fp16,yolov8s,14,3,640,20261002T175406_241458Z,2026-10-02T17:54:07+00:00,5.763194262981415,5.581122823059559,0.4754272734181054,6.63482507225126,5.5695027112960815,8.660569787025452,100,16.788368630222976,11.304018553346395,12.825446599163115,5.7349606696516275,0.41165673307010103,632.26953125,cuda:0,NVIDIA A100-PCIE-40GB,535.288.01,630.0,1380.0,1410.0,46.0,51.0,92.49,13.0,0,0,sw_power_cap,1.0,0.0,,226.54935857467353,0.38778385799378157,True,2.3.1+cu121,2.3.0+cu121,8.4.153,raw/main/runs/trt_fp16/yolov8s/bs14__run3__20261002T175406_241458Z__ok.json,throttle sw_power_cap
main,trt_fp16,yolov8s,14,4,640,20261002T191523_495673Z,2026-10-02T19:15:24+00:00,5.6794631108641624,5.5684170220047235,0.35545233941003673,5.954319215379655,5.554901901632547,8.634619880467653,100,16.246287212707102,11.59069687128067,12.034033495001495,5.7512720208615065,0.4056759364902973,632.26806640625,cuda:0,NVIDIA A100-PCIE-40GB,535.288.01,1410.0,1365.0,1410.0,50.0,54.0,251.09,13.0,0,0,sw_power_cap,1.0,0.0,,226.54935857467353,0.3898744201287627,True,2.3.1+cu121,2.3.0+cu121,8.4.153,raw/main/runs/trt_fp16/yolov8s/bs14__run4__20261002T191523_495673Z__ok.json,throttle sw_power_cap
main,trt_fp16,yolov8s,16,0,640,20261002T151333_324117Z,2026-10-02T15:13:34+00:00,6.328381532803178,6.106400163844228,0.5487115768929708,7.612416218034923,6.090610753744841,8.257552981376648,100,18.187929769046605,12.667054310441017,14.606560626998544,6.325053400360048,0.3955238458001986,728.30615234375,cuda:0,NVIDIA A100-PCIE-40GB,535.288.01,540.0,1365.0,1410.0,42.0,48.0,107.48,13.0,0,0,sw_power_cap,1.0,0.0,,223.51711545838043,0.380007310770452,True,2.3.1+cu121,2.3.0+cu121,8.4.153,raw/main/runs/trt_fp16/yolov8s/bs16__run0__20261002T151333_324117Z__ok.json,throttle sw_power_cap
main,trt_fp16,yolov8s,16,1,640,20261002T153900_783141Z,2026-10-02T15:39:02+00:00,6.288006566464901,6.110947113484144,0.45829402893536303,7.033945783041418,6.094906013458967,9.334825910627842,100,17.78667734004557,13.029183493927121,14.07553635071963,6.336246733553708,0.3930004104040563,728.30615234375,cuda:0,NVIDIA A100-PCIE-40GB,535.288.01,375.0,1365.0,1410.0,44.0,49.0,252.58,13.0,0,0,sw_power_cap,1.0,0.0,,223.51711545838043,0.3843546030111611,True,2.3.1+cu121,2.3.0+cu121,8.4.153,raw/main/runs/trt_fp16/yolov8s/bs16__run1__20261002T153900_783141Z__ok.json,throttle sw_power_cap
main,trt_fp16,yolov8s,16,2,640,20261002T170003_864005Z,2026-10-02T17:00:05+00:00,6.146670146845281,6.1165280640125275,0.20809662145424482,6.13809721544385,6.099534686654806,8.100992068648338,100,18.774603176862,13.021461199969053,13.080445886589587,6.34821476880461,0.38416688417783007,728.30615234375,cuda:0,NVIDIA A100-PCIE-40GB,535.288.01,360.0,1380.0,1410.0,46.0,50.0,252.58,13.0,0,0,sw_power_cap,1.0,0.0,,223.51711545838043,0.40667966986075044,True,2.3.1+cu121,2.3.0+cu121,8.4.153,raw/main/runs/trt_fp16/yolov8s/bs16__run2__20261002T170003_864005Z__ok.json,throttle sw_power_cap
main,trt_fp16,yolov8s,16,3,640,20261002T174431_357960Z,2026-10-02T17:44:32+00:00,6.170389261096716,6.112542003393173,0.3748609808242282,6.158046098425984,6.096196826547384,9.404134005308151,100,17.343071340583265,12.665465008467436,13.527779816649854,6.348694637417793,0.38564932881854475,728.306640625,cuda:0,NVIDIA A100-PCIE-40GB,535.288.01,315.0,1365.0,1410.0,45.0,50.0,251.8,13.0,0,0,sw_power_cap,1.0,0.0,,223.51711545838043,0.38152976194396615,True,2.3.1+cu121,2.3.0+cu121,8.4.153,raw/main/runs/trt_fp16/yolov8s/bs16__run3__20261002T174431_357960Z__ok.json,throttle sw_power_cap
main,trt_fp16,yolov8s,16,4,640,20261002T185926_597646Z,2026-10-02T18:59:27+00:00,6.223310576751828,6.100990809500217,0.3957311908498559,6.844149506650865,6.09043100848794,9.327300358563662,100,17.971256752498448,12.606986798346043,13.789639389142394,6.327021438628435,0.38895691104698926,728.3076171875,cuda:0,NVIDIA A100-PCIE-40GB,535.288.01,765.0,1365.0,1410.0,45.0,50.0,97.13,13.0,0,0,sw_power_cap,1.0,0.0,,223.51711545838043,0.38203429989516735,True,2.3.1+cu121,2.3.0+cu121,8.4.153,raw/main/runs/trt_fp16/yolov8s/bs16__run4__20261002T185926_597646Z__ok.json,throttle sw_power_cap
main,trt_fp16,yolov8s,18,0,640,20261002T151312_545107Z,2026-10-02T15:13:13+00:00,7.227823878638446,7.1511766873300076,0.5043153419293532,7.17076335567981,7.134980987757444,10.952286887913942,100,19.748821198008955,14.148520538583398,15.310990321449935,7.41747987922281,0.40154577103546923,808.244140625,cuda:0,NVIDIA A100-PCIE-40GB,535.288.01,390.0,1380.0,1410.0,43.0,50.0,246.36,13.0,0,0,sw_power_cap,1.0,0.0,,234.7353580701165,0.3902925429865718,True,2.3.1+cu121,2.3.0+cu121,8.4.153,raw/main/runs/trt_fp16/yolov8s/bs18__run0__20261002T151312_545107Z__ok.json,throttle sw_power_cap
main,trt_fp16,yolov8s,18,1,640,20261002T162359_246110Z,2026-10-02T16:24:00+00:00,7.189770480617881,7.153781363740563,0.2928505718196148,7.179945684038103,7.136281114071608,10.061257984489202,100,19.788579419255257,14.685957692563534,15.099697606638074,7.43264143820852,0.39943169336766005,808.24560546875,cuda:0,NVIDIA A100-PCIE-40GB,535.288.01,585.0,1365.0,1410.0,47.0,53.0,246.79,13.0,0,0,sw_power_cap,1.0,0.0,,234.7353580701165,0.3807594398967922,True,2.3.1+cu121,2.3.0+cu121,8.4.153,raw/main/runs/trt_fp16/yolov8s/bs18__run1__20261002T162359_246110Z__ok.json,throttle sw_power_cap
main,trt_fp16,yolov8s,18,2,640,20261002T164817_207328Z,2026-10-02T16:48:18+00:00,7.182067120447755,7.167316507548094,0.07822278355530009,7.18624375294894,7.156299892812967,7.799464277923107,100,19.145969972014427,14.562605181708932,15.39384804200381,7.443135902285576,0.3990037289137642,808.2451171875,cuda:0,NVIDIA A100-PCIE-40GB,535.288.01,765.0,1365.0,1410.0,45.0,51.0,234.65,13.0,0,0,sw_power_cap,1.0,0.0,,234.7353580701165,0.3698379769921303,True,2.3.1+cu121,2.3.0+cu121,8.4.153,raw/main/runs/trt_fp16/yolov8s/bs18__run2__20261002T164817_207328Z__ok.json,throttle sw_power_cap
main,trt_fp16,yolov8s,18,3,640,20261002T180942_865938Z,2026-10-02T18:09:44+00:00,7.284596567042172,7.170638535171747,0.22325876815543272,7.6105417450889945,7.150563877075911,8.214345201849937,100,20.853637354448438,14.61797533556819,15.437416825443506,7.445494560524821,0.40469980928012067,808.24609375,cuda:0,NVIDIA A100-PCIE-40GB,535.288.01,345.0,1365.0,1410.0,48.0,54.0,69.35,13.0,0,0,sw_power_cap,1.0,0.0,,234.7353580701165,0.3851778656244278,True,2.3.1+cu121,2.3.0+cu121,8.4.153,raw/main/runs/trt_fp16/yolov8s/bs18__run3__20261002T180942_865938Z__ok.json,throttle sw_power_cap
main,trt_fp16,yolov8s,18,4,640,20261002T192847_111951Z,2026-10-02T19:28:48+00:00,7.163817565888166,7.151234894990921,0.0734567048815752,7.175694475881755,7.139065302908421,7.8303012996912,100,20.029791700653732,14.614633517339826,15.383278694935143,7.4427619110792875,0.3979898647715648,808.2451171875,cuda:0,NVIDIA A100-PCIE-40GB,535.288.01,1410.0,1365.0,1410.0,48.0,52.0,62.81,13.0,0,0,sw_power_cap,1.0,0.0,,234.7353580701165,0.3705879719927907,True,2.3.1+cu121,2.3.0+cu121,8.4.153,raw/main/runs/trt_fp16/yolov8s/bs18__run4__20261002T192847_111951Z__ok.json,throttle sw_power_cap
main,trt_fp16,yolov8s,20,0,640,20261002T142726_962463Z,2026-10-02T14:27:28+00:00,7.780536529608071,7.733108708634973,0.41011037909304304,7.7462575398385525,7.718043867498636,11.815748643130064,100,20.657918849028647,16.03534701280296,16.470842948183417,8.164836261421442,0.38902682648040354,901.4658203125,cuda:0,NVIDIA A100-PCIE-40GB,535.288.01,1410.0,1365.0,1410.0,50.0,55.0,247.55,13.0,0,0,sw_power_cap,1.0,0.0,,233.84223939524963,0.37809774558991194,True,2.3.1+cu121,2.3.0+cu121,8.4.153,raw/main/runs/trt_fp16/yolov8s/bs20__run0__20261002T142726_962463Z__ok.json,throttle sw_power_cap
main,trt_fp16,yolov8s,20,1,640,20261002T152848_332943Z,2026-10-02T15:28:49+00:00,7.806130279786885,7.731887511909008,0.4876542851890487,7.76237715035677,7.716452237218618,11.8929841555655,100,22.050070664845407,16.322017181664705,16.84063128195703,8.09342036023736,0.39030651398934424,901.4658203125,cuda:0,NVIDIA A100-PCIE-40GB,535.288.01,765.0,1350.0,1410.0,43.0,50.0,124.77,13.0,0,0,sw_power_cap,1.0,0.0,,233.84223939524963,0.3728963057510555,True,2.3.1+cu121,2.3.0+cu121,8.4.153,raw/main/runs/trt_fp16/yolov8s/bs20__run1__20261002T152848_332943Z__ok.json,throttle sw_power_cap
main,trt_fp16,yolov8s,20,2,640,20261002T172927_117818Z,2026-10-02T17:29:28+00:00,7.785235657356679,7.738092681393027,0.4111912018222873,7.752281171269715,7.725171744823456,11.834518983960152,100,21.04619348887354,16.083997208625078,16.90677145961672,8.108854498714209,0.38926178286783397,901.46826171875,cuda:0,NVIDIA A100-PCIE-40GB,535.288.01,480.0,1365.0,1410.0,43.0,50.0,250.08,13.0,0,0,sw_power_cap,1.0,0.0,,233.84223939524963,0.3850761498324573,True,2.3.1+cu121,2.3.0+cu121,8.4.153,raw/main/runs/trt_fp16/yolov8s/bs20__run2__20261002T172927_117818Z__ok.json,throttle sw_power_cap
main,trt_fp16,yolov8s,20,3,640,20261002T175308_451438Z,2026-10-02T17:53:09+00:00,7.794925607740879,7.740464992821217,0.12649773380100737,8.042372087948024,7.720164954662323,8.251911960542202,100,20.671612471342087,15.797845320776105,16.785996058024466,8.099063071422279,0.38974628038704395,901.466796875,cuda:0,NVIDIA A100-PCIE-40GB,535.288.01,450.0,1365.0,1410.0,41.0,47.0,64.1,13.0,0,0,sw_power_cap,1.0,0.0,,233.84223939524963,0.38539958698675036,True,2.3.1+cu121,2.3.0+cu121,8.4.153,raw/main/runs/trt_fp16/yolov8s/bs20__run3__20261002T175308_451438Z__ok.json,throttle sw_power_cap
main,trt_fp16,yolov8s,20,4,640,20261002T185325_791218Z,2026-10-02T18:53:27+00:00,7.7691545290872455,7.7298469841480255,0.24292234674269808,7.750482484698296,7.713207043707371,9.727960918098688,100,21.792471199296415,16.395089915022254,16.868167207576334,8.171629598364234,0.3884577264543623,901.4658203125,cuda:0,NVIDIA A100-PCIE-40GB,535.288.01,1410.0,1380.0,1410.0,51.0,54.0,181.66,13.0,0,0,sw_power_cap,1.0,0.0,,233.84223939524963,0.38302686531096697,True,2.3.1+cu121,2.3.0+cu121,8.4.153,raw/main/runs/trt_fp16/yolov8s/bs20__run4__20261002T185325_791218Z__ok.json,throttle sw_power_cap
main,trt_fp16,yolov8s,22,0,640,20261002T145038_429496Z,2026-10-02T14:50:39+00:00,8.429122637026012,8.378010708838701,0.43334303768608934,8.403127174824476,8.36153607815504,12.697400990873575,100,22.164801978506148,17.245158785954118,18.06798600591719,8.829588731750846,0.38314193804663693,996.421875,cuda:0,NVIDIA A100-PCIE-40GB,535.288.01,540.0,1335.0,1410.0,49.0,53.0,249.76,13.0,0,0,sw_power_cap,1.0,0.0,,239.23886952083558,0.4157352140173316,True,2.3.1+cu121,2.3.0+cu121,8.4.153,raw/main/runs/trt_fp16/yolov8s/bs22__run0__20261002T145038_429496Z__ok.json,throttle sw_power_cap
main,trt_fp16,yolov8s,22,1,640,20261002T153154_204227Z,2026-10-02T15:31:55+00:00,8.38231008965522,8.369105868041515,0.0962994782556003,8.386515476740897,8.35354533046484,9.217538870871067,100,22.624043826945126,17.52992905676365,17.939500976353884,8.85850649792701,0.3810140949843282,996.42138671875,cuda:0,NVIDIA A100-PCIE-40GB,535.288.01,765.0,1335.0,1410.0,51.0,56.0,246.84,13.0,0,0,sw_power_cap,1.0,0.0,,239.23886952083558,0.37452893517911434,True,2.3.1+cu121,2.3.0+cu121,8.4.153,raw/main/runs/trt_fp16/yolov8s/bs22__run1__20261002T153154_204227Z__ok.json,throttle sw_power_cap
main,trt_fp16,yolov8s,22,2,640,20261002T165555_629367Z,2026-10-02T16:55:57+00:00,8.429587087593973,8.37514316663146,0.43589196514841494,8.39576362632215,8.363026659935713,12.681338004767895,100,22.232684534974396,17.486107302829623,17.98540367744863,8.830206128768623,0.38316304943608964,996.42138671875,cuda:0,NVIDIA A100-PCIE-40GB,535.288.01,450.0,1380.0,1410.0,46.0,51.0,246.91,13.0,0,0,sw_power_cap,1.0,0.0,,239.23886952083558,0.372875371016562,True,2.3.1+cu121,2.3.0+cu121,8.4.153,raw/main/runs/trt_fp16/yolov8s/bs22__run2__20261002T165555_629367Z__ok.json,throttle sw_power_cap
main,trt_fp16,yolov8s,22,3,640,20261002T182113_516362Z,2026-10-02T18:21:14+00:00,8.37053817231208,8.359837112948298,0.06842992303438475,8.385154814459383,8.346132934093475,8.975903037935495,100,22.182531584985554,17.34875561669469,18.345059407874942,8.820362887345254,0.3804790078323673,996.42138671875,cuda:0,NVIDIA A100-PCIE-40GB,535.288.01,765.0,1350.0,1410.0,44.0,50.0,250.9,13.0,0,0,sw_power_cap,1.0,0.0,,239.23886952083558,0.3925593108870089,True,2.3.1+cu121,2.3.0+cu121,8.4.153,raw/main/runs/trt_fp16/yolov8s/bs22__run3__20261002T182113_516362Z__ok.json,throttle sw_power_cap
main,trt_fp16,yolov8s,22,4,640,20261002T192242_269886Z,2026-10-02T19:22:43+00:00,8.383708256296813,8.370499825105071,0.08510386997906545,8.388637215830386,8.355679921805859,9.10700997337699,100,22.132852263748646,17.39516807720065,18.284841789864004,8.86198238003999,0.38107764801349153,996.42138671875,cuda:0,NVIDIA A100-PCIE-40GB,535.288.01,510.0,1350.0,1410.0,52.0,57.0,119.05,13.0,0,0,sw_power_cap,1.0,0.0,,239.23886952083558,0.37168365623801947,True,2.3.1+cu121,2.3.0+cu121,8.4.153,raw/main/runs/trt_fp16/yolov8s/bs22__run4__20261002T192242_269886Z__ok.json,throttle sw_power_cap
main,trt_fp16,yolov8s,24,0,640,20261002T143838_475333Z,2026-10-02T14:38:39+00:00,8.896549339406192,8.87632044032216,0.0912452506196154,9.01274241041392,8.863104972988367,9.573965333402157,100,23.54104713536799,18.798986915498972,19.68944543041289,9.385871919803321,0.37068955580859136,1077.65966796875,cuda:0,NVIDIA A100-PCIE-40GB,535.288.01,765.0,1350.0,1410.0,44.0,49.0,244.4,13.0,0,0,sw_power_cap,1.0,0.0,,233.76743466686457,0.37857139809057117,True,2.3.1+cu121,2.3.0+cu121,8.4.153,raw/main/runs/trt_fp16/yolov8s/bs24__run0__20261002T143838_475333Z__ok.json,throttle sw_power_cap
main,trt_fp16,yolov8s,24,1,640,20261002T160432_051105Z,2026-10-02T16:04:33+00:00,8.880675006657839,8.866711519658566,0.08454334827921826,8.886900637298822,8.851447142660618,9.646232705563307,100,23.403983456082642,18.58617691323161,19.240162684582174,9.378880970180035,0.37002812527740997,1077.65966796875,cuda:0,NVIDIA A100-PCIE-40GB,535.288.01,375.0,1350.0,1410.0,43.0,49.0,245.46,13.0,0,0,sw_power_cap,1.0,0.0,,233.76743466686457,0.37900586100295186,True,2.3.1+cu121,2.3.0+cu121,8.4.153,raw/main/runs/trt_fp16/yolov8s/bs24__run1__20261002T160432_051105Z__ok.json,throttle sw_power_cap
main,trt_fp16,yolov8s,24,2,640,20261002T170525_554839Z,2026-10-02T17:05:26+00:00,8.884899788536131,8.87023564428091,0.09656021637207401,8.887723577208817,8.854500018060207,9.772677905857563,100,23.517184206284583,18.975731451064348,19.792492012493312,9.386817342601717,0.3702041578556721,1077.658203125,cuda:0,NVIDIA A100-PCIE-40GB,535.288.01,765.0,1365.0,1410.0,42.0,49.0,242.4,13.0,0,0,sw_power_cap,1.0,0.0,,233.76743466686457,0.37772277230396867,True,2.3.1+cu121,2.3.0+cu121,8.4.153,raw/main/runs/trt_fp16/yolov8s/bs24__run2__20261002T170525_554839Z__ok.json,throttle sw_power_cap
main,trt_fp16,yolov8s,24,3,640,20261002T180727_881575Z,2026-10-02T18:07:29+00:00,8.88449611607939,8.869904559105635,0.09673947876057297,8.88723754324019,8.858093991875648,9.723788127303123,100,23.60795141197741,19.032018491998315,19.907330186106265,9.395724679343402,0.37018733816997457,1077.65966796875,cuda:0,NVIDIA A100-PCIE-40GB,535.288.01,765.0,1350.0,1410.0,50.0,55.0,231.18,13.0,0,0,sw_power_cap,1.0,0.0,,233.76743466686457,0.37359500490128994,True,2.3.1+cu121,2.3.0+cu121,8.4.153,raw/main/runs/trt_fp16/yolov8s/bs24__run3__20261002T180727_881575Z__ok.json,throttle sw_power_cap
main,trt_fp16,yolov8s,24,4,640,20261002T193244_369865Z,2026-10-02T19:32:45+00:00,8.868716200813651,8.855273481458426,0.09612608664543235,8.869505859911442,8.83869780227542,9.707747027277946,100,23.326510447077453,18.487904919311404,19.626296195201576,9.369921288453043,0.3695298417005688,1077.65966796875,cuda:0,NVIDIA A100-PCIE-40GB,535.288.01,375.0,1350.0,1410.0,44.0,49.0,247.45,13.0,0,0,sw_power_cap,1.0,0.0,,233.76743466686457,0.41888339817523956,True,2.3.1+cu121,2.3.0+cu121,8.4.153,raw/main/runs/trt_fp16/yolov8s/bs24__run4__20261002T193244_369865Z__ok.json,throttle sw_power_cap
main,trt_fp16,yolov8s,26,0,640,20261002T145857_773489Z,2026-10-02T14:58:59+00:00,9.652862478978932,9.639767464250326,0.08038533267545424,9.662769455462694,9.622796904295683,10.372687131166458,100,25.323388250544667,20.14177804812789,20.580055750906467,10.168027570471168,0.3712639414991897,1169.50634765625,cuda:0,NVIDIA A100-PCIE-40GB,535.288.01,765.0,1350.0,1410.0,41.0,47.0,243.82,13.0,0,0,sw_power_cap,1.0,0.0,,241.49767556786537,0.3770582526922226,True,2.3.1+cu121,2.3.0+cu121,8.4.153,raw/main/runs/trt_fp16/yolov8s/bs26__run0__20261002T145857_773489Z__ok.json,throttle sw_power_cap
main,trt_fp16,yolov8s,26,1,640,20261002T161552_252197Z,2026-10-02T16:15:53+00:00,9.639830044470727,9.629596956074238,0.07807193771846767,9.643049957230687,9.615271352231503,10.291124694049358,100,25.58937234338373,20.506718894466758,20.888777216896415,10.171024668961763,0.3707626940181049,1169.50830078125,cuda:0,NVIDIA A100-PCIE-40GB,535.288.01,420.0,1350.0,1410.0,44.0,50.0,246.19,13.0,0,0,sw_power_cap,1.0,0.0,,241.49767556786537,0.3820821801200509,True,2.3.1+cu121,2.3.0+cu121,8.4.153,raw/main/runs/trt_fp16/yolov8s/bs26__run1__20261002T161552_252197Z__ok.json,throttle sw_power_cap
main,trt_fp16,yolov8s,26,2,640,20261002T163452_655260Z,2026-10-02T16:34:54+00:00,9.660199852660298,9.641225915402174,0.13522163170465232,9.654991864226758,9.622566867619753,10.916267987340689,100,25.45629746746272,20.057681016623974,20.867103640921414,10.165962809696794,0.37154614817924225,1169.50830078125,cuda:0,NVIDIA A100-PCIE-40GB,535.288.01,480.0,1350.0,1410.0,44.0,49.0,242.41,13.0,0,0,sw_power_cap,1.0,0.0,,241.49767556786537,0.37912458879873157,True,2.3.1+cu121,2.3.0+cu121,8.4.153,raw/main/runs/trt_fp16/yolov8s/bs26__run2__20261002T163452_655260Z__ok.json,throttle sw_power_cap
main,trt_fp16,yolov8s,26,3,640,20261002T181005_695832Z,2026-10-02T18:10:07+00:00,9.675194290466607,9.63141629472375,0.3796809280733566,9.653060254640877,9.606181643903255,13.403309974819422,100,25.186565411277115,20.606813486665487,21.420502453111112,10.17668199725449,0.3721228573256387,1169.5087890625,cuda:0,NVIDIA A100-PCIE-40GB,535.288.01,705.0,1350.0,1410.0,46.0,51.0,137.25,13.0,0,0,sw_power_cap,1.0,0.0,,241.49767556786537,0.37988143507391214,True,2.3.1+cu121,2.3.0+cu121,8.4.153,raw/main/runs/trt_fp16/yolov8s/bs26__run3__20261002T181005_695832Z__ok.json,throttle sw_power_cap
main,trt_fp16,yolov8s,26,4,640,20261002T192632_819515Z,2026-10-02T19:26:34+00:00,9.673934113234282,9.632449829950929,0.378877519812271,9.651296818628907,9.613134898245335,13.407785911113024,100,25.16402477864176,20.219391211867332,20.974223571829498,10.169221921823919,0.3720743889705493,1169.50732421875,cuda:0,NVIDIA A100-PCIE-40GB,535.288.01,765.0,1380.0,1410.0,44.0,50.0,244.37,13.0,0,0,sw_power_cap,1.0,0.0,,241.49767556786537,0.372707384172827,True,2.3.1+cu121,2.3.0+cu121,8.4.153,raw/main/runs/trt_fp16/yolov8s/bs26__run4__20261002T192632_819515Z__ok.json,throttle sw_power_cap
main,trt_fp16,yolov8s,28,0,640,20261002T150859_004254Z,2026-10-02T15:09:00+00:00,10.25833041407168,10.206744307652116,0.13411720229650165,10.474361293017864,10.183963924646378,10.987719986587763,100,27.652899003587663,21.831863094121218,22.31450721155852,10.823679259046912,0.3663689433597028,1264.53857421875,cuda:0,NVIDIA A100-PCIE-40GB,535.288.01,765.0,1350.0,1410.0,47.0,52.0,249.53,13.0,0,0,sw_power_cap,1.0,0.0,,244.5350168668665,0.3924474879167974,True,2.3.1+cu121,2.3.0+cu121,8.4.153,raw/main/runs/trt_fp16/yolov8s/bs28__run0__20261002T150859_004254Z__ok.json,throttle sw_power_cap
main,trt_fp16,yolov8s,28,1,640,20261002T161054_135330Z,2026-10-02T16:10:55+00:00,10.222813780419528,10.208154562860727,0.08803127560251317,10.246882122009993,10.186874307692051,11.027171276509762,100,26.448050197213888,21.626812871545553,22.384996223263443,10.855230037122965,0.3651004921578403,1264.53759765625,cuda:0,NVIDIA A100-PCIE-40GB,535.288.01,615.0,1350.0,1410.0,47.0,53.0,247.61,13.0,0,0,sw_power_cap,1.0,0.0,,244.5350168668665,0.4021785040386021,True,2.3.1+cu121,2.3.0+cu121,8.4.153,raw/main/runs/trt_fp16/yolov8s/bs28__run1__20261002T161054_135330Z__ok.json,throttle sw_power_cap
main,trt_fp16,yolov8s,28,2,640,20261002T172338_476098Z,2026-10-02T17:23:39+00:00,10.227478952147067,10.214136214926839,0.09233784096035497,10.239050537347794,10.19163616001606,10.999133344739676,100,26.691203978843987,21.63342689163983,22.460548160597682,10.829434529878199,0.3652671054338238,1264.537109375,cuda:0,NVIDIA A100-PCIE-40GB,535.288.01,765.0,1350.0,1410.0,45.0,50.0,162.4,13.0,0,0,sw_power_cap,1.0,0.0,,244.5350168668665,0.39099296322092414,True,2.3.1+cu121,2.3.0+cu121,8.4.153,raw/main/runs/trt_fp16/yolov8s/bs28__run2__20261002T172338_476098Z__ok.json,throttle sw_power_cap
main,trt_fp16,yolov8s,28,3,640,20261002T174210_925363Z,2026-10-02T17:42:12+00:00,10.23488535080105,10.219792136922479,0.09123976430081777,10.24522539228201,10.198941919952631,11.00253313779831,100,26.6893019573763,21.218524547293782,22.38678177818656,10.868843253701925,0.3655316196714661,1264.53857421875,cuda:0,NVIDIA A100-PCIE-40GB,535.288.01,1410.0,1350.0,1410.0,50.0,55.0,62.42,13.0,0,0,sw_power_cap,1.0,0.0,,244.5350168668665,0.392755005043,True,2.3.1+cu121,2.3.0+cu121,8.4.153,raw/main/runs/trt_fp16/yolov8s/bs28__run3__20261002T174210_925363Z__ok.json,throttle sw_power_cap
main,trt_fp16,yolov8s,28,4,640,20261002T185947_724793Z,2026-10-02T18:59:49+00:00,10.217428980395198,10.197563795372844,0.14708533328154616,10.221094684675336,10.17985912039876,11.632659938186407,100,26.605011937208474,21.63164597004652,22.056030086241663,10.80949948169291,0.36490817787125707,1264.53662109375,cuda:0,NVIDIA A100-PCIE-40GB,535.288.01,765.0,1350.0,1410.0,43.0,49.0,217.74,13.0,0,0,sw_power_cap,1.0,0.0,,244.5350168668665,0.4011951140128076,True,2.3.1+cu121,2.3.0+cu121,8.4.153,raw/main/runs/trt_fp16/yolov8s/bs28__run4__20261002T185947_724793Z__ok.json,throttle sw_power_cap
main,trt_fp16,yolov8s,30,0,640,20261002T150002_802690Z,2026-10-02T15:00:04+00:00,10.736688752658665,10.719189653173089,0.10031846371046493,10.777445952408016,10.699124075472355,11.609089095145464,100,27.47730008792132,23.01437547430396,23.7895580008626,11.426873388700187,0.35788962508862215,1347.07373046875,cuda:0,NVIDIA A100-PCIE-40GB,535.288.01,765.0,1350.0,1410.0,45.0,51.0,109.71,13.0,0,0,sw_power_cap,1.0,0.0,,249.73771418491378,0.3957253168337047,True,2.3.1+cu121,2.3.0+cu121,8.4.153,raw/main/runs/trt_fp16/yolov8s/bs30__run0__20261002T150002_802690Z__ok.json,throttle sw_power_cap
main,trt_fp16,yolov8s,30,1,640,20261002T163000_648504Z,2026-10-02T16:30:02+00:00,10.748331975191832,10.729960165917873,0.09099767326204618,10.782910557463765,10.71096071973443,11.52469078078866,100,27.58717185817659,22.965392097830772,24.140094849281013,11.43065138719976,0.3582777325063944,1347.07275390625,cuda:0,NVIDIA A100-PCIE-40GB,535.288.01,435.0,1350.0,1410.0,46.0,52.0,256.12,13.0,0,0,sw_power_cap,1.0,0.0,,249.73771418491378,0.39964529778808355,True,2.3.1+cu121,2.3.0+cu121,8.4.153,raw/main/runs/trt_fp16/yolov8s/bs30__run1__20261002T163000_648504Z__ok.json,throttle sw_power_cap
main,trt_fp16,yolov8s,30,2,640,20261002T171730_033302Z,2026-10-02T17:17:31+00:00,10.759066538885236,10.734303388744593,0.11670005364228944,10.809684125706553,10.710378177464008,11.622783727943897,100,27.859369716607034,23.06495141237974,23.61246265936643,11.449100752361119,0.3586355512961745,1347.07568359375,cuda:0,NVIDIA A100-PCIE-40GB,535.288.01,480.0,1350.0,1410.0,44.0,50.0,252.56,13.0,0,0,sw_power_cap,1.0,0.0,,249.73771418491378,0.39658758928999305,True,2.3.1+cu121,2.3.0+cu121,8.4.153,raw/main/runs/trt_fp16/yolov8s/bs30__run2__20261002T171730_033302Z__ok.json,throttle sw_power_cap
main,trt_fp16,yolov8s,30,3,640,20261002T180516_663863Z,2026-10-02T18:05:18+00:00,10.749503732658923,10.736022610217333,0.08262224406429855,10.778012149967253,10.720531921833754,11.471563950181007,100,27.995829130522907,22.609747713431716,23.716905107721686,11.397956414148211,0.35831679108863074,1347.07421875,cuda:0,NVIDIA A100-PCIE-40GB,535.288.01,360.0,1350.0,1410.0,41.0,48.0,252.89,13.0,0,0,sw_power_cap,1.0,0.0,,249.73771418491378,0.3972009248100221,True,2.3.1+cu121,2.3.0+cu121,8.4.153,raw/main/runs/trt_fp16/yolov8s/bs30__run3__20261002T180516_663863Z__ok.json,throttle sw_power_cap
main,trt_fp16,yolov8s,30,4,640,20261002T191950_616549Z,2026-10-02T19:19:52+00:00,10.76178424526006,10.731475427746773,0.16276206471193158,10.788398189470172,10.712041053920984,12.31931196525693,100,28.563900468870997,22.611061576753855,23.77577133011073,11.457808576524258,0.35872614150866866,1347.07275390625,cuda:0,NVIDIA A100-PCIE-40GB,535.288.01,615.0,1350.0,1410.0,48.0,53.0,161.25,13.0,0,0,sw_power_cap,1.0,0.0,,249.73771418491378,0.4039458706974983,True,2.3.1+cu121,2.3.0+cu121,8.4.153,raw/main/runs/trt_fp16/yolov8s/bs30__run4__20261002T191950_616549Z__ok.json,throttle sw_power_cap
main,trt_fp16,yolov8s,32,0,640,20261002T144424_338902Z,2026-10-02T14:44:25+00:00,11.333668800070882,11.311201145872474,0.08976204651676939,11.365662049502134,11.284040287137032,12.12606392800808,100,29.073722548782825,23.987097665667534,25.235258066095412,12.085546320304275,0.35417715000221506,1437.8125,cuda:0,NVIDIA A100-PCIE-40GB,535.288.01,360.0,1350.0,1410.0,47.0,53.0,248.43,13.0,0,0,sw_power_cap,1.0,0.0,,245.89687789510936,0.3935238397680223,True,2.3.1+cu121,2.3.0+cu121,8.4.153,raw/main/runs/trt_fp16/yolov8s/bs32__run0__20261002T144424_338902Z__ok.json,throttle sw_power_cap
main,trt_fp16,yolov8s,32,1,640,20261002T153933_905903Z,2026-10-02T15:39:35+00:00,11.310622119344771,11.292399372905493,0.09698249291170434,11.345546436496079,11.265138629823923,12.199530843645334,100,29.549323236569762,23.690010653808713,25.226815789937973,12.042222870513797,0.3534569412295241,1437.81201171875,cuda:0,NVIDIA A100-PCIE-40GB,535.288.01,495.0,1365.0,1410.0,44.0,50.0,247.68,13.0,0,0,sw_power_cap,1.0,0.0,,245.89687789510936,0.4066580478101969,True,2.3.1+cu121,2.3.0+cu121,8.4.153,raw/main/runs/trt_fp16/yolov8s/bs32__run1__20261002T153933_905903Z__ok.json,throttle sw_power_cap
main,trt_fp16,yolov8s,32,2,640,20261002T165531_946337Z,2026-10-02T16:55:33+00:00,11.333533604629338,11.311725014820695,0.0976605405884951,11.387968948110938,11.279580183327198,12.224729638546705,100,30.355304810218513,24.1741007193923,24.892950663343072,12.09276651032269,0.3541729251446668,1437.8125,cuda:0,NVIDIA A100-PCIE-40GB,535.288.01,1410.0,1380.0,1410.0,49.0,53.0,179.59,13.0,0,0,sw_power_cap,1.0,0.0,,245.89687789510936,0.40391458105295897,True,2.3.1+cu121,2.3.0+cu121,8.4.153,raw/main/runs/trt_fp16/yolov8s/bs32__run2__20261002T165531_946337Z__ok.json,throttle sw_power_cap
main,trt_fp16,yolov8s,32,3,640,20261002T180136_372760Z,2026-10-02T18:01:37+00:00,11.380060040391982,11.329926550388336,0.29739119204406195,11.43187303096056,11.296610813587904,14.087481889873743,100,29.5372132724151,24.366557598114014,24.92676912806928,12.127910288982093,0.3556268762622494,1437.8125,cuda:0,NVIDIA A100-PCIE-40GB,535.288.01,1410.0,1350.0,1410.0,52.0,56.0,250.22,13.0,0,0,sw_power_cap,1.0,0.0,,245.89687789510936,0.40491503197699785,True,2.3.1+cu121,2.3.0+cu121,8.4.153,raw/main/runs/trt_fp16/yolov8s/bs32__run3__20261002T180136_372760Z__ok.json,throttle sw_power_cap
main,trt_fp16,yolov8s,32,4,640,20261002T190837_109891Z,2026-10-02T19:08:38+00:00,11.332157854922116,11.291998671367764,0.272295098136656,11.342781106941402,11.25950925052166,13.997198082506657,100,29.70977708697319,24.33075592853129,25.22865755017847,12.030761656351388,0.3541299329663161,1437.81396484375,cuda:0,NVIDIA A100-PCIE-40GB,535.288.01,435.0,1350.0,1410.0,43.0,49.0,253.31,13.0,0,0,sw_power_cap,1.0,0.0,,245.89687789510936,0.40652364771813154,True,2.3.1+cu121,2.3.0+cu121,8.4.153,raw/main/runs/trt_fp16/yolov8s/bs32__run4__20261002T190837_109891Z__ok.json,throttle sw_power_cap
main,trt_fp16,yolov8s,40,0,640,20261002T144238_858435Z,2026-10-02T14:42:40+00:00,14.015864515677094,14.002626994624734,0.12721153730954687,14.111203700304031,13.936672359704971,15.131149906665087,100,34.860699977725744,30.031420290470123,30.633993446826935,15.032737166620791,0.35039661289192736,1424.76611328125,cuda:0,NVIDIA A100-PCIE-40GB,535.288.01,765.0,1335.0,1410.0,44.0,51.0,255.14,13.0,0,0,sw_power_cap,1.0,0.0,,259.2546644830145,0.38754007313400507,True,2.3.1+cu121,2.3.0+cu121,8.4.153,raw/main/runs/trt_fp16/yolov8s/bs40__run0__20261002T144238_858435Z__ok.json,throttle sw_power_cap
main,trt_fp16,yolov8s,40,1,640,20261002T153813_010583Z,2026-10-02T15:38:14+00:00,14.004756212234497,13.964160112664104,0.14429323620012313,14.114641724154353,13.937519863247871,15.152988955378532,100,34.836974423378706,30.251522548496723,31.06147604994476,15.023344410583377,0.3501189053058624,1424.76806640625,cuda:0,NVIDIA A100-PCIE-40GB,535.288.01,510.0,1380.0,1410.0,46.0,51.0,57.59,13.0,0,0,sw_power_cap,1.0,0.0,,259.2546644830145,0.404520764015615,True,2.3.1+cu121,2.3.0+cu121,8.4.153,raw/main/runs/trt_fp16/yolov8s/bs40__run1__20261002T153813_010583Z__ok.json,throttle sw_power_cap
main,trt_fp16,yolov8s,40,2,640,20261002T173033_041426Z,2026-10-02T17:30:34+00:00,14.023800338618457,13.967643026262522,0.24738005950420142,14.109715889208019,13.941452838480473,16.06877101585269,100,35.17981278244406,30.276202829554677,30.9943187283352,15.01201260369271,0.35059500846546143,1424.767578125,cuda:0,NVIDIA A100-PCIE-40GB,535.288.01,405.0,1365.0,1410.0,45.0,51.0,61.04,13.0,0,0,sw_power_cap,1.0,0.0,,259.2546644830145,0.39118930138647556,True,2.3.1+cu121,2.3.0+cu121,8.4.153,raw/main/runs/trt_fp16/yolov8s/bs40__run2__20261002T173033_041426Z__ok.json,throttle sw_power_cap
main,trt_fp16,yolov8s,40,3,640,20261002T183059_103093Z,2026-10-02T18:31:00+00:00,13.995979139581323,13.965179910883307,0.1293065958855623,14.084176276810467,13.930110726505518,15.1298469863832,100,34.581763464957476,30.09780519641936,30.55209426674992,15.051502692513168,0.34989947848953307,1424.76611328125,cuda:0,NVIDIA A100-PCIE-40GB,535.288.01,435.0,1335.0,1410.0,49.0,54.0,253.96,13.0,0,0,sw_power_cap,1.0,0.0,,259.2546644830145,0.3903165920637548,True,2.3.1+cu121,2.3.0+cu121,8.4.153,raw/main/runs/trt_fp16/yolov8s/bs40__run3__20261002T183059_103093Z__ok.json,throttle sw_power_cap
main,trt_fp16,yolov8s,40,4,640,20261002T184304_940797Z,2026-10-02T18:43:06+00:00,14.015942835249007,13.96189909428358,0.22719548596838546,14.106400916352868,13.935143128037453,15.756959095597267,100,35.67426917143166,29.960530111566186,30.78453808557242,15.08301324211061,0.35039857088122517,1424.76708984375,cuda:0,NVIDIA A100-PCIE-40GB,535.288.01,1410.0,1335.0,1410.0,51.0,54.0,138.83,13.0,0,0,sw_power_cap,1.0,0.0,,259.2546644830145,0.3918413477949798,True,2.3.1+cu121,2.3.0+cu121,8.4.153,raw/main/runs/trt_fp16/yolov8s/bs40__run4__20261002T184304_940797Z__ok.json,throttle sw_power_cap
main,trt_fp16,yolov8s,48,0,640,20261002T152816_764664Z,2026-10-02T15:28:18+00:00,16.544718299992383,16.497252974659204,0.1601753211347568,16.646855743601918,16.424075234681368,17.962476704269648,100,40.7621780782938,35.8423818834126,36.571755330078304,17.81070047058165,0.3446816312498413,1486.919921875,cuda:0,NVIDIA A100-PCIE-40GB,535.288.01,780.0,1335.0,1410.0,47.0,53.0,154.49,13.0,0,0,sw_power_cap,1.0,0.0,,271.97001901222393,0.39122188882902265,True,2.3.1+cu121,2.3.0+cu121,8.4.153,raw/main/runs/trt_fp16/yolov8s/bs48__run0__20261002T152816_764664Z__ok.json,throttle sw_power_cap
main,trt_fp16,yolov8s,48,1,640,20261002T153016_577847Z,2026-10-02T15:30:17+00:00,16.54983249027282,16.504109604284167,0.17074895180386576,16.651701275259256,16.410816926509142,17.90266204625368,100,40.67731091752648,35.69279401563108,36.62920785136521,17.797652152366936,0.34478817688068375,1486.919921875,cuda:0,NVIDIA A100-PCIE-40GB,535.288.01,375.0,1335.0,1410.0,45.0,52.0,254.57,13.0,0,0,sw_power_cap,1.0,0.0,,271.97001901222393,0.3930937726981938,True,2.3.1+cu121,2.3.0+cu121,8.4.153,raw/main/runs/trt_fp16/yolov8s/bs48__run1__20261002T153016_577847Z__ok.json,throttle sw_power_cap
main,trt_fp16,yolov8s,48,2,640,20261002T165401_103929Z,2026-10-02T16:54:02+00:00,16.5666725859046,16.52808114886284,0.15277580739679586,16.68150199111551,16.45011082291603,17.92509900406003,100,40.88847495615482,35.44631041586399,37.77649498078972,17.885885098949075,0.3451390122063458,1486.91943359375,cuda:0,NVIDIA A100-PCIE-40GB,535.288.01,765.0,1335.0,1410.0,50.0,55.0,72.14,13.0,0,0,sw_power_cap,1.0,0.0,,271.97001901222393,0.39919931115582585,True,2.3.1+cu121,2.3.0+cu121,8.4.153,raw/main/runs/trt_fp16/yolov8s/bs48__run2__20261002T165401_103929Z__ok.json,throttle sw_power_cap
main,trt_fp16,yolov8s,48,3,640,20261002T183259_332479Z,2026-10-02T18:33:00+00:00,16.560348141938448,16.50013471953571,0.26605488190636917,16.686095343902707,16.40832982957363,18.668937031179667,100,41.474647084251046,35.42315028607845,36.60982185974717,17.845950927585363,0.345007252957051,1486.919921875,cuda:0,NVIDIA A100-PCIE-40GB,535.288.01,1410.0,1365.0,1410.0,50.0,54.0,65.1,13.0,0,0,sw_power_cap,1.0,0.0,,271.97001901222393,0.40086404932662845,True,2.3.1+cu121,2.3.0+cu121,8.4.153,raw/main/runs/trt_fp16/yolov8s/bs48__run3__20261002T183259_332479Z__ok.json,throttle sw_power_cap
main,trt_fp16,yolov8s,48,4,640,20261002T184607_261443Z,2026-10-02T18:46:08+00:00,16.53151953127235,16.487024957314134,0.173668749755814,16.624712175689638,16.396593302488327,17.980665899813175,100,41.93072929978371,35.79088160768151,36.51784942485392,17.759147700853646,0.34440665690150735,1486.92041015625,cuda:0,NVIDIA A100-PCIE-40GB,535.288.01,765.0,1335.0,1410.0,42.0,50.0,250.1,13.0,0,0,sw_power_cap,1.0,0.0,,271.97001901222393,0.38886792585253716,True,2.3.1+cu121,2.3.0+cu121,8.4.153,raw/main/runs/trt_fp16/yolov8s/bs48__run4__20261002T184607_261443Z__ok.json,throttle sw_power_cap
main,trt_fp16,yolov8s,56,0,640,20261002T144651_550897Z,2026-10-02T14:46:52+00:00,19.037536680698395,18.993321573361754,0.18448194300343942,19.237166573293507,18.88668490573764,20.48358879983425,100,46.41860110685229,41.1491054110229,42.19390272628516,20.54210681002587,0.3399560121553285,1465.1708984375,cuda:0,NVIDIA A100-PCIE-40GB,535.288.01,765.0,1365.0,1410.0,46.0,52.0,148.57,13.0,0,0,sw_power_cap,1.0,0.0,,281.76152643281966,0.39284808514639735,True,2.3.1+cu121,2.3.0+cu121,8.4.153,raw/main/runs/trt_fp16/yolov8s/bs56__run0__20261002T144651_550897Z__ok.json,throttle sw_power_cap
main,trt_fp16,yolov8s,56,1,640,20261002T160226_368882Z,2026-10-02T16:02:27+00:00,19.032868538051844,19.014275865629315,0.17035355226088028,19.19468513224274,18.879578914493322,20.402031019330025,100,47.74418113287538,41.59998311661184,43.16262255888432,20.554738850332797,0.3398726524652115,1465.173828125,cuda:0,NVIDIA A100-PCIE-40GB,535.288.01,375.0,1335.0,1410.0,44.0,51.0,55.19,13.0,0,0,sw_power_cap,1.0,0.0,,281.76152643281966,0.4025586540810764,True,2.3.1+cu121,2.3.0+cu121,8.4.153,raw/main/runs/trt_fp16/yolov8s/bs56__run1__20261002T160226_368882Z__ok.json,throttle sw_power_cap
main,trt_fp16,yolov8s,56,2,640,20261002T170733_148611Z,2026-10-02T17:07:34+00:00,19.040445243008435,18.995783291757107,0.19332646989040525,19.255176302976906,18.879475072026253,20.560025703161955,100,46.98012771084905,41.89742496237159,43.158447509631515,20.456315400078893,0.34000795076800777,1465.1728515625,cuda:0,NVIDIA A100-PCIE-40GB,535.288.01,765.0,1335.0,1410.0,42.0,50.0,240.84,13.0,0,0,sw_power_cap,1.0,0.0,,281.76152643281966,0.38945960672572255,True,2.3.1+cu121,2.3.0+cu121,8.4.153,raw/main/runs/trt_fp16/yolov8s/bs56__run2__20261002T170733_148611Z__ok.json,throttle sw_power_cap
main,trt_fp16,yolov8s,56,3,640,20261002T182925_764285Z,2026-10-02T18:29:27+00:00,19.041208615526557,18.99014413356781,0.20348027394375798,19.24685991834849,18.85703019797802,20.717911887913942,100,46.03134226985276,41.1725805606693,43.58211283106357,20.621783710084856,0.3400215824201171,1465.17041015625,cuda:0,NVIDIA A100-PCIE-40GB,535.288.01,450.0,1335.0,1410.0,49.0,55.0,243.69,13.0,0,0,sw_power_cap,1.0,0.0,,281.76152643281966,0.39633681206032634,True,2.3.1+cu121,2.3.0+cu121,8.4.153,raw/main/runs/trt_fp16/yolov8s/bs56__run3__20261002T182925_764285Z__ok.json,throttle sw_power_cap
main,trt_fp16,yolov8s,56,4,640,20261002T184959_639941Z,2026-10-02T18:50:01+00:00,19.0551185188815,18.992379773408175,0.2127480161517021,19.24379225820303,18.896954134106636,20.71493724361062,100,46.45655666477978,40.85560375824571,42.81094949692488,20.60420172289014,0.34026997355145533,1465.171875,cuda:0,NVIDIA A100-PCIE-40GB,535.288.01,1410.0,1335.0,1410.0,52.0,56.0,59.37,13.0,0,0,sw_power_cap,1.0,0.0,,281.76152643281966,0.40003343019634485,True,2.3.1+cu121,2.3.0+cu121,8.4.153,raw/main/runs/trt_fp16/yolov8s/bs56__run4__20261002T184959_639941Z__ok.json,throttle sw_power_cap
main,trt_fp16,yolov8s,64,0,640,20261002T144752_750096Z,2026-10-02T14:47:54+00:00,21.4899118617177,21.457443479448557,0.20920477926504907,21.636407310143113,21.34400187060237,23.336932063102722,100,52.62734847608954,47.25144128315151,48.18120959680527,23.21491743437946,0.3357798728393391,1675.62548828125,cuda:0,NVIDIA A100-PCIE-40GB,535.288.01,765.0,1320.0,1410.0,48.0,54.0,60.34,13.0,0,0,sw_power_cap,1.0,0.0,,292.3012091051787,0.4000280178152025,True,2.3.1+cu121,2.3.0+cu121,8.4.153,raw/main/runs/trt_fp16/yolov8s/bs64__run0__20261002T144752_750096Z__ok.json,throttle sw_power_cap
main,trt_fp16,yolov8s,64,1,640,20261002T160703_562929Z,2026-10-02T16:07:05+00:00,21.492762537673116,21.442385390400887,0.2153926463818053,21.653124853037298,21.304547786712646,23.25620874762535,100,52.52027917187661,47.171731013804674,48.194515029899776,23.140549547970295,0.33582441465114243,1675.62548828125,cuda:0,NVIDIA A100-PCIE-40GB,535.288.01,765.0,1350.0,1410.0,43.0,51.0,257.79,13.0,0,0,sw_power_cap,1.0,0.0,,292.3012091051787,0.4030928211286664,True,2.3.1+cu121,2.3.0+cu121,8.4.153,raw/main/runs/trt_fp16/yolov8s/bs64__run1__20261002T160703_562929Z__ok.json,throttle sw_power_cap
main,trt_fp16,yolov8s,64,2,640,20261002T172120_289250Z,2026-10-02T17:21:21+00:00,21.50562958791852,21.46660489961505,0.21550126222583246,21.64402522612363,21.337508223950863,23.309743031859398,100,52.21613242756575,47.451932448893785,48.15438441000879,23.258530469611287,0.3360254623112269,1675.62451171875,cuda:0,NVIDIA A100-PCIE-40GB,535.288.01,390.0,1335.0,1410.0,49.0,55.0,61.43,13.0,0,0,sw_power_cap,1.0,0.0,,292.3012091051787,0.4014026350341737,True,2.3.1+cu121,2.3.0+cu121,8.4.153,raw/main/runs/trt_fp16/yolov8s/bs64__run2__20261002T172120_289250Z__ok.json,throttle sw_power_cap
main,trt_fp16,yolov8s,64,3,640,20261002T175204_017542Z,2026-10-02T17:52:05+00:00,21.483130287379026,21.447467152029276,0.21975938368870807,21.638668468222022,21.302574779838324,23.335176054388285,100,52.45746403001249,47.03810694627464,48.17195422947407,23.19089461117983,0.3356739107402973,1675.625,cuda:0,NVIDIA A100-PCIE-40GB,535.288.01,765.0,1335.0,1410.0,45.0,52.0,235.9,13.0,0,0,sw_power_cap,1.0,0.0,,292.3012091051787,0.3895405801013112,True,2.3.1+cu121,2.3.0+cu121,8.4.153,raw/main/runs/trt_fp16/yolov8s/bs64__run3__20261002T175204_017542Z__ok.json,throttle sw_power_cap
main,trt_fp16,yolov8s,64,4,640,20261002T192643_610345Z,2026-10-02T19:26:45+00:00,21.446449323557317,21.403887774795294,0.21673612426561809,21.595649397931993,21.288531832396984,23.29151425510645,100,51.936010303907096,46.90073546953499,47.66550320200622,23.151954859495163,0.3351007706805831,1675.6259765625,cuda:0,NVIDIA A100-PCIE-40GB,535.288.01,510.0,1335.0,1410.0,44.0,51.0,245.98,13.0,0,0,sw_power_cap,1.0,0.0,,292.3012091051787,0.40554884634912014,True,2.3.1+cu121,2.3.0+cu121,8.4.153,raw/main/runs/trt_fp16/yolov8s/bs64__run4__20261002T192643_610345Z__ok.json,throttle sw_power_cap
main,trt_fp32,yolov8l,1,0,640,20261002T144214_354404Z,2026-10-02T14:42:15+00:00,4.174800403416157,3.8961947429925203,0.48847219425304705,4.930178355425596,3.8771391846239567,6.084201857447624,100,5.068032070994377,4.218538058921695,5.262123770080507,3.8234741799533367,4.174800403416157,44.98193359375,cuda:0,NVIDIA A100-PCIE-40GB,535.288.01,1410.0,1395.0,1410.0,51.0,55.0,250.01,13.0,0,0,sw_power_cap,1.0,0.0,,105.31770787015557,2.2789786839857697,True,2.3.1+cu121,2.3.0+cu121,8.4.153,raw/main/runs/trt_fp32/yolov8l/bs1__run0__20261002T144214_354404Z__ok.json,throttle sw_power_cap
main,trt_fp32,yolov8l,1,1,640,20261002T162608_316959Z,2026-10-02T16:26:09+00:00,4.2302005318924785,3.8254274986684322,0.9495129380996885,6.451295991428196,3.8141440600156784,6.719228811562061,100,4.976540086790919,4.140767268836498,6.775675737299025,3.7687397934496403,4.2302005318924785,44.98193359375,cuda:0,NVIDIA A100-PCIE-40GB,535.288.01,330.0,1380.0,1410.0,41.0,46.0,250.43,13.0,0,0,sw_power_cap,1.0,0.0,,105.31770787015557,2.382635244168341,True,2.3.1+cu121,2.3.0+cu121,8.4.153,raw/main/runs/trt_fp32/yolov8l/bs1__run1__20261002T162608_316959Z__ok.json,throttle sw_power_cap
main,trt_fp32,yolov8l,1,2,640,20261002T172446_862613Z,2026-10-02T17:24:48+00:00,4.294690312817693,3.8688741624355316,0.8234731510753621,5.589898093603551,3.851579036563635,8.259649388492107,100,5.0009982055053115,4.183745477348566,5.913245491683483,3.7978259520605206,4.294690312817693,44.98193359375,cuda:0,NVIDIA A100-PCIE-40GB,535.288.01,570.0,1395.0,1410.0,44.0,48.0,251.51,13.0,0,0,sw_power_cap,1.0,0.0,,105.31770787015557,2.2580644320696592,True,2.3.1+cu121,2.3.0+cu121,8.4.153,raw/main/runs/trt_fp32/yolov8l/bs1__run2__20261002T172446_862613Z__ok.json,throttle sw_power_cap
main,trt_fp32,yolov8l,1,3,640,20261002T181254_637522Z,2026-10-02T18:12:56+00:00,3.981674830429256,3.8396460004150867,0.29645893237284654,4.155992576852441,3.8187969475984573,6.452078931033611,100,4.642616119235754,4.154238849878311,4.475000826641917,3.7757741706445813,3.981674830429256,44.98193359375,cuda:0,NVIDIA A100-PCIE-40GB,535.288.01,480.0,1380.0,1410.0,44.0,49.0,220.05,13.0,0,0,sw_power_cap,1.0,0.0,,105.31770787015557,2.293188572861254,True,2.3.1+cu121,2.3.0+cu121,8.4.153,raw/main/runs/trt_fp32/yolov8l/bs1__run3__20261002T181254_637522Z__ok.json,throttle sw_power_cap
main,trt_fp32,yolov8l,1,4,640,20261002T184523_036324Z,2026-10-02T18:45:24+00:00,3.9965639589354396,3.9028010796755552,0.48378765086646736,3.959609009325504,3.8472041487693787,6.680764723569155,100,4.685494634322822,4.221969749778509,4.282886558212339,3.797794613055885,3.9965639589354396,44.98193359375,cuda:0,NVIDIA A100-PCIE-40GB,535.288.01,765.0,1380.0,1410.0,48.0,53.0,67.18,13.0,0,0,sw_power_cap,1.0,0.0,,105.31770787015557,2.256963135674596,True,2.3.1+cu121,2.3.0+cu121,8.4.153,raw/main/runs/trt_fp32/yolov8l/bs1__run4__20261002T184523_036324Z__ok.json,throttle sw_power_cap
main,trt_fp32,yolov8l,2,0,640,20261002T144456_255643Z,2026-10-02T14:44:57+00:00,6.212120810523629,6.22303900308907,0.10102767722435627,6.250892020761967,5.972099956125021,6.985086016356945,100,7.070200750604272,6.5958339255303144,6.641609570942819,6.287731206975877,3.1060604052618146,91.00830078125,cuda:0,NVIDIA A100-PCIE-40GB,535.288.01,585.0,1365.0,1410.0,44.0,50.0,59.43,13.0,0,0,sw_power_cap,1.0,0.0,,102.07714431872591,2.308490043040365,True,2.3.1+cu121,2.3.0+cu121,8.4.153,raw/main/runs/trt_fp32/yolov8l/bs2__run0__20261002T144456_255643Z__ok.json,throttle sw_power_cap
main,trt_fp32,yolov8l,2,1,640,20261002T162009_514151Z,2026-10-02T16:20:10+00:00,6.463520643301308,6.275380030274391,0.7660124071590603,9.111529961228369,6.199261173605919,9.730823803693056,100,7.1991836512461305,6.651137489825487,9.490234800614415,6.273358301259577,3.231760321650654,91.00830078125,cuda:0,NVIDIA A100-PCIE-40GB,535.288.01,1410.0,1380.0,1410.0,53.0,55.0,249.61,13.0,0,0,sw_power_cap,1.0,0.0,,102.07714431872591,2.343940441031009,True,2.3.1+cu121,2.3.0+cu121,8.4.153,raw/main/runs/trt_fp32/yolov8l/bs2__run1__20261002T162009_514151Z__ok.json,throttle sw_power_cap
main,trt_fp32,yolov8l,2,2,640,20261002T165605_968221Z,2026-10-02T16:56:07+00:00,6.395807494409382,6.223422009497881,0.4264884254914302,7.455454347655177,6.199316121637821,7.730500772595406,100,7.127610412426293,6.599069805815816,7.843924779444933,6.264352272264659,3.197903747204691,91.00830078125,cuda:0,NVIDIA A100-PCIE-40GB,535.288.01,480.0,1365.0,1410.0,44.0,49.0,249.03,13.0,0,0,sw_power_cap,1.0,0.0,,102.07714431872591,2.2869779532775283,True,2.3.1+cu121,2.3.0+cu121,8.4.153,raw/main/runs/trt_fp32/yolov8l/bs2__run2__20261002T165605_968221Z__ok.json,throttle sw_power_cap
main,trt_fp32,yolov8l,2,3,640,20261002T182322_913357Z,2026-10-02T18:23:24+00:00,6.358759691938758,6.197485374286771,0.4143502095042369,7.420325581915677,6.156560964882374,7.698685862123966,100,7.168332184664905,6.570556433871388,7.800103421323001,6.2361700320616364,3.179379845969379,91.00830078125,cuda:0,NVIDIA A100-PCIE-40GB,535.288.01,510.0,1380.0,1410.0,42.0,47.0,61.82,13.0,0,0,sw_power_cap,1.0,0.0,,102.07714431872591,2.3020488349720836,True,2.3.1+cu121,2.3.0+cu121,8.4.153,raw/main/runs/trt_fp32/yolov8l/bs2__run3__20261002T182322_913357Z__ok.json,throttle sw_power_cap
main,trt_fp32,yolov8l,2,4,640,20261002T191321_869088Z,2026-10-02T19:13:23+00:00,6.40283293556422,6.2029201071709394,0.6269788326687845,8.356859558261931,6.155208684504032,8.636713027954102,100,7.285429025068879,6.579462438821793,8.741169748827815,6.255702110938728,3.20141646778211,91.00830078125,cuda:0,NVIDIA A100-PCIE-40GB,535.288.01,765.0,1380.0,1410.0,43.0,48.0,59.85,13.0,0,0,sw_power_cap,1.0,0.0,,102.07714431872591,2.301575026009232,True,2.3.1+cu121,2.3.0+cu121,8.4.153,raw/main/runs/trt_fp32/yolov8l/bs2__run4__20261002T191321_869088Z__ok.json,throttle sw_power_cap
main,trt_fp32,yolov8l,4,0,640,20261002T150053_144023Z,2026-10-02T15:00:54+00:00,11.109026689082384,11.11571118235588,0.2309025699333173,11.2642006482929,10.487051215022802,12.943753041327,100,11.976833352819085,11.602687882259488,11.76449314225465,11.13763318862766,2.777256672270596,179.60888671875,cuda:0,NVIDIA A100-PCIE-40GB,535.288.01,765.0,1350.0,1410.0,41.0,49.0,56.68,13.0,0,0,sw_power_cap,1.0,0.0,,109.79618545342237,2.2755241761915386,True,2.3.1+cu121,2.3.0+cu121,8.4.153,raw/main/runs/trt_fp32/yolov8l/bs4__run0__20261002T150053_144023Z__ok.json,throttle sw_power_cap
main,trt_fp32,yolov8l,4,1,640,20261002T153005_786854Z,2026-10-02T15:30:07+00:00,11.146169304847717,11.17388904094696,0.1391708254819994,11.241381848230958,10.44709188863635,11.364318896085024,100,12.042606309987605,11.660522315651178,11.72922698315233,11.21513863094151,2.7865423262119293,179.60888671875,cuda:0,NVIDIA A100-PCIE-40GB,535.288.01,420.0,1350.0,1410.0,47.0,52.0,249.18,13.0,0,0,sw_power_cap,1.0,0.0,,109.79618545342237,2.3333915090188384,True,2.3.1+cu121,2.3.0+cu121,8.4.153,raw/main/runs/trt_fp32/yolov8l/bs4__run1__20261002T153005_786854Z__ok.json,throttle sw_power_cap
main,trt_fp32,yolov8l,4,2,640,20261002T172327_737908Z,2026-10-02T17:23:29+00:00,11.168772373348475,11.172927916049957,0.24063681810359985,11.298127262853086,10.41112095117569,13.079247903078794,100,12.033146368339658,11.659102980047464,11.789149371907115,11.19718724861741,2.7921930933371186,179.60888671875,cuda:0,NVIDIA A100-PCIE-40GB,535.288.01,765.0,1350.0,1410.0,46.0,52.0,249.74,13.0,0,0,sw_power_cap,1.0,0.0,,109.79618545342237,2.313549646176398,True,2.3.1+cu121,2.3.0+cu121,8.4.153,raw/main/runs/trt_fp32/yolov8l/bs4__run2__20261002T172327_737908Z__ok.json,throttle sw_power_cap
main,trt_fp32,yolov8l,4,3,640,20261002T174038_595546Z,2026-10-02T17:40:39+00:00,11.162581192329526,11.173482984304428,0.24001491959825494,11.23135625384748,10.399671271443367,13.153579086065292,100,12.050061086192727,11.663423385471106,11.720231175422668,11.204555639997125,2.7906452980823815,179.60888671875,cuda:0,NVIDIA A100-PCIE-40GB,535.288.01,1410.0,1350.0,1410.0,47.0,53.0,140.23,13.0,0,0,sw_power_cap,1.0,0.0,,109.79618545342237,2.3041677679866552,True,2.3.1+cu121,2.3.0+cu121,8.4.153,raw/main/runs/trt_fp32/yolov8l/bs4__run3__20261002T174038_595546Z__ok.json,throttle sw_power_cap
main,trt_fp32,yolov8l,4,4,640,20261002T185037_122397Z,2026-10-02T18:50:38+00:00,11.128575298935175,11.142618488520384,0.1004850527664434,11.16232997737825,10.628955904394388,11.51195913553238,100,11.988650085404515,11.636957060545683,11.666718032211065,11.201100810430944,2.7821438247337937,179.60888671875,cuda:0,NVIDIA A100-PCIE-40GB,535.288.01,465.0,1335.0,1410.0,46.0,52.0,64.01,13.0,0,0,sw_power_cap,1.0,0.0,,109.79618545342237,2.2939129299484193,True,2.3.1+cu121,2.3.0+cu121,8.4.153,raw/main/runs/trt_fp32/yolov8l/bs4__run4__20261002T185037_122397Z__ok.json,throttle sw_power_cap
main,trt_fp32,yolov8l,6,0,640,20261002T143146_948362Z,2026-10-02T14:31:48+00:00,16.96836084127426,16.9604301918298,0.0968974493498187,17.10704725701362,16.726081259548664,17.372100614011288,100,17.96582584735006,17.557393992319703,17.77529022656381,17.067295559681952,2.828060140212377,269.41259765625,cuda:0,NVIDIA A100-PCIE-40GB,535.288.01,495.0,1335.0,1410.0,47.0,53.0,63.9,13.0,0,0,sw_power_cap,1.0,0.0,,128.17973120510578,2.3368384861387312,True,2.3.1+cu121,2.3.0+cu121,8.4.153,raw/main/runs/trt_fp32/yolov8l/bs6__run0__20261002T143146_948362Z__ok.json,throttle sw_power_cap
main,trt_fp32,yolov8l,6,1,640,20261002T154203_281248Z,2026-10-02T15:42:04+00:00,16.926200035959482,16.926116542890668,0.17430472865028895,17.087935050949454,15.770564787089825,17.404581885784864,100,17.886743480339646,17.523470567539334,17.708562617190182,17.035435512661934,2.8210333393265805,269.41259765625,cuda:0,NVIDIA A100-PCIE-40GB,535.288.01,765.0,1350.0,1410.0,44.0,51.0,254.51,13.0,0,0,sw_power_cap,1.0,0.0,,128.17973120510578,2.303969532251358,True,2.3.1+cu121,2.3.0+cu121,8.4.153,raw/main/runs/trt_fp32/yolov8l/bs6__run1__20261002T154203_281248Z__ok.json,throttle sw_power_cap
main,trt_fp32,yolov8l,6,2,640,20261002T163312_106140Z,2026-10-02T16:33:13+00:00,16.92611753474921,16.953438287600875,0.15665801587483658,17.094182246364653,15.868890099227428,17.30201579630375,100,17.912155515514314,17.554522259160876,17.700308747589588,17.036944436840713,2.821019589124868,269.41259765625,cuda:0,NVIDIA A100-PCIE-40GB,535.288.01,765.0,1350.0,1410.0,45.0,52.0,258.38,13.0,0,0,sw_power_cap,1.0,0.0,,128.17973120510578,2.328925712965429,True,2.3.1+cu121,2.3.0+cu121,8.4.153,raw/main/runs/trt_fp32/yolov8l/bs6__run2__20261002T163312_106140Z__ok.json,throttle sw_power_cap
main,trt_fp32,yolov8l,6,3,640,20261002T182725_448505Z,2026-10-02T18:27:26+00:00,17.049509403295815,17.024096101522446,0.2711098685475481,17.350733769126236,15.872736927121878,18.451623152941465,100,18.163965865969658,17.629367066547275,18.01007140893489,17.171049010939896,2.8415849005493024,269.41259765625,cuda:0,NVIDIA A100-PCIE-40GB,535.288.01,1410.0,1350.0,1410.0,54.0,59.0,161.48,13.0,0,0,sw_power_cap,1.0,0.0,,128.17973120510578,2.272074275650084,True,2.3.1+cu121,2.3.0+cu121,8.4.153,raw/main/runs/trt_fp32/yolov8l/bs6__run3__20261002T182725_448505Z__ok.json,throttle sw_power_cap
main,trt_fp32,yolov8l,6,4,640,20261002T190900_090564Z,2026-10-02T19:09:01+00:00,16.923971036449075,16.96723699569702,0.19844516411298846,17.10743762087077,15.77248377725482,17.15975906699896,100,18.159738769754767,17.569383373484015,17.717525642365217,17.009505392052233,2.8206618394081793,269.41259765625,cuda:0,NVIDIA A100-PCIE-40GB,535.288.01,435.0,1350.0,1410.0,43.0,50.0,56.68,13.0,0,0,sw_power_cap,1.0,0.0,,128.17973120510578,2.293001764919609,True,2.3.1+cu121,2.3.0+cu121,8.4.153,raw/main/runs/trt_fp32/yolov8l/bs6__run4__20261002T190900_090564Z__ok.json,throttle sw_power_cap
main,trt_fp32,yolov8l,8,0,640,20261002T143724_864990Z,2026-10-02T14:37:26+00:00,21.176372789777815,21.23151463456452,0.29467183835960226,21.513475780375302,19.698220770806074,21.95935556665063,100,22.26910932920873,21.94212540052831,22.306507406756282,21.34143047966063,2.647046598722227,364.14990234375,cuda:0,NVIDIA A100-PCIE-40GB,535.288.01,765.0,1335.0,1410.0,45.0,52.0,243.31,13.0,0,0,sw_power_cap,1.0,0.0,,129.40221119625494,2.273389955982566,True,2.3.1+cu121,2.3.0+cu121,8.4.153,raw/main/runs/trt_fp32/yolov8l/bs8__run0__20261002T143724_864990Z__ok.json,throttle sw_power_cap
main,trt_fp32,yolov8l,8,1,640,20261002T153847_586493Z,2026-10-02T15:38:48+00:00,21.152133462019265,21.247603232041,0.294181156011505,21.427979157306254,19.655943848192692,21.631931886076927,100,22.41561488248408,21.9525343272835,22.264471813105047,21.32009076885879,2.644016682752408,364.14990234375,cuda:0,NVIDIA A100-PCIE-40GB,535.288.01,525.0,1335.0,1410.0,44.0,51.0,87.01,13.0,0,0,sw_power_cap,1.0,0.0,,129.40221119625494,2.320981667842716,True,2.3.1+cu121,2.3.0+cu121,8.4.153,raw/main/runs/trt_fp32/yolov8l/bs8__run1__20261002T153847_586493Z__ok.json,throttle sw_power_cap
main,trt_fp32,yolov8l,8,2,640,20261002T173045_533944Z,2026-10-02T17:30:46+00:00,21.1792745674029,21.256363485008478,0.26889618528971215,21.421928075142205,19.755727145820856,21.798264235258102,100,22.391820806078613,21.963595878332853,22.169035370461643,21.32412230130285,2.6474093209253624,364.14990234375,cuda:0,NVIDIA A100-PCIE-40GB,535.288.01,765.0,1335.0,1410.0,44.0,51.0,251.38,13.0,0,0,sw_power_cap,1.0,0.0,,129.40221119625494,2.3098291237838566,True,2.3.1+cu121,2.3.0+cu121,8.4.153,raw/main/runs/trt_fp32/yolov8l/bs8__run2__20261002T173045_533944Z__ok.json,throttle sw_power_cap
main,trt_fp32,yolov8l,8,3,640,20261002T182417_290700Z,2026-10-02T18:24:18+00:00,21.179505470208824,21.232501370832324,0.2630759255523855,21.3998835766688,19.640713930130005,21.689548157155514,100,22.26283627562225,21.948734996840358,22.303671156987548,21.312897969037294,2.647438183776103,364.14990234375,cuda:0,NVIDIA A100-PCIE-40GB,535.288.01,765.0,1335.0,1410.0,44.0,52.0,244.6,13.0,0,0,sw_power_cap,1.0,0.0,,129.40221119625494,2.2743807528167963,True,2.3.1+cu121,2.3.0+cu121,8.4.153,raw/main/runs/trt_fp32/yolov8l/bs8__run3__20261002T182417_290700Z__ok.json,throttle sw_power_cap
main,trt_fp32,yolov8l,8,4,640,20261002T185335_779099Z,2026-10-02T18:53:37+00:00,21.201330861076713,21.236567990854383,0.3020208325212426,21.49230616632849,19.688159693032503,22.601353004574776,100,22.365956399589777,21.955383010208607,22.26697236765176,21.36946859769523,2.650166357634589,364.14990234375,cuda:0,NVIDIA A100-PCIE-40GB,535.288.01,765.0,1335.0,1410.0,48.0,55.0,64.91,13.0,0,0,sw_power_cap,1.0,0.0,,129.40221119625494,2.300094678066671,True,2.3.1+cu121,2.3.0+cu121,8.4.153,raw/main/runs/trt_fp32/yolov8l/bs8__run4__20261002T185335_779099Z__ok.json,throttle sw_power_cap
main,trt_fp32,yolov8l,10,0,640,20261002T144637_102882Z,2026-10-02T14:46:38+00:00,27.2382335877046,27.2410549223423,0.26123357630583094,27.50089098699391,25.621597189456224,27.826120145618916,100,28.44194154255092,28.0656386166811,28.401873260736465,27.45198850054294,2.72382335877046,449.021484375,cuda:0,NVIDIA A100-PCIE-40GB,535.288.01,1410.0,1335.0,1410.0,47.0,53.0,60.13,13.0,0,0,sw_power_cap,1.0,0.0,,143.52419562684372,2.3072801381349564,True,2.3.1+cu121,2.3.0+cu121,8.4.153,raw/main/runs/trt_fp32/yolov8l/bs10__run0__20261002T144637_102882Z__ok.json,throttle sw_power_cap
main,trt_fp32,yolov8l,10,1,640,20261002T153446_913948Z,2026-10-02T15:34:48+00:00,27.326059727929533,27.342548361048102,0.26854090196829705,27.62088777963072,25.56308778002858,27.643360663205385,100,28.63224600441754,28.188425581902266,28.45603097230196,27.571212528273463,2.7326059727929533,449.021484375,cuda:0,NVIDIA A100-PCIE-40GB,535.288.01,345.0,1335.0,1410.0,50.0,56.0,243.12,13.0,0,0,sw_power_cap,1.0,0.0,,143.52419562684372,2.3236285150051117,True,2.3.1+cu121,2.3.0+cu121,8.4.153,raw/main/runs/trt_fp32/yolov8l/bs10__run1__20261002T153446_913948Z__ok.json,throttle sw_power_cap
main,trt_fp32,yolov8l,10,2,640,20261002T172145_374226Z,2026-10-02T17:21:46+00:00,27.238725777715445,27.24596788175404,0.28924176607851027,27.594296517781913,25.51795495674014,27.757974807173014,100,28.446710240095854,28.070400934666395,28.570793475955725,27.4603931279853,2.7238725777715445,449.021484375,cuda:0,NVIDIA A100-PCIE-40GB,535.288.01,765.0,1365.0,1410.0,46.0,53.0,102.17,13.0,0,0,sw_power_cap,1.0,0.0,,143.52419562684372,2.281628604978323,True,2.3.1+cu121,2.3.0+cu121,8.4.153,raw/main/runs/trt_fp32/yolov8l/bs10__run2__20261002T172145_374226Z__ok.json,throttle sw_power_cap
main,trt_fp32,yolov8l,10,3,640,20261002T180323_551429Z,2026-10-02T18:03:24+00:00,27.39829124417156,27.410244569182396,0.38496664245791046,27.73911168333143,25.638618040829897,29.721309896558523,100,28.61875968053937,28.24550191871822,28.737341472879052,27.586934878490865,2.739829124417156,449.021484375,cuda:0,NVIDIA A100-PCIE-40GB,535.288.01,1410.0,1335.0,1410.0,52.0,57.0,60.57,13.0,0,0,sw_power_cap,1.0,0.0,,143.52419562684372,2.3449226580560207,True,2.3.1+cu121,2.3.0+cu121,8.4.153,raw/main/runs/trt_fp32/yolov8l/bs10__run3__20261002T180323_551429Z__ok.json,throttle sw_power_cap
main,trt_fp32,yolov8l,10,4,640,20261002T192444_309923Z,2026-10-02T19:24:45+00:00,27.205557911656797,27.210152940824628,0.2840393952627129,27.540888008661568,25.346968322992325,27.73306518793106,100,28.53929188568145,28.034463291987777,28.434960264712572,27.38855079282075,2.7205557911656797,449.021484375,cuda:0,NVIDIA A100-PCIE-40GB,535.288.01,330.0,1365.0,1410.0,44.0,52.0,250.88,13.0,0,0,sw_power_cap,1.0,0.0,,143.52419562684372,2.3050338099710643,True,2.3.1+cu121,2.3.0+cu121,8.4.153,raw/main/runs/trt_fp32/yolov8l/bs10__run4__20261002T192444_309923Z__ok.json,throttle sw_power_cap
main,trt_fp32,yolov8l,12,0,640,20261002T150320_521034Z,2026-10-02T15:03:21+00:00,31.965591041371226,32.00108092278242,0.30887708546386683,32.29091584216803,29.761507641524076,32.38152014091611,100,33.29179116059095,32.949732383713126,33.23874825146049,32.196098221465945,2.663799253447602,538.8251953125,cuda:0,NVIDIA A100-PCIE-40GB,535.288.01,1410.0,1335.0,1410.0,49.0,55.0,62.31,13.0,0,0,sw_power_cap,1.0,0.0,,144.3548422511667,2.29473905172199,True,2.3.1+cu121,2.3.0+cu121,8.4.153,raw/main/runs/trt_fp32/yolov8l/bs12__run0__20261002T150320_521034Z__ok.json,throttle sw_power_cap
main,trt_fp32,yolov8l,12,1,640,20261002T155125_754458Z,2026-10-02T15:51:27+00:00,32.00760746374726,32.02053811401129,0.3227464324367902,32.300849724560976,29.714972246438265,32.635176088660955,100,33.32487089559436,32.94911305420101,33.37115156464279,32.20261330716312,2.6673006219789386,538.8251953125,cuda:0,NVIDIA A100-PCIE-40GB,535.288.01,1410.0,1320.0,1410.0,50.0,57.0,252.16,13.0,0,0,sw_power_cap,1.0,0.0,,144.3548422511667,2.3171251728199422,True,2.3.1+cu121,2.3.0+cu121,8.4.153,raw/main/runs/trt_fp32/yolov8l/bs12__run1__20261002T155125_754458Z__ok.json,throttle sw_power_cap
main,trt_fp32,yolov8l,12,2,640,20261002T170301_673592Z,2026-10-02T17:03:03+00:00,31.88513247296214,31.916137086227536,0.3822593741875356,32.29594407603145,29.600881040096283,32.60854911059141,100,33.197192614898086,32.84972393885255,33.251704182475805,32.080076672136784,2.6570943727468452,538.8251953125,cuda:0,NVIDIA A100-PCIE-40GB,535.288.01,570.0,1335.0,1410.0,45.0,53.0,88.28,13.0,0,0,sw_power_cap,1.0,0.0,,144.3548422511667,2.3231568192131817,True,2.3.1+cu121,2.3.0+cu121,8.4.153,raw/main/runs/trt_fp32/yolov8l/bs12__run2__20261002T170301_673592Z__ok.json,throttle sw_power_cap
main,trt_fp32,yolov8l,12,3,640,20261002T175619_314585Z,2026-10-02T17:56:20+00:00,31.770563423633575,31.8223366048187,0.32561291879053433,32.14650051668286,29.74639507010579,32.759121153503656,100,33.08689869940281,32.76864066720009,33.136880747042596,32.05812262836844,2.6475469519694648,538.8251953125,cuda:0,NVIDIA A100-PCIE-40GB,535.288.01,405.0,1350.0,1410.0,42.0,51.0,97.05,13.0,0,0,sw_power_cap,1.0,0.0,,144.3548422511667,2.3016771427355707,True,2.3.1+cu121,2.3.0+cu121,8.4.153,raw/main/runs/trt_fp32/yolov8l/bs12__run3__20261002T175619_314585Z__ok.json,throttle sw_power_cap
main,trt_fp32,yolov8l,12,4,640,20261002T184834_643600Z,2026-10-02T18:48:36+00:00,31.908764196559787,31.90366644412279,0.3579740404124952,32.31269589159638,29.439928010106087,32.602366991341114,100,33.34671440999955,32.84893650561571,33.353776833973825,32.14131547138095,2.6590636830466488,538.8251953125,cuda:0,NVIDIA A100-PCIE-40GB,535.288.01,765.0,1335.0,1410.0,47.0,54.0,246.38,13.0,0,0,sw_power_cap,1.0,0.0,,144.3548422511667,2.316005584783852,True,2.3.1+cu121,2.3.0+cu121,8.4.153,raw/main/runs/trt_fp32/yolov8l/bs12__run4__20261002T184834_643600Z__ok.json,throttle sw_power_cap
main,trt_fp32,yolov8l,14,0,640,20261002T150336_121771Z,2026-10-02T15:03:37+00:00,37.076624212786555,37.13774657808244,0.436264675344017,37.63987347483635,34.164685755968094,37.85176342353225,100,38.51388490758836,38.1874511949718,38.69312193710357,37.401345958933234,2.6483303009133254,632.2626953125,cuda:0,NVIDIA A100-PCIE-40GB,535.288.01,765.0,1350.0,1410.0,48.0,56.0,246.95,13.0,0,0,sw_power_cap,1.0,0.0,,159.4692085077986,2.313316339161247,True,2.3.1+cu121,2.3.0+cu121,8.4.153,raw/main/runs/trt_fp32/yolov8l/bs14__run0__20261002T150336_121771Z__ok.json,throttle sw_power_cap
main,trt_fp32,yolov8l,14,1,640,20261002T160942_462513Z,2026-10-02T16:09:43+00:00,36.971079646609724,36.97912534698844,0.4951809770658078,37.621887563727796,33.97914161905646,38.15204091370106,100,38.39979107026011,38.04236790165305,38.724265014752746,37.25018436089158,2.640791403329266,632.2626953125,cuda:0,NVIDIA A100-PCIE-40GB,535.288.01,495.0,1335.0,1410.0,44.0,52.0,73.81,13.0,0,0,sw_power_cap,1.0,0.0,,159.4692085077986,2.3091317522339523,True,2.3.1+cu121,2.3.0+cu121,8.4.153,raw/main/runs/trt_fp32/yolov8l/bs14__run1__20261002T160942_462513Z__ok.json,throttle sw_power_cap
main,trt_fp32,yolov8l,14,2,640,20261002T170013_301468Z,2026-10-02T17:00:14+00:00,36.99186668731272,36.98231396265328,0.417712954069901,37.646455923095345,34.69750238582492,37.858891766518354,100,38.43919828068465,38.04062749259174,38.71950644534081,37.32077809050679,2.642276191950909,632.2626953125,cuda:0,NVIDIA A100-PCIE-40GB,535.288.01,765.0,1335.0,1410.0,44.0,53.0,64.01,13.0,0,0,sw_power_cap,1.0,0.0,,159.4692085077986,2.2970904549583793,True,2.3.1+cu121,2.3.0+cu121,8.4.153,raw/main/runs/trt_fp32/yolov8l/bs14__run2__20261002T170013_301468Z__ok.json,throttle sw_power_cap
main,trt_fp32,yolov8l,14,3,640,20261002T182147_448115Z,2026-10-02T18:21:48+00:00,36.89018383156508,36.9158994872123,0.41870786689895906,37.44953197892755,34.584296867251396,37.648011930286884,100,38.34245133213699,37.97924239188433,38.52180880494416,37.190550030209124,2.6350131308260774,632.2626953125,cuda:0,NVIDIA A100-PCIE-40GB,535.288.01,765.0,1335.0,1410.0,40.0,50.0,155.69,13.0,0,0,sw_power_cap,1.0,0.0,,159.4692085077986,2.289245178923011,True,2.3.1+cu121,2.3.0+cu121,8.4.153,raw/main/runs/trt_fp32/yolov8l/bs14__run3__20261002T182147_448115Z__ok.json,throttle sw_power_cap
main,trt_fp32,yolov8l,14,4,640,20261002T185832_267339Z,2026-10-02T18:58:33+00:00,37.04639562405646,37.0166024658829,0.4678713070168287,37.51041179057211,34.51917786151171,38.30272797495127,100,38.45260551664978,38.05139800533652,38.65771149285138,37.34372150152922,2.646171116004033,632.2626953125,cuda:0,NVIDIA A100-PCIE-40GB,535.288.01,435.0,1335.0,1410.0,47.0,55.0,253.38,13.0,0,0,sw_power_cap,1.0,0.0,,159.4692085077986,2.2901162710040808,True,2.3.1+cu121,2.3.0+cu121,8.4.153,raw/main/runs/trt_fp32/yolov8l/bs14__run4__20261002T185832_267339Z__ok.json,throttle sw_power_cap
main,trt_fp32,yolov8l,16,0,640,20261002T143100_929343Z,2026-10-02T14:31:02+00:00,41.44043795298785,41.407448472455144,0.46225990227535796,41.97077571880072,38.28352130949497,42.5259368494153,100,43.14644821919501,42.55679133348167,43.116387724876404,41.773877553641796,2.5900273720617406,728.2998046875,cuda:0,NVIDIA A100-PCIE-40GB,535.288.01,1410.0,1350.0,1410.0,53.0,58.0,250.78,13.0,0,0,sw_power_cap,1.0,0.0,,159.75239033298567,2.2625388521701097,True,2.3.1+cu121,2.3.0+cu121,8.4.153,raw/main/runs/trt_fp32/yolov8l/bs16__run0__20261002T143100_929343Z__ok.json,throttle sw_power_cap
main,trt_fp32,yolov8l,16,1,640,20261002T153535_867287Z,2026-10-02T15:35:37+00:00,41.349594690836966,41.35820921510458,0.44742978645339065,41.89447881653905,38.21287862956524,41.95877304300666,100,43.08047417551279,42.51205315813422,43.098028912208974,41.671926667913795,2.5843496681773104,728.2998046875,cuda:0,NVIDIA A100-PCIE-40GB,535.288.01,525.0,1320.0,1410.0,49.0,57.0,250.42,13.0,0,0,sw_power_cap,1.0,0.0,,159.75239033298567,2.2819942110218108,True,2.3.1+cu121,2.3.0+cu121,8.4.153,raw/main/runs/trt_fp32/yolov8l/bs16__run1__20261002T153535_867287Z__ok.json,throttle sw_power_cap
main,trt_fp32,yolov8l,16,2,640,20261002T170029_956351Z,2026-10-02T17:00:31+00:00,41.185860629193485,41.24300042167306,0.41927198448209435,41.59753923304379,38.25028380379081,41.88746586441994,100,42.72473067510873,42.382231913506985,42.88687570951879,41.55949539039284,2.574116289324593,728.2998046875,cuda:0,NVIDIA A100-PCIE-40GB,535.288.01,420.0,1320.0,1410.0,46.0,54.0,109.71,13.0,0,0,sw_power_cap,1.0,0.0,,159.75239033298567,2.286528051365167,True,2.3.1+cu121,2.3.0+cu121,8.4.153,raw/main/runs/trt_fp32/yolov8l/bs16__run2__20261002T170029_956351Z__ok.json,throttle sw_power_cap
main,trt_fp32,yolov8l,16,3,640,20261002T174459_767432Z,2026-10-02T17:45:01+00:00,41.105891964398324,41.11133678816259,0.41022740880546293,41.582359559834,38.23582595214248,41.735636070370674,100,42.65985210891813,42.31602349318564,42.74799260310829,41.48313217796385,2.5691182477748953,728.2998046875,cuda:0,NVIDIA A100-PCIE-40GB,535.288.01,765.0,1335.0,1410.0,42.0,51.0,243.19,13.0,0,0,sw_power_cap,1.0,0.0,,159.75239033298567,2.2883139671757817,True,2.3.1+cu121,2.3.0+cu121,8.4.153,raw/main/runs/trt_fp32/yolov8l/bs16__run3__20261002T174459_767432Z__ok.json,throttle sw_power_cap
main,trt_fp32,yolov8l,16,4,640,20261002T193603_142127Z,2026-10-02T19:36:04+00:00,41.30976188927889,41.33540508337319,0.4007886980217935,41.75016786903143,38.37239230051637,41.901425924152136,100,42.85492510534823,42.50461095944047,42.97650537919253,41.62665814161301,2.5818601180799305,728.2998046875,cuda:0,NVIDIA A100-PCIE-40GB,535.288.01,765.0,1335.0,1410.0,49.0,56.0,252.2,13.0,0,0,sw_power_cap,1.0,0.0,,159.75239033298567,2.2797584841027856,True,2.3.1+cu121,2.3.0+cu121,8.4.153,raw/main/runs/trt_fp32/yolov8l/bs16__run4__20261002T193603_142127Z__ok.json,throttle sw_power_cap
main,trt_fp32,yolov8l,18,0,640,20261002T151104_765375Z,2026-10-02T15:11:06+00:00,48.15858281683177,48.18748286925256,0.4211970389231152,48.65023251622915,45.235768891870975,48.74869016930461,100,49.974669204093516,49.45203009992838,49.96706894598901,48.53984443936497,2.6754768231573203,808.23779296875,cuda:0,NVIDIA A100-PCIE-40GB,535.288.01,345.0,1335.0,1410.0,45.0,55.0,112.77,13.0,0,0,sw_power_cap,1.0,0.0,,176.61970071913674,2.2872864329256117,True,2.3.1+cu121,2.3.0+cu121,8.4.153,raw/main/runs/trt_fp32/yolov8l/bs18__run0__20261002T151104_765375Z__ok.json,throttle sw_power_cap
main,trt_fp32,yolov8l,18,1,640,20261002T155732_843238Z,2026-10-02T15:57:34+00:00,48.44025891739875,48.44338004477322,0.4304576915300975,48.97138713859022,45.453114900738,49.442790914326906,100,50.0834327749908,49.722631461918354,50.230943923816085,48.82210277952254,2.6911254954110415,808.23779296875,cuda:0,NVIDIA A100-PCIE-40GB,535.288.01,1410.0,1365.0,1410.0,54.0,59.0,64.12,13.0,0,0,sw_power_cap,1.0,0.0,,176.61970071913674,2.324308298062533,True,2.3.1+cu121,2.3.0+cu121,8.4.153,raw/main/runs/trt_fp32/yolov8l/bs18__run1__20261002T155732_843238Z__ok.json,throttle sw_power_cap
main,trt_fp32,yolov8l,18,2,640,20261002T163930_525926Z,2026-10-02T16:39:31+00:00,47.99770153127611,48.0109341442585,0.4388781938365541,48.48299340810627,44.791806023567915,48.61931595951319,100,49.80281087104231,49.29803288541734,49.867667723447084,48.402284546755254,2.6665389739597836,808.23779296875,cuda:0,NVIDIA A100-PCIE-40GB,535.288.01,510.0,1335.0,1410.0,43.0,52.0,251.18,13.0,0,0,sw_power_cap,1.0,0.0,,176.61970071913674,2.2994896140880883,True,2.3.1+cu121,2.3.0+cu121,8.4.153,raw/main/runs/trt_fp32/yolov8l/bs18__run2__20261002T163930_525926Z__ok.json,throttle sw_power_cap
main,trt_fp32,yolov8l,18,3,640,20261002T182806_733453Z,2026-10-02T18:28:08+00:00,48.286582604050636,48.358220141381025,0.40706030834565243,48.65742311812937,45.25130754336715,48.96849300712347,100,49.92225985508412,49.615982454270124,50.00231366138905,48.67390335071832,2.6825879224472575,808.23779296875,cuda:0,NVIDIA A100-PCIE-40GB,535.288.01,1410.0,1335.0,1410.0,51.0,57.0,224.68,13.0,0,0,sw_power_cap,1.0,0.0,,176.61970071913674,2.26562433084473,True,2.3.1+cu121,2.3.0+cu121,8.4.153,raw/main/runs/trt_fp32/yolov8l/bs18__run3__20261002T182806_733453Z__ok.json,throttle sw_power_cap
main,trt_fp32,yolov8l,18,4,640,20261002T191806_441734Z,2026-10-02T19:18:07+00:00,48.31693036481738,48.37308754213154,0.406250903845083,48.739070165902376,45.319925993680954,49.13588985800743,100,49.9498040182516,49.62812038138509,49.979248526506126,48.68864153046161,2.6842739091565213,808.23779296875,cuda:0,NVIDIA A100-PCIE-40GB,535.288.01,390.0,1365.0,1410.0,50.0,57.0,244.79,13.0,0,0,sw_power_cap,1.0,0.0,,176.61970071913674,2.2964182128198445,True,2.3.1+cu121,2.3.0+cu121,8.4.153,raw/main/runs/trt_fp32/yolov8l/bs18__run4__20261002T191806_441734Z__ok.json,throttle sw_power_cap
main,trt_fp32,yolov8l,20,0,640,20261002T143013_899265Z,2026-10-02T14:30:15+00:00,51.99819537810981,52.000289084389806,0.41602012126504767,52.49002338387072,49.008692149072886,52.6549881324172,100,53.83900799322873,53.42138605192304,53.92820106353611,52.48196574859321,2.5999097689054906,901.45849609375,cuda:0,NVIDIA A100-PCIE-40GB,535.288.01,1410.0,1335.0,1410.0,51.0,57.0,73.13,13.0,0,0,sw_power_cap,1.0,0.0,,178.12641210388392,2.3171529350802302,True,2.3.1+cu121,2.3.0+cu121,8.4.153,raw/main/runs/trt_fp32/yolov8l/bs20__run0__20261002T143013_899265Z__ok.json,throttle sw_power_cap
main,trt_fp32,yolov8l,20,1,640,20261002T155550_554731Z,2026-10-02T15:55:51+00:00,51.917339600622654,51.898136269301176,0.46057529646408024,52.47362630907446,48.52570500224829,52.95225931331515,100,53.66780397016555,53.29447705298662,53.851669281721115,52.35024133231491,2.5958669800311327,901.45849609375,cuda:0,NVIDIA A100-PCIE-40GB,535.288.01,765.0,1335.0,1410.0,47.0,56.0,68.97,13.0,0,0,sw_power_cap,1.0,0.0,,178.12641210388392,2.318716843612492,True,2.3.1+cu121,2.3.0+cu121,8.4.153,raw/main/runs/trt_fp32/yolov8l/bs20__run1__20261002T155550_554731Z__ok.json,throttle sw_power_cap
main,trt_fp32,yolov8l,20,2,640,20261002T170203_680365Z,2026-10-02T17:02:05+00:00,51.72495647799224,51.73275270499289,0.45326245851983576,52.25710871163756,48.34485612809658,52.55065206438303,100,53.70116307400167,53.1291919760406,53.6450045183301,52.223840123042464,2.586247823899612,901.45849609375,cuda:0,NVIDIA A100-PCIE-40GB,535.288.01,450.0,1335.0,1410.0,44.0,53.0,155.91,13.0,0,0,sw_power_cap,1.0,0.0,,178.12641210388392,2.298496102914214,True,2.3.1+cu121,2.3.0+cu121,8.4.153,raw/main/runs/trt_fp32/yolov8l/bs20__run2__20261002T170203_680365Z__ok.json,throttle sw_power_cap
main,trt_fp32,yolov8l,20,3,640,20261002T173821_089159Z,2026-10-02T17:38:22+00:00,52.02211442403495,52.07616416737437,0.4586415089331726,52.516092848964036,48.506606835871935,52.72059328854084,100,53.90417093876749,53.45279793255031,53.887724946253,52.4675304396078,2.6011057212017477,901.45849609375,cuda:0,NVIDIA A100-PCIE-40GB,535.288.01,630.0,1350.0,1410.0,50.0,57.0,246.74,13.0,0,0,sw_power_cap,1.0,0.0,,178.12641210388392,2.3024849058128893,True,2.3.1+cu121,2.3.0+cu121,8.4.153,raw/main/runs/trt_fp32/yolov8l/bs20__run3__20261002T173821_089159Z__ok.json,throttle sw_power_cap
main,trt_fp32,yolov8l,20,4,640,20261002T190628_619869Z,2026-10-02T19:06:29+00:00,51.90334175247699,51.887718960642815,0.46835344394033,52.372200042009354,48.407580237835646,52.89629101753235,100,53.6808753060177,53.28817944973707,53.890664339996874,52.36587093677372,2.5951670876238495,901.45849609375,cuda:0,NVIDIA A100-PCIE-40GB,535.288.01,765.0,1335.0,1410.0,48.0,56.0,56.98,13.0,0,0,sw_power_cap,1.0,0.0,,178.12641210388392,2.285112584941089,True,2.3.1+cu121,2.3.0+cu121,8.4.153,raw/main/runs/trt_fp32/yolov8l/bs20__run4__20261002T190628_619869Z__ok.json,throttle sw_power_cap
main,trt_fp32,yolov8l,22,0,640,20261002T150932_062047Z,2026-10-02T15:09:33+00:00,57.40856142248958,57.444713078439236,0.4739727734112392,57.95388377737254,53.927341010421515,58.17298823967576,100,59.376521185040474,58.93299961462617,59.605709346942604,57.8444963414222,2.6094800646586176,996.41259765625,cuda:0,NVIDIA A100-PCIE-40GB,535.288.01,765.0,1335.0,1410.0,48.0,57.0,259.3,13.0,0,0,sw_power_cap,1.0,0.0,,193.34183813398704,2.2948343493044376,True,2.3.1+cu121,2.3.0+cu121,8.4.153,raw/main/runs/trt_fp32/yolov8l/bs22__run0__20261002T150932_062047Z__ok.json,throttle sw_power_cap
main,trt_fp32,yolov8l,22,1,640,20261002T155839_606179Z,2026-10-02T15:58:40+00:00,57.52177962567657,57.5291549321264,0.48282334118470444,58.07891322765499,53.76868089661002,58.63735359162092,100,59.38166165724397,59.040462132543325,59.5750815467909,57.961128409951925,2.6146263466216624,996.41259765625,cuda:0,NVIDIA A100-PCIE-40GB,535.288.01,1410.0,1335.0,1410.0,52.0,58.0,248.77,13.0,0,0,sw_power_cap,1.0,0.0,,193.34183813398704,2.305972316302359,True,2.3.1+cu121,2.3.0+cu121,8.4.153,raw/main/runs/trt_fp32/yolov8l/bs22__run1__20261002T155839_606179Z__ok.json,throttle sw_power_cap
main,trt_fp32,yolov8l,22,2,640,20261002T172650_138537Z,2026-10-02T17:26:51+00:00,57.27877608500421,57.339248014613986,0.5071543450970164,57.84275510814041,53.5575021058321,58.110677637159824,100,59.17232854291797,58.83872229605913,59.42238783463836,57.76220832951367,2.603580731136555,996.41259765625,cuda:0,NVIDIA A100-PCIE-40GB,535.288.01,645.0,1335.0,1410.0,46.0,55.0,255.43,13.0,0,0,sw_power_cap,1.0,0.0,,193.34183813398704,2.2747266623191535,True,2.3.1+cu121,2.3.0+cu121,8.4.153,raw/main/runs/trt_fp32/yolov8l/bs22__run2__20261002T172650_138537Z__ok.json,throttle sw_power_cap
main,trt_fp32,yolov8l,22,3,640,20261002T181321_025059Z,2026-10-02T18:13:22+00:00,57.21358560025692,57.25939851254225,0.5228559413039918,57.75501066818833,53.416021168231964,58.14350536093116,100,59.15394292678684,58.75332606956363,59.23231886699796,57.65098926611245,2.6006175272844057,996.41259765625,cuda:0,NVIDIA A100-PCIE-40GB,535.288.01,765.0,1335.0,1410.0,44.0,53.0,259.09,13.0,0,0,sw_power_cap,1.0,0.0,,193.34183813398704,2.288726433645934,True,2.3.1+cu121,2.3.0+cu121,8.4.153,raw/main/runs/trt_fp32/yolov8l/bs22__run3__20261002T181321_025059Z__ok.json,throttle sw_power_cap
main,trt_fp32,yolov8l,22,4,640,20261002T184620_707469Z,2026-10-02T18:46:22+00:00,57.10983601398766,57.10877408273518,0.4388064458776002,57.619209261611104,53.76957077533007,57.881349232047796,100,59.001337653025985,58.62389993853867,59.16060844901949,57.56836852058768,2.595901636999439,996.41259765625,cuda:0,NVIDIA A100-PCIE-40GB,535.288.01,765.0,1335.0,1410.0,42.0,52.0,237.98,13.0,0,0,sw_power_cap,1.0,0.0,,193.34183813398704,2.293509683571756,True,2.3.1+cu121,2.3.0+cu121,8.4.153,raw/main/runs/trt_fp32/yolov8l/bs22__run4__20261002T184620_707469Z__ok.json,throttle sw_power_cap
main,trt_fp32,yolov8l,24,0,640,20261002T143352_759057Z,2026-10-02T14:33:54+00:00,61.48707095067948,61.47643108852208,0.5690550029496076,62.248905934393406,57.72737320512533,62.73317011073232,100,63.55021868366748,63.10498667880893,63.875393965281546,62.057481510564685,2.561961289611645,1077.64892578125,cuda:0,NVIDIA A100-PCIE-40GB,535.288.01,1410.0,1320.0,1410.0,51.0,57.0,241.21,13.0,0,0,sw_power_cap,1.0,0.0,,194.2523487051949,2.2643048437312245,True,2.3.1+cu121,2.3.0+cu121,8.4.153,raw/main/runs/trt_fp32/yolov8l/bs24__run0__20261002T143352_759057Z__ok.json,throttle sw_power_cap
main,trt_fp32,yolov8l,24,1,640,20261002T161205_643772Z,2026-10-02T16:12:07+00:00,61.18423623032868,61.28048966638744,0.5586178121098408,61.75803665537387,57.53074586391449,62.15444300323725,100,63.156771985813975,62.927508959546685,63.473003380931914,61.732720928266644,2.549343176263695,1077.64892578125,cuda:0,NVIDIA A100-PCIE-40GB,535.288.01,765.0,1335.0,1410.0,43.0,53.0,249.85,13.0,0,0,sw_power_cap,1.0,0.0,,194.2523487051949,2.3353634043596685,True,2.3.1+cu121,2.3.0+cu121,8.4.153,raw/main/runs/trt_fp32/yolov8l/bs24__run1__20261002T161205_643772Z__ok.json,throttle sw_power_cap
main,trt_fp32,yolov8l,24,2,640,20261002T165414_500751Z,2026-10-02T16:54:15+00:00,61.44029966555536,61.48482300341129,0.6197483320596403,62.12651561945677,57.5147052295506,62.516346108168364,100,63.42104990500957,63.15192091278732,63.74042658135295,61.97311595082283,2.5600124860648066,1077.64892578125,cuda:0,NVIDIA A100-PCIE-40GB,535.288.01,555.0,1335.0,1410.0,48.0,58.0,70.05,13.0,0,0,sw_power_cap,1.0,0.0,,194.2523487051949,2.313406606670469,True,2.3.1+cu121,2.3.0+cu121,8.4.153,raw/main/runs/trt_fp32/yolov8l/bs24__run2__20261002T165414_500751Z__ok.json,throttle sw_power_cap
main,trt_fp32,yolov8l,24,3,640,20261002T183416_913864Z,2026-10-02T18:34:18+00:00,61.41721831634641,61.477241571992636,0.5951512700343428,62.10057071875781,57.52011528238654,62.339391093701124,100,63.426169953309,63.07857017964125,63.748307805508375,61.859633098356426,2.5590507631811,1077.64892578125,cuda:0,NVIDIA A100-PCIE-40GB,535.288.01,690.0,1335.0,1410.0,48.0,56.0,255.55,13.0,0,0,sw_power_cap,1.0,0.0,,194.2523487051949,2.273322314955294,True,2.3.1+cu121,2.3.0+cu121,8.4.153,raw/main/runs/trt_fp32/yolov8l/bs24__run3__20261002T183416_913864Z__ok.json,throttle sw_power_cap
main,trt_fp32,yolov8l,24,4,640,20261002T184812_228231Z,2026-10-02T18:48:13+00:00,61.2188179558143,61.255017993971705,0.5760523695563703,61.847696686163545,57.42320790886879,62.35866481438279,100,63.19524699822068,62.90303682908416,63.50878877565265,61.728336340747774,2.5507840814922624,1077.64892578125,cuda:0,NVIDIA A100-PCIE-40GB,535.288.01,360.0,1335.0,1410.0,43.0,54.0,254.16,13.0,0,0,sw_power_cap,1.0,0.0,,194.2523487051949,2.258685219567269,True,2.3.1+cu121,2.3.0+cu121,8.4.153,raw/main/runs/trt_fp32/yolov8l/bs24__run4__20261002T184812_228231Z__ok.json,throttle sw_power_cap
main,trt_fp32,yolov8l,26,0,640,20261002T144352_386176Z,2026-10-02T14:43:53+00:00,68.131521246396,68.1449465919286,0.579240674359438,68.86822257656604,64.0288176946342,69.40096989274025,100,70.19763966556638,69.81714209541678,70.67890812177211,68.72944492846727,2.6204431248613846,1169.49609375,cuda:0,NVIDIA A100-PCIE-40GB,535.288.01,315.0,1350.0,1410.0,47.0,57.0,63.81,13.0,0,0,sw_power_cap,1.0,0.0,,210.38446419127285,2.2827279553748667,True,2.3.1+cu121,2.3.0+cu121,8.4.153,raw/main/runs/trt_fp32/yolov8l/bs26__run0__20261002T144352_386176Z__ok.json,throttle sw_power_cap
main,trt_fp32,yolov8l,26,1,640,20261002T153511_749130Z,2026-10-02T15:35:13+00:00,68.07848217897117,68.17887001670897,0.5754629406360293,68.686617561616,63.79666877910495,69.02896100655198,100,70.4548542201519,69.9179822113365,70.49858523532748,68.67286286782473,2.6184031607296605,1169.49609375,cuda:0,NVIDIA A100-PCIE-40GB,535.288.01,435.0,1335.0,1410.0,48.0,57.0,61.04,13.0,0,0,sw_power_cap,1.0,0.0,,210.38446419127285,2.3159709540195763,True,2.3.1+cu121,2.3.0+cu121,8.4.153,raw/main/runs/trt_fp32/yolov8l/bs26__run1__20261002T153511_749130Z__ok.json,throttle sw_power_cap
main,trt_fp32,yolov8l,26,2,640,20261002T164338_915254Z,2026-10-02T16:43:40+00:00,68.3977259742096,68.42191237956285,0.5004828761104855,68.963791616261,64.92674211040139,69.10822773352265,100,70.49959377385676,70.12680848129094,70.71497794240713,68.9384919591248,2.630681768238831,1169.49609375,cuda:0,NVIDIA A100-PCIE-40GB,535.288.01,1410.0,1335.0,1410.0,54.0,60.0,253.06,13.0,0,0,sw_power_cap,1.0,0.0,,210.38446419127285,2.2728267521597445,True,2.3.1+cu121,2.3.0+cu121,8.4.153,raw/main/runs/trt_fp32/yolov8l/bs26__run2__20261002T164338_915254Z__ok.json,throttle sw_power_cap
main,trt_fp32,yolov8l,26,3,640,20261002T182204_149279Z,2026-10-02T18:22:05+00:00,67.80374374240637,67.87176267243922,0.5474258176021402,68.39237525127828,63.790448009967804,68.67762096226215,100,69.88213022705168,69.55343834124506,70.1958510093391,68.3377808239311,2.60783629778486,1169.49609375,cuda:0,NVIDIA A100-PCIE-40GB,535.288.01,765.0,1335.0,1410.0,43.0,54.0,247.37,13.0,0,0,sw_power_cap,1.0,0.0,,210.38446419127285,2.275344432797283,True,2.3.1+cu121,2.3.0+cu121,8.4.153,raw/main/runs/trt_fp32/yolov8l/bs26__run3__20261002T182204_149279Z__ok.json,throttle sw_power_cap
main,trt_fp32,yolov8l,26,4,640,20261002T185119_661454Z,2026-10-02T18:51:21+00:00,68.02005195524544,68.04389460012317,0.5613915531092465,68.70480258949101,64.13753516972065,69.20787086710334,100,70.10281899012625,69.75645618513227,70.45100582763553,68.51693923119456,2.616155844432517,1169.49609375,cuda:0,NVIDIA A100-PCIE-40GB,535.288.01,1410.0,1350.0,1410.0,48.0,56.0,237.16,13.0,0,0,sw_power_cap,1.0,0.0,,210.38446419127285,2.2619562256149948,True,2.3.1+cu121,2.3.0+cu121,8.4.153,raw/main/runs/trt_fp32/yolov8l/bs26__run4__20261002T185119_661454Z__ok.json,throttle sw_power_cap
main,trt_fp32,yolov8l,28,0,640,20261002T145403_570431Z,2026-10-02T14:54:04+00:00,71.17841887753457,71.19349646382034,0.5671447831820494,71.87114849220961,67.19568790867925,72.45245901867747,100,73.44882271252573,73.00673960708082,73.73344823718071,71.7948979511857,2.5420863884833773,1264.525390625,cuda:0,NVIDIA A100-PCIE-40GB,535.288.01,600.0,1335.0,1410.0,45.0,56.0,249.35,13.0,0,0,sw_power_cap,1.0,0.0,,210.25185626372695,2.300354836974293,True,2.3.1+cu121,2.3.0+cu121,8.4.153,raw/main/runs/trt_fp32/yolov8l/bs28__run0__20261002T145403_570431Z__ok.json,throttle sw_power_cap
main,trt_fp32,yolov8l,28,1,640,20261002T154502_922730Z,2026-10-02T15:45:04+00:00,71.31360580213368,71.36066583916545,0.5491417436264272,71.89745185896754,67.56167626008391,72.58854806423187,100,73.5816242499277,73.2551144901663,73.8531346200034,71.92028420977294,2.546914492933346,1264.525390625,cuda:0,NVIDIA A100-PCIE-40GB,535.288.01,450.0,1350.0,1410.0,47.0,57.0,255.82,13.0,0,0,sw_power_cap,1.0,0.0,,210.25185626372695,2.349204528145492,True,2.3.1+cu121,2.3.0+cu121,8.4.153,raw/main/runs/trt_fp32/yolov8l/bs28__run1__20261002T154502_922730Z__ok.json,throttle sw_power_cap
main,trt_fp32,yolov8l,28,2,640,20261002T163510_374828Z,2026-10-02T16:35:11+00:00,71.00299035664648,71.01217983290553,0.5968656888707106,71.71295403968543,66.88753981143236,72.4716386757791,100,73.28692224808037,72.82200991176069,73.7275728257373,71.6378501104191,2.5358210841659456,1264.525390625,cuda:0,NVIDIA A100-PCIE-40GB,535.288.01,345.0,1335.0,1410.0,41.0,53.0,168.13,13.0,0,0,sw_power_cap,1.0,0.0,,210.25185626372695,2.3206706568598747,True,2.3.1+cu121,2.3.0+cu121,8.4.153,raw/main/runs/trt_fp32/yolov8l/bs28__run2__20261002T163510_374828Z__ok.json,throttle sw_power_cap
main,trt_fp32,yolov8l,28,3,640,20261002T183034_334687Z,2026-10-02T18:30:35+00:00,71.25206752214581,71.23941276222467,0.5680270918803497,71.93269710987806,67.67575489357114,72.33721483498812,100,73.4403813444078,73.10150074772537,73.80467159673572,71.80104399565607,2.544716697219493,1264.525390625,cuda:0,NVIDIA A100-PCIE-40GB,535.288.01,765.0,1335.0,1410.0,46.0,57.0,259.48,13.0,0,0,sw_power_cap,1.0,0.0,,210.25185626372695,2.284670051652938,True,2.3.1+cu121,2.3.0+cu121,8.4.153,raw/main/runs/trt_fp32/yolov8l/bs28__run3__20261002T183034_334687Z__ok.json,throttle sw_power_cap
main,trt_fp32,yolov8l,28,4,640,20261002T193519_717093Z,2026-10-02T19:35:21+00:00,71.30716817453504,71.30037294700742,0.5636884978767596,71.89969220198691,67.21292436122894,72.2615229897201,100,73.58007509727031,73.15253233537078,73.87568678241223,71.8773589329794,2.5466845776619658,1264.525390625,cuda:0,NVIDIA A100-PCIE-40GB,535.288.01,330.0,1335.0,1410.0,47.0,56.0,157.49,13.0,0,0,sw_power_cap,1.0,0.0,,210.25185626372695,2.3443580036982894,True,2.3.1+cu121,2.3.0+cu121,8.4.153,raw/main/runs/trt_fp32/yolov8l/bs28__run4__20261002T193519_717093Z__ok.json,throttle sw_power_cap
main,trt_fp32,yolov8l,30,0,640,20261002T144958_857092Z,2026-10-02T14:50:00+00:00,75.61475270893425,75.58176224119961,0.589196473792613,76.30110883619636,72.04754371196032,76.93279813975096,100,77.94853182509542,77.55571766756475,78.33729814738035,76.21414230205119,2.520491756964475,1347.0615234375,cuda:0,NVIDIA A100-PCIE-40GB,535.288.01,765.0,1320.0,1410.0,48.0,57.0,260.66,13.0,0,0,sw_power_cap,1.0,0.0,,226.29028949188069,2.3349891300313175,True,2.3.1+cu121,2.3.0+cu121,8.4.153,raw/main/runs/trt_fp32/yolov8l/bs30__run0__20261002T144958_857092Z__ok.json,throttle sw_power_cap
main,trt_fp32,yolov8l,30,1,640,20261002T162036_454407Z,2026-10-02T16:20:37+00:00,75.63266582321376,75.73005557060242,0.6068667281904959,76.27389905974269,71.46549690514803,76.66761195287108,100,78.10951003339142,77.67166034318507,78.26887588016689,76.24586023855954,2.521088860773792,1347.0615234375,cuda:0,NVIDIA A100-PCIE-40GB,535.288.01,555.0,1335.0,1410.0,49.0,57.0,238.64,13.0,0,0,sw_power_cap,1.0,0.0,,226.29028949188069,2.34574331715703,True,2.3.1+cu121,2.3.0+cu121,8.4.153,raw/main/runs/trt_fp32/yolov8l/bs30__run1__20261002T162036_454407Z__ok.json,throttle sw_power_cap
main,trt_fp32,yolov8l,30,2,640,20261002T165335_232072Z,2026-10-02T16:53:36+00:00,75.65099307335913,75.68419445306063,0.5410272198916195,76.28176992293447,72.05043500289321,76.49496709927917,100,77.93461295310408,77.60434807278216,78.29691704828292,76.31744723767042,2.521699769111971,1347.0615234375,cuda:0,NVIDIA A100-PCIE-40GB,535.288.01,765.0,1320.0,1410.0,48.0,58.0,254.56,13.0,0,0,sw_power_cap,1.0,0.0,,226.29028949188069,2.3259022496640682,True,2.3.1+cu121,2.3.0+cu121,8.4.153,raw/main/runs/trt_fp32/yolov8l/bs30__run2__20261002T165335_232072Z__ok.json,throttle sw_power_cap
main,trt_fp32,yolov8l,30,3,640,20261002T180411_623203Z,2026-10-02T18:04:12+00:00,75.46130360569805,75.44485665857792,0.6434323846485843,76.31155499257147,71.26573799178004,77.11812667548656,100,77.79376131016761,77.39925105124712,78.33270921837538,76.10661151818931,2.5153767868566015,1347.0615234375,cuda:0,NVIDIA A100-PCIE-40GB,535.288.01,495.0,1335.0,1410.0,45.0,55.0,76.96,13.0,0,0,sw_power_cap,1.0,0.0,,226.29028949188069,2.328882539179176,True,2.3.1+cu121,2.3.0+cu121,8.4.153,raw/main/runs/trt_fp32/yolov8l/bs30__run3__20261002T180411_623203Z__ok.json,throttle sw_power_cap
main,trt_fp32,yolov8l,30,4,640,20261002T193446_463391Z,2026-10-02T19:34:47+00:00,75.54490963928401,75.54613356478512,0.6088798773026354,76.33494781330228,71.63201970979571,76.75791997462511,100,77.83738931640983,77.48018694110215,78.41283038724214,76.15194339770824,2.5181636546428003,1347.0615234375,cuda:0,NVIDIA A100-PCIE-40GB,535.288.01,525.0,1320.0,1410.0,48.0,57.0,61.14,13.0,0,0,sw_power_cap,1.0,0.0,,226.29028949188069,2.2841498288325965,True,2.3.1+cu121,2.3.0+cu121,8.4.153,raw/main/runs/trt_fp32/yolov8l/bs30__run4__20261002T193446_463391Z__ok.json,throttle sw_power_cap
main,trt_fp32,yolov8l,32,0,640,20261002T151006_221436Z,2026-10-02T15:10:07+00:00,80.73408903554082,80.71869588457048,0.5260888219048698,81.30517310928553,76.53168588876724,81.60462789237499,100,83.23925129137933,82.76487793773413,83.39624577201903,81.44940527621657,2.5229402823606506,1437.798828125,cuda:0,NVIDIA A100-PCIE-40GB,535.288.01,765.0,1335.0,1410.0,48.0,59.0,246.96,13.0,0,0,sw_power_cap,1.0,0.0,,225.983979545068,2.3900704700499773,True,2.3.1+cu121,2.3.0+cu121,8.4.153,raw/main/runs/trt_fp32/yolov8l/bs32__run0__20261002T151006_221436Z__ok.json,throttle sw_power_cap
main,trt_fp32,yolov8l,32,1,640,20261002T162210_419261Z,2026-10-02T16:22:11+00:00,80.44507745653391,80.47301042824984,0.5393754056532014,81.09784321859479,76.2430396862328,81.7102687433362,100,82.87330510094762,82.52103603444993,83.1973172724247,81.13031891174614,2.5139086705166847,1437.798828125,cuda:0,NVIDIA A100-PCIE-40GB,535.288.01,450.0,1335.0,1410.0,44.0,55.0,251.77,13.0,0,0,sw_power_cap,1.0,0.0,,225.983979545068,2.384621212258935,True,2.3.1+cu121,2.3.0+cu121,8.4.153,raw/main/runs/trt_fp32/yolov8l/bs32__run1__20261002T162210_419261Z__ok.json,throttle sw_power_cap
main,trt_fp32,yolov8l,32,2,640,20261002T163224_153929Z,2026-10-02T16:32:25+00:00,80.35530703142285,80.34939039498568,0.5534241769771255,80.98910234402865,76.2404641136527,81.76222024485469,100,82.94897800311446,82.40021904930472,83.13573945779353,81.146853659302,2.511103344731964,1437.798828125,cuda:0,NVIDIA A100-PCIE-40GB,535.288.01,765.0,1335.0,1410.0,43.0,55.0,216.88,13.0,0,0,sw_power_cap,1.0,0.0,,225.983979545068,2.3016891572624445,True,2.3.1+cu121,2.3.0+cu121,8.4.153,raw/main/runs/trt_fp32/yolov8l/bs32__run2__20261002T163224_153929Z__ok.json,throttle sw_power_cap
main,trt_fp32,yolov8l,32,3,640,20261002T175926_430314Z,2026-10-02T17:59:27+00:00,80.55621962528676,80.5263624060899,0.5147299325113197,81.12992830574512,76.44802099093795,81.73800120130181,100,82.98980020917952,82.59428897872567,83.20085636805743,81.22699273750186,2.517381863290211,1437.798828125,cuda:0,NVIDIA A100-PCIE-40GB,535.288.01,585.0,1335.0,1410.0,45.0,56.0,249.59,13.0,0,0,sw_power_cap,1.0,0.0,,225.983979545068,2.326571948826313,True,2.3.1+cu121,2.3.0+cu121,8.4.153,raw/main/runs/trt_fp32/yolov8l/bs32__run3__20261002T175926_430314Z__ok.json,throttle sw_power_cap
main,trt_fp32,yolov8l,32,4,640,20261002T185237_506607Z,2026-10-02T18:52:38+00:00,80.57848013937473,80.63607499934733,0.49860504571649145,81.10829051584005,77.20556808635592,81.47918805480003,100,83.01729524508119,82.6950364280492,83.31682581920177,81.2865077611059,2.5180775043554604,1437.798828125,cuda:0,NVIDIA A100-PCIE-40GB,535.288.01,765.0,1320.0,1410.0,47.0,57.0,253.49,13.0,0,0,sw_power_cap,1.0,0.0,,225.983979545068,2.3170565641485155,True,2.3.1+cu121,2.3.0+cu121,8.4.153,raw/main/runs/trt_fp32/yolov8l/bs32__run4__20261002T185237_506607Z__ok.json,throttle sw_power_cap
main,trt_fp32,yolov8l,40,0,640,20261002T142736_898853Z,2026-10-02T14:27:38+00:00,101.15496003534645,101.18239372968674,0.5673133105326141,101.80776296183467,97.25363831967115,102.35236817970872,100,104.05758890323341,103.67748443968594,104.43120538257062,102.01089492067695,2.528874000883661,1424.74951171875,cuda:0,NVIDIA A100-PCIE-40GB,535.288.01,465.0,1335.0,1410.0,47.0,59.0,246.77,13.0,0,0,sw_power_cap,1.0,0.0,,263.80779068311676,2.3376188538968563,True,2.3.1+cu121,2.3.0+cu121,8.4.153,raw/main/runs/trt_fp32/yolov8l/bs40__run0__20261002T142736_898853Z__ok.json,throttle sw_power_cap
main,trt_fp32,yolov8l,40,1,640,20261002T161011_562293Z,2026-10-02T16:10:12+00:00,100.81004332285374,100.85194557905197,0.6308112741988133,101.68706984259188,96.8247507698834,102.23357519134879,100,103.80498555954546,103.34822349250317,104.25686296075583,101.65242166258395,2.5202510830713436,1424.74951171875,cuda:0,NVIDIA A100-PCIE-40GB,535.288.01,765.0,1350.0,1410.0,44.0,57.0,259.47,13.0,0,0,sw_power_cap,1.0,0.0,,263.80779068311676,2.323138434905559,True,2.3.1+cu121,2.3.0+cu121,8.4.153,raw/main/runs/trt_fp32/yolov8l/bs40__run1__20261002T161011_562293Z__ok.json,throttle sw_power_cap
main,trt_fp32,yolov8l,40,2,640,20261002T170851_175439Z,2026-10-02T17:08:52+00:00,100.92912213411182,100.89505137875676,0.6819518054855292,101.70673031825572,96.39384457841516,103.38266007602215,100,103.82043999619782,103.4149145707488,104.43465008866042,101.81864681653678,2.5232280533527955,1424.74951171875,cuda:0,NVIDIA A100-PCIE-40GB,535.288.01,1410.0,1320.0,1410.0,47.0,56.0,60.24,13.0,0,0,sw_power_cap,1.0,0.0,,263.80779068311676,2.3302009757608175,True,2.3.1+cu121,2.3.0+cu121,8.4.153,raw/main/runs/trt_fp32/yolov8l/bs40__run2__20261002T170851_175439Z__ok.json,throttle sw_power_cap
main,trt_fp32,yolov8l,40,3,640,20261002T173543_115797Z,2026-10-02T17:35:44+00:00,101.43249729182571,101.49421403184533,0.6736987431321682,102.32522857841104,96.83527983725071,103.76687627285719,100,104.3528855824843,103.98417594842613,104.82157070655376,102.18169173691422,2.535812432295643,1424.74951171875,cuda:0,NVIDIA A100-PCIE-40GB,535.288.01,1410.0,1320.0,1410.0,52.0,60.0,256.86,13.0,0,0,sw_power_cap,1.0,0.0,,263.80779068311676,2.2849637079052627,True,2.3.1+cu121,2.3.0+cu121,8.4.153,raw/main/runs/trt_fp32/yolov8l/bs40__run3__20261002T173543_115797Z__ok.json,throttle sw_power_cap
main,trt_fp32,yolov8l,40,4,640,20261002T190455_391568Z,2026-10-02T19:04:56+00:00,100.67729722242802,100.68658366799355,0.5357513824339742,101.36775835417211,97.1580408513546,101.80643433704972,100,103.65006471518427,103.21233654394746,103.97959996480495,101.50443531107157,2.5169324305607006,1424.74951171875,cuda:0,NVIDIA A100-PCIE-40GB,535.288.01,480.0,1350.0,1410.0,42.0,56.0,240.72,13.0,0,0,sw_power_cap,1.0,0.0,,263.80779068311676,2.340427725110203,True,2.3.1+cu121,2.3.0+cu121,8.4.153,raw/main/runs/trt_fp32/yolov8l/bs40__run4__20261002T190455_391568Z__ok.json,throttle sw_power_cap
main,trt_fp32,yolov8l,48,0,640,20261002T150431_291583Z,2026-10-02T15:04:32+00:00,120.81904361024499,120.80820882692933,0.7189027579010039,121.74167756456882,117.298549041152,122.39496316760778,100,124.14576146285981,123.78952535800636,124.77705990895629,121.91109737847,2.5170634085467705,1486.8994140625,cuda:0,NVIDIA A100-PCIE-40GB,535.288.01,1410.0,1350.0,1410.0,50.0,60.0,63.51,13.0,0,0,sw_power_cap,1.0,0.0,,299.87339618010446,2.32862681010738,True,2.3.1+cu121,2.3.0+cu121,8.4.153,raw/main/runs/trt_fp32/yolov8l/bs48__run0__20261002T150431_291583Z__ok.json,throttle sw_power_cap
main,trt_fp32,yolov8l,48,1,640,20261002T154809_755407Z,2026-10-02T15:48:11+00:00,120.38174360059202,120.35207846201956,0.7337092611264476,121.44525656476617,116.55259970575571,121.80395284667611,100,123.72298180125654,123.30398731864989,124.41066717728972,121.36671827174723,2.507952991679,1486.8994140625,cuda:0,NVIDIA A100-PCIE-40GB,535.288.01,765.0,1335.0,1410.0,44.0,57.0,238.95,13.0,0,0,sw_power_cap,1.0,0.0,,299.87339618010446,2.295392062049359,True,2.3.1+cu121,2.3.0+cu121,8.4.153,raw/main/runs/trt_fp32/yolov8l/bs48__run1__20261002T154809_755407Z__ok.json,throttle sw_power_cap
main,trt_fp32,yolov8l,48,2,640,20261002T172533_962681Z,2026-10-02T17:25:35+00:00,120.39960274472833,120.45329948887229,0.7364836532689047,121.36251197662205,116.4338318631053,121.91802682355046,100,123.67789190728217,123.35221632383764,124.42848265636712,121.48922294843942,2.5083250571818403,1486.8994140625,cuda:0,NVIDIA A100-PCIE-40GB,535.288.01,405.0,1335.0,1410.0,45.0,58.0,93.5,13.0,0,0,sw_power_cap,1.0,0.0,,299.87339618010446,2.2793880067765713,True,2.3.1+cu121,2.3.0+cu121,8.4.153,raw/main/runs/trt_fp32/yolov8l/bs48__run2__20261002T172533_962681Z__ok.json,throttle sw_power_cap
main,trt_fp32,yolov8l,48,3,640,20261002T182841_439471Z,2026-10-02T18:28:42+00:00,120.83233458921313,120.7969356328249,0.7089525214855683,122.11363313253969,117.35888198018074,122.61514971032739,100,124.15252842474729,123.74637788161635,125.03863868769258,121.79057302884758,2.5173403039419404,1486.8994140625,cuda:0,NVIDIA A100-PCIE-40GB,535.288.01,765.0,1320.0,1410.0,49.0,61.0,121.38,13.0,0,0,sw_power_cap,1.0,0.0,,299.87339618010446,2.3261310271918774,True,2.3.1+cu121,2.3.0+cu121,8.4.153,raw/main/runs/trt_fp32/yolov8l/bs48__run3__20261002T182841_439471Z__ok.json,throttle sw_power_cap
main,trt_fp32,yolov8l,48,4,640,20261002T183439_377730Z,2026-10-02T18:34:40+00:00,120.82276376895607,120.85151649080217,0.774083939775445,121.91011814866215,116.62172572687268,122.24100111052394,100,124.14937769528478,123.78400494344532,124.87488365732133,121.59124970901757,2.5171409118532515,1486.8994140625,cuda:0,NVIDIA A100-PCIE-40GB,535.288.01,765.0,1365.0,1410.0,49.0,58.0,53.3,13.0,0,0,sw_power_cap,1.0,0.0,,299.87339618010446,2.2807327122427523,True,2.3.1+cu121,2.3.0+cu121,8.4.153,raw/main/runs/trt_fp32/yolov8l/bs48__run4__20261002T183439_377730Z__ok.json,throttle sw_power_cap
main,trt_fp32,yolov8l,56,0,640,20261002T152105_135177Z,2026-10-02T15:21:06+00:00,140.46275152359158,140.42700896970928,0.662416274655016,141.74320583697408,136.7434267885983,142.2062967903912,100,144.20731775462627,143.7798524275422,145.11706847697496,141.65344065986574,2.5082634200641354,1465.14794921875,cuda:0,NVIDIA A100-PCIE-40GB,535.288.01,1410.0,1305.0,1410.0,52.0,61.0,234.69,13.0,0,0,sw_power_cap,1.0,0.0,,338.2028272030875,2.307849313132465,True,2.3.1+cu121,2.3.0+cu121,8.4.153,raw/main/runs/trt_fp32/yolov8l/bs56__run0__20261002T152105_135177Z__ok.json,throttle sw_power_cap
main,trt_fp32,yolov8l,56,1,640,20261002T160513_050307Z,2026-10-02T16:05:14+00:00,139.45746446959674,139.48236010037363,0.6631852188988399,140.49291010014713,135.8717391267419,140.77801117673516,100,143.36232242174447,142.93594262562692,143.88961710501462,140.8687715837732,2.4903118655285135,1465.14794921875,cuda:0,NVIDIA A100-PCIE-40GB,535.288.01,525.0,1320.0,1410.0,41.0,56.0,239.65,13.0,0,0,sw_power_cap,1.0,0.0,,338.2028272030875,2.3112044539302588,True,2.3.1+cu121,2.3.0+cu121,8.4.153,raw/main/runs/trt_fp32/yolov8l/bs56__run1__20261002T160513_050307Z__ok.json,throttle sw_power_cap
main,trt_fp32,yolov8l,56,2,640,20261002T173058_577597Z,2026-10-02T17:30:59+00:00,139.63105778675526,139.5875106099993,0.7958645379334106,140.6252410262823,135.41258592158556,143.36201781407,100,143.34807274863124,142.93222082778811,144.08256597816944,141.06488795019686,2.4934117461920584,1465.14794921875,cuda:0,NVIDIA A100-PCIE-40GB,535.288.01,765.0,1320.0,1410.0,44.0,57.0,252.08,13.0,0,0,sw_power_cap,1.0,0.0,,338.2028272030875,2.3893778207711875,True,2.3.1+cu121,2.3.0+cu121,8.4.153,raw/main/runs/trt_fp32/yolov8l/bs56__run2__20261002T173058_577597Z__ok.json,throttle sw_power_cap
main,trt_fp32,yolov8l,56,3,640,20261002T173421_241198Z,2026-10-02T17:34:22+00:00,139.6931878803298,139.6941263228655,0.8929875633856837,140.90057141147554,135.5915921740234,141.7860989458859,100,143.49277392029762,143.04981543682516,144.56637881230563,141.13937530200928,2.4945212121487463,1465.14794921875,cuda:0,NVIDIA A100-PCIE-40GB,535.288.01,525.0,1320.0,1410.0,44.0,59.0,230.35,13.0,0,0,sw_power_cap,1.0,0.0,,338.2028272030875,2.284432054962963,True,2.3.1+cu121,2.3.0+cu121,8.4.153,raw/main/runs/trt_fp32/yolov8l/bs56__run3__20261002T173421_241198Z__ok.json,throttle sw_power_cap
main,trt_fp32,yolov8l,56,4,640,20261002T192041_239572Z,2026-10-02T19:20:42+00:00,139.90120109170675,139.86299210228026,0.7455641059983056,140.92938213143498,136.03636203333735,142.478141002357,100,143.67077305912971,143.2701563462615,144.2877272842452,141.2448619119823,2.498235733780478,1465.14794921875,cuda:0,NVIDIA A100-PCIE-40GB,535.288.01,615.0,1320.0,1410.0,46.0,59.0,58.28,13.0,0,0,sw_power_cap,1.0,0.0,,338.2028272030875,2.3108374211005867,True,2.3.1+cu121,2.3.0+cu121,8.4.153,raw/main/runs/trt_fp32/yolov8l/bs56__run4__20261002T192041_239572Z__ok.json,throttle sw_power_cap
main,trt_fp32,yolov8l,64,0,640,20261002T144024_434819Z,2026-10-02T14:40:25+00:00,158.89492603950202,158.84235431440175,0.8174791236418923,160.4013442993164,154.57173995673656,160.90240562334657,100,163.1186178419739,162.6535919494927,164.32207108009607,160.6059307884425,2.482733219367219,1675.59765625,cuda:0,NVIDIA A100-PCIE-40GB,535.288.01,765.0,1320.0,1410.0,45.0,60.0,107.59,13.0,0,0,sw_power_cap,1.0,0.0,,375.3378182798624,2.2938376031816006,True,2.3.1+cu121,2.3.0+cu121,8.4.153,raw/main/runs/trt_fp32/yolov8l/bs64__run0__20261002T144024_434819Z__ok.json,throttle sw_power_cap
main,trt_fp32,yolov8l,64,1,640,20261002T155648_129949Z,2026-10-02T15:56:49+00:00,159.37175277154893,159.38804182223976,0.8507705662855745,160.51059917081147,154.84652714803815,162.0791577734053,100,163.75683550722897,163.23016351088881,164.83207365963608,160.882997950539,2.490183637055452,1675.59765625,cuda:0,NVIDIA A100-PCIE-40GB,535.288.01,540.0,1320.0,1410.0,49.0,61.0,247.26,13.0,0,0,sw_power_cap,1.0,0.0,,375.3378182798624,2.357809577137232,True,2.3.1+cu121,2.3.0+cu121,8.4.153,raw/main/runs/trt_fp32/yolov8l/bs64__run1__20261002T155648_129949Z__ok.json,throttle sw_power_cap
main,trt_fp32,yolov8l,64,2,640,20261002T172021_373148Z,2026-10-02T17:20:22+00:00,158.60431652981788,158.57227495871484,0.6410280075813185,159.65180329512805,155.38949891924858,159.8942461423576,100,162.9919024463743,162.48657112009823,163.53253480046988,160.20521403755993,2.4781924457784044,1675.59765625,cuda:0,NVIDIA A100-PCIE-40GB,535.288.01,765.0,1320.0,1410.0,43.0,58.0,207.67,13.0,0,0,sw_power_cap,1.0,0.0,,375.3378182798624,2.3414940210059285,True,2.3.1+cu121,2.3.0+cu121,8.4.153,raw/main/runs/trt_fp32/yolov8l/bs64__run2__20261002T172021_373148Z__ok.json,throttle sw_power_cap
main,trt_fp32,yolov8l,64,3,640,20261002T173635_326531Z,2026-10-02T17:36:36+00:00,159.22361062839627,159.18091754429042,0.6884945565334325,160.1907930104062,155.2055859938264,160.78502172604203,100,163.4088103706017,163.04713441058993,164.00067994836718,160.6835197797045,2.4878689160686918,1675.59765625,cuda:0,NVIDIA A100-PCIE-40GB,535.288.01,585.0,1320.0,1410.0,48.0,60.0,229.16,13.0,0,0,sw_power_cap,1.0,0.0,,375.3378182798624,2.3443944370374084,True,2.3.1+cu121,2.3.0+cu121,8.4.153,raw/main/runs/trt_fp32/yolov8l/bs64__run3__20261002T173635_326531Z__ok.json,throttle sw_power_cap
main,trt_fp32,yolov8l,64,4,640,20261002T193351_711577Z,2026-10-02T19:33:53+00:00,158.58184616547078,158.59944047406316,0.6962501019323308,159.51535461936146,154.49123224243522,160.0585039705038,100,162.82570691313595,162.44054306298494,163.48637687042356,160.10046801064163,2.477841346335481,1675.59765625,cuda:0,NVIDIA A100-PCIE-40GB,535.288.01,495.0,1320.0,1410.0,42.0,57.0,253.65,13.0,0,0,sw_power_cap,1.0,0.0,,375.3378182798624,2.364957687910646,True,2.3.1+cu121,2.3.0+cu121,8.4.153,raw/main/runs/trt_fp32/yolov8l/bs64__run4__20261002T193351_711577Z__ok.json,throttle sw_power_cap
main,trt_fp32,yolov8m,1,0,640,20261002T143809_513839Z,2026-10-02T14:38:10+00:00,3.266795529052615,2.850373275578022,0.7360278691560047,4.451475106179714,2.6023099198937416,4.7332728281617165,100,4.165357924066484,3.162953769788146,4.771947464905679,2.4787666741758585,3.266795529052615,44.98193359375,cuda:0,NVIDIA A100-PCIE-40GB,535.288.01,765.0,1395.0,1410.0,47.0,50.0,65.2,13.0,0,0,sw_power_cap,1.0,0.0,,97.13282804284245,1.3825449827127159,True,2.3.1+cu121,2.3.0+cu121,8.4.153,raw/main/runs/trt_fp32/yolov8m/bs1__run0__20261002T143809_513839Z__ok.json,throttle sw_power_cap
main,trt_fp32,yolov8m,1,1,640,20261002T160750_868262Z,2026-10-02T16:07:52+00:00,3.255084357224405,3.7786096800118685,0.6187320015031441,3.808155586011708,2.6175850071012974,4.805770702660084,100,3.933739485219121,4.0981159545481205,4.133145976811647,2.492396249435842,3.255084357224405,44.98193359375,cuda:0,NVIDIA A100-PCIE-40GB,535.288.01,765.0,1395.0,1410.0,45.0,49.0,88.33,13.0,0,0,sw_power_cap,1.0,0.0,,97.13282804284245,1.4177255281247199,True,2.3.1+cu121,2.3.0+cu121,8.4.153,raw/main/runs/trt_fp32/yolov8m/bs1__run1__20261002T160750_868262Z__ok.json,throttle sw_power_cap
main,trt_fp32,yolov8m,1,2,640,20261002T163620_237132Z,2026-10-02T16:36:21+00:00,3.169878274202347,2.8924294747412205,0.6906809019416378,4.541606898419559,2.6242928579449654,4.830711986869574,100,4.076363127678633,3.2082449179142714,4.864249937236309,2.489922638051212,3.169878274202347,44.98193359375,cuda:0,NVIDIA A100-PCIE-40GB,535.288.01,765.0,1395.0,1410.0,47.0,50.0,254.88,13.0,0,0,sw_power_cap,1.0,0.0,,97.13282804284245,1.3759268261492252,True,2.3.1+cu121,2.3.0+cu121,8.4.153,raw/main/runs/trt_fp32/yolov8m/bs1__run2__20261002T163620_237132Z__ok.json,throttle sw_power_cap
main,trt_fp32,yolov8m,1,3,640,20261002T180543_220870Z,2026-10-02T18:05:44+00:00,3.215723722241819,2.6426799595355988,0.6854335867261883,3.9960601599887013,2.608229871839285,4.53175837174058,100,3.890352062880993,2.962605096399784,4.319346626289189,2.457353021018207,3.215723722241819,44.98193359375,cuda:0,NVIDIA A100-PCIE-40GB,535.288.01,765.0,1410.0,1410.0,39.0,43.0,63.01,13.0,0,0,,1.0,0.0,,97.13282804284245,1.3813977153040469,True,2.3.1+cu121,2.3.0+cu121,8.4.153,raw/main/runs/trt_fp32/yolov8m/bs1__run3__20261002T180543_220870Z__ok.json,
main,trt_fp32,yolov8m,1,4,640,20261002T185958_815004Z,2026-10-02T19:00:00+00:00,3.0135253304615617,2.635157899931073,0.7728467579644622,4.536590678617358,2.6073670014739037,4.83327079564333,100,3.7733230413869023,2.9484631959348917,4.861764539964497,2.469068979844451,3.0135253304615617,44.98193359375,cuda:0,NVIDIA A100-PCIE-40GB,535.288.01,765.0,1395.0,1410.0,43.0,47.0,245.09,13.0,0,0,sw_power_cap,1.0,0.0,,97.13282804284245,1.4043497880920768,True,2.3.1+cu121,2.3.0+cu121,8.4.153,raw/main/runs/trt_fp32/yolov8m/bs1__run4__20261002T185958_815004Z__ok.json,throttle sw_power_cap
main,trt_fp32,yolov8m,2,0,640,20261002T152525_409837Z,2026-10-02T15:25:26+00:00,4.34499038849026,4.062822088599205,0.5620904961944954,5.448819883167744,4.053056240081787,5.74016198515892,100,5.160552384331822,4.434974631294608,5.830837110988796,4.026084109209478,2.17249519424513,91.00830078125,cuda:0,NVIDIA A100-PCIE-40GB,535.288.01,765.0,1380.0,1410.0,48.0,53.0,253.12,13.0,0,0,sw_power_cap,1.0,0.0,,91.00546540087089,1.4085341971367598,True,2.3.1+cu121,2.3.0+cu121,8.4.153,raw/main/runs/trt_fp32/yolov8m/bs2__run0__20261002T152525_409837Z__ok.json,throttle sw_power_cap
main,trt_fp32,yolov8m,2,1,640,20261002T161730_088937Z,2026-10-02T16:17:31+00:00,4.145273985341191,4.0493314154446125,0.267380205886983,4.240413918159902,4.036813974380493,6.6188909113407135,100,4.881002902984619,4.423013189807534,4.616918065585196,4.0244015865027905,2.0726369926705956,91.00830078125,cuda:0,NVIDIA A100-PCIE-40GB,535.288.01,360.0,1380.0,1410.0,49.0,54.0,78.84,13.0,0,0,sw_power_cap,1.0,0.0,,91.00546540087089,1.4311435353010893,True,2.3.1+cu121,2.3.0+cu121,8.4.153,raw/main/runs/trt_fp32/yolov8m/bs2__run1__20261002T161730_088937Z__ok.json,throttle sw_power_cap
main,trt_fp32,yolov8m,2,2,640,20261002T172406_931352Z,2026-10-02T17:24:08+00:00,4.285410544835031,4.136302275583148,0.6742565683406254,6.669515580870211,4.027724266052246,6.973186042159796,100,5.239085690118372,4.506980301812291,7.059203600510955,4.012694349512458,2.1427052724175155,91.00830078125,cuda:0,NVIDIA A100-PCIE-40GB,535.288.01,345.0,1380.0,1410.0,42.0,47.0,251.69,13.0,0,0,sw_power_cap,1.0,0.0,,91.00546540087089,1.378434990067035,True,2.3.1+cu121,2.3.0+cu121,8.4.153,raw/main/runs/trt_fp32/yolov8m/bs2__run2__20261002T172406_931352Z__ok.json,throttle sw_power_cap
main,trt_fp32,yolov8m,2,3,640,20261002T182737_539396Z,2026-10-02T18:27:38+00:00,4.270234555006027,4.040679428726435,0.7455097049901136,6.617376278154552,3.9968998171389103,6.875805091112852,100,5.016579604707658,4.415247356519103,7.009354489855468,4.021327379159629,2.1351172775030136,91.00830078125,cuda:0,NVIDIA A100-PCIE-40GB,535.288.01,765.0,1380.0,1410.0,50.0,54.0,245.08,13.0,0,0,sw_power_cap,1.0,0.0,,91.00546540087089,1.3971265368163586,True,2.3.1+cu121,2.3.0+cu121,8.4.153,raw/main/runs/trt_fp32/yolov8m/bs2__run3__20261002T182737_539396Z__ok.json,throttle sw_power_cap
main,trt_fp32,yolov8m,2,4,640,20261002T184550_994475Z,2026-10-02T18:45:52+00:00,4.306589839980006,4.029539646580815,0.7994953863629776,6.638989667408168,4.006764385849237,6.902472116053104,100,5.064221294596791,4.4018898624926805,7.028999039903283,3.983568190596998,2.153294919990003,91.00830078125,cuda:0,NVIDIA A100-PCIE-40GB,535.288.01,375.0,1380.0,1410.0,44.0,49.0,65.88,13.0,0,0,sw_power_cap,1.0,0.0,,91.00546540087089,1.4076152248308063,True,2.3.1+cu121,2.3.0+cu121,8.4.153,raw/main/runs/trt_fp32/yolov8m/bs2__run4__20261002T184550_994475Z__ok.json,throttle sw_power_cap
main,trt_fp32,yolov8m,4,0,640,20261002T151350_792521Z,2026-10-02T15:13:52+00:00,7.164234947413206,7.107009878382087,0.15578429164932603,7.445882633328438,7.090108934789896,8.116810116916895,100,8.017577324062586,7.59249459952116,7.954100659117103,7.0969766192138195,1.7910587368533015,179.60888671875,cuda:0,NVIDIA A100-PCIE-40GB,535.288.01,450.0,1380.0,1410.0,40.0,47.0,247.24,13.0,0,0,sw_power_cap,1.0,0.0,,98.25370551692322,1.4487585821188986,True,2.3.1+cu121,2.3.0+cu121,8.4.153,raw/main/runs/trt_fp32/yolov8m/bs4__run0__20261002T151350_792521Z__ok.json,throttle sw_power_cap
main,trt_fp32,yolov8m,4,1,640,20261002T153945_648127Z,2026-10-02T15:39:47+00:00,7.091219159774482,7.1142446249723434,0.0648960984730704,7.122594048269093,6.83617265895009,7.272464223206043,100,8.080344432964921,7.6013109646737576,7.612976245582104,7.135276477783918,1.7728047899436206,179.60888671875,cuda:0,NVIDIA A100-PCIE-40GB,535.288.01,600.0,1365.0,1410.0,43.0,49.0,95.08,13.0,0,0,sw_power_cap,1.0,0.0,,98.25370551692322,1.4360142671503127,True,2.3.1+cu121,2.3.0+cu121,8.4.153,raw/main/runs/trt_fp32/yolov8m/bs4__run1__20261002T153945_648127Z__ok.json,throttle sw_power_cap
main,trt_fp32,yolov8m,4,2,640,20261002T172357_947189Z,2026-10-02T17:23:59+00:00,7.128142295405269,7.119344547390938,0.25083267863442044,7.131059444509447,6.88094412907958,9.560680948197842,100,8.109202394261956,7.608915213495493,7.628047023899853,7.123851869255304,1.7820355738513172,179.60888671875,cuda:0,NVIDIA A100-PCIE-40GB,535.288.01,345.0,1365.0,1410.0,43.0,49.0,248.01,13.0,0,0,sw_power_cap,1.0,0.0,,98.25370551692322,1.4468818819150329,True,2.3.1+cu121,2.3.0+cu121,8.4.153,raw/main/runs/trt_fp32/yolov8m/bs4__run2__20261002T172357_947189Z__ok.json,throttle sw_power_cap
main,trt_fp32,yolov8m,4,3,640,20261002T175002_839633Z,2026-10-02T17:50:04+00:00,7.136203492991626,7.121869595721364,0.2752283373765976,7.132549514062703,6.874541752040386,9.812633972615004,100,8.024643519893289,7.615506881847978,7.629487756639719,7.143572811037302,1.7840508732479066,179.60888671875,cuda:0,NVIDIA A100-PCIE-40GB,535.288.01,765.0,1365.0,1410.0,46.0,52.0,81.54,13.0,0,0,sw_power_cap,1.0,0.0,,98.25370551692322,1.4362490796484053,True,2.3.1+cu121,2.3.0+cu121,8.4.153,raw/main/runs/trt_fp32/yolov8m/bs4__run3__20261002T175002_839633Z__ok.json,throttle sw_power_cap
main,trt_fp32,yolov8m,4,4,640,20261002T184052_395103Z,2026-10-02T18:40:53+00:00,7.1318453922867775,7.148713571950793,0.07198894443055504,7.1586312260478735,6.824273150414228,7.4090431444346905,100,8.295391672290862,7.6375778298825026,7.650561188347638,7.1800780994817615,1.7829613480716944,179.60888671875,cuda:0,NVIDIA A100-PCIE-40GB,535.288.01,1410.0,1365.0,1410.0,54.0,57.0,63.02,13.0,0,0,sw_power_cap,1.0,0.0,,98.25370551692322,1.4383856137283146,True,2.3.1+cu121,2.3.0+cu121,8.4.153,raw/main/runs/trt_fp32/yolov8m/bs4__run4__20261002T184052_395103Z__ok.json,throttle sw_power_cap
main,trt_fp32,yolov8m,6,0,640,20261002T145436_326372Z,2026-10-02T14:54:37+00:00,10.623289998620749,10.610697558149695,0.5634294130601445,10.69172010757029,10.136227123439312,16.100740060210228,100,11.585001405328512,11.20956358499825,11.288850172422826,10.650454740971327,1.7705483331034582,269.41259765625,cuda:0,NVIDIA A100-PCIE-40GB,535.288.01,390.0,1365.0,1410.0,45.0,51.0,126.44,13.0,0,0,sw_power_cap,1.0,0.0,,110.99944876600057,1.394439251627773,True,2.3.1+cu121,2.3.0+cu121,8.4.153,raw/main/runs/trt_fp32/yolov8m/bs6__run0__20261002T145436_326372Z__ok.json,throttle sw_power_cap
main,trt_fp32,yolov8m,6,1,640,20261002T155801_790628Z,2026-10-02T15:58:03+00:00,10.607280526310205,10.620275977998972,0.0736207353984447,10.668362816795707,10.194416157901287,10.79778978601098,100,11.582430358976126,11.223552981391549,11.279983911663294,10.694949519820511,1.7678800877183676,269.41259765625,cuda:0,NVIDIA A100-PCIE-40GB,535.288.01,765.0,1380.0,1410.0,49.0,54.0,63.91,13.0,0,0,sw_power_cap,1.0,0.0,,110.99944876600057,1.4193035727366805,True,2.3.1+cu121,2.3.0+cu121,8.4.153,raw/main/runs/trt_fp32/yolov8m/bs6__run1__20261002T155801_790628Z__ok.json,throttle sw_power_cap
main,trt_fp32,yolov8m,6,2,640,20261002T163850_022297Z,2026-10-02T16:38:51+00:00,10.580511959269643,10.60449704527855,0.11566318172989709,10.720629733987153,10.177626740187407,11.05898478999734,100,11.550125074572861,11.199429864063859,11.31980752106756,10.650273291394114,1.7634186598782737,269.41259765625,cuda:0,NVIDIA A100-PCIE-40GB,535.288.01,765.0,1365.0,1410.0,45.0,51.0,249.93,13.0,0,0,sw_power_cap,1.0,0.0,,110.99944876600057,1.4051329642534256,True,2.3.1+cu121,2.3.0+cu121,8.4.153,raw/main/runs/trt_fp32/yolov8m/bs6__run2__20261002T163850_022297Z__ok.json,throttle sw_power_cap
main,trt_fp32,yolov8m,6,3,640,20261002T182123_652527Z,2026-10-02T18:21:24+00:00,10.575948604382575,10.555296437814832,0.2558748116912914,10.671761049889028,10.11319225654006,12.894196901470423,100,11.557489573024213,11.161533650010824,11.275763530284166,10.637734308838844,1.7626581007304292,269.41259765625,cuda:0,NVIDIA A100-PCIE-40GB,535.288.01,405.0,1365.0,1410.0,43.0,50.0,64.0,13.0,0,0,sw_power_cap,1.0,0.0,,110.99944876600057,1.4105813992209733,True,2.3.1+cu121,2.3.0+cu121,8.4.153,raw/main/runs/trt_fp32/yolov8m/bs6__run3__20261002T182123_652527Z__ok.json,throttle sw_power_cap
main,trt_fp32,yolov8m,6,4,640,20261002T193129_760309Z,2026-10-02T19:31:31+00:00,10.55564132053405,10.569032048806548,0.09756769522096115,10.682650050148368,10.148593224585056,10.701319202780724,100,11.545607773587108,11.174043640494347,11.292911390773952,10.621133060194552,1.7592735534223418,269.41259765625,cuda:0,NVIDIA A100-PCIE-40GB,535.288.01,315.0,1365.0,1410.0,43.0,50.0,58.67,13.0,0,0,sw_power_cap,1.0,0.0,,110.99944876600057,1.4165721260942519,True,2.3.1+cu121,2.3.0+cu121,8.4.153,raw/main/runs/trt_fp32/yolov8m/bs6__run4__20261002T193129_760309Z__ok.json,throttle sw_power_cap
main,trt_fp32,yolov8m,8,0,640,20261002T143415_323321Z,2026-10-02T14:34:16+00:00,13.379561272449791,13.391326880082488,0.16209939372012178,13.66040741559118,12.664765119552612,13.730382081121206,100,14.505295581184328,14.0970628708601,14.380753901787102,13.467326196841896,1.672445159056224,364.14990234375,cuda:0,NVIDIA A100-PCIE-40GB,535.288.01,570.0,1350.0,1410.0,50.0,55.0,75.02,13.0,0,0,sw_power_cap,1.0,0.0,,106.37574150273576,1.4291827692650259,True,2.3.1+cu121,2.3.0+cu121,8.4.153,raw/main/runs/trt_fp32/yolov8m/bs8__run0__20261002T143415_323321Z__ok.json,throttle sw_power_cap
main,trt_fp32,yolov8m,8,1,640,20261002T155915_364202Z,2026-10-02T15:59:16+00:00,13.381138029508293,13.402230106294155,0.15830443032291686,13.600876438431442,12.613676954060793,13.673328794538975,100,14.605386694893241,14.118509599938989,14.375678938813508,13.458270276896656,1.6726422536885366,364.14990234375,cuda:0,NVIDIA A100-PCIE-40GB,535.288.01,780.0,1350.0,1410.0,49.0,55.0,250.2,13.0,0,0,sw_power_cap,1.0,0.0,,106.37574150273576,1.4493702952750027,True,2.3.1+cu121,2.3.0+cu121,8.4.153,raw/main/runs/trt_fp32/yolov8m/bs8__run1__20261002T155915_364202Z__ok.json,throttle sw_power_cap
main,trt_fp32,yolov8m,8,2,640,20261002T163839_533616Z,2026-10-02T16:38:40+00:00,13.341978583484888,13.335275696590543,0.16599392671221488,13.613621634431183,12.614015024155378,13.830618932843208,100,14.43882564548403,14.048971701413393,14.393225871026516,13.440558831207454,1.667747322935611,364.14990234375,cuda:0,NVIDIA A100-PCIE-40GB,535.288.01,450.0,1350.0,1410.0,46.0,52.0,248.71,13.0,0,0,sw_power_cap,1.0,0.0,,106.37574150273576,1.4557413910515606,True,2.3.1+cu121,2.3.0+cu121,8.4.153,raw/main/runs/trt_fp32/yolov8m/bs8__run2__20261002T163839_533616Z__ok.json,throttle sw_power_cap
main,trt_fp32,yolov8m,8,3,640,20261002T174922_351963Z,2026-10-02T17:49:23+00:00,13.349413541145623,13.342230813577771,0.12807480240428087,13.565201335586607,12.613455299288034,13.596398755908012,100,14.5069265877828,14.055870939046144,14.282211801037192,13.446149388328195,1.6686766926432028,364.14990234375,cuda:0,NVIDIA A100-PCIE-40GB,535.288.01,510.0,1350.0,1410.0,47.0,53.0,252.37,13.0,0,0,sw_power_cap,1.0,0.0,,106.37574150273576,1.4413784430362284,True,2.3.1+cu121,2.3.0+cu121,8.4.153,raw/main/runs/trt_fp32/yolov8m/bs8__run3__20261002T174922_351963Z__ok.json,throttle sw_power_cap
main,trt_fp32,yolov8m,8,4,640,20261002T184531_972516Z,2026-10-02T18:45:33+00:00,13.341330662369728,13.317124918103218,0.16768579180562096,13.759751804172993,12.639572378247976,13.957408256828785,100,14.418908501975238,14.03267402201891,14.484251267276704,13.398951557464898,1.667666332796216,364.14990234375,cuda:0,NVIDIA A100-PCIE-40GB,535.288.01,345.0,1350.0,1410.0,46.0,53.0,109.06,13.0,0,0,sw_power_cap,1.0,0.0,,106.37574150273576,1.4467454380355775,True,2.3.1+cu121,2.3.0+cu121,8.4.153,raw/main/runs/trt_fp32/yolov8m/bs8__run4__20261002T184531_972516Z__ok.json,throttle sw_power_cap
main,trt_fp32,yolov8m,10,0,640,20261002T145741_969666Z,2026-10-02T14:57:43+00:00,16.49720833171159,16.498152632266283,0.21351624849843212,16.689125262200832,15.570966992527246,17.85910315811634,100,17.780529633164406,17.328392015770078,17.517072544433177,16.634561819955707,1.649720833171159,449.021484375,cuda:0,NVIDIA A100-PCIE-40GB,535.288.01,765.0,1350.0,1410.0,49.0,54.0,248.65,13.0,0,0,sw_power_cap,1.0,0.0,,118.3912343881093,1.4385254788212478,True,2.3.1+cu121,2.3.0+cu121,8.4.153,raw/main/runs/trt_fp32/yolov8m/bs10__run0__20261002T145741_969666Z__ok.json,throttle sw_power_cap
main,trt_fp32,yolov8m,10,1,640,20261002T154229_318820Z,2026-10-02T15:42:30+00:00,16.422431780956686,16.466998727992177,0.1662420730240237,16.604455560445786,15.522846952080727,16.762016341090202,100,17.61574504431337,17.286507412791252,17.48176352120936,16.548022096976638,1.6422431780956686,449.021484375,cuda:0,NVIDIA A100-PCIE-40GB,535.288.01,765.0,1350.0,1410.0,44.0,52.0,58.18,13.0,0,0,sw_power_cap,1.0,0.0,,118.3912343881093,1.4373385310173035,True,2.3.1+cu121,2.3.0+cu121,8.4.153,raw/main/runs/trt_fp32/yolov8m/bs10__run1__20261002T154229_318820Z__ok.json,throttle sw_power_cap
main,trt_fp32,yolov8m,10,2,640,20261002T170402_723937Z,2026-10-02T17:04:04+00:00,16.443839725106955,16.47979160770774,0.14088789371628788,16.606740304268897,15.886786859482527,16.889287158846855,100,17.66452370211482,17.2993834130466,17.560364957898855,16.579184969887137,1.6443839725106955,449.021484375,cuda:0,NVIDIA A100-PCIE-40GB,535.288.01,360.0,1350.0,1410.0,46.0,53.0,85.72,13.0,0,0,sw_power_cap,1.0,0.0,,118.3912343881093,1.4303170628845692,True,2.3.1+cu121,2.3.0+cu121,8.4.153,raw/main/runs/trt_fp32/yolov8m/bs10__run2__20261002T170402_723937Z__ok.json,throttle sw_power_cap
main,trt_fp32,yolov8m,10,3,640,20261002T174440_543980Z,2026-10-02T17:44:41+00:00,16.43004327546805,16.454309225082397,0.20258637883222655,16.673722700215876,15.463420189917088,17.219213768839836,100,17.62401564978063,17.284667119383812,17.627477855421603,16.554036461748183,1.6430043275468051,449.021484375,cuda:0,NVIDIA A100-PCIE-40GB,535.288.01,465.0,1350.0,1410.0,44.0,50.0,79.55,13.0,0,0,sw_power_cap,1.0,0.0,,118.3912343881093,1.4390402156859636,True,2.3.1+cu121,2.3.0+cu121,8.4.153,raw/main/runs/trt_fp32/yolov8m/bs10__run3__20261002T174440_543980Z__ok.json,throttle sw_power_cap
main,trt_fp32,yolov8m,10,4,640,20261002T184850_193873Z,2026-10-02T18:48:51+00:00,16.415635691955686,16.46244339644909,0.16599640822692835,16.57237750478089,15.406480059027672,16.827725805342197,100,17.679251194931567,17.283203545957804,17.41160824894905,16.568362107500434,1.6415635691955686,449.021484375,cuda:0,NVIDIA A100-PCIE-40GB,535.288.01,435.0,1350.0,1410.0,46.0,53.0,248.42,13.0,0,0,sw_power_cap,1.0,0.0,,118.3912343881093,1.4351429189555347,True,2.3.1+cu121,2.3.0+cu121,8.4.153,raw/main/runs/trt_fp32/yolov8m/bs10__run4__20261002T184850_193873Z__ok.json,throttle sw_power_cap
main,trt_fp32,yolov8m,12,0,640,20261002T145159_309594Z,2026-10-02T14:52:00+00:00,19.608493125997484,19.677813397720456,0.24023253544217993,19.93030582088977,18.543481826782227,20.03557328134775,100,21.03417947422713,20.614019827917218,20.867802016437054,19.915440240874887,1.6340410938331236,538.8251953125,cuda:0,NVIDIA A100-PCIE-40GB,535.288.01,420.0,1365.0,1410.0,46.0,52.0,246.33,13.0,0,0,sw_power_cap,1.0,0.0,,115.01379446871579,1.4821826238185167,True,2.3.1+cu121,2.3.0+cu121,8.4.153,raw/main/runs/trt_fp32/yolov8m/bs12__run0__20261002T145159_309594Z__ok.json,throttle sw_power_cap
main,trt_fp32,yolov8m,12,1,640,20261002T154348_526769Z,2026-10-02T15:43:49+00:00,19.697637083008885,19.68960650265217,0.23953181618580224,20.01988186966628,18.609821796417236,20.196948666125536,100,21.03478420060128,20.629942882806063,20.95792719628662,19.95932738762349,1.641469756917407,538.8251953125,cuda:0,NVIDIA A100-PCIE-40GB,535.288.01,1410.0,1350.0,1410.0,50.0,56.0,96.73,13.0,0,0,sw_power_cap,1.0,0.0,,115.01379446871579,1.4618071517907083,True,2.3.1+cu121,2.3.0+cu121,8.4.153,raw/main/runs/trt_fp32/yolov8m/bs12__run1__20261002T154348_526769Z__ok.json,throttle sw_power_cap
main,trt_fp32,yolov8m,12,2,640,20261002T173020_996329Z,2026-10-02T17:30:22+00:00,19.64419225230813,19.68443742953241,0.22701719893844716,19.868462812155485,18.50970694795251,19.972812850028276,100,21.21459500864148,20.62019519507885,20.83722655661404,19.922872218303382,1.6370160210256774,538.8251953125,cuda:0,NVIDIA A100-PCIE-40GB,535.288.01,795.0,1350.0,1410.0,46.0,52.0,150.55,13.0,0,0,sw_power_cap,1.0,0.0,,115.01379446871579,1.4543389002792537,True,2.3.1+cu121,2.3.0+cu121,8.4.153,raw/main/runs/trt_fp32/yolov8m/bs12__run2__20261002T173020_996329Z__ok.json,throttle sw_power_cap
main,trt_fp32,yolov8m,12,3,640,20261002T175504_386677Z,2026-10-02T17:55:05+00:00,19.695699410513043,19.71264905296266,0.2545062732640986,19.97433304786682,18.43878487125039,20.13351023197174,100,21.224592537619174,20.65025782212615,20.92578108422458,19.9458849709481,1.6413082842094202,538.8251953125,cuda:0,NVIDIA A100-PCIE-40GB,535.288.01,705.0,1350.0,1410.0,46.0,52.0,167.18,13.0,0,0,sw_power_cap,1.0,0.0,,115.01379446871579,1.4531371151097119,True,2.3.1+cu121,2.3.0+cu121,8.4.153,raw/main/runs/trt_fp32/yolov8m/bs12__run3__20261002T175504_386677Z__ok.json,throttle sw_power_cap
main,trt_fp32,yolov8m,12,4,640,20261002T185820_176426Z,2026-10-02T18:58:21+00:00,19.736887337639928,19.820217275992036,0.22865325186331967,20.00367254950106,18.570732790976763,20.108957774937153,100,21.0241769393906,20.739917876198888,20.927050313912332,19.92879598867148,1.644740611469994,538.8251953125,cuda:0,NVIDIA A100-PCIE-40GB,535.288.01,645.0,1335.0,1410.0,48.0,55.0,249.22,13.0,0,0,sw_power_cap,1.0,0.0,,115.01379446871579,1.4542887979187071,True,2.3.1+cu121,2.3.0+cu121,8.4.153,raw/main/runs/trt_fp32/yolov8m/bs12__run4__20261002T185820_176426Z__ok.json,throttle sw_power_cap
main,trt_fp32,yolov8m,14,0,640,20261002T143941_339623Z,2026-10-02T14:39:42+00:00,22.82821828033775,22.891843458637595,0.2737758817015663,23.06867795996368,21.2910040281713,23.186843376606703,100,24.495786735787988,23.9341389387846,24.19645667541772,23.0428874399513,1.630587020024125,632.2626953125,cuda:0,NVIDIA A100-PCIE-40GB,535.288.01,600.0,1365.0,1410.0,45.0,52.0,252.19,13.0,0,0,sw_power_cap,1.0,0.0,,127.1509134597145,1.4127257843501866,True,2.3.1+cu121,2.3.0+cu121,8.4.153,raw/main/runs/trt_fp32/yolov8m/bs14__run0__20261002T143941_339623Z__ok.json,throttle sw_power_cap
main,trt_fp32,yolov8m,14,1,640,20261002T155341_036075Z,2026-10-02T15:53:42+00:00,22.909341570921242,22.895595990121365,0.24721068027051718,23.204060806892812,21.579402964562178,23.25193816795945,100,24.40592359751463,23.939999053254724,24.250593362376094,23.147961730137467,1.6363815407800888,632.2626953125,cuda:0,NVIDIA A100-PCIE-40GB,535.288.01,1410.0,1335.0,1410.0,52.0,57.0,247.32,13.0,0,0,sw_power_cap,1.0,0.0,,127.1509134597145,1.441366828046739,True,2.3.1+cu121,2.3.0+cu121,8.4.153,raw/main/runs/trt_fp32/yolov8m/bs14__run1__20261002T155341_036075Z__ok.json,throttle sw_power_cap
main,trt_fp32,yolov8m,14,2,640,20261002T172008_629297Z,2026-10-02T17:20:09+00:00,22.76256653945893,22.78521005064249,0.2522394744507001,23.014990892261267,21.34884102270007,23.299396969377995,100,24.38816205598414,23.82660494185984,24.08565420191735,22.997054173611104,1.6258976099613522,632.2626953125,cuda:0,NVIDIA A100-PCIE-40GB,535.288.01,765.0,1350.0,1410.0,42.0,49.0,249.21,13.0,0,0,sw_power_cap,1.0,0.0,,127.1509134597145,1.4244844010099769,True,2.3.1+cu121,2.3.0+cu121,8.4.153,raw/main/runs/trt_fp32/yolov8m/bs14__run2__20261002T172008_629297Z__ok.json,throttle sw_power_cap
main,trt_fp32,yolov8m,14,3,640,20261002T174005_944917Z,2026-10-02T17:40:07+00:00,22.812771373428404,22.852774476632476,0.25533252659162003,23.017296520993114,21.378527861088514,23.49632792174816,100,24.209360112436116,23.88971298933029,24.08946780487895,23.04452063050121,1.6294836695306003,632.2626953125,cuda:0,NVIDIA A100-PCIE-40GB,535.288.01,1410.0,1350.0,1410.0,45.0,52.0,252.89,13.0,0,0,sw_power_cap,1.0,0.0,,127.1509134597145,1.432849914766848,True,2.3.1+cu121,2.3.0+cu121,8.4.153,raw/main/runs/trt_fp32/yolov8m/bs14__run3__20261002T174005_944917Z__ok.json,throttle sw_power_cap
main,trt_fp32,yolov8m,14,4,640,20261002T183920_882544Z,2026-10-02T18:39:22+00:00,22.836305247619748,22.867233026772738,0.22746951147973296,23.015122348442674,21.443251986056566,23.296142928302288,100,24.32998097501695,23.913883138448,24.226790037937462,23.024778622202575,1.6311646605442678,632.2626953125,cuda:0,NVIDIA A100-PCIE-40GB,535.288.01,555.0,1335.0,1410.0,47.0,53.0,255.85,13.0,0,0,sw_power_cap,1.0,0.0,,127.1509134597145,1.4135983427986503,True,2.3.1+cu121,2.3.0+cu121,8.4.153,raw/main/runs/trt_fp32/yolov8m/bs14__run4__20261002T183920_882544Z__ok.json,throttle sw_power_cap
main,trt_fp32,yolov8m,16,0,640,20261002T151154_156713Z,2026-10-02T15:11:55+00:00,25.66020698286593,25.631015188992023,0.2598816041641986,25.9662595577538,24.26939783617854,26.863069273531437,100,27.208470697514713,26.781789027154446,27.11979364976287,25.933674219995737,1.6037629364291206,728.2998046875,cuda:0,NVIDIA A100-PCIE-40GB,535.288.01,765.0,1350.0,1410.0,51.0,56.0,247.8,13.0,0,0,sw_power_cap,1.0,0.0,,123.65895592281595,1.429625887889415,True,2.3.1+cu121,2.3.0+cu121,8.4.153,raw/main/runs/trt_fp32/yolov8m/bs16__run0__20261002T151154_156713Z__ok.json,throttle sw_power_cap
main,trt_fp32,yolov8m,16,1,640,20261002T162925_273644Z,2026-10-02T16:29:26+00:00,25.602098628878593,25.62982472591102,0.2627688538762084,25.842964951880276,23.995259776711464,26.066354010254145,100,27.211001496762037,26.77621808834374,27.081807795912027,25.913110533729196,1.600131164304912,728.2998046875,cuda:0,NVIDIA A100-PCIE-40GB,535.288.01,435.0,1335.0,1410.0,50.0,56.0,254.95,13.0,0,0,sw_power_cap,1.0,0.0,,123.65895592281595,1.4313051137141883,True,2.3.1+cu121,2.3.0+cu121,8.4.153,raw/main/runs/trt_fp32/yolov8m/bs16__run1__20261002T162925_273644Z__ok.json,throttle sw_power_cap
main,trt_fp32,yolov8m,16,2,640,20261002T164149_940289Z,2026-10-02T16:41:51+00:00,25.589628354646266,25.636121863499284,0.25024218045305496,25.859916349872947,24.138320703059435,26.119195856153965,100,27.123809228651226,26.773527963086963,27.11167703382671,25.826841983944178,1.5993517721653916,728.2998046875,cuda:0,NVIDIA A100-PCIE-40GB,535.288.01,765.0,1350.0,1410.0,46.0,53.0,58.37,13.0,0,0,sw_power_cap,1.0,0.0,,123.65895592281595,1.4247497129254043,True,2.3.1+cu121,2.3.0+cu121,8.4.153,raw/main/runs/trt_fp32/yolov8m/bs16__run2__20261002T164149_940289Z__ok.json,throttle sw_power_cap
main,trt_fp32,yolov8m,16,3,640,20261002T174049_285545Z,2026-10-02T17:40:50+00:00,25.59532480314374,25.633130688220263,0.24430716530415866,25.783985131420195,23.93375802785158,25.870332960039377,100,27.282222411595285,26.794681092724204,26.95009894669056,25.807636729441583,1.5997078001964837,728.2998046875,cuda:0,NVIDIA A100-PCIE-40GB,535.288.01,375.0,1335.0,1410.0,45.0,52.0,60.73,13.0,0,0,sw_power_cap,1.0,0.0,,123.65895592281595,1.4174779457971454,True,2.3.1+cu121,2.3.0+cu121,8.4.153,raw/main/runs/trt_fp32/yolov8m/bs16__run3__20261002T174049_285545Z__ok.json,throttle sw_power_cap
main,trt_fp32,yolov8m,16,4,640,20261002T190336_609272Z,2026-10-02T19:03:37+00:00,25.551993739791214,25.569795398041606,0.1878962273377584,25.744048389606178,24.513053242117167,25.970730930566788,100,27.20596068073064,26.738019660115242,26.911317138001323,25.7968531223014,1.596999608736951,728.2998046875,cuda:0,NVIDIA A100-PCIE-40GB,535.288.01,765.0,1365.0,1410.0,45.0,52.0,252.38,13.0,0,0,sw_power_cap,1.0,0.0,,123.65895592281595,1.4184828898869455,True,2.3.1+cu121,2.3.0+cu121,8.4.153,raw/main/runs/trt_fp32/yolov8m/bs16__run4__20261002T190336_609272Z__ok.json,throttle sw_power_cap
main,trt_fp32,yolov8m,18,0,640,20261002T150021_827438Z,2026-10-02T15:00:23+00:00,29.2501255357638,29.241626150906086,0.26275597748744894,29.579330515116453,27.92443335056305,29.727849178016186,100,30.908843548968434,30.51663958467543,30.897211469709873,29.57961336709559,1.6250069742091,808.23779296875,cuda:0,NVIDIA A100-PCIE-40GB,535.288.01,765.0,1350.0,1410.0,42.0,51.0,180.15,13.0,0,0,sw_power_cap,1.0,0.0,,133.14978651003912,1.3883658950217068,True,2.3.1+cu121,2.3.0+cu121,8.4.153,raw/main/runs/trt_fp32/yolov8m/bs18__run0__20261002T150021_827438Z__ok.json,throttle sw_power_cap
main,trt_fp32,yolov8m,18,1,640,20261002T162741_722189Z,2026-10-02T16:27:43+00:00,29.120131423696876,29.17985268868506,0.26795222718416656,29.418790759518743,27.67492225393653,29.584172181785107,100,30.783314062282443,30.441660899668932,30.783195537514985,29.493073471821845,1.617785079094271,808.23779296875,cuda:0,NVIDIA A100-PCIE-40GB,535.288.01,765.0,1350.0,1410.0,39.0,48.0,78.38,13.0,0,0,sw_power_cap,1.0,0.0,,133.14978651003912,1.39877122733742,True,2.3.1+cu121,2.3.0+cu121,8.4.153,raw/main/runs/trt_fp32/yolov8m/bs18__run1__20261002T162741_722189Z__ok.json,throttle sw_power_cap
main,trt_fp32,yolov8m,18,2,640,20261002T172105_941392Z,2026-10-02T17:21:07+00:00,29.45498315151781,29.469379456713796,0.23723070624646456,29.78673551697284,28.167080134153366,29.87807895988226,100,31.089088977314532,30.72345769032836,31.031671236269176,29.771827491931617,1.6363879528621004,808.23779296875,cuda:0,NVIDIA A100-PCIE-40GB,535.288.01,1410.0,1365.0,1410.0,51.0,57.0,137.68,13.0,0,0,sw_power_cap,1.0,0.0,,133.14978651003912,1.4246059199795127,True,2.3.1+cu121,2.3.0+cu121,8.4.153,raw/main/runs/trt_fp32/yolov8m/bs18__run2__20261002T172105_941392Z__ok.json,throttle sw_power_cap
main,trt_fp32,yolov8m,18,3,640,20261002T174856_112684Z,2026-10-02T17:48:57+00:00,29.360354617238045,29.359453823417425,0.25048687105642986,29.695997666567564,28.090220876038074,29.875207226723433,100,31.002744496800005,30.617927899584174,30.992383044213057,29.67194272670895,1.6311308120687802,808.23779296875,cuda:0,NVIDIA A100-PCIE-40GB,535.288.01,765.0,1365.0,1410.0,49.0,55.0,63.93,13.0,0,0,sw_power_cap,1.0,0.0,,133.14978651003912,1.3841121806763113,True,2.3.1+cu121,2.3.0+cu121,8.4.153,raw/main/runs/trt_fp32/yolov8m/bs18__run3__20261002T174856_112684Z__ok.json,throttle sw_power_cap
main,trt_fp32,yolov8m,18,4,640,20261002T185013_886220Z,2026-10-02T18:50:15+00:00,29.371079155243933,29.333586571738124,0.3007257132554147,29.77828304283321,27.527763973921537,29.855347704142332,100,31.08420601580292,30.580696649849415,31.06948498170823,29.71966096200049,1.631726619735774,808.23779296875,cuda:0,NVIDIA A100-PCIE-40GB,535.288.01,615.0,1335.0,1410.0,49.0,55.0,125.95,13.0,0,0,sw_power_cap,1.0,0.0,,133.14978651003912,1.415363946929574,True,2.3.1+cu121,2.3.0+cu121,8.4.153,raw/main/runs/trt_fp32/yolov8m/bs18__run4__20261002T185013_886220Z__ok.json,throttle sw_power_cap
main,trt_fp32,yolov8m,20,0,640,20261002T150352_874757Z,2026-10-02T15:03:54+00:00,31.67282810434699,31.678226543590426,0.2093963839205256,31.956221559084952,30.958184972405434,32.248246017843485,100,33.55726892128587,33.068808959797025,33.412571204826236,32.0597555488348,1.5836414052173495,901.45849609375,cuda:0,NVIDIA A100-PCIE-40GB,535.288.01,765.0,1335.0,1410.0,48.0,56.0,249.5,13.0,0,0,sw_power_cap,1.0,0.0,,133.91928476002067,1.4225906757637858,True,2.3.1+cu121,2.3.0+cu121,8.4.153,raw/main/runs/trt_fp32/yolov8m/bs20__run0__20261002T150352_874757Z__ok.json,throttle sw_power_cap
main,trt_fp32,yolov8m,20,1,640,20261002T153918_907097Z,2026-10-02T15:39:20+00:00,31.546558048576117,31.557750422507524,0.3133954257151001,31.906348932534456,29.663259629160166,32.08109783008695,100,33.27797018457204,32.93226845562458,33.38378176558763,31.885339547879997,1.5773279024288058,901.45849609375,cuda:0,NVIDIA A100-PCIE-40GB,535.288.01,405.0,1365.0,1410.0,42.0,51.0,252.08,13.0,0,0,sw_power_cap,1.0,0.0,,133.91928476002067,1.408652810845524,True,2.3.1+cu121,2.3.0+cu121,8.4.153,raw/main/runs/trt_fp32/yolov8m/bs20__run1__20261002T153918_907097Z__ok.json,throttle sw_power_cap
main,trt_fp32,yolov8m,20,2,640,20261002T164655_683179Z,2026-10-02T16:46:57+00:00,31.735814469866455,31.725191045552492,0.3070873883511698,32.1057848399505,29.50172685086727,32.24929003044963,100,33.54679792653769,33.100206637755036,33.53325848001987,32.101418478414416,1.5867907234933227,901.45849609375,cuda:0,NVIDIA A100-PCIE-40GB,535.288.01,600.0,1350.0,1410.0,51.0,57.0,249.55,13.0,0,0,sw_power_cap,1.0,0.0,,133.91928476002067,1.4175835568457842,True,2.3.1+cu121,2.3.0+cu121,8.4.153,raw/main/runs/trt_fp32/yolov8m/bs20__run2__20261002T164655_683179Z__ok.json,throttle sw_power_cap
main,trt_fp32,yolov8m,20,3,640,20261002T174354_881654Z,2026-10-02T17:43:56+00:00,31.65388519410044,31.645721988752484,0.307292187338763,32.06561072729528,29.607748612761497,32.2811771184206,100,33.49580419715494,33.03807741031051,33.489440847188234,31.99550231918693,1.582694259705022,901.45849609375,cuda:0,NVIDIA A100-PCIE-40GB,535.288.01,1410.0,1335.0,1410.0,48.0,54.0,65.62,13.0,0,0,sw_power_cap,1.0,0.0,,133.91928476002067,1.423326768912375,True,2.3.1+cu121,2.3.0+cu121,8.4.153,raw/main/runs/trt_fp32/yolov8m/bs20__run3__20261002T174354_881654Z__ok.json,throttle sw_power_cap
main,trt_fp32,yolov8m,20,4,640,20261002T185203_252105Z,2026-10-02T18:52:04+00:00,31.59180340822786,31.61598090082407,0.31418122273823296,31.93579965736717,29.60410015657544,32.07974787801504,100,33.4200735995546,32.99610340036452,33.355292095802724,31.964441360905766,1.579590170411393,901.45849609375,cuda:0,NVIDIA A100-PCIE-40GB,535.288.01,420.0,1335.0,1410.0,46.0,54.0,235.34,13.0,0,0,sw_power_cap,1.0,0.0,,133.91928476002067,1.4180635050870478,True,2.3.1+cu121,2.3.0+cu121,8.4.153,raw/main/runs/trt_fp32/yolov8m/bs20__run4__20261002T185203_252105Z__ok.json,throttle sw_power_cap
main,trt_fp32,yolov8m,22,0,640,20261002T150203_416792Z,2026-10-02T15:02:04+00:00,34.64780420064926,34.648001892492175,0.3708816581547387,35.1406772620976,32.49846398830414,35.4209472425282,100,36.542649092152715,36.142568569630384,36.77843564655632,35.048223650082946,1.574900190938603,996.41259765625,cuda:0,NVIDIA A100-PCIE-40GB,535.288.01,1410.0,1335.0,1410.0,48.0,55.0,249.05,13.0,0,0,sw_power_cap,1.0,0.0,,144.27265279227868,1.422689480241388,True,2.3.1+cu121,2.3.0+cu121,8.4.153,raw/main/runs/trt_fp32/yolov8m/bs22__run0__20261002T150203_416792Z__ok.json,throttle sw_power_cap
main,trt_fp32,yolov8m,22,1,640,20261002T154249_898154Z,2026-10-02T15:42:51+00:00,34.53662254847586,34.52457580715418,0.37901707155049386,34.986017597839236,32.18151815235615,35.28654808178544,100,36.50040198583156,36.0057249199599,36.46006702911109,34.93209604173899,1.5698464794761755,996.41259765625,cuda:0,NVIDIA A100-PCIE-40GB,535.288.01,360.0,1335.0,1410.0,43.0,52.0,60.34,13.0,0,0,sw_power_cap,1.0,0.0,,144.27265279227868,1.4030398717150092,True,2.3.1+cu121,2.3.0+cu121,8.4.153,raw/main/runs/trt_fp32/yolov8m/bs22__run1__20261002T154249_898154Z__ok.json,throttle sw_power_cap
main,trt_fp32,yolov8m,22,2,640,20261002T173210_651107Z,2026-10-02T17:32:12+00:00,34.6046241465956,34.54481600783765,0.3511409838148062,35.084782959893346,32.443514093756676,35.402846056967974,100,36.499968226999044,36.060003098100424,36.64451576769352,35.018008099868894,1.5729374612088909,996.41259765625,cuda:0,NVIDIA A100-PCIE-40GB,535.288.01,765.0,1335.0,1410.0,45.0,53.0,58.28,13.0,0,0,sw_power_cap,1.0,0.0,,144.27265279227868,1.412531407084316,True,2.3.1+cu121,2.3.0+cu121,8.4.153,raw/main/runs/trt_fp32/yolov8m/bs22__run2__20261002T173210_651107Z__ok.json,throttle sw_power_cap
main,trt_fp32,yolov8m,22,3,640,20261002T181239_036951Z,2026-10-02T18:12:40+00:00,34.527858663350344,34.5442199613899,0.36636272243013224,34.897950873710215,32.27264387533069,35.00848077237606,100,36.39254180248827,36.02558677084744,36.452549579553306,34.93644143920392,1.5694481210613793,996.41259765625,cuda:0,NVIDIA A100-PCIE-40GB,535.288.01,765.0,1365.0,1410.0,43.0,51.0,250.17,13.0,0,0,sw_power_cap,1.0,0.0,,144.27265279227868,1.4073958499357104,True,2.3.1+cu121,2.3.0+cu121,8.4.153,raw/main/runs/trt_fp32/yolov8m/bs22__run3__20261002T181239_036951Z__ok.json,throttle sw_power_cap
main,trt_fp32,yolov8m,22,4,640,20261002T183605_442185Z,2026-10-02T18:36:06+00:00,34.60730389226228,34.562351647764444,0.35071869133693157,35.01582792960107,32.348127104341984,35.271726083010435,100,36.45681401249021,36.05197509750724,36.728288675658405,35.022359932772815,1.5730592678301036,996.41259765625,cuda:0,NVIDIA A100-PCIE-40GB,535.288.01,765.0,1335.0,1410.0,46.0,54.0,63.42,13.0,0,0,sw_power_cap,1.0,0.0,,144.27265279227868,1.3970422889105976,True,2.3.1+cu121,2.3.0+cu121,8.4.153,raw/main/runs/trt_fp32/yolov8m/bs22__run4__20261002T183605_442185Z__ok.json,throttle sw_power_cap
main,trt_fp32,yolov8m,24,0,640,20261002T145108_680151Z,2026-10-02T14:51:10+00:00,38.114610011689365,38.28014596365392,0.4303375877869611,38.61454073339701,35.43914295732975,38.761523086577654,100,40.05343324504793,39.84873439185321,40.216270298697054,38.406687206588686,1.5881087504870568,1077.64892578125,cuda:0,NVIDIA A100-PCIE-40GB,535.288.01,1410.0,1335.0,1410.0,49.0,56.0,80.74,13.0,0,0,sw_power_cap,1.0,0.0,,141.70737619884312,1.3961071870289743,True,2.3.1+cu121,2.3.0+cu121,8.4.153,raw/main/runs/trt_fp32/yolov8m/bs24__run0__20261002T145108_680151Z__ok.json,throttle sw_power_cap
main,trt_fp32,yolov8m,24,1,640,20261002T160855_792572Z,2026-10-02T16:08:57+00:00,37.959144595079124,37.96129650436342,0.4348325840261439,38.48752132616937,35.33852193504572,38.79822511225939,100,39.964950401335955,39.5587810780853,40.20754978992045,38.321874658577144,1.5816310247949634,1077.64892578125,cuda:0,NVIDIA A100-PCIE-40GB,535.288.01,765.0,1350.0,1410.0,46.0,54.0,66.61,13.0,0,0,sw_power_cap,1.0,0.0,,141.70737619884312,1.405270058196038,True,2.3.1+cu121,2.3.0+cu121,8.4.153,raw/main/runs/trt_fp32/yolov8m/bs24__run1__20261002T160855_792572Z__ok.json,throttle sw_power_cap
main,trt_fp32,yolov8m,24,2,640,20261002T165452_181168Z,2026-10-02T16:54:53+00:00,37.94648649636656,37.976288003847,0.36678599217662416,38.36923285853118,35.608972888439894,38.50500099360943,100,39.87475224304944,39.53789733350277,40.0655462872237,38.328753667883575,1.5811036040152733,1077.64892578125,cuda:0,NVIDIA A100-PCIE-40GB,535.288.01,765.0,1335.0,1410.0,45.0,53.0,236.4,13.0,0,0,sw_power_cap,1.0,0.0,,141.70737619884312,1.3985204608179629,True,2.3.1+cu121,2.3.0+cu121,8.4.153,raw/main/runs/trt_fp32/yolov8m/bs24__run2__20261002T165452_181168Z__ok.json,throttle sw_power_cap
main,trt_fp32,yolov8m,24,3,640,20261002T181952_865795Z,2026-10-02T18:19:54+00:00,37.882860456593335,37.95440145768225,0.4369353808897084,38.35395786445588,35.22766521200538,38.805531803518534,100,39.85081800725311,39.556096540763974,40.03284166101366,38.2103103492409,1.5784525190247223,1077.64892578125,cuda:0,NVIDIA A100-PCIE-40GB,535.288.01,345.0,1365.0,1410.0,42.0,51.0,55.4,13.0,0,0,sw_power_cap,1.0,0.0,,141.70737619884312,1.3942055399529636,True,2.3.1+cu121,2.3.0+cu121,8.4.153,raw/main/runs/trt_fp32/yolov8m/bs24__run3__20261002T181952_865795Z__ok.json,throttle sw_power_cap
main,trt_fp32,yolov8m,24,4,640,20261002T183737_800509Z,2026-10-02T18:37:39+00:00,37.97530401032418,38.078660145401955,0.4275999001310745,38.42121020425111,35.25818092748523,38.47678005695343,100,40.19503649324179,39.662715047597885,40.04626404494047,38.27250447124243,1.5823043337635074,1077.64892578125,cuda:0,NVIDIA A100-PCIE-40GB,535.288.01,450.0,1335.0,1410.0,45.0,53.0,129.81,13.0,0,0,sw_power_cap,1.0,0.0,,141.70737619884312,1.3940180502831936,True,2.3.1+cu121,2.3.0+cu121,8.4.153,raw/main/runs/trt_fp32/yolov8m/bs24__run4__20261002T183737_800509Z__ok.json,throttle sw_power_cap
main,trt_fp32,yolov8m,26,0,640,20261002T144604_298720Z,2026-10-02T14:46:05+00:00,40.748630319722,40.687089087441564,0.36490167082909974,41.19375995360315,38.281798362731934,41.70551896095276,100,42.80028336215764,42.37613454461098,43.00998360849917,41.21653721667826,1.567255012297,1169.49609375,cuda:0,NVIDIA A100-PCIE-40GB,535.288.01,555.0,1365.0,1410.0,44.0,54.0,261.33,13.0,0,0,sw_power_cap,1.0,0.0,,153.1291000759229,1.3933241800405085,True,2.3.1+cu121,2.3.0+cu121,8.4.153,raw/main/runs/trt_fp32/yolov8m/bs26__run0__20261002T144604_298720Z__ok.json,throttle sw_power_cap
main,trt_fp32,yolov8m,26,1,640,20261002T162019_199963Z,2026-10-02T16:20:20+00:00,40.83815276157111,40.823575807735324,0.46103244241588115,41.47777969483286,38.17886859178543,42.1353648416698,100,43.1022082362324,42.541103437542915,43.208704120479524,41.31240820046514,1.5706981831373503,1169.49609375,cuda:0,NVIDIA A100-PCIE-40GB,535.288.01,330.0,1350.0,1410.0,49.0,56.0,247.35,13.0,0,0,sw_power_cap,1.0,0.0,,153.1291000759229,1.4052248867228627,True,2.3.1+cu121,2.3.0+cu121,8.4.153,raw/main/runs/trt_fp32/yolov8m/bs26__run1__20261002T162019_199963Z__ok.json,throttle sw_power_cap
main,trt_fp32,yolov8m,26,2,640,20261002T163757_744516Z,2026-10-02T16:37:59+00:00,40.83893483038992,40.819767862558365,0.4420363134933019,41.476058633998036,38.269930984824896,42.13130986317992,100,42.8878202335909,42.51522500999272,43.16631010733545,41.32969960104674,1.5707282627073045,1169.49609375,cuda:0,NVIDIA A100-PCIE-40GB,535.288.01,495.0,1335.0,1410.0,47.0,55.0,59.88,13.0,0,0,sw_power_cap,1.0,0.0,,153.1291000759229,1.4149176981300116,True,2.3.1+cu121,2.3.0+cu121,8.4.153,raw/main/runs/trt_fp32/yolov8m/bs26__run2__20261002T163757_744516Z__ok.json,throttle sw_power_cap
main,trt_fp32,yolov8m,26,3,640,20261002T174932_840852Z,2026-10-02T17:49:34+00:00,40.767568363808095,40.76614300720394,0.4150945258906107,41.32365563418716,38.203560281544924,41.375257074832916,100,42.93249438051134,42.48699825257063,43.03835388273001,41.24829822219908,1.5679833986080036,1169.49609375,cuda:0,NVIDIA A100-PCIE-40GB,535.288.01,765.0,1335.0,1410.0,45.0,54.0,247.34,13.0,0,0,sw_power_cap,1.0,0.0,,153.1291000759229,1.390509074088186,True,2.3.1+cu121,2.3.0+cu121,8.4.153,raw/main/runs/trt_fp32/yolov8m/bs26__run3__20261002T174932_840852Z__ok.json,throttle sw_power_cap
main,trt_fp32,yolov8m,26,4,640,20261002T192756_902335Z,2026-10-02T19:27:58+00:00,40.788638200610876,40.81100947223604,0.3983100721236092,41.327822976745665,38.23538636788726,41.407540906220675,100,42.948245257139206,42.528392281383276,43.05872602853924,41.30883723963052,1.568793776946572,1169.49609375,cuda:0,NVIDIA A100-PCIE-40GB,535.288.01,1410.0,1365.0,1410.0,48.0,55.0,62.74,13.0,0,0,sw_power_cap,1.0,0.0,,153.1291000759229,1.390958498697728,True,2.3.1+cu121,2.3.0+cu121,8.4.153,raw/main/runs/trt_fp32/yolov8m/bs26__run4__20261002T192756_902335Z__ok.json,throttle sw_power_cap
main,trt_fp32,yolov8m,28,0,640,20261002T144136_489915Z,2026-10-02T14:41:37+00:00,43.60663234721869,43.61143219284713,0.45468764420684865,44.11812308244407,40.7585590146482,45.775793958455324,100,45.78206550795585,45.40316411294043,45.94720921013504,44.11443466320634,1.5573797266863818,1264.525390625,cuda:0,NVIDIA A100-PCIE-40GB,535.288.01,765.0,1365.0,1410.0,49.0,58.0,96.78,13.0,0,0,sw_power_cap,1.0,0.0,,149.18219049088657,1.4238255890086293,True,2.3.1+cu121,2.3.0+cu121,8.4.153,raw/main/runs/trt_fp32/yolov8m/bs28__run0__20261002T144136_489915Z__ok.json,throttle sw_power_cap
main,trt_fp32,yolov8m,28,1,640,20261002T160837_985687Z,2026-10-02T16:08:39+00:00,43.398142233490944,43.417751556262374,0.4066961483552106,43.88972984161228,40.96233006566763,44.29153958335519,100,45.60477870050818,45.26054090820253,45.754815731197596,43.91782177146524,1.549933651196105,1264.525390625,cuda:0,NVIDIA A100-PCIE-40GB,535.288.01,765.0,1365.0,1410.0,45.0,53.0,62.33,13.0,0,0,sw_power_cap,1.0,0.0,,149.18219049088657,1.418680083937943,True,2.3.1+cu121,2.3.0+cu121,8.4.153,raw/main/runs/trt_fp32/yolov8m/bs28__run1__20261002T160837_985687Z__ok.json,throttle sw_power_cap
main,trt_fp32,yolov8m,28,2,640,20261002T163142_616548Z,2026-10-02T16:31:43+00:00,43.33366358652711,43.29807753674686,0.45603143259516277,43.93026272300631,40.48740025609732,44.281615410000086,100,45.52368178498,45.159288914874196,45.88226231280714,43.840136928483844,1.5476308423759682,1264.525390625,cuda:0,NVIDIA A100-PCIE-40GB,535.288.01,450.0,1335.0,1410.0,42.0,52.0,213.42,13.0,0,0,sw_power_cap,1.0,0.0,,149.18219049088657,1.4169246689416468,True,2.3.1+cu121,2.3.0+cu121,8.4.153,raw/main/runs/trt_fp32/yolov8m/bs28__run2__20261002T163142_616548Z__ok.json,throttle sw_power_cap
main,trt_fp32,yolov8m,28,3,640,20261002T183009_354296Z,2026-10-02T18:30:10+00:00,43.501351699233055,43.5029121581465,0.4015032628815751,44.00262443814427,40.735174901783466,44.44063501432538,100,45.79923408571631,45.346276834607124,45.89158250018954,44.01237812824547,1.5536197035440378,1264.525390625,cuda:0,NVIDIA A100-PCIE-40GB,535.288.01,765.0,1350.0,1410.0,48.0,56.0,250.23,13.0,0,0,sw_power_cap,1.0,0.0,,149.18219049088657,1.4203484212048352,True,2.3.1+cu121,2.3.0+cu121,8.4.153,raw/main/runs/trt_fp32/yolov8m/bs28__run3__20261002T183009_354296Z__ok.json,throttle sw_power_cap
main,trt_fp32,yolov8m,28,4,640,20261002T192915_606636Z,2026-10-02T19:29:16+00:00,43.44208724796772,43.51028776727617,0.44446065441351645,43.906253669410944,40.53425183519721,44.35803182423115,100,45.619614189490676,45.30910705216229,45.723986462689936,43.977551739662886,1.551503115998847,1264.525390625,cuda:0,NVIDIA A100-PCIE-40GB,535.288.01,615.0,1335.0,1410.0,46.0,55.0,242.04,13.0,0,0,sw_power_cap,1.0,0.0,,149.18219049088657,1.4174937652423978,True,2.3.1+cu121,2.3.0+cu121,8.4.153,raw/main/runs/trt_fp32/yolov8m/bs28__run4__20261002T192915_606636Z__ok.json,throttle sw_power_cap
main,trt_fp32,yolov8m,30,0,640,20261002T145930_145543Z,2026-10-02T14:59:31+00:00,46.772121456451714,46.74322088249028,0.38760173610051907,47.27055139373988,44.1520856693387,47.46423335745931,100,49.05949746724218,48.682056134566665,49.19398378115147,47.287775380536914,1.5590707152150571,1347.0615234375,cuda:0,NVIDIA A100-PCIE-40GB,535.288.01,765.0,1335.0,1410.0,41.0,52.0,240.34,13.0,0,0,sw_power_cap,1.0,0.0,,157.33054507523775,1.4465295188128948,True,2.3.1+cu121,2.3.0+cu121,8.4.153,raw/main/runs/trt_fp32/yolov8m/bs30__run0__20261002T145930_145543Z__ok.json,throttle sw_power_cap
main,trt_fp32,yolov8m,30,1,640,20261002T154856_389506Z,2026-10-02T15:48:57+00:00,46.90950848162174,46.93528194911778,0.40120460551848697,47.47472438029945,44.43641286343336,48.22094598785043,100,49.20771303586662,48.884389689192176,49.53062653075904,47.46015510056168,1.5636502827207248,1347.0615234375,cuda:0,NVIDIA A100-PCIE-40GB,535.288.01,765.0,1335.0,1410.0,48.0,56.0,243.78,13.0,0,0,sw_power_cap,1.0,0.0,,157.33054507523775,1.4521034397184849,True,2.3.1+cu121,2.3.0+cu121,8.4.153,raw/main/runs/trt_fp32/yolov8m/bs30__run1__20261002T154856_389506Z__ok.json,throttle sw_power_cap
main,trt_fp32,yolov8m,30,2,640,20261002T163601_580562Z,2026-10-02T16:36:02+00:00,46.86737667769194,46.95219686254859,0.4474922642338502,47.3077378468588,43.76592021435499,47.728125005960464,100,49.2508020112291,48.90002845786512,49.402412795461714,47.37028165254742,1.562245889256398,1347.0615234375,cuda:0,NVIDIA A100-PCIE-40GB,535.288.01,525.0,1350.0,1410.0,46.0,55.0,245.38,13.0,0,0,sw_power_cap,1.0,0.0,,157.33054507523775,1.4364913827739656,True,2.3.1+cu121,2.3.0+cu121,8.4.153,raw/main/runs/trt_fp32/yolov8m/bs30__run2__20261002T163601_580562Z__ok.json,throttle sw_power_cap
main,trt_fp32,yolov8m,30,3,640,20261002T173841_349375Z,2026-10-02T17:38:42+00:00,47.0192988216877,47.05123184248805,0.4282033259643482,47.5650898180902,44.128213077783585,48.051105346530676,100,49.32135367766023,49.02338748797774,49.4940277421847,47.52087817993015,1.5673099607229233,1347.0615234375,cuda:0,NVIDIA A100-PCIE-40GB,535.288.01,495.0,1335.0,1410.0,50.0,57.0,90.51,13.0,0,0,sw_power_cap,1.0,0.0,,157.33054507523775,1.4575903341174126,True,2.3.1+cu121,2.3.0+cu121,8.4.153,raw/main/runs/trt_fp32/yolov8m/bs30__run3__20261002T173841_349375Z__ok.json,throttle sw_power_cap
main,trt_fp32,yolov8m,30,4,640,20261002T193254_807650Z,2026-10-02T19:32:56+00:00,46.75294594373554,46.78912507370114,0.39069618898927344,47.20249599777162,43.977088294923306,47.421352006495,100,49.02152909897268,48.70629869401455,49.11836569663137,47.26540641859174,1.5584315314578514,1347.0615234375,cuda:0,NVIDIA A100-PCIE-40GB,535.288.01,540.0,1350.0,1410.0,43.0,53.0,254.76,13.0,0,0,sw_power_cap,1.0,0.0,,157.33054507523775,1.4283635062165558,True,2.3.1+cu121,2.3.0+cu121,8.4.153,raw/main/runs/trt_fp32/yolov8m/bs30__run4__20261002T193254_807650Z__ok.json,throttle sw_power_cap
main,trt_fp32,yolov8m,32,0,640,20261002T144326_046070Z,2026-10-02T14:43:27+00:00,49.60717500653118,49.63973653502762,0.4321412599952758,50.15057388227433,46.60494579002261,50.37488276138902,100,52.03504306729883,51.66894709691405,52.210830338299274,50.209221369586885,1.5502242189540993,1437.798828125,cuda:0,NVIDIA A100-PCIE-40GB,535.288.01,1410.0,1365.0,1410.0,51.0,58.0,62.82,13.0,0,0,sw_power_cap,1.0,0.0,,158.8662952450104,1.4570944961160421,True,2.3.1+cu121,2.3.0+cu121,8.4.153,raw/main/runs/trt_fp32/yolov8m/bs32__run0__20261002T144326_046070Z__ok.json,throttle sw_power_cap
main,trt_fp32,yolov8m,32,1,640,20261002T153316_202724Z,2026-10-02T15:33:17+00:00,49.46754426229745,49.45827252231538,0.4626069790962421,49.995999527163804,46.667765360325575,51.20122618973255,100,51.88047519419342,51.481332862749696,52.09296876564622,50.074507049284875,1.5458607581967954,1437.798828125,cuda:0,NVIDIA A100-PCIE-40GB,535.288.01,765.0,1335.0,1410.0,46.0,55.0,61.14,13.0,0,0,sw_power_cap,1.0,0.0,,158.8662952450104,1.4736150824464858,True,2.3.1+cu121,2.3.0+cu121,8.4.153,raw/main/runs/trt_fp32/yolov8m/bs32__run1__20261002T153316_202724Z__ok.json,throttle sw_power_cap
main,trt_fp32,yolov8m,32,2,640,20261002T163334_888720Z,2026-10-02T16:33:36+00:00,49.384395983070135,49.394892528653145,0.4385473593622477,49.93817808572203,46.28582112491131,50.089463125914335,100,51.95080352947116,51.43985105678439,51.98466752190143,49.94963745120913,1.5432623744709417,1437.798828125,cuda:0,NVIDIA A100-PCIE-40GB,535.288.01,765.0,1335.0,1410.0,44.0,53.0,248.23,13.0,0,0,sw_power_cap,1.0,0.0,,158.8662952450104,1.4195276014506817,True,2.3.1+cu121,2.3.0+cu121,8.4.153,raw/main/runs/trt_fp32/yolov8m/bs32__run2__20261002T163334_888720Z__ok.json,throttle sw_power_cap
main,trt_fp32,yolov8m,32,3,640,20261002T175643_299474Z,2026-10-02T17:56:44+00:00,49.30326180998236,49.33529440313578,0.37673571878828754,49.753439077176154,46.66284890845418,50.083220936357975,100,51.717704106122255,51.385430386289954,51.819094899110496,49.882217198610306,1.5407269315619487,1437.798828125,cuda:0,NVIDIA A100-PCIE-40GB,535.288.01,345.0,1365.0,1410.0,41.0,52.0,65.31,13.0,0,0,sw_power_cap,1.0,0.0,,158.8662952450104,1.4366825437173247,True,2.3.1+cu121,2.3.0+cu121,8.4.153,raw/main/runs/trt_fp32/yolov8m/bs32__run3__20261002T175643_299474Z__ok.json,throttle sw_power_cap
main,trt_fp32,yolov8m,32,4,640,20261002T191302_562057Z,2026-10-02T19:13:03+00:00,49.22474273014814,49.25317410379648,0.4781675684212341,49.70762520097196,46.45208781585097,51.635167095810175,100,51.63294860627502,51.27434781752527,51.75323646981269,49.82342484407127,1.5382732103171293,1437.798828125,cuda:0,NVIDIA A100-PCIE-40GB,535.288.01,315.0,1335.0,1410.0,40.0,50.0,243.1,13.0,0,0,sw_power_cap,1.0,0.0,,158.8662952450104,1.4298516009002924,True,2.3.1+cu121,2.3.0+cu121,8.4.153,raw/main/runs/trt_fp32/yolov8m/bs32__run4__20261002T191302_562057Z__ok.json,throttle sw_power_cap
main,trt_fp32,yolov8m,40,0,640,20261002T150910_196475Z,2026-10-02T15:09:11+00:00,60.90816197451204,60.96950499340892,0.6387832231598234,61.728630075231194,57.48905194923282,62.447554897516966,100,63.94034691620618,63.391809817403555,64.15437888354063,61.66747581213713,1.522704049362801,1424.74951171875,cuda:0,NVIDIA A100-PCIE-40GB,535.288.01,765.0,1350.0,1410.0,46.0,55.0,244.71,13.0,0,0,sw_power_cap,1.0,0.0,,175.99401951907203,1.4408194259740412,True,2.3.1+cu121,2.3.0+cu121,8.4.153,raw/main/runs/trt_fp32/yolov8m/bs40__run0__20261002T150910_196475Z__ok.json,throttle sw_power_cap
main,trt_fp32,yolov8m,40,1,640,20261002T155626_265991Z,2026-10-02T15:56:27+00:00,61.01519464980811,61.194763984531164,0.6479939295214505,61.88829122111201,57.65265831723809,62.270657159388065,100,63.830854604020715,63.61944507807493,64.31140706408769,61.764219352044165,1.5253798662452027,1424.74951171875,cuda:0,NVIDIA A100-PCIE-40GB,535.288.01,555.0,1335.0,1410.0,48.0,57.0,244.17,13.0,0,0,sw_power_cap,1.0,0.0,,175.99401951907203,1.4438676051795483,True,2.3.1+cu121,2.3.0+cu121,8.4.153,raw/main/runs/trt_fp32/yolov8m/bs40__run1__20261002T155626_265991Z__ok.json,throttle sw_power_cap
main,trt_fp32,yolov8m,40,2,640,20261002T164112_225282Z,2026-10-02T16:41:13+00:00,60.770381153561175,60.872944770380855,0.6616015353079098,61.649974971078336,57.327073998749256,62.08120519295335,100,63.77384196035564,63.40181757695973,64.21018489636481,61.5283472603187,1.5192595288390294,1424.74951171875,cuda:0,NVIDIA A100-PCIE-40GB,535.288.01,1410.0,1350.0,1410.0,44.0,55.0,259.18,13.0,0,0,sw_power_cap,1.0,0.0,,175.99401951907203,1.450967739801854,True,2.3.1+cu121,2.3.0+cu121,8.4.153,raw/main/runs/trt_fp32/yolov8m/bs40__run2__20261002T164112_225282Z__ok.json,throttle sw_power_cap
main,trt_fp32,yolov8m,40,3,640,20261002T182947_491426Z,2026-10-02T18:29:48+00:00,60.879997704178095,61.01340102031827,0.620930516324598,61.522168992087245,57.48076783493161,62.89219902828336,100,63.94378952216357,63.5145828127861,64.10248114261776,61.64963385090232,1.5219999426044524,1424.74951171875,cuda:0,NVIDIA A100-PCIE-40GB,535.288.01,765.0,1320.0,1410.0,46.0,56.0,244.47,13.0,0,0,sw_power_cap,1.0,0.0,,175.99401951907203,1.4039541371166706,True,2.3.1+cu121,2.3.0+cu121,8.4.153,raw/main/runs/trt_fp32/yolov8m/bs40__run3__20261002T182947_491426Z__ok.json,throttle sw_power_cap
main,trt_fp32,yolov8m,40,4,640,20261002T183859_068567Z,2026-10-02T18:39:00+00:00,60.723783457651734,60.790859162807465,0.7066367342020773,61.64257205091417,57.23493313416839,62.674523796886206,100,63.755371207371354,63.30294976942241,64.13065111264586,61.50574113242328,1.5180945864412934,1424.74951171875,cuda:0,NVIDIA A100-PCIE-40GB,535.288.01,555.0,1335.0,1410.0,44.0,53.0,253.39,13.0,0,0,sw_power_cap,1.0,0.0,,175.99401951907203,1.4302178067155182,True,2.3.1+cu121,2.3.0+cu121,8.4.153,raw/main/runs/trt_fp32/yolov8m/bs40__run4__20261002T183859_068567Z__ok.json,throttle sw_power_cap
main,trt_fp32,yolov8m,48,0,640,20261002T144727_930184Z,2026-10-02T14:47:29+00:00,74.04605269432068,74.06812603585422,0.5353150293263687,74.73064952064306,70.25142991915345,74.797207955271,100,77.29705389589071,76.93877466954291,77.64951495919377,74.91853202227503,1.5426260977983475,1486.8994140625,cuda:0,NVIDIA A100-PCIE-40GB,535.288.01,765.0,1350.0,1410.0,44.0,56.0,256.54,13.0,0,0,sw_power_cap,1.0,0.0,,189.65133880916983,1.446265263017267,True,2.3.1+cu121,2.3.0+cu121,8.4.153,raw/main/runs/trt_fp32/yolov8m/bs48__run0__20261002T144727_930184Z__ok.json,throttle sw_power_cap
main,trt_fp32,yolov8m,48,1,640,20261002T153414_309698Z,2026-10-02T15:34:15+00:00,74.51033803168684,74.49123729020357,0.5419631559632837,75.21426491439342,71.09006866812706,75.79197315499187,100,77.77015533763915,77.37681549042463,78.13010674435645,75.34951815847307,1.5522987089934759,1486.8994140625,cuda:0,NVIDIA A100-PCIE-40GB,535.288.01,1410.0,1335.0,1410.0,53.0,60.0,66.0,13.0,0,0,sw_power_cap,1.0,0.0,,189.65133880916983,1.4499594131484628,True,2.3.1+cu121,2.3.0+cu121,8.4.153,raw/main/runs/trt_fp32/yolov8m/bs48__run1__20261002T153414_309698Z__ok.json,throttle sw_power_cap
main,trt_fp32,yolov8m,48,2,640,20261002T165741_503440Z,2026-10-02T16:57:42+00:00,73.93922148272395,73.96473246626556,0.49211684531319694,74.47692060377449,70.87647495791316,74.8054962605238,100,77.24483554717153,76.91535702906549,77.66642230562866,74.82970445882529,1.540400447556749,1486.8994140625,cuda:0,NVIDIA A100-PCIE-40GB,535.288.01,435.0,1335.0,1410.0,42.0,53.0,234.93,13.0,0,0,sw_power_cap,1.0,0.0,,189.65133880916983,1.4336862405762076,True,2.3.1+cu121,2.3.0+cu121,8.4.153,raw/main/runs/trt_fp32/yolov8m/bs48__run2__20261002T165741_503440Z__ok.json,throttle sw_power_cap
main,trt_fp32,yolov8m,48,3,640,20261002T175341_470888Z,2026-10-02T17:53:42+00:00,73.87490326538682,73.92567046917975,0.5958866403406159,74.62487369775772,70.05191268399358,75.32913098111749,100,77.19281004741788,76.88194955699146,77.5671970564872,74.69487829133868,1.5390604846955587,1486.8994140625,cuda:0,NVIDIA A100-PCIE-40GB,535.288.01,480.0,1335.0,1410.0,41.0,53.0,251.68,13.0,0,0,sw_power_cap,1.0,0.0,,189.65133880916983,1.4422987471334636,True,2.3.1+cu121,2.3.0+cu121,8.4.153,raw/main/runs/trt_fp32/yolov8m/bs48__run3__20261002T175341_470888Z__ok.json,throttle sw_power_cap
main,trt_fp32,yolov8m,48,4,640,20261002T184218_809528Z,2026-10-02T18:42:20+00:00,74.24313217867166,74.31891560554504,0.5177853159086655,74.84686265233904,70.67949417978525,75.17022918909788,100,77.57483125198632,77.24063820205629,77.82842309679836,75.13690955005586,1.5467319203889929,1486.8994140625,cuda:0,NVIDIA A100-PCIE-40GB,535.288.01,690.0,1335.0,1410.0,49.0,58.0,241.11,13.0,0,0,sw_power_cap,1.0,0.0,,189.65133880916983,1.4372184867970645,True,2.3.1+cu121,2.3.0+cu121,8.4.153,raw/main/runs/trt_fp32/yolov8m/bs48__run4__20261002T184218_809528Z__ok.json,throttle sw_power_cap
main,trt_fp32,yolov8m,56,0,640,20261002T150807_222640Z,2026-10-02T15:08:08+00:00,85.72628179565072,85.70549543946981,0.5939751675585809,86.43673057667911,81.84138312935829,87.2904877178371,100,89.42115533165634,88.98772159591317,89.80542763601989,86.66707486379892,1.53082646063662,1465.14794921875,cuda:0,NVIDIA A100-PCIE-40GB,535.288.01,1410.0,1335.0,1410.0,54.0,61.0,71.04,13.0,0,0,sw_power_cap,1.0,0.0,,213.60587097890675,1.4172607120126486,True,2.3.1+cu121,2.3.0+cu121,8.4.153,raw/main/runs/trt_fp32/yolov8m/bs56__run0__20261002T150807_222640Z__ok.json,throttle sw_power_cap
main,trt_fp32,yolov8m,56,1,640,20261002T155150_292607Z,2026-10-02T15:51:51+00:00,85.23070664145052,85.25802590884268,0.5972745149957235,85.97625794354826,81.66369376704097,86.64439106360078,100,88.99164496921003,88.63843395374715,89.40027547068894,86.2202739994973,1.5219769043116165,1465.14794921875,cuda:0,NVIDIA A100-PCIE-40GB,535.288.01,765.0,1335.0,1410.0,46.0,57.0,261.47,13.0,0,0,sw_power_cap,1.0,0.0,,213.60587097890675,1.4458425110206008,True,2.3.1+cu121,2.3.0+cu121,8.4.153,raw/main/runs/trt_fp32/yolov8m/bs56__run1__20261002T155150_292607Z__ok.json,throttle sw_power_cap
main,trt_fp32,yolov8m,56,2,640,20261002T170823_846188Z,2026-10-02T17:08:25+00:00,84.89769033621997,84.88730597309768,0.5607672008977513,85.5801094090566,81.60085277631879,86.50370594114065,100,88.64586195908487,88.25558912940323,88.92035803291947,85.90711128897965,1.5160301845753565,1465.14794921875,cuda:0,NVIDIA A100-PCIE-40GB,535.288.01,345.0,1335.0,1410.0,40.0,53.0,248.72,13.0,0,0,sw_power_cap,1.0,0.0,,213.60587097890675,1.41214065765962,True,2.3.1+cu121,2.3.0+cu121,8.4.153,raw/main/runs/trt_fp32/yolov8m/bs56__run2__20261002T170823_846188Z__ok.json,throttle sw_power_cap
main,trt_fp32,yolov8m,56,3,640,20261002T181039_819050Z,2026-10-02T18:10:41+00:00,85.08098219055682,85.12881607748568,0.6392025943848099,85.87646021042019,80.93488402664661,86.18501387536526,100,88.86134943924844,88.44527415931225,89.19212487526238,86.15667486097664,1.5193032534028004,1465.14794921875,cuda:0,NVIDIA A100-PCIE-40GB,535.288.01,375.0,1350.0,1410.0,44.0,55.0,259.18,13.0,0,0,sw_power_cap,1.0,0.0,,213.60587097890675,1.411959989927709,True,2.3.1+cu121,2.3.0+cu121,8.4.153,raw/main/runs/trt_fp32/yolov8m/bs56__run3__20261002T181039_819050Z__ok.json,throttle sw_power_cap
main,trt_fp32,yolov8m,56,4,640,20261002T190247_005606Z,2026-10-02T19:02:48+00:00,84.95763638056815,84.95612884871662,0.6174041283339547,85.76326360926032,81.16102404892445,86.11266687512398,100,88.69912751950324,88.307224214077,89.21486095059663,86.0291929077357,1.5171006496530026,1465.14794921875,cuda:0,NVIDIA A100-PCIE-40GB,535.288.01,630.0,1305.0,1410.0,43.0,55.0,256.8,13.0,0,0,sw_power_cap,1.0,0.0,,213.60587097890675,1.4117356748320162,True,2.3.1+cu121,2.3.0+cu121,8.4.153,raw/main/runs/trt_fp32/yolov8m/bs56__run4__20261002T190247_005606Z__ok.json,throttle sw_power_cap
main,trt_fp32,yolov8m,64,0,640,20261002T151124_074613Z,2026-10-02T15:11:25+00:00,97.46685657650232,97.45833417400718,0.5515281977973484,98.20648888126016,93.92919903621078,98.82271895185113,100,101.63777713198215,101.23142506927252,102.18837934080511,98.37968562729657,1.5229196340078488,1675.59765625,cuda:0,NVIDIA A100-PCIE-40GB,535.288.01,765.0,1335.0,1410.0,47.0,58.0,250.24,13.0,0,0,sw_power_cap,1.0,0.0,,232.19086883869022,1.4327453440055251,True,2.3.1+cu121,2.3.0+cu121,8.4.153,raw/main/runs/trt_fp32/yolov8m/bs64__run0__20261002T151124_074613Z__ok.json,throttle sw_power_cap
main,trt_fp32,yolov8m,64,1,640,20261002T154941_390056Z,2026-10-02T15:49:42+00:00,97.43025893345475,97.38907706923783,0.6073941112537804,98.35024098865688,93.40649703517556,98.71549066156149,100,101.57693250104785,101.17063927464187,102.13876671623439,98.32671214360744,1.5223477958352305,1675.59765625,cuda:0,NVIDIA A100-PCIE-40GB,535.288.01,765.0,1335.0,1410.0,47.0,58.0,59.65,13.0,0,0,sw_power_cap,1.0,0.0,,232.19086883869022,1.4580200393684208,True,2.3.1+cu121,2.3.0+cu121,8.4.153,raw/main/runs/trt_fp32/yolov8m/bs64__run1__20261002T154941_390056Z__ok.json,throttle sw_power_cap
main,trt_fp32,yolov8m,64,2,640,20261002T172455_796851Z,2026-10-02T17:24:57+00:00,97.17613064218313,97.17788407579064,0.585325053665202,97.88981152232736,93.47496507689357,98.79656601697206,100,101.4022528193891,100.93155037611723,101.77957406267524,98.00784617196769,1.5183770412841113,1675.59765625,cuda:0,NVIDIA A100-PCIE-40GB,535.288.01,765.0,1365.0,1410.0,42.0,55.0,62.32,13.0,0,0,sw_power_cap,1.0,0.0,,232.19086883869022,1.4165674527175725,True,2.3.1+cu121,2.3.0+cu121,8.4.153,raw/main/runs/trt_fp32/yolov8m/bs64__run2__20261002T172455_796851Z__ok.json,throttle sw_power_cap
main,trt_fp32,yolov8m,64,3,640,20261002T174825_982070Z,2026-10-02T17:48:27+00:00,97.20034368336201,97.18363336287439,0.5173085261401497,97.86321478895843,93.61382573843002,98.71566109359264,100,101.39024205040187,100.99728521890938,101.64520810358226,98.1218579178676,1.5187553700525314,1675.59765625,cuda:0,NVIDIA A100-PCIE-40GB,535.288.01,765.0,1320.0,1410.0,43.0,56.0,77.18,13.0,0,0,sw_power_cap,1.0,0.0,,232.19086883869022,1.4662146689370275,True,2.3.1+cu121,2.3.0+cu121,8.4.153,raw/main/runs/trt_fp32/yolov8m/bs64__run3__20261002T174825_982070Z__ok.json,throttle sw_power_cap
main,trt_fp32,yolov8m,64,4,640,20261002T191043_039061Z,2026-10-02T19:10:44+00:00,97.21153753809631,97.22128044813871,0.4916284166119086,97.78250236995518,93.71321089565754,98.23051374405622,100,101.41339991241693,101.02030355483294,101.6907837241888,98.12511664815247,1.5189302740327548,1675.59765625,cuda:0,NVIDIA A100-PCIE-40GB,535.288.01,765.0,1320.0,1410.0,45.0,56.0,241.23,13.0,0,0,sw_power_cap,1.0,0.0,,232.19086883869022,1.4464030992239714,True,2.3.1+cu121,2.3.0+cu121,8.4.153,raw/main/runs/trt_fp32/yolov8m/bs64__run4__20261002T191043_039061Z__ok.json,throttle sw_power_cap
main,trt_fp32,yolov8n,1,0,640,20261002T144345_454776Z,2026-10-02T14:43:46+00:00,1.9959685066714883,2.2121178917586803,0.39551475068715536,2.2203416330739856,1.3026897795498371,2.70105991512537,100,8.012367496266961,2.9168641194701195,2.9460586607456207,1.1504698125645518,1.9959685066714883,44.982421875,cuda:0,NVIDIA A100-PCIE-40GB,535.288.01,630.0,1410.0,1410.0,50.0,50.0,151.12,13.0,0,0,,1.0,0.0,,90.1326456819661,0.24184577027335763,True,2.3.1+cu121,2.3.0+cu121,8.4.153,raw/main/runs/trt_fp32/yolov8n/bs1__run0__20261002T144345_454776Z__ok.json,
main,trt_fp32,yolov8n,1,1,640,20261002T153706_831579Z,2026-10-02T15:37:08+00:00,2.0099255349487066,2.2099800407886505,0.39609818017438675,2.219926076941192,1.2979120947420597,2.745307981967926,100,7.503643915988505,2.5570036377757788,2.96888023149222,1.1502070911228657,2.0099255349487066,44.982421875,cuda:0,NVIDIA A100-PCIE-40GB,535.288.01,435.0,1410.0,1410.0,44.0,45.0,145.88,13.0,0,0,,1.0,0.0,,90.1326456819661,0.24498681304976344,True,2.3.1+cu121,2.3.0+cu121,8.4.153,raw/main/runs/trt_fp32/yolov8n/bs1__run1__20261002T153706_831579Z__ok.json,
main,trt_fp32,yolov8n,1,2,640,20261002T173155_035682Z,2026-10-02T17:31:56+00:00,1.9906202284619212,2.2097041364759207,0.399031121248853,2.2166880313307047,1.3011032715439796,2.720057964324951,100,8.005460714921355,2.9148817993700504,2.9335515573620796,1.1493680207058787,1.9906202284619212,44.982421875,cuda:0,NVIDIA A100-PCIE-40GB,535.288.01,585.0,1410.0,1410.0,49.0,49.0,135.93,13.0,0,0,,1.0,0.0,,90.1326456819661,0.2439428260549903,True,2.3.1+cu121,2.3.0+cu121,8.4.153,raw/main/runs/trt_fp32/yolov8n/bs1__run2__20261002T173155_035682Z__ok.json,
main,trt_fp32,yolov8n,1,3,640,20261002T173501_293336Z,2026-10-02T17:35:02+00:00,2.11190321482718,2.2077218163758516,0.28540240932464295,2.2156506311148405,1.301176380366087,2.5122901424765587,100,8.036920870654285,2.921680686995387,2.9388484777882695,1.147065688855946,2.11190321482718,44.982421875,cuda:0,NVIDIA A100-PCIE-40GB,535.288.01,660.0,1410.0,1410.0,51.0,50.0,66.28,13.0,0,0,,1.0,0.0,,90.1326456819661,0.2414798140525818,True,2.3.1+cu121,2.3.0+cu121,8.4.153,raw/main/runs/trt_fp32/yolov8n/bs1__run3__20261002T173501_293336Z__ok.json,
main,trt_fp32,yolov8n,1,4,640,20261002T193321_097332Z,2026-10-02T19:33:22+00:00,2.0243115536868572,2.1922418382018805,0.3656695551762195,2.2029901389032602,1.2814230285584927,2.681997139006853,100,7.899693362414837,2.899653511121869,2.9250157065689564,1.1327934311702847,2.0243115536868572,44.982421875,cuda:0,NVIDIA A100-PCIE-40GB,535.288.01,765.0,1410.0,1410.0,43.0,44.0,144.16,13.0,0,0,,1.0,0.0,,90.1326456819661,0.24222009116783738,True,2.3.1+cu121,2.3.0+cu121,8.4.153,raw/main/runs/trt_fp32/yolov8n/bs1__run4__20261002T193321_097332Z__ok.json,
main,trt_fp32,yolov8n,2,0,640,20261002T150834_550088Z,2026-10-02T15:08:35+00:00,2.3841221863403916,2.2575026378035545,0.18006777847117988,2.6009472785517573,2.2511580027639866,3.087554592639208,100,8.017805004492402,3.0335146002471447,3.7734245182946324,1.3817772967740893,1.1920610931701958,91.00927734375,cuda:0,NVIDIA A100-PCIE-40GB,535.288.01,570.0,1410.0,1410.0,54.0,54.0,68.55,13.0,0,0,,1.0,0.0,,82.86083748564124,0.24819872714579105,True,2.3.1+cu121,2.3.0+cu121,8.4.153,raw/main/runs/trt_fp32/yolov8n/bs2__run0__20261002T150834_550088Z__ok.json,
main,trt_fp32,yolov8n,2,1,640,20261002T160553_152001Z,2026-10-02T16:05:54+00:00,2.143690548837185,2.140555065125227,0.4914214878993987,2.6286852546036243,1.6493438743054867,3.0533941462635994,100,9.174690870568156,3.106700489297509,3.8151368498802185,1.4424459310248494,1.0718452744185925,91.0087890625,cuda:0,NVIDIA A100-PCIE-40GB,535.288.01,1410.0,1410.0,1410.0,50.0,50.0,83.37,13.0,0,0,,1.0,0.0,,82.86083748564124,0.24954260885715485,True,2.3.1+cu121,2.3.0+cu121,8.4.153,raw/main/runs/trt_fp32/yolov8n/bs2__run1__20261002T160553_152001Z__ok.json,
main,trt_fp32,yolov8n,2,2,640,20261002T163503_394990Z,2026-10-02T16:35:04+00:00,2.23702322691679,2.6142760179936886,0.5282807825646348,2.622841880656779,1.5358971431851387,3.145574126392603,100,7.843250669538975,3.3992649987339973,3.8041147170588374,1.38137589674443,1.118511613458395,91.0087890625,cuda:0,NVIDIA A100-PCIE-40GB,535.288.01,555.0,1410.0,1410.0,43.0,45.0,73.49,13.0,0,0,,1.0,0.0,,82.86083748564124,0.24994334392249584,True,2.3.1+cu121,2.3.0+cu121,8.4.153,raw/main/runs/trt_fp32/yolov8n/bs2__run2__20261002T163503_394990Z__ok.json,
main,trt_fp32,yolov8n,2,3,640,20261002T182133_338199Z,2026-10-02T18:21:34+00:00,2.4195107584819198,2.4340650998055935,0.2846454407541509,2.618442918173969,1.5210509300231934,3.023131750524044,100,8.237371700815856,3.3915978856384754,3.7945399060845375,1.3684563431888819,1.2097553792409599,91.0087890625,cuda:0,NVIDIA A100-PCIE-40GB,535.288.01,765.0,1410.0,1410.0,43.0,44.0,63.81,13.0,0,0,,1.0,0.0,,82.86083748564124,0.25066991010680795,True,2.3.1+cu121,2.3.0+cu121,8.4.153,raw/main/runs/trt_fp32/yolov8n/bs2__run3__20261002T182133_338199Z__ok.json,
main,trt_fp32,yolov8n,2,4,640,20261002T183648_733801Z,2026-10-02T18:36:50+00:00,2.462235507555306,2.591883996501565,0.3674510932428233,2.5996495969593525,1.520299818366766,3.1081880442798138,100,8.099120832048357,3.372863633558154,3.7925578420981765,1.3684820290654898,1.231117753777653,91.0087890625,cuda:0,NVIDIA A100-PCIE-40GB,535.288.01,300.0,1410.0,1410.0,45.0,47.0,196.21,13.0,0,0,,1.0,0.0,,82.86083748564124,0.24947215616703033,True,2.3.1+cu121,2.3.0+cu121,8.4.153,raw/main/runs/trt_fp32/yolov8n/bs2__run4__20261002T183648_733801Z__ok.json,
main,trt_fp32,yolov8n,4,0,640,20261002T151504_868187Z,2026-10-02T15:15:06+00:00,2.8637526044622064,3.4902975894510746,0.6971979599052903,3.501598979346454,2.1087010391056538,3.8771452382206917,100,9.268547180108726,4.785827593877912,5.568535509519279,1.9559769425541162,0.7159381511155516,179.6103515625,cuda:0,NVIDIA A100-PCIE-40GB,535.288.01,765.0,1410.0,1410.0,48.0,51.0,249.16,13.0,0,0,,1.0,0.0,,83.7788105988875,0.26595838414505124,True,2.3.1+cu121,2.3.0+cu121,8.4.153,raw/main/runs/trt_fp32/yolov8n/bs4__run0__20261002T151504_868187Z__ok.json,
main,trt_fp32,yolov8n,4,1,640,20261002T153954_584226Z,2026-10-02T15:39:55+00:00,2.712287725880742,2.5235998909920454,0.48246431199016365,3.245856147259474,2.1198010072112083,4.838575143367052,100,10.508594610728323,4.156548762694001,5.3211686899885535,1.9676807289943101,0.6780719314701855,179.60986328125,cuda:0,NVIDIA A100-PCIE-40GB,535.288.01,765.0,1410.0,1410.0,42.0,45.0,183.93,13.0,0,0,,1.0,0.0,,83.7788105988875,0.2720161732286215,True,2.3.1+cu121,2.3.0+cu121,8.4.153,raw/main/runs/trt_fp32/yolov8n/bs4__run1__20261002T153954_584226Z__ok.json,
main,trt_fp32,yolov8n,4,2,640,20261002T165124_852418Z,2026-10-02T16:51:26+00:00,2.754412842914462,2.127310959622264,0.7027198263259758,3.520573629066348,2.1198210306465626,3.9789360016584396,100,8.77455257344991,3.773357020691037,5.22535415366292,1.9671332882717254,0.6886032107286155,179.6103515625,cuda:0,NVIDIA A100-PCIE-40GB,535.288.01,1410.0,1410.0,1410.0,53.0,54.0,117.06,13.0,0,0,,1.0,0.0,,83.7788105988875,0.26925007766112685,True,2.3.1+cu121,2.3.0+cu121,8.4.153,raw/main/runs/trt_fp32/yolov8n/bs4__run2__20261002T165124_852418Z__ok.json,
main,trt_fp32,yolov8n,4,3,640,20261002T174230_047320Z,2026-10-02T17:42:31+00:00,2.678908803500235,2.1337545476853848,0.6858416017807168,3.5261088283732533,2.121848985552788,3.910384140908718,100,9.530629413202405,3.796492237597704,5.614672135561705,1.968951150774956,0.6697272008750588,179.60986328125,cuda:0,NVIDIA A100-PCIE-40GB,535.288.01,765.0,1410.0,1410.0,45.0,48.0,70.55,13.0,0,0,,1.0,0.0,,83.7788105988875,0.2733633699826896,True,2.3.1+cu121,2.3.0+cu121,8.4.153,raw/main/runs/trt_fp32/yolov8n/bs4__run3__20261002T174230_047320Z__ok.json,
main,trt_fp32,yolov8n,4,4,640,20261002T183641_553368Z,2026-10-02T18:36:42+00:00,2.814984177239239,3.3784687984734774,0.6414521800944909,3.3896205946803093,2.104158978909254,3.7987278774380684,100,9.345957939513028,4.686267580837011,5.46702325809747,1.9521841779351234,0.7037460443098098,179.60986328125,cuda:0,NVIDIA A100-PCIE-40GB,535.288.01,765.0,1410.0,1410.0,48.0,49.0,67.38,13.0,0,0,,1.0,0.0,,83.7788105988875,0.2685347879305482,True,2.3.1+cu121,2.3.0+cu121,8.4.153,raw/main/runs/trt_fp32/yolov8n/bs4__run4__20261002T183641_553368Z__ok.json,
main,trt_fp32,yolov8n,6,0,640,20261002T145323_283016Z,2026-10-02T14:53:24+00:00,3.316359925083816,3.302116645500064,0.44586480463290046,3.997757867909968,2.8801653534173965,4.69282316043973,100,10.06159108132124,5.38673298433423,6.5225241938605905,2.730564419180155,0.552726654180636,269.41455078125,cuda:0,NVIDIA A100-PCIE-40GB,535.288.01,450.0,1395.0,1410.0,43.0,47.0,255.13,13.0,0,0,sw_power_cap,1.0,0.0,,90.5541380434297,0.2763658999465406,True,2.3.1+cu121,2.3.0+cu121,8.4.153,raw/main/runs/trt_fp32/yolov8n/bs6__run0__20261002T145323_283016Z__ok.json,throttle sw_power_cap
main,trt_fp32,yolov8n,6,1,640,20261002T161337_093775Z,2026-10-02T16:13:38+00:00,3.254051385447383,2.8783350717276335,0.5576404841048563,4.044950124807656,2.866920083761215,4.656647797673941,100,10.237612342461944,5.579662509262562,7.002337230369449,2.7358788112178445,0.5423418975745639,269.41455078125,cuda:0,NVIDIA A100-PCIE-40GB,535.288.01,465.0,1395.0,1410.0,46.0,50.0,70.25,13.0,0,0,sw_power_cap,1.0,0.0,,90.5541380434297,0.2809328958392143,True,2.3.1+cu121,2.3.0+cu121,8.4.153,raw/main/runs/trt_fp32/yolov8n/bs6__run1__20261002T161337_093775Z__ok.json,throttle sw_power_cap
main,trt_fp32,yolov8n,6,2,640,20261002T170354_991436Z,2026-10-02T17:03:56+00:00,3.44982685521245,3.235475393012166,0.7194325049711561,4.6720188576728106,2.874355297535658,5.092342849820852,100,12.0138840097934,5.376978078857064,7.2461419040337205,2.7413453813642263,0.5749711425354084,269.41455078125,cuda:0,NVIDIA A100-PCIE-40GB,535.288.01,1410.0,1395.0,1410.0,49.0,52.0,69.76,13.0,0,0,sw_power_cap,1.0,0.0,,90.5541380434297,0.2812255541794002,True,2.3.1+cu121,2.3.0+cu121,8.4.153,raw/main/runs/trt_fp32/yolov8n/bs6__run2__20261002T170354_991436Z__ok.json,throttle sw_power_cap
main,trt_fp32,yolov8n,6,3,640,20261002T181846_126435Z,2026-10-02T18:18:47+00:00,3.388193086721003,2.878333441913128,0.5879959315295763,4.033292760141194,2.865028101950884,4.6415869146585464,100,11.669584126211703,5.724867340177298,6.943771080113947,2.729408019222319,0.5646988477868339,269.4140625,cuda:0,NVIDIA A100-PCIE-40GB,535.288.01,765.0,1395.0,1410.0,47.0,50.0,85.17,13.0,0,0,sw_power_cap,1.0,0.0,,90.5541380434297,0.2761162640526891,True,2.3.1+cu121,2.3.0+cu121,8.4.153,raw/main/runs/trt_fp32/yolov8n/bs6__run3__20261002T181846_126435Z__ok.json,throttle sw_power_cap
main,trt_fp32,yolov8n,6,4,640,20261002T193512_285894Z,2026-10-02T19:35:13+00:00,3.204434709623456,2.8695629443973303,0.5218612267030768,3.9591679582372308,2.860348206013441,4.641464911401272,100,10.218907967209816,5.390762817114592,6.883717468008399,2.7286690892651677,0.5340724516039094,269.4150390625,cuda:0,NVIDIA A100-PCIE-40GB,535.288.01,765.0,1395.0,1410.0,49.0,53.0,73.62,13.0,0,0,sw_power_cap,1.0,0.0,,90.5541380434297,0.2818743269890547,True,2.3.1+cu121,2.3.0+cu121,8.4.153,raw/main/runs/trt_fp32/yolov8n/bs6__run4__20261002T193512_285894Z__ok.json,throttle sw_power_cap
main,trt_fp32,yolov8n,8,0,640,20261002T150014_093927Z,2026-10-02T15:00:15+00:00,3.930522841401398,3.5025919787585735,0.6294905282472869,4.818650730885565,3.4929029643535614,5.280759651213884,100,11.33038577158004,6.126481341198087,8.212639577686787,3.429469456896186,0.4913153551751748,364.15234375,cuda:0,NVIDIA A100-PCIE-40GB,535.288.01,765.0,1395.0,1410.0,44.0,48.0,246.95,13.0,0,0,sw_power_cap,1.0,0.0,,82.51058067800477,0.28115477599203587,True,2.3.1+cu121,2.3.0+cu121,8.4.153,raw/main/runs/trt_fp32/yolov8n/bs8__run0__20261002T150014_093927Z__ok.json,throttle sw_power_cap
main,trt_fp32,yolov8n,8,1,640,20261002T155228_258704Z,2026-10-02T15:52:29+00:00,4.105848139151931,3.515026066452265,0.9106538396248752,5.483799590729177,3.5057058557868004,5.875636357814074,100,12.148840026929975,6.169133121147752,8.965251059271395,3.4406451508402824,0.5132310173939914,364.15234375,cuda:0,NVIDIA A100-PCIE-40GB,535.288.01,405.0,1395.0,1410.0,48.0,52.0,248.4,13.0,0,0,sw_power_cap,1.0,0.0,,82.51058067800477,0.2808102206327021,True,2.3.1+cu121,2.3.0+cu121,8.4.153,raw/main/runs/trt_fp32/yolov8n/bs8__run1__20261002T155228_258704Z__ok.json,throttle sw_power_cap
main,trt_fp32,yolov8n,8,2,640,20261002T170317_324701Z,2026-10-02T17:03:18+00:00,3.7601507175713778,3.693398553878069,0.6336727762680024,4.154258058406413,3.5027950070798397,9.506857953965664,100,11.319661322049797,6.6081935074180365,7.523181312717497,3.4340194379910827,0.4700188396964222,364.15185546875,cuda:0,NVIDIA A100-PCIE-40GB,535.288.01,765.0,1395.0,1410.0,45.0,50.0,245.97,13.0,0,0,sw_power_cap,1.0,0.0,,82.51058067800477,0.27789944084361196,True,2.3.1+cu121,2.3.0+cu121,8.4.153,raw/main/runs/trt_fp32/yolov8n/bs8__run2__20261002T170317_324701Z__ok.json,throttle sw_power_cap
main,trt_fp32,yolov8n,8,3,640,20261002T174602_723134Z,2026-10-02T17:46:04+00:00,3.9997170632705092,3.517750184983015,0.7256875217278721,5.0780396442860365,3.509830217808485,5.285196006298065,100,11.807888024486601,6.942000472918153,8.96024543326348,3.4451443515717983,0.49996463290881366,364.15234375,cuda:0,NVIDIA A100-PCIE-40GB,535.288.01,1410.0,1395.0,1410.0,47.0,49.0,247.74,13.0,0,0,sw_power_cap,1.0,0.0,,82.51058067800477,0.27969775069504976,True,2.3.1+cu121,2.3.0+cu121,8.4.153,raw/main/runs/trt_fp32/yolov8n/bs8__run3__20261002T174602_723134Z__ok.json,throttle sw_power_cap
main,trt_fp32,yolov8n,8,4,640,20261002T185428_075989Z,2026-10-02T18:54:29+00:00,4.22189821023494,3.506156150251627,0.9632069672941691,5.493039591237903,3.496849909424782,5.8975787833333015,100,11.623058253899217,6.902428809553385,9.023037040606141,3.4062603022903204,0.5277372762793675,364.1533203125,cuda:0,NVIDIA A100-PCIE-40GB,535.288.01,465.0,1395.0,1410.0,42.0,47.0,255.46,13.0,0,0,sw_power_cap,1.0,0.0,,82.51058067800477,0.27824062621220946,True,2.3.1+cu121,2.3.0+cu121,8.4.153,raw/main/runs/trt_fp32/yolov8n/bs8__run4__20261002T185428_075989Z__ok.json,throttle sw_power_cap
main,trt_fp32,yolov8n,10,0,640,20261002T142635_185419Z,2026-10-02T14:26:36+00:00,4.975956245325506,4.3890958186239,0.9069455390161539,6.34120125323534,4.37516113743186,6.784419994801283,100,13.137056338600814,7.90019310079515,10.306512005627155,4.326638816855848,0.4975956245325506,449.0244140625,cuda:0,NVIDIA A100-PCIE-40GB,535.288.01,1410.0,1395.0,1410.0,53.0,56.0,76.71,13.0,0,0,sw_power_cap,1.0,0.0,,90.26392539963126,0.27754964493215084,True,2.3.1+cu121,2.3.0+cu121,8.4.153,raw/main/runs/trt_fp32/yolov8n/bs10__run0__20261002T142635_185419Z__ok.json,throttle sw_power_cap
main,trt_fp32,yolov8n,10,1,640,20261002T160920_881408Z,2026-10-02T16:09:22+00:00,4.760148944333196,4.400617675855756,0.4983063391299577,5.443356232717633,4.38756262883544,5.643339361995459,100,13.145296638831496,8.260833332315087,9.369662869721651,4.333234243094921,0.47601489443331957,449.02490234375,cuda:0,NVIDIA A100-PCIE-40GB,535.288.01,765.0,1395.0,1410.0,44.0,49.0,247.7,13.0,0,0,sw_power_cap,1.0,0.0,,90.26392539963126,0.29185283510014415,True,2.3.1+cu121,2.3.0+cu121,8.4.153,raw/main/runs/trt_fp32/yolov8n/bs10__run1__20261002T160920_881408Z__ok.json,throttle sw_power_cap
main,trt_fp32,yolov8n,10,2,640,20261002T170712_068715Z,2026-10-02T17:07:13+00:00,4.868518300354481,4.40070522017777,0.6691807284136643,5.812530056573451,4.390663933008909,6.040043197572231,100,12.947031296789646,8.083026390522718,9.74730234593153,4.34885935857892,0.4868518300354481,449.02392578125,cuda:0,NVIDIA A100-PCIE-40GB,535.288.01,615.0,1395.0,1410.0,43.0,48.0,247.11,13.0,0,0,sw_power_cap,1.0,0.0,,90.26392539963126,0.2882986171171069,True,2.3.1+cu121,2.3.0+cu121,8.4.153,raw/main/runs/trt_fp32/yolov8n/bs10__run2__20261002T170712_068715Z__ok.json,throttle sw_power_cap
main,trt_fp32,yolov8n,10,3,640,20261002T181148_765264Z,2026-10-02T18:11:50+00:00,4.46365347597748,4.389906534925103,0.25901588007778786,4.515750124119222,4.374341573566198,6.8204570561647415,100,12.9075424419716,7.884826045483351,8.042117161676288,4.319734051823616,0.44636534759774804,449.02490234375,cuda:0,NVIDIA A100-PCIE-40GB,535.288.01,390.0,1395.0,1410.0,41.0,47.0,96.37,13.0,0,0,sw_power_cap,1.0,0.0,,90.26392539963126,0.2766674240119755,True,2.3.1+cu121,2.3.0+cu121,8.4.153,raw/main/runs/trt_fp32/yolov8n/bs10__run3__20261002T181148_765264Z__ok.json,throttle sw_power_cap
main,trt_fp32,yolov8n,10,4,640,20261002T192252_457652Z,2026-10-02T19:22:53+00:00,4.4486038433387876,4.388081841170788,0.28167481704783204,4.551134584471583,4.378502257168293,7.14614475145936,100,12.954583931714296,7.934569846838713,8.677609451115131,4.334406480193138,0.44486038433387876,449.025390625,cuda:0,NVIDIA A100-PCIE-40GB,535.288.01,510.0,1395.0,1410.0,50.0,54.0,252.24,13.0,0,0,sw_power_cap,1.0,0.0,,90.26392539963126,0.2773348190821707,True,2.3.1+cu121,2.3.0+cu121,8.4.153,raw/main/runs/trt_fp32/yolov8n/bs10__run4__20261002T192252_457652Z__ok.json,throttle sw_power_cap
main,trt_fp32,yolov8n,12,0,640,20261002T145251_761167Z,2026-10-02T14:52:53+00:00,5.032626083120704,5.014820024371147,0.047688725364984405,5.059059313498437,5.002070218324661,5.3366729989647865,100,13.966324930079281,9.341339115053415,9.812706476077437,5.005442583933473,0.4193855069267253,538.8291015625,cuda:0,NVIDIA A100-PCIE-40GB,535.288.01,765.0,1380.0,1410.0,43.0,49.0,251.08,13.0,0,0,sw_power_cap,1.0,0.0,,85.02222653012723,0.2905741101130843,True,2.3.1+cu121,2.3.0+cu121,8.4.153,raw/main/runs/trt_fp32/yolov8n/bs12__run0__20261002T145251_761167Z__ok.json,throttle sw_power_cap
main,trt_fp32,yolov8n,12,1,640,20261002T160810_241607Z,2026-10-02T16:08:11+00:00,5.553137422539294,5.015085218474269,0.9683954755512956,7.2665957268327475,5.002565216273069,7.636670023202896,100,14.212155579589307,9.03338985517621,11.786193610168993,5.002999156713486,0.4627614518782745,538.8291015625,cuda:0,NVIDIA A100-PCIE-40GB,535.288.01,615.0,1395.0,1410.0,43.0,47.0,59.46,13.0,0,0,sw_power_cap,1.0,0.0,,85.02222653012723,0.27929284470155835,True,2.3.1+cu121,2.3.0+cu121,8.4.153,raw/main/runs/trt_fp32/yolov8n/bs12__run1__20261002T160810_241607Z__ok.json,throttle sw_power_cap
main,trt_fp32,yolov8n,12,2,640,20261002T165733_218694Z,2026-10-02T16:57:34+00:00,5.0737244775518775,5.01401349902153,0.3997815177275252,5.0278963055461645,5.005529150366783,8.092682808637619,100,13.520270837470889,8.614071412011981,9.72746447660029,5.00621119979769,0.4228103731293231,538.82958984375,cuda:0,NVIDIA A100-PCIE-40GB,535.288.01,765.0,1380.0,1410.0,43.0,48.0,62.81,13.0,0,0,sw_power_cap,1.0,0.0,,85.02222653012723,0.2782721412368119,True,2.3.1+cu121,2.3.0+cu121,8.4.153,raw/main/runs/trt_fp32/yolov8n/bs12__run2__20261002T165733_218694Z__ok.json,throttle sw_power_cap
main,trt_fp32,yolov8n,12,3,640,20261002T181441_138277Z,2026-10-02T18:14:42+00:00,5.306491185911,5.002089077606797,0.5910418125140396,6.211553770117462,4.989828914403915,8.356268983334303,100,14.781227014027536,9.356627939268947,10.800784942694005,4.986461382359266,0.44220759882591665,538.82861328125,cuda:0,NVIDIA A100-PCIE-40GB,535.288.01,1410.0,1380.0,1410.0,45.0,49.0,63.22,13.0,0,0,sw_power_cap,1.0,0.0,,85.02222653012723,0.27836680924519897,True,2.3.1+cu121,2.3.0+cu121,8.4.153,raw/main/runs/trt_fp32/yolov8n/bs12__run3__20261002T181441_138277Z__ok.json,throttle sw_power_cap
main,trt_fp32,yolov8n,12,4,640,20261002T193149_336491Z,2026-10-02T19:31:50+00:00,5.033877235837281,5.00349560752511,0.26110993584398917,5.020110635086894,4.9873399548232555,7.597616873681545,100,13.773303595371544,9.013125905767083,9.78539411444217,4.988676840439439,0.41948976965310675,538.828125,cuda:0,NVIDIA A100-PCIE-40GB,535.288.01,525.0,1380.0,1410.0,41.0,47.0,249.72,13.0,0,0,sw_power_cap,1.0,0.0,,85.02222653012723,0.27528069308027625,True,2.3.1+cu121,2.3.0+cu121,8.4.153,raw/main/runs/trt_fp32/yolov8n/bs12__run4__20261002T193149_336491Z__ok.json,throttle sw_power_cap
main,trt_fp32,yolov8n,14,0,640,20261002T142643_469452Z,2026-10-02T14:26:44+00:00,5.759111354127526,5.7276173029094934,0.06564654757501003,5.825880914926529,5.715012084692717,6.100649014115334,100,15.293887089937925,10.923485737293959,11.414847522974014,5.788868721574545,0.4113650967233947,632.2685546875,cuda:0,NVIDIA A100-PCIE-40GB,535.288.01,765.0,1380.0,1410.0,50.0,55.0,248.22,13.0,0,0,sw_power_cap,1.0,0.0,,91.31133479205891,0.274867775849998,True,2.3.1+cu121,2.3.0+cu121,8.4.153,raw/main/runs/trt_fp32/yolov8n/bs14__run0__20261002T142643_469452Z__ok.json,throttle sw_power_cap
main,trt_fp32,yolov8n,14,1,640,20261002T160240_768350Z,2026-10-02T16:02:42+00:00,5.742187537252903,5.73264597915113,0.048831206231536,5.746392696164548,5.721311084926128,6.098318845033646,100,15.132045983336866,10.256891371682286,11.005431995727122,5.760773811489344,0.41015625266092165,632.26708984375,cuda:0,NVIDIA A100-PCIE-40GB,535.288.01,765.0,1380.0,1410.0,44.0,49.0,252.99,13.0,0,0,sw_power_cap,1.0,0.0,,91.31133479205891,0.2793780630454421,True,2.3.1+cu121,2.3.0+cu121,8.4.153,raw/main/runs/trt_fp32/yolov8n/bs14__run1__20261002T160240_768350Z__ok.json,throttle sw_power_cap
main,trt_fp32,yolov8n,14,2,640,20261002T164203_436939Z,2026-10-02T16:42:04+00:00,5.79312845133245,5.7363740634173155,0.33434159541605596,5.790897877886891,5.723759066313505,8.547194302082062,100,15.694708777591586,10.992249008268118,11.428094515576959,5.76368329115212,0.41379488938088926,632.26806640625,cuda:0,NVIDIA A100-PCIE-40GB,535.288.01,465.0,1380.0,1410.0,46.0,51.0,251.99,13.0,0,0,sw_power_cap,1.0,0.0,,91.31133479205891,0.2766294861212373,True,2.3.1+cu121,2.3.0+cu121,8.4.153,raw/main/runs/trt_fp32/yolov8n/bs14__run2__20261002T164203_436939Z__ok.json,throttle sw_power_cap
main,trt_fp32,yolov8n,14,3,640,20261002T180013_731976Z,2026-10-02T18:00:15+00:00,6.084321113303304,5.73776219971478,0.7222043028775146,7.594519294798374,5.725455936044455,7.788767106831074,100,15.849085752852261,10.437622433528304,12.944351136684416,5.766617911867797,0.43459436523595024,632.26806640625,cuda:0,NVIDIA A100-PCIE-40GB,535.288.01,315.0,1380.0,1410.0,45.0,50.0,231.84,13.0,0,0,sw_power_cap,1.0,0.0,,91.31133479205891,0.27392929838970304,True,2.3.1+cu121,2.3.0+cu121,8.4.153,raw/main/runs/trt_fp32/yolov8n/bs14__run3__20261002T180013_731976Z__ok.json,throttle sw_power_cap
main,trt_fp32,yolov8n,14,4,640,20261002T190215_237935Z,2026-10-02T19:02:16+00:00,5.757211092859507,5.718519911170006,0.26496662074563015,5.736517836339772,5.710924975574017,8.234316948801279,100,15.286139296367764,10.533142602071166,11.685583810321987,5.754209901206195,0.41122936377567904,632.26708984375,cuda:0,NVIDIA A100-PCIE-40GB,535.288.01,600.0,1380.0,1410.0,45.0,50.0,252.68,13.0,0,0,sw_power_cap,1.0,0.0,,91.31133479205891,0.2885002950206399,True,2.3.1+cu121,2.3.0+cu121,8.4.153,raw/main/runs/trt_fp32/yolov8n/bs14__run4__20261002T190215_237935Z__ok.json,throttle sw_power_cap
main,trt_fp32,yolov8n,16,0,640,20261002T144718_944118Z,2026-10-02T14:47:20+00:00,6.638172469101846,6.352580385282636,0.5550774476100606,7.707942044362426,6.340055726468563,7.929559797048569,100,16.773447222076356,12.05825642682612,13.559276191517709,6.422633943147957,0.4148857793188654,728.30419921875,cuda:0,NVIDIA A100-PCIE-40GB,535.288.01,765.0,1380.0,1410.0,45.0,50.0,64.11,13.0,0,0,sw_power_cap,1.0,0.0,,83.84618221130222,0.28449081908911467,True,2.3.1+cu121,2.3.0+cu121,8.4.153,raw/main/runs/trt_fp32/yolov8n/bs16__run0__20261002T144718_944118Z__ok.json,throttle sw_power_cap
main,trt_fp32,yolov8n,16,1,640,20261002T154645_438545Z,2026-10-02T15:46:46+00:00,6.407521655783057,6.33415998890996,0.31205585335317576,6.621420104056597,6.323189940303564,9.252205956727266,100,17.350764381699264,12.429635040462017,12.862690421752632,6.414482416585088,0.4004701034864411,728.30615234375,cuda:0,NVIDIA A100-PCIE-40GB,535.288.01,765.0,1380.0,1410.0,48.0,53.0,61.72,13.0,0,0,sw_power_cap,1.0,0.0,,83.84618221130222,0.27999072009697556,True,2.3.1+cu121,2.3.0+cu121,8.4.153,raw/main/runs/trt_fp32/yolov8n/bs16__run1__20261002T154645_438545Z__ok.json,throttle sw_power_cap
main,trt_fp32,yolov8n,16,2,640,20261002T173226_249947Z,2026-10-02T17:32:27+00:00,6.364749651402235,6.349311908707023,0.08235940586687397,6.3668995862826705,6.333352066576481,6.949263159185648,100,17.22279708366841,10.934107704088092,12.078441865742207,6.425686129368842,0.3977968532126397,728.3056640625,cuda:0,NVIDIA A100-PCIE-40GB,535.288.01,510.0,1380.0,1410.0,46.0,51.0,94.37,13.0,0,0,sw_power_cap,1.0,0.0,,83.84618221130222,0.2947688107378781,True,2.3.1+cu121,2.3.0+cu121,8.4.153,raw/main/runs/trt_fp32/yolov8n/bs16__run2__20261002T173226_249947Z__ok.json,throttle sw_power_cap
main,trt_fp32,yolov8n,16,3,640,20261002T173941_061333Z,2026-10-02T17:39:42+00:00,6.3867258839309216,6.35146489366889,0.22177895419086238,6.3944094348698854,6.334705278277397,8.538304828107357,100,16.174606420099735,11.707482161000371,12.473406223580241,6.424164120107889,0.3991703677456826,728.30419921875,cuda:0,NVIDIA A100-PCIE-40GB,535.288.01,525.0,1395.0,1410.0,44.0,49.0,59.27,13.0,0,0,sw_power_cap,1.0,0.0,,83.84618221130222,0.28681062208488584,True,2.3.1+cu121,2.3.0+cu121,8.4.153,raw/main/runs/trt_fp32/yolov8n/bs16__run3__20261002T173941_061333Z__ok.json,throttle sw_power_cap
main,trt_fp32,yolov8n,16,4,640,20261002T185028_187065Z,2026-10-02T18:50:29+00:00,6.380709293298423,6.338238250464201,0.3068720523984131,6.3496495597064495,6.325472146272659,9.250872302800417,100,16.46571473684162,11.71355345286429,12.120811152271926,6.410074299201369,0.39879433083115146,728.30419921875,cuda:0,NVIDIA A100-PCIE-40GB,535.288.01,480.0,1380.0,1410.0,49.0,54.0,68.75,13.0,0,0,sw_power_cap,1.0,0.0,,83.84618221130222,0.28723365161567926,True,2.3.1+cu121,2.3.0+cu121,8.4.153,raw/main/runs/trt_fp32/yolov8n/bs16__run4__20261002T185028_187065Z__ok.json,throttle sw_power_cap
main,trt_fp32,yolov8n,18,0,640,20261002T143118_734526Z,2026-10-02T14:31:19+00:00,7.5002426747232676,7.445716531947255,0.11326366795024885,7.707443763501942,7.430996745824814,7.938293740153313,100,17.93035477399826,13.622113037854433,14.039504411630332,7.570804199203849,0.4166801485957371,808.24169921875,cuda:0,NVIDIA A100-PCIE-40GB,535.288.01,765.0,1380.0,1410.0,51.0,56.0,249.91,13.0,0,0,sw_power_cap,1.0,0.0,,93.28505232883617,0.27422820311039686,True,2.3.1+cu121,2.3.0+cu121,8.4.153,raw/main/runs/trt_fp32/yolov8n/bs18__run0__20261002T143118_734526Z__ok.json,throttle sw_power_cap
main,trt_fp32,yolov8n,18,1,640,20261002T162732_283846Z,2026-10-02T16:27:33+00:00,7.5408331118524075,7.440023124217987,0.24254800122566597,8.08816240169108,7.4258241802453995,8.40943492949009,100,19.103695885278285,13.733160914853215,15.088716242462395,7.4931224109604955,0.4189351728806893,808.24169921875,cuda:0,NVIDIA A100-PCIE-40GB,535.288.01,345.0,1380.0,1410.0,39.0,45.0,246.63,13.0,0,0,sw_power_cap,1.0,0.0,,93.28505232883617,0.29029527120292187,True,2.3.1+cu121,2.3.0+cu121,8.4.153,raw/main/runs/trt_fp32/yolov8n/bs18__run1__20261002T162732_283846Z__ok.json,throttle sw_power_cap
main,trt_fp32,yolov8n,18,2,640,20261002T164037_852158Z,2026-10-02T16:40:39+00:00,7.471442008391023,7.447751006111503,0.15531603201143512,7.46791809797287,7.434247061610222,8.930496871471405,100,19.329550391994417,13.664902886375785,15.216819988563657,7.518217582255602,0.41508011157727903,808.24267578125,cuda:0,NVIDIA A100-PCIE-40GB,535.288.01,765.0,1380.0,1410.0,43.0,49.0,209.67,13.0,0,0,sw_power_cap,1.0,0.0,,93.28505232883617,0.2949805520474911,True,2.3.1+cu121,2.3.0+cu121,8.4.153,raw/main/runs/trt_fp32/yolov8n/bs18__run2__20261002T164037_852158Z__ok.json,throttle sw_power_cap
main,trt_fp32,yolov8n,18,3,640,20261002T175249_178536Z,2026-10-02T17:52:50+00:00,7.501238943077624,7.459541084244847,0.36476600744699367,7.479962962679565,7.440220098942518,11.092384345829487,100,19.002416105940938,13.689898420125246,15.24685153272003,7.526936158537865,0.41673549683764577,808.24609375,cuda:0,NVIDIA A100-PCIE-40GB,535.288.01,765.0,1380.0,1410.0,42.0,49.0,252.64,13.0,0,0,sw_power_cap,1.0,0.0,,93.28505232883617,0.2856163000687957,True,2.3.1+cu121,2.3.0+cu121,8.4.153,raw/main/runs/trt_fp32/yolov8n/bs18__run3__20261002T175249_178536Z__ok.json,throttle sw_power_cap
main,trt_fp32,yolov8n,18,4,640,20261002T192300_540317Z,2026-10-02T19:23:01+00:00,7.475700229406357,7.439967943355441,0.26868127961835303,7.458265474997461,7.4240281246602535,10.088629089295864,100,18.164268848486245,13.333929004147649,14.865432190708816,7.534309551119804,0.4153166794114643,808.24365234375,cuda:0,NVIDIA A100-PCIE-40GB,535.288.01,420.0,1380.0,1410.0,47.0,52.0,255.82,13.0,0,0,sw_power_cap,1.0,0.0,,93.28505232883617,0.2879032827913761,True,2.3.1+cu121,2.3.0+cu121,8.4.153,raw/main/runs/trt_fp32/yolov8n/bs18__run4__20261002T192300_540317Z__ok.json,throttle sw_power_cap
main,trt_fp32,yolov8n,20,0,640,20261002T143917_004507Z,2026-10-02T14:39:18+00:00,8.124114824458957,8.077653124928474,0.39115170059929705,8.094109571538866,8.066062815487385,11.975833214819431,100,21.001696465536952,15.18283598124981,16.009104694239795,8.23926626238972,0.40620574122294784,901.4658203125,cuda:0,NVIDIA A100-PCIE-40GB,535.288.01,690.0,1365.0,1410.0,44.0,50.0,61.54,13.0,0,0,sw_power_cap,1.0,0.0,,86.93918809713796,0.2484268257394433,True,2.3.1+cu121,2.3.0+cu121,8.4.153,raw/main/runs/trt_fp32/yolov8n/bs20__run0__20261002T143917_004507Z__ok.json,throttle sw_power_cap
main,trt_fp32,yolov8n,20,1,640,20261002T152956_251262Z,2026-10-02T15:29:57+00:00,8.131843665614724,8.080972824245691,0.32470381637108586,8.111557085067034,8.071823045611382,10.909039061516523,100,19.655350716784596,14.46906547062099,15.595510229468346,8.259971491061151,0.4065921832807362,901.46484375,cuda:0,NVIDIA A100-PCIE-40GB,535.288.01,1410.0,1380.0,1410.0,49.0,54.0,75.89,13.0,0,0,sw_power_cap,1.0,0.0,,86.93918809713796,0.259926525875926,True,2.3.1+cu121,2.3.0+cu121,8.4.153,raw/main/runs/trt_fp32/yolov8n/bs20__run1__20261002T152956_251262Z__ok.json,throttle sw_power_cap
main,trt_fp32,yolov8n,20,2,640,20261002T170223_941946Z,2026-10-02T17:02:25+00:00,8.10204309411347,8.071935968473554,0.08813148452224714,8.20264162030071,8.060450665652752,8.678972255438566,100,19.60732139647007,14.770059380680323,16.342921648174524,8.228468098677695,0.40510215470567346,901.46435546875,cuda:0,NVIDIA A100-PCIE-40GB,535.288.01,450.0,1365.0,1410.0,46.0,52.0,253.35,13.0,0,0,sw_power_cap,1.0,0.0,,86.93918809713796,0.2785419477149844,True,2.3.1+cu121,2.3.0+cu121,8.4.153,raw/main/runs/trt_fp32/yolov8n/bs20__run2__20261002T170223_941946Z__ok.json,throttle sw_power_cap
main,trt_fp32,yolov8n,20,3,640,20261002T173614_649303Z,2026-10-02T17:36:16+00:00,8.128336337395012,8.081535808742046,0.3030316262837239,8.140635583549738,8.070990908890963,10.917176958173513,100,19.080805969424546,14.76481044664979,15.543854772113264,8.287490871734917,0.4064168168697506,901.4638671875,cuda:0,NVIDIA A100-PCIE-40GB,535.288.01,765.0,1365.0,1410.0,53.0,57.0,204.88,13.0,0,0,sw_power_cap,1.0,0.0,,86.93918809713796,0.2512240777723491,True,2.3.1+cu121,2.3.0+cu121,8.4.153,raw/main/runs/trt_fp32/yolov8n/bs20__run3__20261002T173614_649303Z__ok.json,throttle sw_power_cap
main,trt_fp32,yolov8n,20,4,640,20261002T183819_319510Z,2026-10-02T18:38:20+00:00,8.108204957097769,8.06376407854259,0.38924329023674176,8.077621716074646,8.053538855165243,11.939678341150284,100,19.395908252336085,14.996653189882636,15.22763567045331,8.237962420098484,0.40541024785488844,901.46484375,cuda:0,NVIDIA A100-PCIE-40GB,535.288.01,1410.0,1380.0,1410.0,49.0,53.0,69.45,13.0,0,0,sw_power_cap,1.0,0.0,,86.93918809713796,0.2647995427250862,True,2.3.1+cu121,2.3.0+cu121,8.4.153,raw/main/runs/trt_fp32/yolov8n/bs20__run4__20261002T183819_319510Z__ok.json,throttle sw_power_cap
main,trt_fp32,yolov8n,22,0,640,20261002T152830_060455Z,2026-10-02T15:28:31+00:00,8.743718769401312,8.732267888262868,0.06154859322192527,8.754167682491243,8.716827258467674,9.226813912391663,100,21.89599189441651,16.332777915522456,17.106715752743185,8.934241821989417,0.3974417622455142,996.42041015625,cuda:0,NVIDIA A100-PCIE-40GB,535.288.01,765.0,1365.0,1410.0,46.0,51.0,249.8,13.0,0,0,sw_power_cap,1.0,0.0,,92.97825824934989,0.2561581740155816,True,2.3.1+cu121,2.3.0+cu121,8.4.153,raw/main/runs/trt_fp32/yolov8n/bs22__run0__20261002T152830_060455Z__ok.json,throttle sw_power_cap
main,trt_fp32,yolov8n,22,1,640,20261002T160503_113597Z,2026-10-02T16:05:04+00:00,8.753420636057854,8.724753744900227,0.1892690358524975,8.748726639896631,8.706782944500446,10.511651169508696,100,21.24965406022966,15.967641025781631,16.729244962334633,8.903741780668497,0.3978827561844479,996.4189453125,cuda:0,NVIDIA A100-PCIE-40GB,535.288.01,405.0,1380.0,1410.0,42.0,47.0,244.18,13.0,0,0,sw_power_cap,1.0,0.0,,92.97825824934989,0.2597461869008839,True,2.3.1+cu121,2.3.0+cu121,8.4.153,raw/main/runs/trt_fp32/yolov8n/bs22__run1__20261002T160503_113597Z__ok.json,throttle sw_power_cap
main,trt_fp32,yolov8n,22,2,640,20261002T163041_937120Z,2026-10-02T16:30:43+00:00,8.74485065229237,8.72249505482614,0.12589249693831248,8.750317594967782,8.703115861862898,9.75033501163125,100,21.36923810467124,16.251384979113936,17.406309442594647,8.931237631477416,0.39749321146783506,996.42138671875,cuda:0,NVIDIA A100-PCIE-40GB,535.288.01,1410.0,1365.0,1410.0,47.0,52.0,241.86,13.0,0,0,sw_power_cap,1.0,0.0,,92.97825824934989,0.2579452688805759,True,2.3.1+cu121,2.3.0+cu121,8.4.153,raw/main/runs/trt_fp32/yolov8n/bs22__run2__20261002T163041_937120Z__ok.json,throttle sw_power_cap
main,trt_fp32,yolov8n,22,3,640,20261002T182312_974890Z,2026-10-02T18:23:14+00:00,8.731629243120551,8.717564633116126,0.0882338203778614,8.733662497252226,8.700533770024776,9.48246568441391,100,21.87381451483816,15.987552469596267,17.120153387077153,8.916113977320492,0.39689223832366144,996.419921875,cuda:0,NVIDIA A100-PCIE-40GB,535.288.01,360.0,1365.0,1410.0,42.0,48.0,235.96,13.0,0,0,sw_power_cap,1.0,0.0,,92.97825824934989,0.2642048201523721,True,2.3.1+cu121,2.3.0+cu121,8.4.153,raw/main/runs/trt_fp32/yolov8n/bs22__run3__20261002T182312_974890Z__ok.json,throttle sw_power_cap
main,trt_fp32,yolov8n,22,4,640,20261002T192002_008038Z,2026-10-02T19:20:03+00:00,8.728123418986797,8.717213990166783,0.04760603771796818,8.74636759981513,8.699484169483185,9.032809175550938,100,20.927270222455263,15.939638018608093,17.519135563634336,8.918347167782485,0.39673288268121804,996.41943359375,cuda:0,NVIDIA A100-PCIE-40GB,535.288.01,765.0,1365.0,1410.0,47.0,52.0,173.57,13.0,0,0,sw_power_cap,1.0,0.0,,92.97825824934989,0.2653607237152755,True,2.3.1+cu121,2.3.0+cu121,8.4.153,raw/main/runs/trt_fp32/yolov8n/bs22__run4__20261002T192002_008038Z__ok.json,throttle sw_power_cap
main,trt_fp32,yolov8n,24,0,640,20261002T151722_144177Z,2026-10-02T15:17:23+00:00,9.37475492246449,9.3524435069412,0.16662543916669637,9.374602790921926,9.332467801868916,10.973459109663963,100,21.821575229987502,17.33249588869512,18.1361913215369,9.629218080081046,0.39061478843602043,1077.65478515625,cuda:0,NVIDIA A100-PCIE-40GB,535.288.01,765.0,1380.0,1410.0,44.0,50.0,120.65,13.0,0,0,sw_power_cap,1.0,0.0,,89.90380565589294,0.2521330760791898,True,2.3.1+cu121,2.3.0+cu121,8.4.153,raw/main/runs/trt_fp32/yolov8n/bs24__run0__20261002T151722_144177Z__ok.json,throttle sw_power_cap
main,trt_fp32,yolov8n,24,1,640,20261002T160249_452422Z,2026-10-02T16:02:50+00:00,9.4129739375785,9.362023090943694,0.3277664974951264,9.44847788196057,9.33735677972436,12.24562805145979,100,22.063078288920224,17.329940106719732,17.74504412896931,9.626983138732612,0.3922072473991041,1077.6572265625,cuda:0,NVIDIA A100-PCIE-40GB,535.288.01,765.0,1380.0,1410.0,43.0,49.0,231.74,13.0,0,0,sw_power_cap,1.0,0.0,,89.90380565589294,0.2592390370555222,True,2.3.1+cu121,2.3.0+cu121,8.4.153,raw/main/runs/trt_fp32/yolov8n/bs24__run1__20261002T160249_452422Z__ok.json,throttle sw_power_cap
main,trt_fp32,yolov8n,24,2,640,20261002T170628_858009Z,2026-10-02T17:06:30+00:00,9.381625880487263,9.373086970299482,0.06213516912144404,9.384133922867477,9.348660241812468,9.864669758826494,100,21.62480965256691,16.822384670376778,18.56650752015412,9.65262568090111,0.39090107835363597,1077.65625,cuda:0,NVIDIA A100-PCIE-40GB,535.288.01,465.0,1380.0,1410.0,46.0,51.0,240.63,13.0,0,0,sw_power_cap,1.0,0.0,,89.90380565589294,0.2535892059095204,True,2.3.1+cu121,2.3.0+cu121,8.4.153,raw/main/runs/trt_fp32/yolov8n/bs24__run2__20261002T170628_858009Z__ok.json,throttle sw_power_cap
main,trt_fp32,yolov8n,24,3,640,20261002T180738_370809Z,2026-10-02T18:07:39+00:00,9.384025735780597,9.35672246851027,0.22450157795572845,9.372281655669212,9.337102063000202,11.573975905776024,100,22.065739440731704,17.379863653331995,18.529847031459212,9.645229675807059,0.3910010723241915,1077.6572265625,cuda:0,NVIDIA A100-PCIE-40GB,535.288.01,765.0,1380.0,1410.0,47.0,53.0,65.5,13.0,0,0,sw_power_cap,1.0,0.0,,89.90380565589294,0.2548563261516392,True,2.3.1+cu121,2.3.0+cu121,8.4.153,raw/main/runs/trt_fp32/yolov8n/bs24__run3__20261002T180738_370809Z__ok.json,throttle sw_power_cap
main,trt_fp32,yolov8n,24,4,640,20261002T190023_164552Z,2026-10-02T19:00:24+00:00,9.361922619864345,9.347787825390697,0.07629344323229668,9.378623263910413,9.330293163657188,9.984332136809826,100,22.739555151201785,17.50261289998889,18.307037628255785,9.60285791195929,0.3900801091610144,1077.6572265625,cuda:0,NVIDIA A100-PCIE-40GB,535.288.01,390.0,1380.0,1410.0,39.0,45.0,61.92,13.0,0,0,sw_power_cap,1.0,0.0,,89.90380565589294,0.25309355929493904,True,2.3.1+cu121,2.3.0+cu121,8.4.153,raw/main/runs/trt_fp32/yolov8n/bs24__run4__20261002T190023_164552Z__ok.json,throttle sw_power_cap
main,trt_fp32,yolov8n,26,0,640,20261002T144820_642518Z,2026-10-02T14:48:22+00:00,10.166441542096436,10.140447644516826,0.145962544490691,10.184647189453244,10.12343168258667,11.34933065623045,100,23.534623039886355,18.688016338273883,20.585746550932527,10.43158306274563,0.39101698238832444,1169.50244140625,cuda:0,NVIDIA A100-PCIE-40GB,535.288.01,765.0,1395.0,1410.0,46.0,52.0,120.7,13.0,0,0,sw_power_cap,1.0,0.0,,94.2314813490957,0.2603390817530453,True,2.3.1+cu121,2.3.0+cu121,8.4.153,raw/main/runs/trt_fp32/yolov8n/bs26__run0__20261002T144820_642518Z__ok.json,throttle sw_power_cap
main,trt_fp32,yolov8n,26,1,640,20261002T153218_543104Z,2026-10-02T15:32:19+00:00,10.159219140186906,10.135777527466416,0.13403587674095535,10.191445308737457,10.11895202100277,11.322065256536007,100,23.51202388294041,19.072765950113535,19.842924433760345,10.441600643098354,0.3907391976994964,1169.50634765625,cuda:0,NVIDIA A100-PCIE-40GB,535.288.01,435.0,1395.0,1410.0,49.0,54.0,240.63,13.0,0,0,sw_power_cap,1.0,0.0,,94.2314813490957,0.25425909692421556,True,2.3.1+cu121,2.3.0+cu121,8.4.153,raw/main/runs/trt_fp32/yolov8n/bs26__run1__20261002T153218_543104Z__ok.json,throttle sw_power_cap
main,trt_fp32,yolov8n,26,2,640,20261002T171931_586114Z,2026-10-02T17:19:32+00:00,10.169898276217282,10.139223886653781,0.2406333342282587,10.160417202860117,10.124098043888807,12.518647592514753,100,23.592171482741833,19.032802199944854,19.460070063360035,10.432118969038129,0.3911499337006647,1169.5048828125,cuda:0,NVIDIA A100-PCIE-40GB,535.288.01,1410.0,1365.0,1410.0,47.0,52.0,241.84,13.0,0,0,sw_power_cap,1.0,0.0,,94.2314813490957,0.2554129231721163,True,2.3.1+cu121,2.3.0+cu121,8.4.153,raw/main/runs/trt_fp32/yolov8n/bs26__run2__20261002T171931_586114Z__ok.json,throttle sw_power_cap
main,trt_fp32,yolov8n,26,3,640,20261002T181641_708180Z,2026-10-02T18:16:43+00:00,10.137012908235192,10.125369299203157,0.06384566101311488,10.14353297650814,10.106274392455816,10.597032029181719,100,23.76784462016076,19.075675634667277,20.241321274079382,10.423496467992663,0.3898851118551997,1169.50341796875,cuda:0,NVIDIA A100-PCIE-40GB,535.288.01,1410.0,1365.0,1410.0,48.0,52.0,246.53,13.0,0,0,sw_power_cap,1.0,0.0,,94.2314813490957,0.2539737490005791,True,2.3.1+cu121,2.3.0+cu121,8.4.153,raw/main/runs/trt_fp32/yolov8n/bs26__run3__20261002T181641_708180Z__ok.json,throttle sw_power_cap
main,trt_fp32,yolov8n,26,4,640,20261002T185536_037273Z,2026-10-02T18:55:37+00:00,10.139531353488564,10.126084089279175,0.08021093277859156,10.142918163910508,10.110399220138788,10.834663175046444,100,23.42404592782259,18.747884081676602,20.292305247858167,10.431172619573772,0.38998197513417554,1169.50537109375,cuda:0,NVIDIA A100-PCIE-40GB,535.288.01,1410.0,1365.0,1410.0,49.0,54.0,69.55,13.0,0,0,sw_power_cap,1.0,0.0,,94.2314813490957,0.25428651086986065,True,2.3.1+cu121,2.3.0+cu121,8.4.153,raw/main/runs/trt_fp32/yolov8n/bs26__run4__20261002T185536_037273Z__ok.json,throttle sw_power_cap
main,trt_fp32,yolov8n,28,0,640,20261002T144505_841753Z,2026-10-02T14:45:07+00:00,10.721525363624096,10.710942093282938,0.07226018068481066,10.725861950777471,10.691230650991201,11.28415996208787,100,25.452486146241426,20.012517692521214,20.802360447123647,11.056488836184144,0.382911620129432,1264.5341796875,cuda:0,NVIDIA A100-PCIE-40GB,535.288.01,765.0,1365.0,1410.0,43.0,49.0,104.28,13.0,0,0,sw_power_cap,1.0,0.0,,91.61134105408564,0.28814578289166093,True,2.3.1+cu121,2.3.0+cu121,8.4.153,raw/main/runs/trt_fp32/yolov8n/bs28__run0__20261002T144505_841753Z__ok.json,throttle sw_power_cap
main,trt_fp32,yolov8n,28,1,640,20261002T155217_617696Z,2026-10-02T15:52:18+00:00,10.775709943845868,10.715325828641653,0.3833671244422261,10.74506463482976,10.698950849473476,13.476510997861624,100,24.694035686552525,19.738460425287485,20.917852851562202,11.065857890062034,0.384846783708781,1264.53466796875,cuda:0,NVIDIA A100-PCIE-40GB,535.288.01,1410.0,1365.0,1410.0,51.0,54.0,61.83,13.0,0,0,sw_power_cap,1.0,0.0,,91.61134105408564,0.27772453986108303,True,2.3.1+cu121,2.3.0+cu121,8.4.153,raw/main/runs/trt_fp32/yolov8n/bs28__run1__20261002T155217_617696Z__ok.json,throttle sw_power_cap
main,trt_fp32,yolov8n,28,2,640,20261002T172436_224806Z,2026-10-02T17:24:37+00:00,10.72976597584784,10.71796054020524,0.06729858777067611,10.72987352963537,10.703190695494413,11.295632924884558,100,24.341378905810416,19.720935495570302,20.4801939195022,11.04912188835442,0.3832059277088514,1264.53466796875,cuda:0,NVIDIA A100-PCIE-40GB,535.288.01,1410.0,1380.0,1410.0,46.0,50.0,234.3,13.0,0,0,sw_power_cap,1.0,0.0,,91.61134105408564,0.2765736267901957,True,2.3.1+cu121,2.3.0+cu121,8.4.153,raw/main/runs/trt_fp32/yolov8n/bs28__run2__20261002T172436_224806Z__ok.json,throttle sw_power_cap
main,trt_fp32,yolov8n,28,3,640,20261002T175752_126604Z,2026-10-02T17:57:53+00:00,10.742857307195663,10.714191012084484,0.24397713754899228,10.730338771827519,10.70020068436861,13.139776885509491,100,24.62426897138357,20.502938656136394,21.28066134173423,11.043398380279541,0.383673475256988,1264.53271484375,cuda:0,NVIDIA A100-PCIE-40GB,535.288.01,765.0,1365.0,1410.0,43.0,49.0,245.46,13.0,0,0,sw_power_cap,1.0,0.0,,91.61134105408564,0.276698995847255,True,2.3.1+cu121,2.3.0+cu121,8.4.153,raw/main/runs/trt_fp32/yolov8n/bs28__run3__20261002T175752_126604Z__ok.json,throttle sw_power_cap
main,trt_fp32,yolov8n,28,4,640,20261002T190137_658012Z,2026-10-02T19:01:39+00:00,10.711567900143564,10.69908356294036,0.08569824618214698,10.709971049800515,10.685022920370102,11.394033208489418,100,24.706958807073534,19.71610402688384,21.245280164293945,11.038824100978673,0.3825559964336987,1264.5361328125,cuda:0,NVIDIA A100-PCIE-40GB,535.288.01,1410.0,1365.0,1410.0,47.0,52.0,251.99,13.0,0,0,sw_power_cap,1.0,0.0,,91.61134105408564,0.2748660580255091,True,2.3.1+cu121,2.3.0+cu121,8.4.153,raw/main/runs/trt_fp32/yolov8n/bs28__run4__20261002T190137_658012Z__ok.json,throttle sw_power_cap
main,trt_fp32,yolov8n,30,0,640,20261002T145300_196356Z,2026-10-02T14:53:01+00:00,11.370293833315372,11.3510109949857,0.09327893508602034,11.382827395573258,11.335955932736397,12.020040769129992,100,25.763451899401844,21.18705096654594,21.996000851504505,11.750507950782776,0.37900979444384575,1347.0712890625,cuda:0,NVIDIA A100-PCIE-40GB,535.288.01,405.0,1365.0,1410.0,42.0,49.0,242.22,13.0,0,0,sw_power_cap,1.0,0.0,,98.67921509733424,0.290858568623662,True,2.3.1+cu121,2.3.0+cu121,8.4.153,raw/main/runs/trt_fp32/yolov8n/bs30__run0__20261002T145300_196356Z__ok.json,throttle sw_power_cap
main,trt_fp32,yolov8n,30,1,640,20261002T152858_421050Z,2026-10-02T15:28:59+00:00,11.405308265239,11.357884155586362,0.2973048964976453,11.438281694427133,11.345903854817152,14.255654066801071,100,26.002401979640126,21.205246215686202,22.84626371692866,11.731849880889058,0.3801769421746333,1347.072265625,cuda:0,NVIDIA A100-PCIE-40GB,535.288.01,765.0,1365.0,1410.0,43.0,49.0,249.32,13.0,0,0,sw_power_cap,1.0,0.0,,98.67921509733424,0.28202412324026227,True,2.3.1+cu121,2.3.0+cu121,8.4.153,raw/main/runs/trt_fp32/yolov8n/bs30__run1__20261002T152858_421050Z__ok.json,throttle sw_power_cap
main,trt_fp32,yolov8n,30,2,640,20261002T163428_319974Z,2026-10-02T16:34:29+00:00,11.378522138111293,11.336088180541992,0.30151488655812403,11.428611166775227,11.320678051561117,14.291893225163221,100,25.757445814087987,21.61771198734641,22.116714785806835,11.709507899358869,0.37928407127037644,1347.07080078125,cuda:0,NVIDIA A100-PCIE-40GB,535.288.01,525.0,1380.0,1410.0,44.0,50.0,241.35,13.0,0,0,sw_power_cap,1.0,0.0,,98.67921509733424,0.2802309952676296,True,2.3.1+cu121,2.3.0+cu121,8.4.153,raw/main/runs/trt_fp32/yolov8n/bs30__run2__20261002T163428_319974Z__ok.json,throttle sw_power_cap
main,trt_fp32,yolov8n,30,3,640,20261002T173624_185078Z,2026-10-02T17:36:25+00:00,11.376846288330853,11.363448109477758,0.08041414196701362,11.376311513595283,11.348832864314318,12.001021299511194,100,27.3874672036618,21.726338658481836,23.35364210885018,11.763539146631956,0.37922820961102843,1347.0703125,cuda:0,NVIDIA A100-PCIE-40GB,535.288.01,465.0,1365.0,1410.0,50.0,55.0,203.58,13.0,0,0,sw_power_cap,1.0,0.0,,98.67921509733424,0.28516961820423603,True,2.3.1+cu121,2.3.0+cu121,8.4.153,raw/main/runs/trt_fp32/yolov8n/bs30__run3__20261002T173624_185078Z__ok.json,throttle sw_power_cap
main,trt_fp32,yolov8n,30,4,640,20261002T192950_415500Z,2026-10-02T19:29:51+00:00,11.359507236629725,11.343747144564986,0.08737160609762101,11.361114936880767,11.330798268318176,12.007114011794329,100,26.10832819249481,21.23314910568297,21.682875463739038,11.733238059096038,0.37865024122099084,1347.072265625,cuda:0,NVIDIA A100-PCIE-40GB,535.288.01,555.0,1365.0,1410.0,47.0,53.0,251.35,13.0,0,0,sw_power_cap,1.0,0.0,,98.67921509733424,0.28897172678261995,True,2.3.1+cu121,2.3.0+cu121,8.4.153,raw/main/runs/trt_fp32/yolov8n/bs30__run4__20261002T192950_415500Z__ok.json,throttle sw_power_cap
main,trt_fp32,yolov8n,32,0,640,20261002T143827_186256Z,2026-10-02T14:38:28+00:00,11.974172312766314,11.962737888097763,0.06705476683395684,11.978852259926498,11.946961749345064,12.55613099783659,100,27.415043669752777,22.234554635360837,24.518223712220788,12.35945587977767,0.3741928847739473,1437.8095703125,cuda:0,NVIDIA A100-PCIE-40GB,535.288.01,435.0,1380.0,1410.0,44.0,50.0,79.84,13.0,0,0,sw_power_cap,1.0,0.0,,93.39582783123478,0.28755183098837733,True,2.3.1+cu121,2.3.0+cu121,8.4.153,raw/main/runs/trt_fp32/yolov8n/bs32__run0__20261002T143827_186256Z__ok.json,throttle sw_power_cap
main,trt_fp32,yolov8n,32,1,640,20261002T154741_810271Z,2026-10-02T15:47:43+00:00,11.953267273493111,11.938762851059437,0.07267262857221528,11.990414489991963,11.927042156457901,12.445774860680103,100,28.330747913569212,22.10343722254038,23.669454315677285,12.341560227796435,0.3735396022966597,1437.80908203125,cuda:0,NVIDIA A100-PCIE-40GB,535.288.01,435.0,1380.0,1410.0,41.0,48.0,253.47,13.0,0,0,sw_power_cap,1.0,0.0,,93.39582783123478,0.2942927568219602,True,2.3.1+cu121,2.3.0+cu121,8.4.153,raw/main/runs/trt_fp32/yolov8n/bs32__run1__20261002T154741_810271Z__ok.json,throttle sw_power_cap
main,trt_fp32,yolov8n,32,2,640,20261002T165847_360333Z,2026-10-02T16:58:48+00:00,12.011780408211052,11.96040608920157,0.34274047798576757,11.97758479975164,11.937310919165611,14.845030847936869,100,27.66629448160529,22.374246269464493,23.696341854520142,12.375931469723582,0.3753681377565954,1437.8095703125,cuda:0,NVIDIA A100-PCIE-40GB,535.288.01,765.0,1365.0,1410.0,46.0,52.0,91.99,13.0,0,0,sw_power_cap,1.0,0.0,,93.39582783123478,0.2791715790517628,True,2.3.1+cu121,2.3.0+cu121,8.4.153,raw/main/runs/trt_fp32/yolov8n/bs32__run2__20261002T165847_360333Z__ok.json,throttle sw_power_cap
main,trt_fp32,yolov8n,32,3,640,20261002T182228_116143Z,2026-10-02T18:22:29+00:00,11.967619028873742,11.94887445308268,0.09885806308733523,12.021856405772269,11.932959780097008,12.678512372076511,100,27.596385441720486,22.310176631435752,23.426496796309948,12.3766008624807,0.3739880946523044,1437.80908203125,cuda:0,NVIDIA A100-PCIE-40GB,535.288.01,765.0,1380.0,1410.0,46.0,52.0,68.06,13.0,0,0,sw_power_cap,1.0,0.0,,93.39582783123478,0.28336846409365535,True,2.3.1+cu121,2.3.0+cu121,8.4.153,raw/main/runs/trt_fp32/yolov8n/bs32__run3__20261002T182228_116143Z__ok.json,throttle sw_power_cap
main,trt_fp32,yolov8n,32,4,640,20261002T185408_450042Z,2026-10-02T18:54:09+00:00,11.955974693410099,11.943846009671688,0.07861562638251977,11.960577685385942,11.930035427212715,12.560469098389149,100,27.080760556273162,22.33858988620341,23.488649423234165,12.36304072663188,0.3736242091690656,1437.8076171875,cuda:0,NVIDIA A100-PCIE-40GB,535.288.01,765.0,1365.0,1410.0,44.0,50.0,252.26,13.0,0,0,sw_power_cap,1.0,0.0,,93.39582783123478,0.28003172716125846,True,2.3.1+cu121,2.3.0+cu121,8.4.153,raw/main/runs/trt_fp32/yolov8n/bs32__run4__20261002T185408_450042Z__ok.json,throttle sw_power_cap
main,trt_fp32,yolov8n,40,0,640,20261002T151609_035274Z,2026-10-02T15:16:10+00:00,15.129723642021418,15.124641358852386,0.09224508125709693,15.18156488891691,15.055140014737844,15.841004904359579,100,32.49060291796923,28.206203365698457,28.799426765181124,15.661248303949833,0.37824309105053544,1424.76318359375,cuda:0,NVIDIA A100-PCIE-40GB,535.288.01,765.0,1380.0,1410.0,47.0,52.0,254.17,13.0,0,0,sw_power_cap,1.0,0.0,,97.88587797572836,0.27470121486112475,True,2.3.1+cu121,2.3.0+cu121,8.4.153,raw/main/runs/trt_fp32/yolov8n/bs40__run0__20261002T151609_035274Z__ok.json,throttle sw_power_cap
main,trt_fp32,yolov8n,40,1,640,20261002T160959_268264Z,2026-10-02T16:10:00+00:00,15.146662956103683,15.084877144545317,0.33675862583739835,15.188177931122482,15.047225169837475,18.346314784139395,100,34.48394539300352,28.06897833943367,29.69836234115064,15.657135080546142,0.37866657390259206,1424.7626953125,cuda:0,NVIDIA A100-PCIE-40GB,535.288.01,420.0,1380.0,1410.0,45.0,52.0,66.69,13.0,0,0,sw_power_cap,1.0,0.0,,97.88587797572836,0.278396250680089,True,2.3.1+cu121,2.3.0+cu121,8.4.153,raw/main/runs/trt_fp32/yolov8n/bs40__run1__20261002T160959_268264Z__ok.json,throttle sw_power_cap
main,trt_fp32,yolov8n,40,2,640,20261002T163814_897550Z,2026-10-02T16:38:16+00:00,15.134905376471579,15.122810378670692,0.09116177120122636,15.200153947807848,15.068850945681334,15.811441000550985,100,32.64500000979751,28.978033224120736,29.467349010519683,15.691564646549525,0.3783726344117895,1424.763671875,cuda:0,NVIDIA A100-PCIE-40GB,535.288.01,765.0,1365.0,1410.0,48.0,54.0,114.54,13.0,0,0,sw_power_cap,1.0,0.0,,97.88587797572836,0.2735807071439922,True,2.3.1+cu121,2.3.0+cu121,8.4.153,raw/main/runs/trt_fp32/yolov8n/bs40__run2__20261002T163814_897550Z__ok.json,throttle sw_power_cap
main,trt_fp32,yolov8n,40,3,640,20261002T173255_612197Z,2026-10-02T17:32:56+00:00,15.125189372338355,15.10636880993843,0.09423892539559436,15.17090448178351,15.057552605867386,15.855387784540653,100,32.96597985550761,27.831577695906162,28.598342835903168,15.660693841055034,0.37812973430845886,1424.7626953125,cuda:0,NVIDIA A100-PCIE-40GB,535.288.01,765.0,1380.0,1410.0,43.0,50.0,64.6,13.0,0,0,sw_power_cap,1.0,0.0,,97.88587797572836,0.27522558625787497,True,2.3.1+cu121,2.3.0+cu121,8.4.153,raw/main/runs/trt_fp32/yolov8n/bs40__run3__20261002T173255_612197Z__ok.json,throttle sw_power_cap
main,trt_fp32,yolov8n,40,4,640,20261002T183846_924668Z,2026-10-02T18:38:48+00:00,15.113993207924068,15.111735090613365,0.08829751225052888,15.166593971662223,15.051079913973808,15.766120050102472,100,33.09584967326373,28.258095029741526,29.110923339612782,15.650137374177575,0.3778498301981017,1424.76220703125,cuda:0,NVIDIA A100-PCIE-40GB,535.288.01,600.0,1380.0,1410.0,44.0,50.0,249.72,13.0,0,0,sw_power_cap,1.0,0.0,,97.88587797572836,0.27628447115421295,True,2.3.1+cu121,2.3.0+cu121,8.4.153,raw/main/runs/trt_fp32/yolov8n/bs40__run4__20261002T183846_924668Z__ok.json,throttle sw_power_cap
main,trt_fp32,yolov8n,48,0,640,20261002T143737_861246Z,2026-10-02T14:37:39+00:00,17.81531857792288,17.797877080738544,0.09773295038238942,17.923462740145624,17.71240122616291,18.59859423711896,100,37.88805911783129,33.186772372573614,33.71697550173849,18.515960397198796,0.37115247037339333,1486.91552734375,cuda:0,NVIDIA A100-PCIE-40GB,535.288.01,765.0,1365.0,1410.0,45.0,51.0,60.53,13.0,0,0,sw_power_cap,1.0,0.0,,99.78414265438914,0.28143043629825115,True,2.3.1+cu121,2.3.0+cu121,8.4.153,raw/main/runs/trt_fp32/yolov8n/bs48__run0__20261002T143737_861246Z__ok.json,throttle sw_power_cap
main,trt_fp32,yolov8n,48,1,640,20261002T154305_598382Z,2026-10-02T15:43:06+00:00,17.808550987392664,17.794087063521147,0.10320660142768871,17.901286017149687,17.705564852803946,18.54679500684142,100,39.110458926297724,33.23126514442265,36.270983098074794,18.504735599271953,0.3710114789040138,1486.91357421875,cuda:0,NVIDIA A100-PCIE-40GB,535.288.01,765.0,1350.0,1410.0,45.0,51.0,239.13,13.0,0,0,sw_power_cap,1.0,0.0,,99.78414265438914,0.2791371517814696,True,2.3.1+cu121,2.3.0+cu121,8.4.153,raw/main/runs/trt_fp32/yolov8n/bs48__run1__20261002T154305_598382Z__ok.json,throttle sw_power_cap
main,trt_fp32,yolov8n,48,2,640,20261002T170720_252673Z,2026-10-02T17:07:21+00:00,17.81931508332491,17.802157439291477,0.11729187301216518,17.92484826873988,17.71444221958518,18.559811171144247,100,37.43818816263229,32.85970981232822,35.62640368472785,18.503191778436303,0.37123573090260226,1486.9140625,cuda:0,NVIDIA A100-PCIE-40GB,535.288.01,765.0,1365.0,1410.0,41.0,49.0,239.18,13.0,0,0,sw_power_cap,1.0,0.0,,99.78414265438914,0.2780856592580676,True,2.3.1+cu121,2.3.0+cu121,8.4.153,raw/main/runs/trt_fp32/yolov8n/bs48__run2__20261002T170720_252673Z__ok.json,throttle sw_power_cap
main,trt_fp32,yolov8n,48,3,640,20261002T180714_987319Z,2026-10-02T18:07:16+00:00,17.84118660259992,17.80566480010748,0.1332230930429026,17.944217333570123,17.724188044667244,18.864845857024193,100,38.35076264105737,33.32127467729151,35.26177604217082,18.5872734291479,0.371691387554165,1486.91259765625,cuda:0,NVIDIA A100-PCIE-40GB,535.288.01,1410.0,1350.0,1410.0,53.0,56.0,65.31,13.0,0,0,sw_power_cap,1.0,0.0,,99.78414265438914,0.2776737310923636,True,2.3.1+cu121,2.3.0+cu121,8.4.153,raw/main/runs/trt_fp32/yolov8n/bs48__run3__20261002T180714_987319Z__ok.json,throttle sw_power_cap
main,trt_fp32,yolov8n,48,4,640,20261002T184450_231301Z,2026-10-02T18:44:51+00:00,17.822768706828356,17.79908174648881,0.1047163065133165,17.918306216597557,17.71222474053502,18.664869014173746,100,38.11088786460459,33.02293689921498,34.9833247018978,18.542348323389888,0.3713076813922574,1486.9140625,cuda:0,NVIDIA A100-PCIE-40GB,535.288.01,765.0,1350.0,1410.0,48.0,55.0,83.42,13.0,0,0,sw_power_cap,1.0,0.0,,99.78414265438914,0.27869060076773167,True,2.3.1+cu121,2.3.0+cu121,8.4.153,raw/main/runs/trt_fp32/yolov8n/bs48__run4__20261002T184450_231301Z__ok.json,throttle sw_power_cap
main,trt_fp32,yolov8n,56,0,640,20261002T145024_731742Z,2026-10-02T14:50:26+00:00,20.603995863348246,20.566328894346952,0.14443598946219235,20.758157619275153,20.460187923163176,21.621624939143658,100,42.972116456367075,38.515984546393156,39.302581967785954,21.508904895745218,0.3679284975597901,1465.1650390625,cuda:0,NVIDIA A100-PCIE-40GB,535.288.01,765.0,1380.0,1410.0,50.0,56.0,245.55,13.0,0,0,sw_power_cap,1.0,0.0,,103.31277681421489,0.27457308024168015,True,2.3.1+cu121,2.3.0+cu121,8.4.153,raw/main/runs/trt_fp32/yolov8n/bs56__run0__20261002T145024_731742Z__ok.json,throttle sw_power_cap
main,trt_fp32,yolov8n,56,1,640,20261002T153605_314809Z,2026-10-02T15:36:06+00:00,20.564343091100454,20.526446169242263,0.13770385881680636,20.735693210735917,20.433109253644943,21.51576615869999,100,43.620381373912096,38.338836980983615,40.8556142821908,21.47032642737031,0.36722041234107955,1465.16455078125,cuda:0,NVIDIA A100-PCIE-40GB,535.288.01,765.0,1365.0,1410.0,47.0,54.0,68.79,13.0,0,0,sw_power_cap,1.0,0.0,,103.31277681421489,0.2744364240206778,True,2.3.1+cu121,2.3.0+cu121,8.4.153,raw/main/runs/trt_fp32/yolov8n/bs56__run1__20261002T153605_314809Z__ok.json,throttle sw_power_cap
main,trt_fp32,yolov8n,56,2,640,20261002T171630_522137Z,2026-10-02T17:16:31+00:00,20.590291735716164,20.550155779346824,0.14302330719526007,20.756664616055787,20.460220053792,21.568621043115854,100,44.75633358582854,38.59778633341193,39.23772391863167,21.50340053718537,0.3676837809949315,1465.16748046875,cuda:0,NVIDIA A100-PCIE-40GB,535.288.01,765.0,1365.0,1410.0,49.0,55.0,245.97,13.0,0,0,sw_power_cap,1.0,0.0,,103.31277681421489,0.2787345717661083,True,2.3.1+cu121,2.3.0+cu121,8.4.153,raw/main/runs/trt_fp32/yolov8n/bs56__run2__20261002T171630_522137Z__ok.json,throttle sw_power_cap
main,trt_fp32,yolov8n,56,3,640,20261002T180550_903561Z,2026-10-02T18:05:52+00:00,20.545650394633412,20.525431027635932,0.13395081387576546,20.713312877342105,20.428298972547054,21.517815999686718,100,43.09468072839081,38.08245179243386,38.99232514668256,21.371006979607046,0.3668866141898824,1465.166015625,cuda:0,NVIDIA A100-PCIE-40GB,535.288.01,765.0,1365.0,1410.0,38.0,47.0,67.07,13.0,0,0,sw_power_cap,1.0,0.0,,103.31277681421489,0.2751150871627033,True,2.3.1+cu121,2.3.0+cu121,8.4.153,raw/main/runs/trt_fp32/yolov8n/bs56__run3__20261002T180550_903561Z__ok.json,throttle sw_power_cap
main,trt_fp32,yolov8n,56,4,640,20261002T191936_819877Z,2026-10-02T19:19:38+00:00,20.560165653005242,20.532876951619983,0.13664757926802726,20.73870694730431,20.434309728443623,21.517086308449507,100,43.96211771760136,38.844669703394175,40.26570396963507,21.501930952072144,0.3671458152322365,1465.16845703125,cuda:0,NVIDIA A100-PCIE-40GB,535.288.01,765.0,1380.0,1410.0,50.0,56.0,258.3,13.0,0,0,sw_power_cap,1.0,0.0,,103.31277681421489,0.2718899240717292,True,2.3.1+cu121,2.3.0+cu121,8.4.153,raw/main/runs/trt_fp32/yolov8n/bs56__run4__20261002T191936_819877Z__ok.json,throttle sw_power_cap
main,trt_fp32,yolov8n,64,0,640,20261002T152241_789818Z,2026-10-02T15:22:43+00:00,23.23621943127364,23.202926153317094,0.229962345207828,23.356002592481673,23.06343801319599,25.306109804660082,100,48.891521506011486,43.73751254752278,44.58646443672478,24.262655461207032,0.3630659286136506,1675.6181640625,cuda:0,NVIDIA A100-PCIE-40GB,535.288.01,345.0,1365.0,1410.0,46.0,54.0,67.69,13.0,0,0,sw_power_cap,1.0,0.0,,108.08265396999195,0.2838995740748942,True,2.3.1+cu121,2.3.0+cu121,8.4.153,raw/main/runs/trt_fp32/yolov8n/bs64__run0__20261002T152241_789818Z__ok.json,throttle sw_power_cap
main,trt_fp32,yolov8n,64,1,640,20261002T162945_801661Z,2026-10-02T16:29:47+00:00,23.240750352852046,23.19405972957611,0.15247005878251435,23.48577920347452,23.066052701324224,24.22866504639387,100,49.05909779947251,43.968943413347006,44.57265690434724,24.235588763840497,0.3631367242633132,1675.61962890625,cuda:0,NVIDIA A100-PCIE-40GB,535.288.01,765.0,1350.0,1410.0,46.0,54.0,243.11,13.0,0,0,sw_power_cap,1.0,0.0,,108.08265396999195,0.2926599523052573,True,2.3.1+cu121,2.3.0+cu121,8.4.153,raw/main/runs/trt_fp32/yolov8n/bs64__run1__20261002T162945_801661Z__ok.json,throttle sw_power_cap
main,trt_fp32,yolov8n,64,2,640,20261002T165858_550923Z,2026-10-02T16:58:59+00:00,23.243197067640722,23.1926494743675,0.1639398179309164,23.39439110364765,23.069193121045828,24.397392757236958,100,48.8128073560074,44.146258383989334,45.60794832650572,24.244334152899683,0.3631749541818863,1675.61962890625,cuda:0,NVIDIA A100-PCIE-40GB,535.288.01,420.0,1365.0,1410.0,45.0,53.0,254.72,13.0,0,0,sw_power_cap,1.0,0.0,,108.08265396999195,0.2774334750138223,True,2.3.1+cu121,2.3.0+cu121,8.4.153,raw/main/runs/trt_fp32/yolov8n/bs64__run2__20261002T165858_550923Z__ok.json,throttle sw_power_cap
main,trt_fp32,yolov8n,64,3,640,20261002T181758_726326Z,2026-10-02T18:18:00+00:00,23.251308035105467,23.18233740516007,0.24064327505384947,23.42520954553038,23.060313425958157,25.064545683562756,100,48.49732918199152,44.84164505265653,45.530151668936014,24.216931057162583,0.3633016880485229,1675.6162109375,cuda:0,NVIDIA A100-PCIE-40GB,535.288.01,390.0,1365.0,1410.0,45.0,52.0,253.26,13.0,0,0,sw_power_cap,1.0,0.0,,108.08265396999195,0.2805029898881912,True,2.3.1+cu121,2.3.0+cu121,8.4.153,raw/main/runs/trt_fp32/yolov8n/bs64__run3__20261002T181758_726326Z__ok.json,throttle sw_power_cap
main,trt_fp32,yolov8n,64,4,640,20261002T192350_678068Z,2026-10-02T19:23:52+00:00,23.214274221099913,23.169429041445255,0.15457150616325616,23.38112776633352,23.048907984048128,24.33783281594515,100,48.8645909819752,44.040396343916655,45.203493791632354,24.18263995088637,0.36272303470468614,1675.61767578125,cuda:0,NVIDIA A100-PCIE-40GB,535.288.01,375.0,1380.0,1410.0,43.0,51.0,247.15,13.0,0,0,sw_power_cap,1.0,0.0,,108.08265396999195,0.27918687416240573,True,2.3.1+cu121,2.3.0+cu121,8.4.153,raw/main/runs/trt_fp32/yolov8n/bs64__run4__20261002T192350_678068Z__ok.json,throttle sw_power_cap
main,trt_fp32,yolov8s,1,0,640,20261002T145512_405113Z,2026-10-02T14:55:13+00:00,2.3575171176344156,2.860034815967083,0.595064325935912,2.8699081391096115,1.6715950332581997,3.126154188066721,100,7.949688034132123,3.4506048541516066,3.611821588128805,1.5203896909952164,2.3575171176344156,44.982421875,cuda:0,NVIDIA A100-PCIE-40GB,535.288.01,525.0,1410.0,1410.0,45.0,46.0,106.92,13.0,0,0,,1.0,0.0,,89.86093824123964,0.6712405998259783,True,2.3.1+cu121,2.3.0+cu121,8.4.153,raw/main/runs/trt_fp32/yolov8s/bs1__run0__20261002T145512_405113Z__ok.json,
main,trt_fp32,yolov8s,1,1,640,20261002T162724_951474Z,2026-10-02T16:27:26+00:00,2.3572244541719556,2.8534855227917433,0.5959830362705208,2.8617246076464653,1.655540894716978,3.1275670044124126,100,8.011110923253,3.565829712897539,3.6032789386808872,1.5048707509413362,2.3572244541719556,44.982421875,cuda:0,NVIDIA A100-PCIE-40GB,535.288.01,765.0,1410.0,1410.0,41.0,43.0,62.9,13.0,0,0,,1.0,0.0,,89.86093824123964,0.6817387896589935,True,2.3.1+cu121,2.3.0+cu121,8.4.153,raw/main/runs/trt_fp32/yolov8s/bs1__run1__20261002T162724_951474Z__ok.json,
main,trt_fp32,yolov8s,1,2,640,20261002T163628_019184Z,2026-10-02T16:36:29+00:00,2.4867347767576575,2.8600101359188557,0.557073248795864,2.87098940461874,1.6729971393942833,3.129687160253525,100,8.191661480814219,3.5776898730546236,3.6077747121453285,1.5196354314684868,2.4867347767576575,44.982421875,cuda:0,NVIDIA A100-PCIE-40GB,535.288.01,765.0,1410.0,1410.0,44.0,46.0,64.36,13.0,0,0,,1.0,0.0,,89.86093824123964,0.6773714139126241,True,2.3.1+cu121,2.3.0+cu121,8.4.153,raw/main/runs/trt_fp32/yolov8s/bs1__run2__20261002T163628_019184Z__ok.json,
main,trt_fp32,yolov8s,1,3,640,20261002T175029_798139Z,2026-10-02T17:50:31+00:00,2.324550929479301,1.8481824081391096,0.5245519931165534,2.8895233757793903,1.8316279165446758,3.160326275974512,100,8.068757578730583,2.5688880123198032,3.6344705848023295,1.579230553470552,2.324550929479301,44.982421875,cuda:0,NVIDIA A100-PCIE-40GB,535.288.01,765.0,1410.0,1410.0,42.0,44.0,65.37,13.0,0,0,,1.0,0.0,,89.86093824123964,0.6636950829997659,True,2.3.1+cu121,2.3.0+cu121,8.4.153,raw/main/runs/trt_fp32/yolov8s/bs1__run3__20261002T175029_798139Z__ok.json,
main,trt_fp32,yolov8s,1,4,640,20261002T190432_707367Z,2026-10-02T19:04:34+00:00,2.4762776726856828,2.3058520164340734,0.2396014665243679,2.798509271815419,2.2966978140175343,3.0992268584668636,100,7.817783299833536,3.020521020516753,3.530534589663148,1.509569799527526,2.4762776726856828,44.982421875,cuda:0,NVIDIA A100-PCIE-40GB,535.288.01,765.0,1410.0,1410.0,41.0,43.0,62.61,13.0,0,0,,1.0,0.0,,89.86093824123964,0.6769953989423811,True,2.3.1+cu121,2.3.0+cu121,8.4.153,raw/main/runs/trt_fp32/yolov8s/bs1__run4__20261002T190432_707367Z__ok.json,
main,trt_fp32,yolov8s,2,0,640,20261002T144223_942318Z,2026-10-02T14:42:25+00:00,2.8247874975204468,2.35564517788589,0.6543961618854087,3.702010796405375,2.1996740251779556,3.946498967707157,100,8.67731817997992,3.5175285302102566,4.908877587877214,2.0750952512025833,1.4123937487602234,91.0087890625,cuda:0,NVIDIA A100-PCIE-40GB,535.288.01,765.0,1395.0,1410.0,47.0,50.0,75.36,13.0,0,0,sw_power_cap,1.0,0.0,,82.93048890400678,0.6795595218427479,True,2.3.1+cu121,2.3.0+cu121,8.4.153,raw/main/runs/trt_fp32/yolov8s/bs2__run0__20261002T144223_942318Z__ok.json,throttle sw_power_cap
main,trt_fp32,yolov8s,2,1,640,20261002T162707_832024Z,2026-10-02T16:27:09+00:00,2.851897501386702,2.4851327762007713,0.6111302988222627,3.7028587190434337,2.174841705709696,3.9855060167610645,100,8.80359006114304,3.641672432422638,4.9063852755352855,2.0445989537984133,1.425948750693351,91.00927734375,cuda:0,NVIDIA A100-PCIE-40GB,535.288.01,765.0,1395.0,1410.0,42.0,46.0,63.87,13.0,0,0,sw_power_cap,1.0,0.0,,82.93048890400678,0.6837735646404326,True,2.3.1+cu121,2.3.0+cu121,8.4.153,raw/main/runs/trt_fp32/yolov8s/bs2__run1__20261002T162707_832024Z__ok.json,throttle sw_power_cap
main,trt_fp32,yolov8s,2,2,640,20261002T165301_663073Z,2026-10-02T16:53:02+00:00,2.785682803951204,2.243296941742301,0.7077466463792987,3.6984953563660383,2.195822075009346,3.92201729118824,100,8.665979742072523,3.3879633992910385,4.894521809183061,2.072525448165834,1.392841401975602,91.00927734375,cuda:0,NVIDIA A100-PCIE-40GB,535.288.01,1410.0,1395.0,1410.0,56.0,58.0,129.96,13.0,0,0,sw_power_cap,1.0,0.0,,82.93048890400678,0.6726180021651089,True,2.3.1+cu121,2.3.0+cu121,8.4.153,raw/main/runs/trt_fp32/yolov8s/bs2__run2__20261002T165301_663073Z__ok.json,throttle sw_power_cap
main,trt_fp32,yolov8s,2,3,640,20261002T181107_043682Z,2026-10-02T18:11:08+00:00,3.1300792703405023,3.663353156298399,0.7114035302333336,3.67419405374676,2.180417999625206,3.9252471178770065,100,8.770663770847023,4.444402176886797,4.879813361912966,2.052706857211888,1.5650396351702511,91.00927734375,cuda:0,NVIDIA A100-PCIE-40GB,535.288.01,1410.0,1395.0,1410.0,49.0,51.0,252.7,13.0,0,0,sw_power_cap,1.0,0.0,,82.93048890400678,0.6726589859463274,True,2.3.1+cu121,2.3.0+cu121,8.4.153,raw/main/runs/trt_fp32/yolov8s/bs2__run3__20261002T181107_043682Z__ok.json,throttle sw_power_cap
main,trt_fp32,yolov8s,2,4,640,20261002T183828_807191Z,2026-10-02T18:38:30+00:00,3.0946694361045957,3.6632749252021313,0.7252226880188335,3.673510579392314,2.1734987385571003,3.9164498448371887,100,8.748935600742698,4.456234397366643,4.871743195690215,2.057625357992947,1.5473347180522978,91.0087890625,cuda:0,NVIDIA A100-PCIE-40GB,535.288.01,465.0,1395.0,1410.0,46.0,51.0,78.32,13.0,0,0,sw_power_cap,1.0,0.0,,82.93048890400678,0.6655768342316151,True,2.3.1+cu121,2.3.0+cu121,8.4.153,raw/main/runs/trt_fp32/yolov8s/bs2__run4__20261002T183828_807191Z__ok.json,throttle sw_power_cap
main,trt_fp32,yolov8s,4,0,640,20261002T151048_848374Z,2026-10-02T15:10:50+00:00,3.6763013247400522,3.4664813429117203,0.386362883945299,4.260851629078388,3.4568002447485924,5.461872089654207,100,10.24486765731126,5.497162463143468,6.333209411241114,3.4407154005020857,0.9190753311850131,179.61083984375,cuda:0,NVIDIA A100-PCIE-40GB,535.288.01,765.0,1380.0,1410.0,50.0,54.0,251.99,13.0,0,0,sw_power_cap,1.0,0.0,,86.28242514375597,0.7082370766438544,True,2.3.1+cu121,2.3.0+cu121,8.4.153,raw/main/runs/trt_fp32/yolov8s/bs4__run0__20261002T151048_848374Z__ok.json,throttle sw_power_cap
main,trt_fp32,yolov8s,4,1,640,20261002T161626_462185Z,2026-10-02T16:16:27+00:00,3.6753995064646006,3.4677828662097454,0.37206190241138126,4.208743991330266,3.457352053374052,5.463863722980022,100,10.69688175804913,5.481114145368338,6.262056692503393,3.43558712862432,0.9188498766161501,179.61083984375,cuda:0,NVIDIA A100-PCIE-40GB,535.288.01,1410.0,1395.0,1410.0,48.0,51.0,252.12,13.0,0,0,sw_power_cap,1.0,0.0,,86.28242514375597,0.7061517327092588,True,2.3.1+cu121,2.3.0+cu121,8.4.153,raw/main/runs/trt_fp32/yolov8s/bs4__run1__20261002T161626_462185Z__ok.json,throttle sw_power_cap
main,trt_fp32,yolov8s,4,2,640,20261002T165645_101466Z,2026-10-02T16:56:46+00:00,4.085562778636813,3.484999528154731,0.662635538170287,4.826799291186035,3.467409871518612,5.069832783192396,100,10.769290453754365,5.530521040782332,6.916651641950011,3.449057675898075,1.0213906946592033,179.6103515625,cuda:0,NVIDIA A100-PCIE-40GB,535.288.01,765.0,1395.0,1410.0,45.0,49.0,76.67,13.0,0,0,sw_power_cap,1.0,0.0,,86.28242514375597,0.6977321542799473,True,2.3.1+cu121,2.3.0+cu121,8.4.153,raw/main/runs/trt_fp32/yolov8s/bs4__run2__20261002T165645_101466Z__ok.json,throttle sw_power_cap
main,trt_fp32,yolov8s,4,3,640,20261002T174222_014088Z,2026-10-02T17:42:23+00:00,3.7485316768288612,3.6340404767543077,0.38409721604409586,4.284360213205218,3.474597819149494,5.483855959028006,100,10.690808743238449,5.661958362907171,6.370893120765686,3.453548368997872,0.9371329192072153,179.61083984375,cuda:0,NVIDIA A100-PCIE-40GB,535.288.01,765.0,1380.0,1410.0,47.0,51.0,251.99,13.0,0,0,sw_power_cap,1.0,0.0,,86.28242514375597,0.6860624458640814,True,2.3.1+cu121,2.3.0+cu121,8.4.153,raw/main/runs/trt_fp32/yolov8s/bs4__run3__20261002T174222_014088Z__ok.json,throttle sw_power_cap
main,trt_fp32,yolov8s,4,4,640,20261002T191835_337708Z,2026-10-02T19:18:36+00:00,3.806222239509225,3.4678077790886164,0.4873733134994021,4.457289818674326,3.454537596553564,5.279812961816788,100,10.74232254177332,5.492470692843199,6.533487723208964,3.4450939018279314,0.9515555598773062,179.61083984375,cuda:0,NVIDIA A100-PCIE-40GB,535.288.01,345.0,1380.0,1410.0,48.0,52.0,130.87,13.0,0,0,sw_power_cap,1.0,0.0,,86.28242514375597,0.6930210026912391,True,2.3.1+cu121,2.3.0+cu121,8.4.153,raw/main/runs/trt_fp32/yolov8s/bs4__run4__20261002T191835_337708Z__ok.json,throttle sw_power_cap
main,trt_fp32,yolov8s,6,0,640,20261002T150611_719489Z,2026-10-02T15:06:13+00:00,5.237851808778942,5.0410309340804815,0.3976111921371803,5.695199081674218,5.0216917879879475,7.910274900496006,100,12.587049957364798,7.929125800728798,8.66282768547535,5.116830328479409,0.8729753014631569,269.4150390625,cuda:0,NVIDIA A100-PCIE-40GB,535.288.01,555.0,1380.0,1410.0,47.0,52.0,247.32,13.0,0,0,sw_power_cap,1.0,0.0,,94.52117173885927,0.6982525358907878,True,2.3.1+cu121,2.3.0+cu121,8.4.153,raw/main/runs/trt_fp32/yolov8s/bs6__run0__20261002T150611_719489Z__ok.json,throttle sw_power_cap
main,trt_fp32,yolov8s,6,1,640,20261002T160423_467612Z,2026-10-02T16:04:24+00:00,5.152598158456385,5.045506171882153,0.3247716347637669,5.39999189786613,5.023586098104715,7.967288140207529,100,12.82856774982065,7.9385070130229,8.327815891243517,5.113208666443825,0.8587663597427309,269.41455078125,cuda:0,NVIDIA A100-PCIE-40GB,535.288.01,765.0,1395.0,1410.0,44.0,49.0,245.56,13.0,0,0,sw_power_cap,1.0,0.0,,94.52117173885927,0.7129684239625931,True,2.3.1+cu121,2.3.0+cu121,8.4.153,raw/main/runs/trt_fp32/yolov8s/bs6__run1__20261002T160423_467612Z__ok.json,throttle sw_power_cap
main,trt_fp32,yolov8s,6,2,640,20261002T171804_905049Z,2026-10-02T17:18:06+00:00,5.074608498252928,5.0501718651503325,0.22667302810190618,5.065675405785441,5.030161701142788,7.301342207938433,100,13.08731381315738,7.9355977941304445,7.987945596687496,5.1155263511464,0.8457680830421547,269.41552734375,cuda:0,NVIDIA A100-PCIE-40GB,535.288.01,675.0,1380.0,1410.0,44.0,49.0,198.11,13.0,0,0,sw_power_cap,1.0,0.0,,94.52117173885927,0.7005512067116797,True,2.3.1+cu121,2.3.0+cu121,8.4.153,raw/main/runs/trt_fp32/yolov8s/bs6__run2__20261002T171804_905049Z__ok.json,throttle sw_power_cap
main,trt_fp32,yolov8s,6,3,640,20261002T181140_381611Z,2026-10-02T18:11:41+00:00,5.066882665269077,5.033710040152073,0.2942749554483823,5.054100300185382,5.020461045205593,7.969551254063845,100,12.820858303457499,7.953508524224162,7.994741527363658,5.0748533103615046,0.8444804442115128,269.4150390625,cuda:0,NVIDIA A100-PCIE-40GB,535.288.01,765.0,1380.0,1410.0,42.0,48.0,254.61,13.0,0,0,sw_power_cap,1.0,0.0,,94.52117173885927,0.6862785313278437,True,2.3.1+cu121,2.3.0+cu121,8.4.153,raw/main/runs/trt_fp32/yolov8s/bs6__run3__20261002T181140_381611Z__ok.json,throttle sw_power_cap
main,trt_fp32,yolov8s,6,4,640,20261002T184328_023032Z,2026-10-02T18:43:29+00:00,5.069037191569805,5.038433941081166,0.2879128695082816,5.049949954263866,5.01934764906764,7.907985709607601,100,12.38596408162266,7.950193248689175,8.02059480920434,5.117621966637671,0.8448395319283009,269.41552734375,cuda:0,NVIDIA A100-PCIE-40GB,535.288.01,390.0,1395.0,1410.0,47.0,52.0,246.66,13.0,0,0,sw_power_cap,1.0,0.0,,94.52117173885927,0.7023409241810441,True,2.3.1+cu121,2.3.0+cu121,8.4.153,raw/main/runs/trt_fp32/yolov8s/bs6__run4__20261002T184328_023032Z__ok.json,throttle sw_power_cap
main,trt_fp32,yolov8s,8,0,640,20261002T145231_431833Z,2026-10-02T14:52:32+00:00,6.338789858855307,6.130087422206998,0.39187537452674664,7.062767026945949,6.118827033787966,7.294452749192715,100,14.834968145005405,9.49031743220985,10.836681071668863,6.331430077552795,0.7923487323569134,364.15380859375,cuda:0,NVIDIA A100-PCIE-40GB,535.288.01,525.0,1365.0,1410.0,44.0,50.0,249.05,13.0,0,0,sw_power_cap,1.0,0.0,,86.93020999711007,0.7040823721326888,True,2.3.1+cu121,2.3.0+cu121,8.4.153,raw/main/runs/trt_fp32/yolov8s/bs8__run0__20261002T145231_431833Z__ok.json,throttle sw_power_cap
main,trt_fp32,yolov8s,8,1,640,20261002T160454_279456Z,2026-10-02T16:04:55+00:00,6.155853057280183,6.126249209046364,0.23898313599683987,6.140275485813618,6.115029100328684,8.487498853355646,100,14.17905735783279,9.54741588793695,9.960065665654838,6.301111727952957,0.7694816321600229,364.1533203125,cuda:0,NVIDIA A100-PCIE-40GB,535.288.01,645.0,1380.0,1410.0,42.0,48.0,160.2,13.0,0,0,sw_power_cap,1.0,0.0,,86.93020999711007,0.6997218080796301,True,2.3.1+cu121,2.3.0+cu121,8.4.153,raw/main/runs/trt_fp32/yolov8s/bs8__run1__20261002T160454_279456Z__ok.json,throttle sw_power_cap
main,trt_fp32,yolov8s,8,2,640,20261002T164430_243351Z,2026-10-02T16:44:31+00:00,6.316417432390153,6.128872046247125,0.4407956945155194,7.371751056052744,6.117264274507761,7.698982022702694,100,15.577811324037611,9.512779535725713,10.93836473301053,6.299006529152393,0.7895521790487692,364.1533203125,cuda:0,NVIDIA A100-PCIE-40GB,535.288.01,765.0,1365.0,1410.0,46.0,52.0,131.54,13.0,0,0,sw_power_cap,1.0,0.0,,86.93020999711007,0.6848198170773685,True,2.3.1+cu121,2.3.0+cu121,8.4.153,raw/main/runs/trt_fp32/yolov8s/bs8__run2__20261002T164430_243351Z__ok.json,throttle sw_power_cap
main,trt_fp32,yolov8s,8,3,640,20261002T181030_932486Z,2026-10-02T18:10:32+00:00,6.124531757086515,6.115898257121444,0.05823353083033034,6.129799131304026,6.1050038784742355,6.65296521037817,100,14.635237599723041,9.533201111480594,9.939971310086548,6.273730071261525,0.7655664696358144,364.15380859375,cuda:0,NVIDIA A100-PCIE-40GB,535.288.01,765.0,1365.0,1410.0,46.0,50.0,80.63,13.0,0,0,sw_power_cap,1.0,0.0,,86.93020999711007,0.6989981266669929,True,2.3.1+cu121,2.3.0+cu121,8.4.153,raw/main/runs/trt_fp32/yolov8s/bs8__run3__20261002T181030_932486Z__ok.json,throttle sw_power_cap
main,trt_fp32,yolov8s,8,4,640,20261002T192658_809899Z,2026-10-02T19:27:00+00:00,6.382497721351683,6.106246262788773,0.5613610714936051,7.479424518533051,6.093066185712814,8.190918248146772,100,15.101655693724751,9.858506498858333,11.296049505472183,6.295476388186216,0.7978122151689604,364.1533203125,cuda:0,NVIDIA A100-PCIE-40GB,535.288.01,765.0,1395.0,1410.0,44.0,49.0,91.33,13.0,0,0,sw_power_cap,1.0,0.0,,86.93020999711007,0.6867163837887347,True,2.3.1+cu121,2.3.0+cu121,8.4.153,raw/main/runs/trt_fp32/yolov8s/bs8__run4__20261002T192658_809899Z__ok.json,throttle sw_power_cap
main,trt_fp32,yolov8s,10,0,640,20261002T145614_108380Z,2026-10-02T14:56:15+00:00,8.090430973097682,8.053852943703532,0.3329716928854127,8.07367239613086,8.036901708692312,11.377217248082161,100,17.05622350797057,12.667522067204118,12.771002878434956,8.272240259684622,0.8090430973097682,449.0244140625,cuda:0,NVIDIA A100-PCIE-40GB,535.288.01,765.0,1365.0,1410.0,40.0,47.0,95.98,13.0,0,0,sw_power_cap,1.0,0.0,,95.47792365122586,0.699226588010788,True,2.3.1+cu121,2.3.0+cu121,8.4.153,raw/main/runs/trt_fp32/yolov8s/bs10__run0__20261002T145614_108380Z__ok.json,throttle sw_power_cap
main,trt_fp32,yolov8s,10,1,640,20261002T161829_285746Z,2026-10-02T16:18:30+00:00,8.070479072630405,8.044566260650754,0.21408148660263288,8.056951547041535,8.03079828619957,10.154868941754103,100,17.359488802030683,12.370333075523376,12.753552221693099,8.292330391705036,0.8070479072630405,449.02587890625,cuda:0,NVIDIA A100-PCIE-40GB,535.288.01,600.0,1380.0,1410.0,45.0,52.0,61.24,13.0,0,0,sw_power_cap,1.0,0.0,,95.47792365122586,0.7021717261523008,True,2.3.1+cu121,2.3.0+cu121,8.4.153,raw/main/runs/trt_fp32/yolov8s/bs10__run1__20261002T161829_285746Z__ok.json,throttle sw_power_cap
main,trt_fp32,yolov8s,10,2,640,20261002T163110_597027Z,2026-10-02T16:31:11+00:00,8.089996483176947,8.041980443522334,0.420526108419906,8.062309119850397,8.02846672013402,12.235464993864298,100,17.453312762081623,12.382502434775233,12.783899181522429,8.280528169125319,0.8089996483176947,449.0263671875,cuda:0,NVIDIA A100-PCIE-40GB,535.288.01,495.0,1365.0,1410.0,43.0,49.0,238.62,13.0,0,0,sw_power_cap,1.0,0.0,,95.47792365122586,0.7169446717016399,True,2.3.1+cu121,2.3.0+cu121,8.4.153,raw/main/runs/trt_fp32/yolov8s/bs10__run2__20261002T163110_597027Z__ok.json,throttle sw_power_cap
main,trt_fp32,yolov8s,10,3,640,20261002T181652_046604Z,2026-10-02T18:16:53+00:00,8.066286332905293,8.041536435484886,0.18960898888107652,8.05922073777765,8.030856028199196,9.90608287975192,100,17.18987017404288,12.298153713345528,12.731082201935351,8.295343196950853,0.8066286332905293,449.0263671875,cuda:0,NVIDIA A100-PCIE-40GB,535.288.01,765.0,1365.0,1410.0,46.0,52.0,78.47,13.0,0,0,sw_power_cap,1.0,0.0,,95.47792365122586,0.691760091111064,True,2.3.1+cu121,2.3.0+cu121,8.4.153,raw/main/runs/trt_fp32/yolov8s/bs10__run3__20261002T181652_046604Z__ok.json,throttle sw_power_cap
main,trt_fp32,yolov8s,10,4,640,20261002T191825_850188Z,2026-10-02T19:18:27+00:00,8.092129561118782,8.041631430387497,0.4158512704006449,8.080035517923534,8.027981035411358,12.188449036329985,100,17.49143608380109,12.378716375678778,12.785857869312167,8.3129494311288,0.8092129561118782,449.02587890625,cuda:0,NVIDIA A100-PCIE-40GB,535.288.01,765.0,1365.0,1410.0,50.0,55.0,247.54,13.0,0,0,sw_power_cap,1.0,0.0,,95.47792365122586,0.6974438452161849,True,2.3.1+cu121,2.3.0+cu121,8.4.153,raw/main/runs/trt_fp32/yolov8s/bs10__run4__20261002T191825_850188Z__ok.json,throttle sw_power_cap
main,trt_fp32,yolov8s,12,0,640,20261002T143817_299456Z,2026-10-02T14:38:18+00:00,9.216756741516292,9.198900545015931,0.2285690947434025,9.22709230799228,9.150259662419558,11.442604940384626,100,19.014273616485298,14.392819721251726,14.794469601474702,9.55653274897486,0.7680630617930243,538.83056640625,cuda:0,NVIDIA A100-PCIE-40GB,535.288.01,345.0,1380.0,1410.0,45.0,51.0,231.01,13.0,0,0,sw_power_cap,1.0,0.0,,87.1698954841122,0.7006384511478245,True,2.3.1+cu121,2.3.0+cu121,8.4.153,raw/main/runs/trt_fp32/yolov8s/bs12__run0__20261002T143817_299456Z__ok.json,throttle sw_power_cap
main,trt_fp32,yolov8s,12,1,640,20261002T161105_226554Z,2026-10-02T16:11:06+00:00,9.212922086007893,9.204528760164976,0.09052379821079279,9.243258717469871,9.151802398264408,10.002379771322012,100,19.558331733569503,14.007054036483169,14.378069341182709,9.581859828904271,0.7677435071673244,538.830078125,cuda:0,NVIDIA A100-PCIE-40GB,535.288.01,570.0,1365.0,1410.0,45.0,51.0,237.33,13.0,0,0,sw_power_cap,1.0,0.0,,87.1698954841122,0.6987645230256021,True,2.3.1+cu121,2.3.0+cu121,8.4.153,raw/main/runs/trt_fp32/yolov8s/bs12__run1__20261002T161105_226554Z__ok.json,throttle sw_power_cap
main,trt_fp32,yolov8s,12,2,640,20261002T172732_374615Z,2026-10-02T17:27:33+00:00,9.263794380240142,9.21466713771224,0.14520122571964117,9.477505879476666,9.157985914498568,9.908640291541815,100,18.912487719208002,14.334774808958173,15.048129134811461,9.568733600899577,0.7719828650200119,538.83056640625,cuda:0,NVIDIA A100-PCIE-40GB,535.288.01,420.0,1380.0,1410.0,45.0,50.0,68.47,13.0,0,0,sw_power_cap,1.0,0.0,,87.1698954841122,0.6911505670286715,True,2.3.1+cu121,2.3.0+cu121,8.4.153,raw/main/runs/trt_fp32/yolov8s/bs12__run2__20261002T172732_374615Z__ok.json,throttle sw_power_cap
main,trt_fp32,yolov8s,12,3,640,20261002T175742_238598Z,2026-10-02T17:57:43+00:00,9.227165710180998,9.223073488101363,0.06629783691246914,9.281110810115933,9.16391797363758,9.717375040054321,100,19.110374255105853,14.336175518110394,14.717514649964869,9.57269944716245,0.7689304758484165,538.83056640625,cuda:0,NVIDIA A100-PCIE-40GB,535.288.01,765.0,1380.0,1410.0,45.0,50.0,232.93,13.0,0,0,sw_power_cap,1.0,0.0,,87.1698954841122,0.6922733951359987,True,2.3.1+cu121,2.3.0+cu121,8.4.153,raw/main/runs/trt_fp32/yolov8s/bs12__run3__20261002T175742_238598Z__ok.json,throttle sw_power_cap
main,trt_fp32,yolov8s,12,4,640,20261002T192340_790543Z,2026-10-02T19:23:42+00:00,9.194721817038953,9.184407070279121,0.06735327883766393,9.219541097991168,9.145036805421114,9.70257306471467,100,19.764543999917805,14.345042174682021,14.769995352253318,9.561028769239783,0.7662268180865794,538.83056640625,cuda:0,NVIDIA A100-PCIE-40GB,535.288.01,765.0,1365.0,1410.0,44.0,49.0,165.29,13.0,0,0,sw_power_cap,1.0,0.0,,87.1698954841122,0.6938917911611497,True,2.3.1+cu121,2.3.0+cu121,8.4.153,raw/main/runs/trt_fp32/yolov8s/bs12__run4__20261002T192340_790543Z__ok.json,throttle sw_power_cap
main,trt_fp32,yolov8s,14,0,640,20261002T145908_463219Z,2026-10-02T14:59:09+00:00,10.52297561429441,10.499978438019753,0.23409879473213885,10.526811890304089,10.441896971315145,12.806301936507225,100,21.967357569374144,16.55424013733864,16.95682348217815,10.952196759171784,0.7516411153067436,632.26904296875,cuda:0,NVIDIA A100-PCIE-40GB,535.288.01,540.0,1365.0,1410.0,41.0,48.0,60.36,13.0,0,0,sw_power_cap,1.0,0.0,,98.30037689488381,0.7037479807622731,True,2.3.1+cu121,2.3.0+cu121,8.4.153,raw/main/runs/trt_fp32/yolov8s/bs14__run0__20261002T145908_463219Z__ok.json,throttle sw_power_cap
main,trt_fp32,yolov8s,14,1,640,20261002T154654_474526Z,2026-10-02T15:46:55+00:00,10.505132218822837,10.49026194959879,0.07387876033679083,10.54691500030458,10.439570993185043,11.082605924457312,100,21.480407514609396,16.174173215404153,16.628856025636196,10.987725853919983,0.750366587058774,632.2685546875,cuda:0,NVIDIA A100-PCIE-40GB,535.288.01,765.0,1365.0,1410.0,46.0,53.0,60.74,13.0,0,0,sw_power_cap,1.0,0.0,,98.30037689488381,0.7010169108398259,True,2.3.1+cu121,2.3.0+cu121,8.4.153,raw/main/runs/trt_fp32/yolov8s/bs14__run1__20261002T154654_474526Z__ok.json,throttle sw_power_cap
main,trt_fp32,yolov8s,14,2,640,20261002T163403_231681Z,2026-10-02T16:34:04+00:00,10.510870409198105,10.494226822629571,0.09306547745804875,10.549988294951618,10.43830718845129,11.3367335870862,100,21.920509939081967,16.50191331282258,16.899170516990125,10.954005876556039,0.7507764577998647,632.26953125,cuda:0,NVIDIA A100-PCIE-40GB,535.288.01,765.0,1365.0,1410.0,44.0,51.0,253.67,13.0,0,0,sw_power_cap,1.0,0.0,,98.30037689488381,0.6928797429427505,True,2.3.1+cu121,2.3.0+cu121,8.4.153,raw/main/runs/trt_fp32/yolov8s/bs14__run2__20261002T163403_231681Z__ok.json,throttle sw_power_cap
main,trt_fp32,yolov8s,14,3,640,20261002T180047_135499Z,2026-10-02T18:00:48+00:00,10.530291218310595,10.508717969059944,0.09928944262465567,10.56454365607351,10.465088300406933,11.184338945895433,100,20.97707385197282,16.17171848192811,16.93318667821586,10.994078619405627,0.7521636584507567,632.26953125,cuda:0,NVIDIA A100-PCIE-40GB,535.288.01,1410.0,1380.0,1410.0,48.0,53.0,89.61,13.0,0,0,sw_power_cap,1.0,0.0,,98.30037689488381,0.6971393129788339,True,2.3.1+cu121,2.3.0+cu121,8.4.153,raw/main/runs/trt_fp32/yolov8s/bs14__run3__20261002T180047_135499Z__ok.json,throttle sw_power_cap
main,trt_fp32,yolov8s,14,4,640,20261002T190033_352894Z,2026-10-02T19:00:34+00:00,10.512289507314563,10.487203020602465,0.22951431907845718,10.540902242064476,10.43839706107974,12.759820092469454,100,21.095410017296672,16.095967032015324,16.940382192842662,10.930081349797547,0.7508778219510402,632.26806640625,cuda:0,NVIDIA A100-PCIE-40GB,535.288.01,495.0,1365.0,1410.0,40.0,47.0,140.28,13.0,0,0,sw_power_cap,1.0,0.0,,98.30037689488381,0.7040553214028478,True,2.3.1+cu121,2.3.0+cu121,8.4.153,raw/main/runs/trt_fp32/yolov8s/bs14__run4__20261002T190033_352894Z__ok.json,throttle sw_power_cap
main,trt_fp32,yolov8s,16,0,640,20261002T152514_769017Z,2026-10-02T15:25:16+00:00,11.654713819734752,11.619149008765817,0.1038942668428237,11.751354206353426,11.556633282452822,12.510790955275297,100,22.74784146808088,18.487370340153575,18.9534806413576,12.222840944305062,0.728419613733422,728.30712890625,cuda:0,NVIDIA A100-PCIE-40GB,535.288.01,705.0,1350.0,1410.0,49.0,55.0,60.45,13.0,0,0,sw_power_cap,1.0,0.0,,94.98236227687448,0.6942805401049554,True,2.3.1+cu121,2.3.0+cu121,8.4.153,raw/main/runs/trt_fp32/yolov8s/bs16__run0__20261002T152514_769017Z__ok.json,throttle sw_power_cap
main,trt_fp32,yolov8s,16,1,640,20261002T162151_092838Z,2026-10-02T16:21:52+00:00,11.643006163649261,11.592169525101781,0.23163529029533453,11.73044287133962,11.531644966453314,13.711825013160706,100,23.558037150651217,18.242627615109086,18.69195697363466,12.197115761227906,0.7276878852280788,728.306640625,cuda:0,NVIDIA A100-PCIE-40GB,535.288.01,765.0,1350.0,1410.0,46.0,52.0,250.09,13.0,0,0,sw_power_cap,1.0,0.0,,94.98236227687448,0.716566224116832,True,2.3.1+cu121,2.3.0+cu121,8.4.153,raw/main/runs/trt_fp32/yolov8s/bs16__run1__20261002T162151_092838Z__ok.json,throttle sw_power_cap
main,trt_fp32,yolov8s,16,2,640,20261002T170618_118029Z,2026-10-02T17:06:19+00:00,11.65528267621994,11.618052842095494,0.1098492052521959,11.75687899813056,11.558315716683865,12.586005963385105,100,23.395476900041103,18.252140609547496,18.953555589541793,12.22887130919844,0.7284551672637463,728.30615234375,cuda:0,NVIDIA A100-PCIE-40GB,535.288.01,660.0,1350.0,1410.0,48.0,52.0,252.58,13.0,0,0,sw_power_cap,1.0,0.0,,94.98236227687448,0.7169846161268651,True,2.3.1+cu121,2.3.0+cu121,8.4.153,raw/main/runs/trt_fp32/yolov8s/bs16__run2__20261002T170618_118029Z__ok.json,throttle sw_power_cap
main,trt_fp32,yolov8s,16,3,640,20261002T181342_534678Z,2026-10-02T18:13:43+00:00,11.659089410677552,11.595692718401551,0.3640925620679062,11.73878728877753,11.535879224538803,15.15157613903284,100,23.200253755785525,18.240066478028893,19.010446150787175,12.201198572292924,0.728693088167347,728.30615234375,cuda:0,NVIDIA A100-PCIE-40GB,535.288.01,540.0,1350.0,1410.0,46.0,52.0,251.0,13.0,0,0,sw_power_cap,1.0,0.0,,94.98236227687448,0.7156035229563713,True,2.3.1+cu121,2.3.0+cu121,8.4.153,raw/main/runs/trt_fp32/yolov8s/bs16__run3__20261002T181342_534678Z__ok.json,throttle sw_power_cap
main,trt_fp32,yolov8s,16,4,640,20261002T183941_510119Z,2026-10-02T18:39:42+00:00,11.628324813209474,11.597472243010998,0.09815986550438657,11.729867616668344,11.539842002093792,12.445892207324505,100,22.838730770163238,17.99566298723221,18.64644167944789,12.187039777636528,0.7267703008255921,728.30615234375,cuda:0,NVIDIA A100-PCIE-40GB,535.288.01,765.0,1350.0,1410.0,44.0,51.0,250.61,13.0,0,0,sw_power_cap,1.0,0.0,,94.98236227687448,0.7081301552243531,True,2.3.1+cu121,2.3.0+cu121,8.4.153,raw/main/runs/trt_fp32/yolov8s/bs16__run4__20261002T183941_510119Z__ok.json,throttle sw_power_cap
main,trt_fp32,yolov8s,18,0,640,20261002T150244_758533Z,2026-10-02T15:02:46+00:00,13.892943458631635,13.846525689586997,0.12591008276450838,14.053901727311313,13.784713577479124,14.641514979302883,100,27.346642431803048,21.207858342677355,21.826825849711895,14.56393030937761,0.771830192146202,808.24609375,cuda:0,NVIDIA A100-PCIE-40GB,535.288.01,765.0,1365.0,1410.0,46.0,52.0,178.48,13.0,0,0,sw_power_cap,1.0,0.0,,103.63589049270377,0.7599594872444868,True,2.3.1+cu121,2.3.0+cu121,8.4.153,raw/main/runs/trt_fp32/yolov8s/bs18__run0__20261002T150244_758533Z__ok.json,throttle sw_power_cap
main,trt_fp32,yolov8s,18,1,640,20261002T162420_621810Z,2026-10-02T16:24:22+00:00,13.88759536202997,13.852399541065097,0.11657990492796562,14.046768890693784,13.781812973320484,14.66390723362565,100,26.243242141790688,21.442280616611242,22.120765782892704,14.542331267148256,0.7715330756683316,808.24658203125,cuda:0,NVIDIA A100-PCIE-40GB,535.288.01,450.0,1365.0,1410.0,45.0,52.0,199.71,13.0,0,0,sw_power_cap,1.0,0.0,,103.63589049270377,0.6760166073217988,True,2.3.1+cu121,2.3.0+cu121,8.4.153,raw/main/runs/trt_fp32/yolov8s/bs18__run1__20261002T162420_621810Z__ok.json,throttle sw_power_cap
main,trt_fp32,yolov8s,18,2,640,20261002T172915_675204Z,2026-10-02T17:29:17+00:00,13.887034244835377,13.846895890310407,0.11700687801942396,14.068303420208395,13.790925964713097,14.553098939359188,100,27.272203755564988,21.50715864263475,21.782237756997347,14.531185920350254,0.7715019024908543,808.2451171875,cuda:0,NVIDIA A100-PCIE-40GB,535.288.01,765.0,1365.0,1410.0,43.0,50.0,100.49,13.0,0,0,sw_power_cap,1.0,0.0,,103.63589049270377,0.6742526032030582,True,2.3.1+cu121,2.3.0+cu121,8.4.153,raw/main/runs/trt_fp32/yolov8s/bs18__run2__20261002T172915_675204Z__ok.json,throttle sw_power_cap
main,trt_fp32,yolov8s,18,3,640,20261002T173919_631125Z,2026-10-02T17:39:20+00:00,13.897379413247108,13.864580541849136,0.11559115796390969,14.06026363838464,13.79390386864543,14.646255876868963,100,25.892688161693513,21.23116864822805,21.997503098100424,14.55792408902198,0.7720766340692838,808.2451171875,cuda:0,NVIDIA A100-PCIE-40GB,535.288.01,765.0,1365.0,1410.0,46.0,53.0,252.57,13.0,0,0,sw_power_cap,1.0,0.0,,103.63589049270377,0.6687893499620259,True,2.3.1+cu121,2.3.0+cu121,8.4.153,raw/main/runs/trt_fp32/yolov8s/bs18__run3__20261002T173919_631125Z__ok.json,throttle sw_power_cap
main,trt_fp32,yolov8s,18,4,640,20261002T192121_346627Z,2026-10-02T19:21:22+00:00,13.917749421671033,13.871242990717292,0.13521307014449999,14.120344677940011,13.790993019938469,14.757414348423481,100,26.571308230049908,21.58616459928453,22.206104965880513,14.58482223097235,0.7732083012039462,808.24658203125,cuda:0,NVIDIA A100-PCIE-40GB,535.288.01,1410.0,1365.0,1410.0,52.0,57.0,250.51,13.0,0,0,sw_power_cap,1.0,0.0,,103.63589049270377,0.6682096552103758,True,2.3.1+cu121,2.3.0+cu121,8.4.153,raw/main/runs/trt_fp32/yolov8s/bs18__run4__20261002T192121_346627Z__ok.json,throttle sw_power_cap
main,trt_fp32,yolov8s,20,0,640,20261002T152206_767292Z,2026-10-02T15:22:08+00:00,14.999779146164656,14.96933400630951,0.13837617756917459,15.162607189267874,14.830246102064848,15.908095985651016,100,28.453067215159535,23.303504567593336,24.261067458428442,15.756313018500807,0.7499889573082328,901.466796875,cuda:0,NVIDIA A100-PCIE-40GB,535.288.01,480.0,1350.0,1410.0,50.0,55.0,235.86,13.0,0,0,sw_power_cap,1.0,0.0,,98.68810317618772,0.6787575678899884,True,2.3.1+cu121,2.3.0+cu121,8.4.153,raw/main/runs/trt_fp32/yolov8s/bs20__run0__20261002T152206_767292Z__ok.json,throttle sw_power_cap
main,trt_fp32,yolov8s,20,1,640,20261002T162408_881613Z,2026-10-02T16:24:10+00:00,14.95449133682996,14.909364050254226,0.12509195266120968,15.135170170105994,14.803847763687372,15.782766044139862,100,28.168423902243376,23.225129349157214,23.771329992450774,15.686972066760063,0.747724566841498,901.4658203125,cuda:0,NVIDIA A100-PCIE-40GB,535.288.01,765.0,1365.0,1410.0,45.0,52.0,255.71,13.0,0,0,sw_power_cap,1.0,0.0,,98.68810317618772,0.6997756212949753,True,2.3.1+cu121,2.3.0+cu121,8.4.153,raw/main/runs/trt_fp32/yolov8s/bs20__run1__20261002T162408_881613Z__ok.json,throttle sw_power_cap
main,trt_fp32,yolov8s,20,2,640,20261002T172627_309251Z,2026-10-02T17:26:28+00:00,14.990267236717045,14.936467865481973,0.12389046373162442,15.154664358124137,14.84696101397276,15.7724698074162,100,28.38059545494616,23.269961355254054,23.860961152240634,15.750168953090906,0.7495133618358523,901.4658203125,cuda:0,NVIDIA A100-PCIE-40GB,535.288.01,735.0,1350.0,1410.0,49.0,55.0,79.54,13.0,0,0,sw_power_cap,1.0,0.0,,98.68810317618772,0.6747153396718204,True,2.3.1+cu121,2.3.0+cu121,8.4.153,raw/main/runs/trt_fp32/yolov8s/bs20__run2__20261002T172627_309251Z__ok.json,throttle sw_power_cap
main,trt_fp32,yolov8s,20,3,640,20261002T180359_931735Z,2026-10-02T18:04:01+00:00,15.012745931744576,14.955876162275672,0.29628724181149163,15.14434190467,14.823333825916052,17.640206962823868,100,28.185645854100585,23.23619183152914,23.865306191146374,15.730861700139942,0.7506372965872288,901.466796875,cuda:0,NVIDIA A100-PCIE-40GB,535.288.01,795.0,1350.0,1410.0,46.0,52.0,61.05,13.0,0,0,sw_power_cap,1.0,0.0,,98.68810317618772,0.695637974422425,True,2.3.1+cu121,2.3.0+cu121,8.4.153,raw/main/runs/trt_fp32/yolov8s/bs20__run3__20261002T180359_931735Z__ok.json,throttle sw_power_cap
main,trt_fp32,yolov8s,20,4,640,20261002T190825_368165Z,2026-10-02T19:08:26+00:00,14.942279639653862,14.894193038344383,0.12036535360226257,15.076355240307748,14.791557099670172,15.75201703235507,100,28.07400415185839,23.243656381964684,23.839512816630304,15.664437827654185,0.7471139819826931,901.466796875,cuda:0,NVIDIA A100-PCIE-40GB,535.288.01,525.0,1365.0,1410.0,43.0,50.0,244.9,13.0,0,0,sw_power_cap,1.0,0.0,,98.68810317618772,0.6949882269836962,True,2.3.1+cu121,2.3.0+cu121,8.4.153,raw/main/runs/trt_fp32/yolov8s/bs20__run4__20261002T190825_368165Z__ok.json,throttle sw_power_cap
main,trt_fp32,yolov8s,22,0,640,20261002T144534_650161Z,2026-10-02T14:45:36+00:00,16.22709909453988,16.18686504662037,0.15470257403069618,16.400774149224162,16.05402259156108,17.319152131676674,100,30.027073957026005,25.320332031697035,26.200545392930508,17.024308359250426,0.7375954133881764,996.42236328125,cuda:0,NVIDIA A100-PCIE-40GB,535.288.01,765.0,1365.0,1410.0,41.0,49.0,251.22,13.0,0,0,sw_power_cap,1.0,0.0,,107.32843609293923,0.679688474163413,True,2.3.1+cu121,2.3.0+cu121,8.4.153,raw/main/runs/trt_fp32/yolov8s/bs22__run0__20261002T144534_650161Z__ok.json,throttle sw_power_cap
main,trt_fp32,yolov8s,22,1,640,20261002T153236_616780Z,2026-10-02T15:32:37+00:00,16.239203428849578,16.212182585150003,0.14320112946612346,16.41616616398096,16.06368413195014,17.16900384053588,100,30.254844701848924,25.17350437119603,26.228007231839,17.06863841973245,0.7381456104022536,996.4208984375,cuda:0,NVIDIA A100-PCIE-40GB,535.288.01,420.0,1365.0,1410.0,45.0,52.0,247.71,13.0,0,0,sw_power_cap,1.0,0.0,,107.32843609293923,0.7072683200240135,True,2.3.1+cu121,2.3.0+cu121,8.4.153,raw/main/runs/trt_fp32/yolov8s/bs22__run1__20261002T153236_616780Z__ok.json,throttle sw_power_cap
main,trt_fp32,yolov8s,22,2,640,20261002T171708_304311Z,2026-10-02T17:17:09+00:00,16.260029529221356,16.22026553377509,0.1535677900733329,16.419602348469198,16.071300022304058,17.11877016350627,100,29.881757739931345,25.256412802264094,25.955173652619123,17.072967160493135,0.7390922513282434,996.42236328125,cuda:0,NVIDIA A100-PCIE-40GB,535.288.01,765.0,1365.0,1410.0,46.0,52.0,102.78,13.0,0,0,sw_power_cap,1.0,0.0,,107.32843609293923,0.7152695087715983,True,2.3.1+cu121,2.3.0+cu121,8.4.153,raw/main/runs/trt_fp32/yolov8s/bs22__run2__20261002T171708_304311Z__ok.json,throttle sw_power_cap
main,trt_fp32,yolov8s,22,3,640,20261002T175832_597676Z,2026-10-02T17:58:34+00:00,16.24601801391691,16.234519658610225,0.1288462325891875,16.406140848994255,16.06990210711956,17.088586930185556,100,30.549641642719507,25.50580888055265,25.79835408832878,17.093146331608295,0.7384553642689504,996.42236328125,cuda:0,NVIDIA A100-PCIE-40GB,535.288.01,1410.0,1350.0,1410.0,49.0,53.0,125.72,13.0,0,0,sw_power_cap,1.0,0.0,,107.32843609293923,0.6816151579841971,True,2.3.1+cu121,2.3.0+cu121,8.4.153,raw/main/runs/trt_fp32/yolov8s/bs22__run3__20261002T175832_597676Z__ok.json,throttle sw_power_cap
main,trt_fp32,yolov8s,22,4,640,20261002T190704_829249Z,2026-10-02T19:07:06+00:00,16.21492796111852,16.20009751059115,0.1363332002267282,16.38979900162667,16.041346359997988,17.162908799946308,100,30.71131849195808,25.354807963594794,25.96863757353276,17.088667736388743,0.7370421800508418,996.42236328125,cuda:0,NVIDIA A100-PCIE-40GB,535.288.01,1410.0,1380.0,1410.0,49.0,54.0,244.49,13.0,0,0,sw_power_cap,1.0,0.0,,107.32843609293923,0.6800076048821211,True,2.3.1+cu121,2.3.0+cu121,8.4.153,raw/main/runs/trt_fp32/yolov8s/bs22__run4__20261002T190704_829249Z__ok.json,throttle sw_power_cap
main,trt_fp32,yolov8s,24,0,640,20261002T144808_049008Z,2026-10-02T14:48:09+00:00,17.402626080438495,17.360761994495988,0.1628713107572993,17.6692706765607,17.18030869960785,18.363726790994406,100,32.0171297295019,27.36662281677127,28.100364189594984,18.31586805637926,0.7251094200182706,1077.65966796875,cuda:0,NVIDIA A100-PCIE-40GB,535.288.01,600.0,1350.0,1410.0,47.0,54.0,246.44,13.0,0,0,sw_power_cap,1.0,0.0,,99.75421794177964,0.6952749649062753,True,2.3.1+cu121,2.3.0+cu121,8.4.153,raw/main/runs/trt_fp32/yolov8s/bs24__run0__20261002T144808_049008Z__ok.json,throttle sw_power_cap
main,trt_fp32,yolov8s,24,1,640,20261002T160259_592064Z,2026-10-02T16:03:00+00:00,17.356531280092895,17.337150871753693,0.15205372772095732,17.558160820044577,17.168981954455376,18.428989220410585,100,31.961815366521478,27.20182784833014,27.82468763180077,18.30155558884144,0.7231888033372039,1077.66015625,cuda:0,NVIDIA A100-PCIE-40GB,535.288.01,765.0,1350.0,1410.0,42.0,50.0,137.2,13.0,0,0,sw_power_cap,1.0,0.0,,99.75421794177964,0.6893189451657236,True,2.3.1+cu121,2.3.0+cu121,8.4.153,raw/main/runs/trt_fp32/yolov8s/bs24__run1__20261002T160259_592064Z__ok.json,throttle sw_power_cap
main,trt_fp32,yolov8s,24,2,640,20261002T163827_040213Z,2026-10-02T16:38:28+00:00,17.37967763096094,17.346272012218833,0.15470900400839888,17.60584197472781,17.169584054499865,18.41133926063776,100,32.19797419849783,27.324531693011522,27.945856284350157,18.3074935618788,0.7241532346233726,1077.65966796875,cuda:0,NVIDIA A100-PCIE-40GB,535.288.01,765.0,1350.0,1410.0,47.0,53.0,102.68,13.0,0,0,sw_power_cap,1.0,0.0,,99.75421794177964,0.679035035893321,True,2.3.1+cu121,2.3.0+cu121,8.4.153,raw/main/runs/trt_fp32/yolov8s/bs24__run2__20261002T163827_040213Z__ok.json,throttle sw_power_cap
main,trt_fp32,yolov8s,24,3,640,20261002T174610_507406Z,2026-10-02T17:46:11+00:00,17.379313418641686,17.353254603222013,0.1499872309561288,17.587211029604077,17.152865882962942,18.353404942899942,100,32.46809761505574,27.249431936070323,27.981269848532975,18.28737421426922,0.7241380591100702,1077.658203125,cuda:0,NVIDIA A100-PCIE-40GB,535.288.01,390.0,1365.0,1410.0,44.0,51.0,60.83,13.0,0,0,sw_power_cap,1.0,0.0,,99.75421794177964,0.6757293539121747,True,2.3.1+cu121,2.3.0+cu121,8.4.153,raw/main/runs/trt_fp32/yolov8s/bs24__run3__20261002T174610_507406Z__ok.json,throttle sw_power_cap
main,trt_fp32,yolov8s,24,4,640,20261002T190324_017461Z,2026-10-02T19:03:25+00:00,17.415246358141303,17.347805434837937,0.2065501791085118,17.693135631270707,17.200053669512272,18.37934833019972,100,32.1444398118183,27.073851553723216,28.40782201383263,18.265428417362273,0.7256352649225543,1077.6611328125,cuda:0,NVIDIA A100-PCIE-40GB,535.288.01,330.0,1365.0,1410.0,46.0,52.0,251.69,13.0,0,0,sw_power_cap,1.0,0.0,,99.75421794177964,0.6833646101877093,True,2.3.1+cu121,2.3.0+cu121,8.4.153,raw/main/runs/trt_fp32/yolov8s/bs24__run4__20261002T190324_017461Z__ok.json,throttle sw_power_cap
main,trt_fp32,yolov8s,26,0,640,20261002T144705_748574Z,2026-10-02T14:47:07+00:00,19.16002761106938,19.068927969783545,0.4495059692522401,19.39563099294901,18.859195057302713,23.16595008596778,100,35.08063279557973,29.77156895212829,31.163203134201467,20.056918137706816,0.7369241388872839,1169.50732421875,cuda:0,NVIDIA A100-PCIE-40GB,535.288.01,765.0,1350.0,1410.0,45.0,52.0,60.03,13.0,0,0,sw_power_cap,1.0,0.0,,110.0372719829902,0.7038245839066803,True,2.3.1+cu121,2.3.0+cu121,8.4.153,raw/main/runs/trt_fp32/yolov8s/bs26__run0__20261002T144705_748574Z__ok.json,throttle sw_power_cap
main,trt_fp32,yolov8s,26,1,640,20261002T154928_244529Z,2026-10-02T15:49:29+00:00,19.097497491165996,19.03710071928799,0.1794851149765289,19.388084788806736,18.908333033323288,20.164520014077425,100,35.18701541237533,29.898737091571093,30.611847550608218,20.062284916639328,0.7345191342756152,1169.50830078125,cuda:0,NVIDIA A100-PCIE-40GB,535.288.01,645.0,1350.0,1410.0,47.0,53.0,241.43,13.0,0,0,sw_power_cap,1.0,0.0,,110.0372719829902,0.6879968880675733,True,2.3.1+cu121,2.3.0+cu121,8.4.153,raw/main/runs/trt_fp32/yolov8s/bs26__run1__20261002T154928_244529Z__ok.json,throttle sw_power_cap
main,trt_fp32,yolov8s,26,2,640,20261002T171221_824563Z,2026-10-02T17:12:23+00:00,19.121552547439933,19.073020666837692,0.19434817230096807,19.37851954717189,18.84734397754073,20.174170844256878,100,34.36402057763189,29.593599494546652,30.892439978197217,20.17935235053301,0.7354443287476897,1169.5068359375,cuda:0,NVIDIA A100-PCIE-40GB,535.288.01,1410.0,1350.0,1410.0,50.0,54.0,233.42,13.0,0,0,sw_power_cap,1.0,0.0,,110.0372719829902,0.6891483189538121,True,2.3.1+cu121,2.3.0+cu121,8.4.153,raw/main/runs/trt_fp32/yolov8s/bs26__run2__20261002T171221_824563Z__ok.json,throttle sw_power_cap
main,trt_fp32,yolov8s,26,3,640,20261002T175606_119806Z,2026-10-02T17:56:07+00:00,19.076638869009912,19.0207299310714,0.22701928116697928,19.293030770495534,18.846652004867792,20.727669820189476,100,35.88100724387914,29.64170859195292,30.516208591870964,20.05417766980827,0.7337168795773044,1169.50732421875,cuda:0,NVIDIA A100-PCIE-40GB,535.288.01,765.0,1350.0,1410.0,41.0,49.0,101.8,13.0,0,0,sw_power_cap,1.0,0.0,,110.0372719829902,0.6894217110238969,True,2.3.1+cu121,2.3.0+cu121,8.4.153,raw/main/runs/trt_fp32/yolov8s/bs26__run3__20261002T175606_119806Z__ok.json,throttle sw_power_cap
main,trt_fp32,yolov8s,26,4,640,20261002T185451_710230Z,2026-10-02T18:54:53+00:00,19.06671484000981,19.012991338968277,0.16162288982975723,19.296041573397815,18.88886885717511,20.045623183250427,100,34.88561484962702,29.765382641926408,30.47125607263297,20.04325569141656,0.7333351861542234,1169.50830078125,cuda:0,NVIDIA A100-PCIE-40GB,535.288.01,765.0,1380.0,1410.0,43.0,50.0,238.32,13.0,0,0,sw_power_cap,1.0,0.0,,110.0372719829902,0.68840201664716,True,2.3.1+cu121,2.3.0+cu121,8.4.153,raw/main/runs/trt_fp32/yolov8s/bs26__run4__20261002T185451_710230Z__ok.json,throttle sw_power_cap
main,trt_fp32,yolov8s,28,0,640,20261002T144843_975801Z,2026-10-02T14:48:45+00:00,20.139019079506397,20.069376565515995,0.1779993905483411,20.39004685357213,19.890310242772102,21.213379222899675,100,37.388680703006685,31.35578171350062,32.03816732857376,21.20501915924251,0.7192506814109427,1264.53759765625,cuda:0,NVIDIA A100-PCIE-40GB,535.288.01,765.0,1350.0,1410.0,45.0,52.0,245.8,13.0,0,0,sw_power_cap,1.0,0.0,,106.43117065681145,0.7131383311934769,True,2.3.1+cu121,2.3.0+cu121,8.4.153,raw/main/runs/trt_fp32/yolov8s/bs28__run0__20261002T144843_975801Z__ok.json,throttle sw_power_cap
main,trt_fp32,yolov8s,28,1,640,20261002T160929_065517Z,2026-10-02T16:09:30+00:00,20.142838559113443,20.066426834091544,0.20345495637806044,20.389013970270753,19.881566986441612,21.2261863052845,100,36.02847405709326,31.413228949531913,32.18328761868179,21.157491779886186,0.7193870913969087,1264.53759765625,cuda:0,NVIDIA A100-PCIE-40GB,535.288.01,405.0,1350.0,1410.0,43.0,50.0,117.12,13.0,0,0,sw_power_cap,1.0,0.0,,106.43117065681145,0.7231301045976579,True,2.3.1+cu121,2.3.0+cu121,8.4.153,raw/main/runs/trt_fp32/yolov8s/bs28__run1__20261002T160929_065517Z__ok.json,throttle sw_power_cap
main,trt_fp32,yolov8s,28,2,640,20261002T170448_607270Z,2026-10-02T17:04:49+00:00,20.18724735826254,20.120250759646297,0.18688579459281762,20.47486645169556,19.907055888324976,21.251243073493242,100,36.49113681167364,31.5308200661093,32.40577192045748,21.264161351136863,0.7209731199379478,1264.53759765625,cuda:0,NVIDIA A100-PCIE-40GB,535.288.01,1410.0,1350.0,1410.0,51.0,56.0,83.42,13.0,0,0,sw_power_cap,1.0,0.0,,106.43117065681145,0.710355756804347,True,2.3.1+cu121,2.3.0+cu121,8.4.153,raw/main/runs/trt_fp32/yolov8s/bs28__run2__20261002T170448_607270Z__ok.json,throttle sw_power_cap
main,trt_fp32,yolov8s,28,3,640,20261002T175953_555015Z,2026-10-02T17:59:54+00:00,20.15067727304995,20.08427702821791,0.18187480594258118,20.42061951942742,19.87958885729313,21.226849872618914,100,36.384505461901426,31.61370614543557,32.65091592911631,21.22629700228572,0.7196670454660696,1264.5380859375,cuda:0,NVIDIA A100-PCIE-40GB,535.288.01,585.0,1350.0,1410.0,48.0,54.0,129.37,13.0,0,0,sw_power_cap,1.0,0.0,,106.43117065681145,0.7058484237641096,True,2.3.1+cu121,2.3.0+cu121,8.4.153,raw/main/runs/trt_fp32/yolov8s/bs28__run3__20261002T175953_555015Z__ok.json,throttle sw_power_cap
main,trt_fp32,yolov8s,28,4,640,20261002T190936_116561Z,2026-10-02T19:09:37+00:00,20.114880576729774,20.0428010430187,0.17310957330827956,20.401379629038274,19.864454865455627,21.095176693052053,100,36.40334110241383,31.459982972592115,32.47610479593277,21.148851080797613,0.7183885920260634,1264.537109375,cuda:0,NVIDIA A100-PCIE-40GB,535.288.01,690.0,1350.0,1410.0,42.0,50.0,157.86,13.0,0,0,sw_power_cap,1.0,0.0,,106.43117065681145,0.7007264578714967,True,2.3.1+cu121,2.3.0+cu121,8.4.153,raw/main/runs/trt_fp32/yolov8s/bs28__run4__20261002T190936_116561Z__ok.json,throttle sw_power_cap
main,trt_fp32,yolov8s,30,0,640,20261002T152620_877321Z,2026-10-02T15:26:22+00:00,21.301331194117665,21.226470358669758,0.2076352656398571,21.627972600981593,20.96772100776434,22.476803977042437,100,38.90391218941659,33.49963505752385,34.2912879306823,22.456196350976825,0.7100443731372555,1347.0732421875,cuda:0,NVIDIA A100-PCIE-40GB,535.288.01,1410.0,1350.0,1410.0,52.0,57.0,61.24,13.0,0,0,sw_power_cap,1.0,0.0,,112.62906855484471,0.7014227141626179,True,2.3.1+cu121,2.3.0+cu121,8.4.153,raw/main/runs/trt_fp32/yolov8s/bs30__run0__20261002T152620_877321Z__ok.json,throttle sw_power_cap
main,trt_fp32,yolov8s,30,1,640,20261002T154215_422492Z,2026-10-02T15:42:16+00:00,21.251091328449547,21.16475789807737,0.1987359371072628,21.55053021851927,20.962484180927277,22.42264710366726,100,38.23104390874505,33.56246463954449,34.20768927317113,22.376990700140595,0.7083697109483182,1347.07470703125,cuda:0,NVIDIA A100-PCIE-40GB,535.288.01,765.0,1350.0,1410.0,44.0,51.0,68.08,13.0,0,0,sw_power_cap,1.0,0.0,,112.62906855484471,0.714264424983412,True,2.3.1+cu121,2.3.0+cu121,8.4.153,raw/main/runs/trt_fp32/yolov8s/bs30__run1__20261002T154215_422492Z__ok.json,throttle sw_power_cap
main,trt_fp32,yolov8s,30,2,640,20261002T170149_883761Z,2026-10-02T17:01:51+00:00,21.221627215854824,21.16305474191904,0.18968425854807025,21.497029694728553,20.97171312198043,22.403988055884838,100,38.0714416410774,33.452619798481464,34.17917222250253,22.37430965062231,0.7073875738618275,1347.07470703125,cuda:0,NVIDIA A100-PCIE-40GB,535.288.01,600.0,1350.0,1410.0,44.0,51.0,84.8,13.0,0,0,sw_power_cap,1.0,0.0,,112.62906855484471,0.6986185498535633,True,2.3.1+cu121,2.3.0+cu121,8.4.153,raw/main/runs/trt_fp32/yolov8s/bs30__run2__20261002T170149_883761Z__ok.json,throttle sw_power_cap
main,trt_fp32,yolov8s,30,3,640,20261002T181813_475876Z,2026-10-02T18:18:14+00:00,21.239289166405797,21.18066092953086,0.19264914698231672,21.49783344939351,20.941647700965405,22.4111988209188,100,38.74163749162108,33.20200042799115,34.358061384409666,22.362130149267614,0.7079763055468599,1347.07421875,cuda:0,NVIDIA A100-PCIE-40GB,535.288.01,450.0,1350.0,1410.0,46.0,53.0,59.46,13.0,0,0,sw_power_cap,1.0,0.0,,112.62906855484471,0.6857445961795747,True,2.3.1+cu121,2.3.0+cu121,8.4.153,raw/main/runs/trt_fp32/yolov8s/bs30__run3__20261002T181813_475876Z__ok.json,throttle sw_power_cap
main,trt_fp32,yolov8s,30,4,640,20261002T192508_293958Z,2026-10-02T19:25:09+00:00,21.21294727548957,21.145873237401247,0.19542923537231072,21.4997130446136,20.91273572295904,22.414563223719597,100,37.931294748559594,33.32297992892563,34.231778024695814,22.342225997708738,0.7070982425163189,1347.07470703125,cuda:0,NVIDIA A100-PCIE-40GB,535.288.01,765.0,1365.0,1410.0,43.0,51.0,249.74,13.0,0,0,sw_power_cap,1.0,0.0,,112.62906855484471,0.6821917840279639,True,2.3.1+cu121,2.3.0+cu121,8.4.153,raw/main/runs/trt_fp32/yolov8s/bs30__run4__20261002T192508_293958Z__ok.json,throttle sw_power_cap
main,trt_fp32,yolov8s,32,0,640,20261002T152533_642355Z,2026-10-02T15:25:35+00:00,22.500583864748478,22.407261421903968,0.2393424465605058,22.816880187019706,22.169223055243492,23.95897824317217,100,40.202491246163845,35.50634998828173,36.73620787449181,23.687443444505334,0.7031432457733899,1437.8125,cuda:0,NVIDIA A100-PCIE-40GB,535.288.01,330.0,1365.0,1410.0,46.0,53.0,244.96,13.0,0,0,sw_power_cap,1.0,0.0,,109.96946269925684,0.7043363060802221,True,2.3.1+cu121,2.3.0+cu121,8.4.153,raw/main/runs/trt_fp32/yolov8s/bs32__run0__20261002T152533_642355Z__ok.json,throttle sw_power_cap
main,trt_fp32,yolov8s,32,1,640,20261002T160132_817399Z,2026-10-02T16:01:34+00:00,22.516931132413447,22.46597013436258,0.21309436975047283,22.812758036889136,22.2382303327322,23.76785222440958,100,40.18662067130208,35.743140149861574,36.5717543521896,23.756051207892597,0.7036540978879202,1437.8115234375,cuda:0,NVIDIA A100-PCIE-40GB,535.288.01,450.0,1350.0,1410.0,50.0,56.0,252.71,13.0,0,0,sw_power_cap,1.0,0.0,,109.96946269925684,0.7107290830463171,True,2.3.1+cu121,2.3.0+cu121,8.4.153,raw/main/runs/trt_fp32/yolov8s/bs32__run1__20261002T160132_817399Z__ok.json,throttle sw_power_cap
main,trt_fp32,yolov8s,32,2,640,20261002T170135_485843Z,2026-10-02T17:01:36+00:00,22.461103848181665,22.40108512341976,0.20601433605318994,22.767759510315955,22.275070194154978,23.687374778091908,100,40.55370076093823,35.59181769378483,36.09935075510293,23.645795453339815,0.701909495255677,1437.8134765625,cuda:0,NVIDIA A100-PCIE-40GB,535.288.01,765.0,1350.0,1410.0,43.0,51.0,246.47,13.0,0,0,sw_power_cap,1.0,0.0,,109.96946269925684,0.7115651601925492,True,2.3.1+cu121,2.3.0+cu121,8.4.153,raw/main/runs/trt_fp32/yolov8s/bs32__run2__20261002T170135_485843Z__ok.json,throttle sw_power_cap
main,trt_fp32,yolov8s,32,3,640,20261002T175901_093858Z,2026-10-02T17:59:02+00:00,22.49006988480687,22.427222691476345,0.2155653889938572,22.783331433311105,22.17682311311364,23.87659903615713,100,40.3564495081082,35.459168488159776,36.35605713352561,23.70290349703282,0.7028146839002147,1437.8125,cuda:0,NVIDIA A100-PCIE-40GB,535.288.01,765.0,1350.0,1410.0,47.0,54.0,255.77,13.0,0,0,sw_power_cap,1.0,0.0,,109.96946269925684,0.7043379368260503,True,2.3.1+cu121,2.3.0+cu121,8.4.153,raw/main/runs/trt_fp32/yolov8s/bs32__run3__20261002T175901_093858Z__ok.json,throttle sw_power_cap
main,trt_fp32,yolov8s,32,4,640,20261002T184749_846425Z,2026-10-02T18:47:51+00:00,22.474986179731786,22.408411372452974,0.21709458532031037,22.798232547938824,22.227396722882986,23.8072220236063,100,40.128580778837204,35.43751477263868,36.68689501937479,23.68749863933772,0.7023433181166183,1437.81298828125,cuda:0,NVIDIA A100-PCIE-40GB,535.288.01,1410.0,1365.0,1410.0,47.0,53.0,246.72,13.0,0,0,sw_power_cap,1.0,0.0,,109.96946269925684,0.7051206300966442,True,2.3.1+cu121,2.3.0+cu121,8.4.153,raw/main/runs/trt_fp32/yolov8s/bs32__run4__20261002T184749_846425Z__ok.json,throttle sw_power_cap
main,trt_fp32,yolov8s,40,0,640,20261002T143539_953929Z,2026-10-02T14:35:41+00:00,28.40293189510703,28.333065332844853,0.3035205080952189,28.735666605643928,27.851039078086615,30.065531842410564,100,49.322569435462356,44.55724498257041,45.78849270474166,30.007472899742424,0.7100732973776758,1424.7666015625,cuda:0,NVIDIA A100-PCIE-40GB,535.288.01,1410.0,1335.0,1410.0,49.0,55.0,246.15,13.0,0,0,sw_power_cap,1.0,0.0,,117.91332853306085,0.7072640000842512,True,2.3.1+cu121,2.3.0+cu121,8.4.153,raw/main/runs/trt_fp32/yolov8s/bs40__run0__20261002T143539_953929Z__ok.json,throttle sw_power_cap
main,trt_fp32,yolov8s,40,1,640,20261002T161321_194510Z,2026-10-02T16:13:22+00:00,28.379866750910878,28.33304414525628,0.2938628421787514,28.726431028917432,27.978465892374516,29.998198617249727,100,49.68616561032832,44.320923974737525,45.73949116747826,29.94770485907793,0.709496668772772,1424.76611328125,cuda:0,NVIDIA A100-PCIE-40GB,535.288.01,1410.0,1350.0,1410.0,47.0,54.0,66.81,13.0,0,0,sw_power_cap,1.0,0.0,,117.91332853306085,0.6996424999088049,True,2.3.1+cu121,2.3.0+cu121,8.4.153,raw/main/runs/trt_fp32/yolov8s/bs40__run1__20261002T161321_194510Z__ok.json,throttle sw_power_cap
main,trt_fp32,yolov8s,40,2,640,20261002T164134_140121Z,2026-10-02T16:41:35+00:00,28.41041404288262,28.317683143541217,0.40102025711154926,28.722462709993124,27.990132104605436,31.28563053905964,100,49.11665145307779,44.576375279575586,45.40859090629965,29.94191450998187,0.7102603510720655,1424.767578125,cuda:0,NVIDIA A100-PCIE-40GB,535.288.01,765.0,1350.0,1410.0,46.0,53.0,60.83,13.0,0,0,sw_power_cap,1.0,0.0,,117.91332853306085,0.7203483451157808,True,2.3.1+cu121,2.3.0+cu121,8.4.153,raw/main/runs/trt_fp32/yolov8s/bs40__run2__20261002T164134_140121Z__ok.json,throttle sw_power_cap
main,trt_fp32,yolov8s,40,3,640,20261002T180748_459851Z,2026-10-02T18:07:49+00:00,28.352199690416455,28.285396983847022,0.2754053581303264,28.67990538943559,27.970174793154,30.152386985719204,100,49.366913423873484,44.406370259821415,45.696898619644344,29.939122907817364,0.7088049922604114,1424.7666015625,cuda:0,NVIDIA A100-PCIE-40GB,535.288.01,495.0,1365.0,1410.0,46.0,53.0,252.27,13.0,0,0,sw_power_cap,1.0,0.0,,117.91332853306085,0.7169199329800904,True,2.3.1+cu121,2.3.0+cu121,8.4.153,raw/main/runs/trt_fp32/yolov8s/bs40__run3__20261002T180748_459851Z__ok.json,throttle sw_power_cap
main,trt_fp32,yolov8s,40,4,640,20261002T185435_809413Z,2026-10-02T18:54:37+00:00,28.326790602877736,28.288937639445066,0.26500178161686727,28.65490906406194,27.97428611665964,30.01514822244644,100,49.63089040014893,44.538772432133555,45.58830235619098,29.866854981519282,0.7081697650719434,1424.76708984375,cuda:0,NVIDIA A100-PCIE-40GB,535.288.01,765.0,1350.0,1410.0,41.0,50.0,250.3,13.0,0,0,sw_power_cap,1.0,0.0,,117.91332853306085,0.70365796610713,True,2.3.1+cu121,2.3.0+cu121,8.4.153,raw/main/runs/trt_fp32/yolov8s/bs40__run4__20261002T185435_809413Z__ok.json,throttle sw_power_cap
main,trt_fp32,yolov8s,48,0,640,20261002T144546_893997Z,2026-10-02T14:45:48+00:00,33.50046832114458,33.469900488853455,0.3089345524262306,33.817946538329124,33.09210995212197,35.36148415878415,100,57.14248158503324,52.45976196601987,54.27811730187386,35.29704893939197,0.6979264233571788,1486.92236328125,cuda:0,NVIDIA A100-PCIE-40GB,535.288.01,765.0,1365.0,1410.0,42.0,51.0,247.46,13.0,0,0,sw_power_cap,1.0,0.0,,121.8314121440053,0.7051970669999719,True,2.3.1+cu121,2.3.0+cu121,8.4.153,raw/main/runs/trt_fp32/yolov8s/bs48__run0__20261002T144546_893997Z__ok.json,throttle sw_power_cap
main,trt_fp32,yolov8s,48,1,640,20261002T162457_415003Z,2026-10-02T16:24:58+00:00,33.484180038794875,33.43290486373007,0.3761947930425956,33.77735412213951,33.072831109166145,36.026368383318186,100,58.57714371755719,52.81002493575215,53.99802261963487,35.25760988239199,0.6975870841415599,1486.919921875,cuda:0,NVIDIA A100-PCIE-40GB,535.288.01,345.0,1350.0,1410.0,40.0,50.0,249.61,13.0,0,0,sw_power_cap,1.0,0.0,,121.8314121440053,0.7141281333751976,True,2.3.1+cu121,2.3.0+cu121,8.4.153,raw/main/runs/trt_fp32/yolov8s/bs48__run1__20261002T162457_415003Z__ok.json,throttle sw_power_cap
main,trt_fp32,yolov8s,48,2,640,20261002T164904_957531Z,2026-10-02T16:49:06+00:00,33.592903884127736,33.55212067253888,0.3573208538628924,33.96253597456962,33.1609221175313,35.654252860695124,100,58.15544444601983,52.74209682829678,54.01671999134123,35.44710583984852,0.6998521642526612,1486.91845703125,cuda:0,NVIDIA A100-PCIE-40GB,535.288.01,1410.0,1380.0,1410.0,49.0,54.0,108.97,13.0,0,0,sw_power_cap,1.0,0.0,,121.8314121440053,0.6963203400373459,True,2.3.1+cu121,2.3.0+cu121,8.4.153,raw/main/runs/trt_fp32/yolov8s/bs48__run2__20261002T164904_957531Z__ok.json,throttle sw_power_cap
main,trt_fp32,yolov8s,48,3,640,20261002T181303_621764Z,2026-10-02T18:13:05+00:00,33.503556437790394,33.485089195892215,0.28060260416119415,33.80434496793896,33.11754623427987,35.146648064255714,100,57.85551988519728,52.78575303964317,53.168655023910105,35.303715681657195,0.6979907591206332,1486.92041015625,cuda:0,NVIDIA A100-PCIE-40GB,535.288.01,345.0,1365.0,1410.0,42.0,51.0,247.74,13.0,0,0,sw_power_cap,1.0,0.0,,121.8314121440053,0.7357960641384125,True,2.3.1+cu121,2.3.0+cu121,8.4.153,raw/main/runs/trt_fp32/yolov8s/bs48__run3__20261002T181303_621764Z__ok.json,throttle sw_power_cap
main,trt_fp32,yolov8s,48,4,640,20261002T191009_484707Z,2026-10-02T19:10:10+00:00,33.50622629746795,33.471695613116026,0.3015382632008925,33.862086036242545,33.10879599303007,35.305699333548546,100,57.214744105003774,51.851111464202404,54.30001029744744,35.300649111159146,0.6980463811972489,1486.92138671875,cuda:0,NVIDIA A100-PCIE-40GB,535.288.01,525.0,1350.0,1410.0,42.0,50.0,242.13,13.0,0,0,sw_power_cap,1.0,0.0,,121.8314121440053,0.7104966980405152,True,2.3.1+cu121,2.3.0+cu121,8.4.153,raw/main/runs/trt_fp32/yolov8s/bs48__run4__20261002T191009_484707Z__ok.json,throttle sw_power_cap
main,trt_fp32,yolov8s,56,0,640,20261002T143257_086753Z,2026-10-02T14:32:58+00:00,39.05448065139353,39.03636150062084,0.28924371866874266,39.384117745794356,38.69034070521593,41.36401182040572,100,66.14965329412371,61.49126053787768,62.4244645005092,41.19624875020236,0.697401440203456,1465.171875,cuda:0,NVIDIA A100-PCIE-40GB,535.288.01,570.0,1350.0,1410.0,47.0,54.0,60.35,13.0,0,0,sw_power_cap,1.0,0.0,,131.93869920400903,0.7005770737305284,True,2.3.1+cu121,2.3.0+cu121,8.4.153,raw/main/runs/trt_fp32/yolov8s/bs56__run0__20261002T143257_086753Z__ok.json,throttle sw_power_cap
main,trt_fp32,yolov8s,56,1,640,20261002T161115_114878Z,2026-10-02T16:11:16+00:00,39.030060451477766,38.98291732184589,0.2989060207798111,39.3389156088233,38.72365178540349,41.42831824719906,100,67.22016323823482,61.27762934193015,62.24668107461184,41.16167843807489,0.6969653652049601,1465.1728515625,cuda:0,NVIDIA A100-PCIE-40GB,535.288.01,435.0,1350.0,1410.0,45.0,54.0,264.2,13.0,0,0,sw_power_cap,1.0,0.0,,131.93869920400903,0.7015697029419243,True,2.3.1+cu121,2.3.0+cu121,8.4.153,raw/main/runs/trt_fp32/yolov8s/bs56__run1__20261002T161115_114878Z__ok.json,throttle sw_power_cap
main,trt_fp32,yolov8s,56,2,640,20261002T164212_170999Z,2026-10-02T16:42:13+00:00,39.02478921227157,38.96444430574775,0.24636599126426995,39.285397715866566,38.66618173196912,40.725786704570055,100,66.52138582896441,61.65277888067067,62.47616864275187,41.0980258975178,0.6968712359334209,1465.171875,cuda:0,NVIDIA A100-PCIE-40GB,535.288.01,765.0,1335.0,1410.0,44.0,53.0,258.99,13.0,0,0,sw_power_cap,1.0,0.0,,131.93869920400903,0.7012084960006177,True,2.3.1+cu121,2.3.0+cu121,8.4.153,raw/main/runs/trt_fp32/yolov8s/bs56__run2__20261002T164212_170999Z__ok.json,throttle sw_power_cap
main,trt_fp32,yolov8s,56,3,640,20261002T173307_755889Z,2026-10-02T17:33:09+00:00,38.995822090655565,38.93109015189111,0.2684761851602497,39.34177323244512,38.640424609184265,41.066328063607216,100,65.9762170072645,61.664647655561566,62.458955915644765,41.09305313322693,0.6963539659045637,1465.17333984375,cuda:0,NVIDIA A100-PCIE-40GB,535.288.01,765.0,1350.0,1410.0,43.0,52.0,256.7,13.0,0,0,sw_power_cap,1.0,0.0,,131.93869920400903,0.6930602719075978,True,2.3.1+cu121,2.3.0+cu121,8.4.153,raw/main/runs/trt_fp32/yolov8s/bs56__run3__20261002T173307_755889Z__ok.json,throttle sw_power_cap
main,trt_fp32,yolov8s,56,4,640,20261002T192856_749386Z,2026-10-02T19:28:58+00:00,38.97487826179713,38.895562291145325,0.30888077911869416,39.40773899666965,38.48097287118435,41.41818406060338,100,66.45030547399074,61.2084458116442,62.36359355971217,41.093085440807045,0.695979968960663,1465.17138671875,cuda:0,NVIDIA A100-PCIE-40GB,535.288.01,525.0,1350.0,1410.0,45.0,54.0,245.54,13.0,0,0,sw_power_cap,1.0,0.0,,131.93869920400903,0.6832845471799374,True,2.3.1+cu121,2.3.0+cu121,8.4.153,raw/main/runs/trt_fp32/yolov8s/bs56__run4__20261002T192856_749386Z__ok.json,throttle sw_power_cap
main,trt_fp32,yolov8s,64,0,640,20261002T151520_934645Z,2026-10-02T15:15:22+00:00,44.109209664165974,44.04508345760405,0.4091173880930968,44.398364843800664,43.49405271932483,46.88396956771612,100,75.29956429731101,69.75692231208086,70.81656656228006,46.5326971700415,0.6892064010025933,1675.62646484375,cuda:0,NVIDIA A100-PCIE-40GB,535.288.01,765.0,1335.0,1410.0,45.0,54.0,73.44,13.0,0,0,sw_power_cap,1.0,0.0,,139.83800390921533,0.7132600997574627,True,2.3.1+cu121,2.3.0+cu121,8.4.153,raw/main/runs/trt_fp32/yolov8s/bs64__run0__20261002T151520_934645Z__ok.json,throttle sw_power_cap
main,trt_fp32,yolov8s,64,1,640,20261002T161738_272754Z,2026-10-02T16:17:39+00:00,44.12453396245837,44.08496851101518,0.2672563332746797,44.397770636714995,43.70682407170534,46.21939128264785,100,75.96234718337655,70.00207412056625,71.71434375923127,46.6002537868917,0.6894458431634121,1675.62353515625,cuda:0,NVIDIA A100-PCIE-40GB,535.288.01,360.0,1365.0,1410.0,47.0,56.0,247.63,13.0,0,0,sw_power_cap,1.0,0.0,,139.83800390921533,0.837569828145206,True,2.3.1+cu121,2.3.0+cu121,8.4.153,raw/main/runs/trt_fp32/yolov8s/bs64__run1__20261002T161738_272754Z__ok.json,throttle sw_power_cap
main,trt_fp32,yolov8s,64,2,640,20261002T172803_038004Z,2026-10-02T17:28:04+00:00,44.13816741667688,44.05566956847906,0.3685623213328037,44.3810252007097,43.78583887591958,46.5511716902256,100,74.25385351292789,69.87465312704444,70.85728896781802,46.47111142985523,0.6896588658855762,1675.625,cuda:0,NVIDIA A100-PCIE-40GB,535.288.01,555.0,1365.0,1410.0,43.0,52.0,89.52,13.0,0,0,sw_power_cap,1.0,0.0,,139.83800390921533,0.7030115099623799,True,2.3.1+cu121,2.3.0+cu121,8.4.153,raw/main/runs/trt_fp32/yolov8s/bs64__run2__20261002T172803_038004Z__ok.json,throttle sw_power_cap
main,trt_fp32,yolov8s,64,3,640,20261002T182356_830603Z,2026-10-02T18:23:58+00:00,44.061727854423225,44.00731367059052,0.34700499864183065,44.26329047419131,43.52012416347861,46.612335834652185,100,74.58934998139739,70.1999485027045,70.95800309907645,46.45153402816504,0.6884644977253629,1675.625,cuda:0,NVIDIA A100-PCIE-40GB,535.288.01,585.0,1350.0,1410.0,42.0,52.0,248.65,13.0,0,0,sw_power_cap,1.0,0.0,,139.83800390921533,0.708172373007983,True,2.3.1+cu121,2.3.0+cu121,8.4.153,raw/main/runs/trt_fp32/yolov8s/bs64__run3__20261002T182356_830603Z__ok.json,throttle sw_power_cap
main,trt_fp32,yolov8s,64,4,640,20261002T183621_094354Z,2026-10-02T18:36:22+00:00,44.157284502871335,44.0874588675797,0.32403108930778185,44.43576065823436,43.86134305968881,46.978251077234745,100,74.22937733121216,69.93341259658337,70.7322187256068,46.575164762325585,0.6899575703573646,1675.62451171875,cuda:0,NVIDIA A100-PCIE-40GB,535.288.01,465.0,1335.0,1410.0,47.0,55.0,241.12,13.0,0,0,sw_power_cap,1.0,0.0,,139.83800390921533,0.707860997878015,True,2.3.1+cu121,2.3.0+cu121,8.4.153,raw/main/runs/trt_fp32/yolov8s/bs64__run4__20261002T183621_094354Z__ok.json,throttle sw_power_cap
