image_id,yolov8n.pt,yolov8s.pt,yolov8m.pt,yolov8l.pt
61,False,True,True,True
64,False,False,True,False
71,False,False,False,False
72,True,True,True,True
86,False,True,True,True
133,False,False,False,True
136,True,True,False,True
164,False,False,False,False
192,True,False,False,True
241,False,True,True,True
260,True,True,True,True
349,True,True,True,True
360,False,True,True,True
438,False,True,False,False
474,True,True,True,True
491,True,False,True,True
532,False,True,False,False
540,False,False,False,False
612,False,False,False,False
625,True,True,True,True
715,False,False,False,False
723,False,False,False,False
764,True,True,True,True
839,False,False,False,False
897,True,True,True,True
977,True,True,True,True
987,False,False,False,False
1011,False,True,False,True
1107,True,False,False,False
1146,True,True,True,True
1164,True,True,True,True
1180,False,False,False,False
1237,False,False,False,False
1261,False,False,False,True
1264,False,False,False,True
1271,False,False,False,False
1308,True,True,True,True
1311,False,False,False,False
1401,False,False,False,False
1431,False,True,False,True
1518,False,True,True,True
1526,False,False,False,False
1548,True,True,True,True
1558,False,False,False,True
1586,False,True,True,True
1596,True,True,True,True
1625,True,False,False,False
1667,False,False,False,False
1756,False,False,False,False
1757,False,False,False,False
1786,False,True,True,True
1815,True,True,True,True
1837,False,True,True,True
1903,False,False,False,False
1915,True,False,False,True
1947,False,False,False,False
1966,False,False,False,True
1999,True,True,True,True
2056,True,True,True,True
2083,False,False,False,False
2089,True,True,True,True
2135,False,True,True,True
2193,False,False,False,False
2232,True,True,True,True
2270,False,False,False,False
2296,False,False,True,False
2315,True,True,True,True
2411,False,True,True,False
2434,False,False,False,False
2444,False,False,False,True
2451,True,False,False,False
2536,False,False,True,True
2560,False,False,True,True
2570,False,False,True,True
2575,False,False,False,False
2606,False,False,False,False
2754,False,False,True,True
2774,False,False,True,True
2776,True,True,True,True
2822,False,False,False,False
2886,False,True,False,True
2894,False,False,False,False
2963,True,True,True,True
2983,False,True,True,True
2989,False,False,False,False
3067,False,False,False,False
3103,False,False,False,False
3124,False,False,True,True
3134,False,False,False,False
3192,False,False,False,True
3209,True,True,True,True
3259,False,False,False,False
3353,False,False,False,False
3378,True,True,True,True
3382,False,False,False,False
3461,True,True,True,True
3488,True,True,True,True
3493,False,False,False,False
3532,False,False,False,True
3535,False,True,True,False
3580,False,False,False,False
3602,False,False,True,False
3637,False,True,False,True
3690,True,False,False,True
3703,False,True,False,False
3716,False,False,False,False
3751,False,True,True,True
3793,False,False,False,True
3862,False,False,False,False
3867,True,True,True,True
3870,False,False,False,False
3911,False,False,False,True
3917,False,False,False,False
3938,False,False,False,False
3964,False,True,True,True
4020,False,False,False,False
4065,False,False,False,False
4125,False,False,False,False
4139,True,True,True,True
4211,False,True,False,True
4239,False,False,True,True
4282,False,True,True,True
4286,True,True,True,True
4360,False,True,False,False
4375,False,True,True,True
4376,False,False,False,False
4426,True,True,True,True
4441,True,True,True,True
4462,True,False,False,True
4527,True,True,True,True
4578,False,True,True,True
4620,True,True,True,True
4622,False,False,False,False
4642,False,True,True,True
4719,False,False,False,False
4736,False,False,False,True
4785,True,True,True,True
4820,False,False,False,True
4823,False,False,True,False
4830,False,True,True,True
4843,False,False,False,True
4859,True,True,True,True
4903,False,False,False,False
4904,False,False,False,False
4979,False,True,True,True
4980,True,True,True,True
4981,True,True,True,True
4984,True,True,True,True
5046,True,True,True,True
5064,False,False,False,False
5076,False,False,False,True
5094,False,False,False,False
5105,False,False,False,False
5115,False,False,False,False
5152,False,False,False,False
5156,True,True,True,True
5198,False,False,False,False
5355,True,True,False,True
5385,False,True,False,True
5424,False,True,True,True
5469,False,True,True,True
5483,False,False,False,False
5486,False,False,False,False
5508,False,False,False,False
5513,True,True,True,True
5557,True,True,True,True
5587,False,False,False,False
5595,False,False,True,False
5620,False,False,False,False
5632,False,False,False,False
5644,False,True,False,True
5667,False,False,True,True
5688,True,False,True,True
5728,False,False,False,False
5769,False,False,True,True
5802,False,False,False,False
5804,False,False,False,False
5916,False,True,True,True
5991,True,True,True,True
6004,False,False,False,False
6010,False,False,True,True
6031,False,False,True,True
6068,True,True,True,True
6074,True,False,False,True
6107,False,False,False,False
6140,False,True,True,True
6189,False,False,True,True
6216,False,True,True,True
6220,False,False,False,False
6241,False,False,False,False
6379,True,True,True,True
6406,False,False,False,True
6518,False,True,False,True
6522,False,False,False,False
6603,True,True,True,True
6651,False,True,True,True
6658,False,True,True,True
6672,False,False,False,False
6701,False,False,False,True
6710,True,True,False,False
6720,False,False,False,False
6790,True,True,True,True
6842,False,False,False,True
6846,False,False,False,False
6870,False,True,False,False
6874,True,True,True,True
6901,False,False,True,True
6906,False,False,False,False
6935,False,False,False,False
6981,False,False,False,False
6996,True,True,True,True
7035,False,True,True,True
7072,False,False,True,True
7104,False,False,False,True
7107,True,True,True,True
7123,True,True,True,True
7124,False,False,False,False
7145,True,False,False,False
7167,False,True,False,False
7221,False,True,True,True
7267,True,True,True,True
7276,False,False,False,True
7277,False,False,True,True
7298,True,True,True,True
7318,True,True,False,True
7325,False,False,False,False
7355,False,False,False,False
7361,True,False,True,True
7367,True,True,True,False
7393,True,True,True,True
7420,False,False,False,False
7424,True,False,True,True
7444,False,False,True,True
7584,True,True,True,True
7594,True,False,True,True
7603,False,False,False,False
7690,False,False,False,True
7722,True,True,True,True
7757,True,True,True,True
7819,False,False,False,False
7856,False,True,False,True
7921,False,False,False,False
7945,False,False,False,False
7961,False,False,False,False
8024,False,False,False,False
8043,False,False,False,False
8114,False,False,False,False
8119,False,False,True,True
8170,False,False,False,False
8191,True,True,True,True
8228,True,True,True,True
8238,False,False,False,False
8245,False,False,True,False
8350,False,False,False,True
8383,False,False,False,True
8394,False,False,True,True
8457,True,True,True,True
8469,False,True,True,True
8519,False,False,False,False
8536,False,False,False,False
8568,False,False,False,False
8581,False,True,True,True
8647,False,False,False,False
8718,False,False,False,True
8773,True,True,True,True
8787,False,False,False,False
8836,False,True,True,True
8848,False,False,False,False
8856,False,True,False,False
8909,True,True,True,True
8933,False,False,False,False
8965,True,True,True,True
8981,True,True,True,True
9002,False,False,False,False
9018,True,True,True,True
9038,False,False,False,True
9077,False,False,False,False
9095,False,False,False,False
9112,False,False,False,True
9138,False,False,False,False
9156,False,True,False,True
9174,False,False,False,False
9175,False,False,False,False
9180,True,False,True,True
9199,False,False,False,False
9203,False,False,True,True
9253,False,False,False,False
9275,False,True,False,True
9372,False,False,False,True
9379,False,False,False,True
9409,False,False,False,False
9446,False,False,False,True
9452,True,True,True,True
9462,False,False,False,True
9517,True,True,True,True
9608,True,True,True,True
9648,True,True,True,True
9651,False,False,False,False
9708,False,False,False,True
9723,False,False,False,False
9738,True,True,True,True
9789,False,False,False,False
9801,False,False,True,True
9830,False,True,True,False
9872,True,True,False,False
9878,False,True,True,True
9904,True,True,True,True
9910,False,False,True,True
9929,False,False,True,False
9935,True,True,True,True
9983,False,False,False,False
10014,False,False,False,False
10073,False,False,False,False
10084,True,True,True,True
10123,False,False,True,True
10130,True,False,True,True
10149,False,False,False,False
10175,False,False,True,False
10216,False,False,False,False
10230,False,False,True,True
10239,False,False,False,False
10249,False,True,True,True
10281,True,True,True,True
10324,False,False,False,False
10386,True,True,True,True
10393,False,False,False,True
10434,True,False,True,True
10463,True,True,True,True
10526,False,False,False,False
10560,False,False,True,True
10613,False,False,False,False
10615,True,True,True,True
10644,False,False,False,False
10646,False,False,False,False
10701,False,True,False,True
10705,False,False,False,False
10711,False,False,False,False
10719,True,True,True,True
10779,False,False,False,False
10871,False,True,True,True
10877,False,False,False,False
10907,False,False,False,False
10909,False,False,False,False
10925,False,True,True,True
10986,False,False,False,False
11004,False,False,False,False
11015,False,True,True,True
11029,False,True,True,True
11147,True,True,True,True
11168,True,True,True,True
11181,True,False,True,True
11241,False,False,False,False
11262,False,False,True,True
11269,True,True,True,True
11271,False,False,True,False
11288,True,True,True,True
11358,True,True,True,True
11401,False,True,True,True
11411,False,False,True,True
11422,True,True,True,True
11426,False,False,False,False
11449,True,False,True,True
11485,False,False,False,False
11496,True,True,True,True
11506,False,False,False,True
11519,True,True,False,True
11605,True,True,True,True
11613,False,False,False,True
11619,False,True,True,True
11661,True,True,True,True
11690,True,True,True,True
11696,False,False,True,False
11754,False,False,False,False
11775,True,True,True,True
11794,False,False,False,False
11831,False,True,True,True
11849,False,False,True,False
11877,False,False,False,True
11931,False,False,False,False
11968,False,False,False,False
11990,False,False,False,False
12014,True,True,True,True
12044,False,False,False,True
12069,False,False,False,False
12079,True,True,False,True
12081,True,True,True,True
12093,True,True,True,True
12102,False,False,False,False
12131,False,False,True,True
12146,False,False,False,False
12154,False,True,False,False
12192,False,False,False,False
12224,False,False,False,False
12240,False,False,False,True
12268,False,True,False,False
12315,False,True,True,True
12326,False,False,False,False
12370,True,True,True,True
12377,True,True,True,True
12418,False,True,True,True
12428,False,True,False,True
12448,True,False,False,False
12484,False,False,False,False
12552,False,True,True,True
12570,False,False,True,False
12574,False,True,True,True
12612,False,False,False,False
12650,False,False,False,False
12669,False,False,False,False
12698,False,False,False,False
12700,False,False,False,False
12711,True,True,False,True
12741,True,True,True,True
12805,False,False,False,False
12839,False,False,False,False
12876,True,True,False,True
12884,True,True,True,True
12887,False,False,False,False
12892,False,True,True,True
12979,True,True,True,True
13061,True,True,True,True
13076,False,True,True,True
13106,False,False,False,False
13129,False,False,False,False
13144,False,False,False,False
13159,True,True,True,True
13172,False,False,False,False
13267,True,True,True,True
13285,False,False,False,False
13292,False,False,False,False
13302,False,False,False,True
13318,True,True,True,True
13355,False,False,False,False
13383,True,True,True,True
13465,True,True,True,True
13471,True,True,True,True
13506,False,False,True,True
13540,True,True,True,True
13550,False,False,False,False
13576,False,False,False,False
13603,True,False,True,True
13650,False,False,False,False
13662,False,False,False,False
13671,False,True,True,True
13678,False,False,False,False
13719,False,False,True,True
13721,False,True,True,True
13802,True,True,True,True
13835,True,False,True,False
13867,False,False,True,True
13868,False,True,False,False
13892,True,False,False,True
13904,True,True,True,True
13909,False,False,False,False
13920,True,True,True,True
13922,False,False,False,False
13965,False,False,False,False
13969,False,False,False,True
13985,False,False,False,False
13995,False,True,False,False
14004,False,False,False,False
14041,False,False,True,True
14056,False,False,True,True
14160,True,False,False,True
14180,False,True,True,True
14219,False,False,False,False
14253,False,False,False,True
14261,True,True,True,True
14281,False,False,False,False
14352,False,False,False,False
14367,True,False,True,True
14392,False,False,False,False
14450,True,True,True,True
14453,False,True,True,True
14502,False,False,True,True
14543,True,True,True,True
14547,False,False,False,False
14557,True,True,True,True
14562,False,True,True,True
14591,False,True,True,True
14635,False,False,False,False
14676,False,True,True,True
14723,False,False,False,False
14756,False,False,False,True
14766,False,True,True,True
14773,False,False,False,False
14807,True,True,True,False
14819,True,True,True,True
14835,True,True,True,False
14883,False,False,False,False
14886,False,False,False,False
14892,False,False,False,True
14940,True,False,False,False
14970,False,True,True,True
14975,False,True,False,False
14990,False,True,True,True
15050,True,True,True,True
15062,False,False,True,True
15074,True,True,False,False
15117,False,False,False,False
15140,False,False,False,True
15148,False,False,False,False
15151,False,False,True,True
15156,False,False,False,False
15174,True,True,True,True
15249,True,True,True,True
15266,True,False,False,False
15268,False,False,True,False
15269,False,False,False,False
15276,False,False,False,False
15289,False,False,False,False
15307,False,True,True,True
15347,False,False,False,True
15391,False,True,True,True
15409,False,False,True,True
15451,False,False,False,False
15472,False,False,False,False
15486,False,True,True,True
15542,True,True,False,False
15567,False,True,True,True
15610,True,False,False,False
15678,False,False,False,False
15725,False,False,False,False
15726,False,True,True,True
15738,True,True,True,True
15794,False,False,False,False
15816,True,True,True,True
15851,False,False,False,False
15859,False,False,False,False
15915,False,False,True,True
15919,True,True,False,True
15930,True,True,True,True
15947,False,False,False,False
15968,True,True,True,True
15976,False,False,False,False
15978,False,False,False,False
16009,False,False,False,False
16038,False,True,True,True
16039,True,True,True,True
16056,False,False,False,False
16060,False,False,False,False
16080,False,True,True,True
16237,False,True,True,True
16243,False,False,False,False
16251,True,False,True,False
16254,False,False,False,False
16257,True,True,True,True
16285,True,True,True,True
16297,False,False,False,False
16308,False,True,False,True
16314,False,False,False,False
16327,False,False,False,False
16346,False,True,False,True
16355,True,True,True,True
16356,True,False,False,False
16360,False,False,False,False
16361,False,False,False,False
16418,True,True,True,True
16468,True,False,False,False
16523,False,False,False,False
16525,False,False,True,False
16546,False,True,False,True
16578,False,False,False,False
16616,False,False,False,False
16670,True,True,True,True
16677,False,True,True,True
16775,False,False,False,False
16776,True,True,True,True
16823,False,True,False,False
16897,False,False,True,True
16963,False,False,True,True
17057,False,False,False,False
17095,True,True,True,True
17108,False,False,True,True
17192,False,False,False,False
17198,False,False,False,True
17267,False,False,False,False
17301,True,True,True,False
17308,True,True,True,True
17312,False,False,True,False
17350,False,True,True,True
17451,False,False,False,True
17553,False,False,False,False
17586,False,True,False,True
17590,False,True,True,True
17629,True,True,True,True
17644,False,False,False,False
17655,False,False,False,False
17697,False,False,False,False
17751,False,False,False,False
17776,False,True,True,False
17791,False,False,True,True
17859,False,False,False,False
17909,False,False,True,True
17944,False,False,False,False
17954,False,False,False,False
17967,False,False,True,False
18000,False,False,False,False
18020,False,True,True,True
18090,False,False,False,False
18179,False,True,True,True
18217,True,True,True,True
18224,True,True,True,True
18244,False,False,False,False
18267,True,True,True,True
18293,False,True,True,True
18294,False,True,True,True
18336,False,False,True,True
18359,False,True,False,True
18401,False,False,False,False
18426,True,False,False,False
18439,True,True,True,True
18442,False,False,True,True
18460,False,False,False,False
18462,True,False,False,False
18475,False,True,True,True
18496,True,True,True,True
18513,True,True,True,True
18530,True,True,True,True
18542,False,True,False,True
18555,False,True,False,True
18559,False,False,False,False
18571,False,True,False,True
18614,False,False,False,True
18656,False,False,False,False
18658,False,False,False,True
18683,True,True,True,True
18771,False,False,False,False
18809,True,False,False,True
18839,False,False,False,False
18935,True,True,True,True
18957,False,False,False,False
18973,False,False,True,False
19013,False,False,False,False
19032,False,True,True,True
19037,False,False,True,True
19090,True,True,True,True
19096,True,True,True,True
19136,True,True,True,True
19146,False,False,False,False
19176,False,False,False,False
19185,False,False,False,False
19322,False,False,False,False
19333,True,True,True,True
19374,False,False,False,False
19397,False,False,False,True
19404,True,True,True,True
19413,True,False,False,False
19441,False,True,True,True
19446,False,False,False,False
19544,False,True,True,True
19552,False,False,False,True
19589,False,False,False,False
19609,True,True,True,True
19637,False,False,False,False
19681,False,False,False,False
19695,False,False,False,False
19714,True,True,True,True
19759,True,False,True,False
19767,False,False,False,False
19769,False,False,False,False
19828,False,True,True,True
19838,False,False,False,False
19918,True,True,True,True
19926,False,False,False,False
20001,False,True,True,True
20004,True,False,False,False
20018,True,True,True,True
20030,False,False,False,False
20063,False,False,False,False
20136,False,True,True,True
20150,True,True,False,False
20156,False,False,False,False
20157,False,True,True,True
20175,False,False,False,True
20177,False,False,False,False
20184,True,True,True,True
20253,False,False,False,False
20273,False,True,True,True
20307,False,True,True,True
20367,True,True,False,True
20391,False,False,False,False
20436,False,True,True,True
20460,False,False,True,True
20464,False,False,False,False
20489,False,False,True,True
20513,True,True,True,True
20563,False,False,True,True
20570,True,True,False,False
20579,False,True,True,True
20583,True,True,True,True
20601,False,True,True,True
20632,False,False,True,True
20641,False,True,False,True
20650,False,False,False,True
20760,False,True,True,False
20769,False,False,False,False
20774,True,True,True,True
20781,False,False,False,True
20788,False,False,False,False
20794,True,False,False,False
20809,False,False,False,False
20849,True,True,True,False
20853,False,True,True,True
20906,False,True,False,True
20908,False,False,False,True
20935,False,False,False,False
20962,False,False,False,False
21003,False,False,True,True
21029,False,False,False,False
21088,True,True,True,True
21097,False,False,False,False
21136,True,False,False,False
21152,True,True,True,True
21161,False,False,False,True
21164,True,True,False,True
21194,True,True,True,True
21197,False,True,True,False
21212,True,True,True,False
21217,False,False,True,False
21240,True,True,True,True
21268,False,False,False,False
21280,False,False,False,False
21284,False,False,False,False
21327,True,True,True,True
21397,True,True,True,True
21400,False,False,False,False
21417,False,False,False,False
21459,True,True,True,True
21462,False,False,True,True
21469,False,False,False,True
21534,False,False,False,False
21544,False,True,False,False
21599,True,True,True,True
21613,True,True,True,True
21622,False,True,False,False
21688,False,True,True,True
21711,False,False,False,False
21751,True,True,True,True
21764,True,True,True,True
21811,False,False,True,True
21826,True,True,True,True
21905,True,True,True,True
21968,False,False,False,False
22008,False,False,False,False
22012,False,False,False,False
22071,False,False,False,True
22102,False,True,False,False
22112,False,False,False,False
22129,False,True,True,True
22149,False,False,False,False
22158,False,False,False,False
22180,False,True,False,True
22195,False,True,True,True
22196,True,True,True,True
22208,False,False,False,False
22355,False,False,False,True
22427,False,False,False,False
22446,False,False,False,False
22451,False,True,False,False
22461,True,False,True,False
22474,False,False,False,False
22492,True,True,True,True
22500,False,True,False,False
22624,True,True,True,True
22636,False,False,False,False
22656,False,True,True,True
22690,False,False,False,True
22691,True,False,True,True
22708,False,False,False,False
22710,False,False,True,True
22759,True,True,True,True
22796,True,True,True,True
22802,False,False,False,False
22880,False,True,True,True
22928,False,False,False,False
23050,True,True,True,True
23098,True,True,True,True
23100,False,False,True,True
23117,False,False,False,False
23201,False,True,True,True
23203,False,False,True,True
23280,False,False,False,True
23287,False,False,False,False
23311,False,False,False,False
23355,False,False,False,False
23387,True,True,True,True
23392,False,False,False,True
23405,True,True,True,True
23413,False,False,True,False
23429,False,True,False,True
23434,False,False,False,False
23447,False,False,False,True
23451,False,True,False,True
23479,False,False,False,False
23551,False,False,False,False
23570,True,True,True,True
23594,False,False,False,True
23718,False,False,False,True
23731,False,False,False,True
23821,False,False,False,False
23840,False,False,True,True
23914,False,False,False,False
23984,False,False,False,True
23991,True,True,True,True
24026,False,False,False,False
24100,False,False,False,False
24103,False,True,True,True
24104,False,True,True,True
24105,False,False,False,False
24150,False,False,False,False
24154,True,True,True,True
24159,False,True,True,True
24204,False,False,False,False
24239,False,False,False,False
24242,True,True,True,True
24253,False,True,True,True
24260,True,True,True,True
24264,True,True,True,True
24296,True,False,True,True
24319,True,True,True,True
24352,True,True,True,True
24386,False,False,True,True
24391,False,False,False,False
24402,False,False,True,False
24428,False,True,False,True
24433,False,True,False,True
24436,False,False,False,True
24515,False,True,True,True
24520,False,False,False,False
24552,False,False,False,False
24563,False,True,True,True
24672,False,False,False,False
24714,False,False,False,False
24842,False,False,False,False
24849,False,False,False,False
24859,False,False,False,False
24972,False,True,True,True
25009,False,True,True,True
25034,True,True,True,True
25121,True,True,True,True
25145,True,True,True,True
25193,False,False,False,False
25230,False,False,False,False
25245,False,False,False,False
25274,False,False,False,False
25282,False,True,True,True
25286,False,False,True,True
25325,False,False,False,False
25352,True,True,True,True
25385,True,True,False,False
25430,True,True,True,True
25453,False,False,False,False
25470,False,False,False,False
25550,False,True,True,True
25675,False,True,False,True
25722,False,False,False,False
25727,False,True,True,True
25746,False,False,False,False
25747,True,True,True,True
25807,False,False,True,True
25853,False,False,False,False
25860,False,False,False,False
25870,False,False,True,True
26010,False,False,False,False
26068,False,False,False,False
26069,False,True,True,True
26072,False,False,True,True
26105,False,True,True,True
26132,False,False,False,False
26172,True,True,True,True
26221,False,False,False,False
26297,False,False,False,True
26304,False,True,True,True
26310,False,False,False,False
26359,True,True,True,True
26393,False,False,True,True
26445,True,True,True,True
26466,False,False,True,False
26578,True,True,True,True
26584,True,True,True,True
26602,True,True,True,True
26611,False,False,False,False
26622,True,True,True,True
26625,False,False,False,False
26655,False,False,False,True
26764,True,True,True,True
26782,False,True,True,True
26818,False,False,False,False
26833,False,False,False,False
26865,True,True,True,True
26893,False,False,False,False
26905,False,False,False,True
26907,False,False,False,False
26924,False,True,True,True
26928,False,False,True,True
26932,True,True,True,True
26978,False,False,False,True
26982,True,True,False,False
27012,False,False,True,False
27037,True,True,True,True
27046,True,True,True,False
27109,False,False,False,False
27136,True,False,True,True
27159,True,True,True,True
27162,True,True,True,True
27190,False,False,False,False
27215,True,True,True,True
27285,False,False,False,False
27330,False,False,False,True
27374,True,True,True,True
27388,True,True,True,True
27471,True,True,True,True
27486,False,False,False,False
27493,False,True,True,True
27510,False,True,True,True
27524,False,False,True,True
27534,False,False,False,True
27540,True,True,True,True
27564,True,False,False,True
27569,False,True,True,True
27674,False,True,True,True
27718,False,False,False,False
27756,True,False,True,True
27764,False,False,False,True
27776,True,False,False,True
27778,True,True,True,True
27789,False,False,False,False
27826,False,False,True,True
27859,False,False,False,False
27902,False,False,False,True
27907,False,False,False,False
27946,True,True,True,True
27950,True,True,False,True
27975,False,False,True,True
27977,True,False,False,False
28010,False,False,False,False
28085,False,True,False,False
28109,True,True,True,True
28114,False,False,False,False
28116,True,True,True,True
28127,True,True,True,True
28214,False,False,False,True
28251,False,False,False,False
28333,False,False,False,True
28335,False,False,False,True
28343,True,False,False,True
28451,False,False,False,True
28463,False,False,False,False
28506,False,False,False,False
28518,True,True,False,True
28540,False,False,False,False
28547,True,True,True,True
28555,True,True,True,True
28582,False,True,True,True
28674,False,False,False,True
28682,False,False,True,True
28714,False,False,False,False
28802,False,False,False,False
28820,False,False,False,True
28824,False,False,False,False
28835,False,False,False,False
28855,False,False,False,True
28924,True,True,True,True
28930,True,True,True,True
28981,False,False,False,False
28988,True,False,True,True
28995,False,False,False,False
29018,False,False,False,True
29080,False,False,False,False
29085,True,True,True,True
29091,True,True,True,True
29114,True,True,True,True
29116,True,True,True,True
29140,False,False,False,True
29155,False,False,False,False
29176,False,True,True,True
29288,False,False,False,False
29320,False,False,False,False
29345,True,True,True,True
29370,False,True,True,True
29377,False,False,False,False
29431,True,True,True,True
29444,True,True,True,True
29473,False,False,False,True
29575,False,False,False,False
29587,False,True,True,True
29592,False,True,True,True
29601,False,True,True,True
29622,True,True,True,True
29639,False,False,False,True
29706,True,True,True,True
29711,False,False,False,False
29730,True,True,True,True
29801,False,False,False,False
29838,False,False,False,False
29875,False,False,False,False
29879,True,True,True,True
29915,True,True,True,True
29931,False,False,False,False
29934,True,True,True,True
30000,True,True,False,True
30034,False,False,False,False
30055,False,True,True,True
30067,True,True,True,True
30139,False,False,False,False
30163,False,False,False,False
30239,False,False,False,True
30254,True,True,True,True
30255,True,False,False,False
30261,False,False,False,False
30276,True,False,True,True
30288,False,False,False,False
30321,False,False,True,True
30353,False,False,False,False
30409,False,True,True,True
30413,False,False,False,True
30429,False,True,True,True
30434,False,False,False,True
30437,False,False,False,False
30443,True,False,False,False
30449,False,False,False,False
30457,False,False,False,False
30488,True,True,True,True
30526,False,False,False,False
30529,False,False,False,False
30534,False,False,False,False
30548,True,True,True,True
30569,False,False,False,False
30630,False,True,False,False
30646,True,True,True,True
30657,False,True,True,True
30681,False,False,False,False
30711,False,False,False,False
30752,False,True,False,False
30791,False,False,True,False
30820,False,False,False,False
30836,False,False,False,False
30855,True,True,True,True
30871,False,False,False,False
30954,True,True,True,True
30960,False,False,False,False
30962,True,True,True,True
30997,False,True,False,False
30998,False,False,False,False
31016,False,False,False,False
31043,False,False,False,True
31061,False,False,False,False
31090,True,True,True,True
31092,True,True,True,True
31135,False,False,False,False
31151,True,True,True,False
31188,False,False,True,True
31230,False,False,False,False
31273,False,False,False,False
31376,True,True,True,True
31382,False,False,True,True
31391,True,True,True,True
31392,False,False,True,True
31393,True,False,True,True
31396,True,True,True,True
31418,False,True,True,True
31521,False,False,False,False
31569,True,True,True,True
31582,False,False,False,False
31621,False,False,False,False
31667,True,True,True,True
31733,False,False,False,False
31765,True,False,True,True
31773,False,False,False,False
31812,False,True,True,True
31813,False,True,False,True
31938,True,True,True,True
31943,True,True,True,True
31948,False,True,False,True
31979,False,False,False,False
31984,True,True,True,True
31993,True,True,True,True
32044,False,False,True,True
32060,False,False,False,False
32074,False,False,False,False
32095,True,True,True,True
32147,False,False,False,False
32176,True,True,True,True
32289,True,True,True,False
32295,False,False,False,True
32339,False,True,True,True
32413,True,True,True,True
32442,False,False,False,False
32455,False,False,False,False
32471,False,False,False,False
32566,False,True,True,True
32577,True,True,True,True
32578,True,True,True,True
32627,False,False,False,False
32644,False,True,True,False
32674,False,False,False,True
32675,False,False,False,False
32677,False,True,False,True
32679,True,True,True,True
32720,True,True,False,True
32739,False,False,False,False
32751,True,True,True,True
32787,True,True,True,True
32829,False,False,False,False
32850,True,True,True,True
32932,False,False,False,False
32944,False,False,False,True
32985,False,False,False,False
32986,True,True,True,True
32990,True,True,True,True
33006,False,False,False,False
33017,False,False,False,True
33068,True,True,True,True
33073,False,False,False,False
33093,False,False,False,False
33204,False,True,True,False
33208,False,False,True,False
33240,False,True,True,True
33300,True,True,True,True
33315,False,True,True,True
33341,False,True,False,False
33417,True,False,False,False
33431,False,False,False,True
33476,False,True,True,True
33499,True,True,True,True
33505,False,False,False,False
33572,False,True,False,True
33601,False,False,False,False
33629,True,True,True,True
33634,True,True,True,False
33642,False,False,True,True
33659,True,True,True,True
33698,False,False,False,False
33731,True,False,True,True
33732,True,True,True,True
33743,False,False,False,False
33761,False,False,False,False
33764,False,False,False,False
33815,True,True,True,True
33828,False,True,True,True
33835,False,False,False,False
33845,False,False,False,False
33861,False,False,False,True
33871,False,False,False,False
33958,True,True,True,True
33994,False,True,True,False
34038,False,True,True,True
34061,False,False,False,False
34080,True,True,True,True
34086,False,False,False,True
34115,False,True,True,True
34121,False,False,False,True
34196,True,False,False,False
34212,False,False,False,False
34222,True,True,True,True
34235,False,True,False,False
34277,True,False,False,True
34299,False,True,True,True
34301,True,True,True,True
34333,True,False,False,False
34356,False,False,False,False
34372,True,True,True,True
34387,False,False,False,False
34415,False,True,False,True
34439,False,False,False,False
34445,False,False,False,False
34475,False,True,True,True
34482,False,False,False,False
34491,False,False,False,False
34500,False,True,True,True
34524,False,False,False,False
34570,False,False,False,False
34579,False,False,False,False
34645,True,True,True,True
34674,True,True,True,True
34680,False,False,False,False
34757,False,False,True,True
34773,False,False,False,False
34795,False,False,False,False
34808,True,True,True,True
34816,True,True,False,True
34828,False,False,False,False
34831,False,False,False,False
34874,True,True,True,True
34882,True,True,True,True
34900,False,False,False,False
34904,True,False,False,False
34993,False,False,False,False
35032,True,True,True,True
35033,True,True,True,True
35094,False,False,False,True
35105,True,True,False,True
35107,False,True,False,True
35127,False,False,False,False
35150,True,True,True,True
35160,False,False,False,False
35176,False,False,False,False
35210,True,True,True,True
35211,False,False,False,True
35222,False,False,False,False
35228,False,False,False,False
35303,True,True,True,True
35328,False,False,False,False
35367,False,False,False,True
35368,False,False,False,False
35434,True,True,True,True
35436,False,False,True,True
35508,False,False,False,True
35514,False,False,False,False
35551,True,True,True,True
35552,True,False,True,True
35642,False,True,True,True
35664,False,False,False,False
35677,False,True,True,True
35705,False,False,False,False
35707,False,True,False,False
35726,False,True,False,True
35738,True,True,True,True
35768,False,False,False,False
35769,False,False,True,False
35857,True,True,True,True
35884,False,False,False,True
35964,False,False,False,True
36049,False,True,False,True
36113,True,True,True,True
36123,False,False,False,False
36197,True,True,True,True
36204,True,True,True,True
36222,True,True,True,True
36226,False,False,False,False
36230,False,False,False,False
36278,False,False,False,False
36414,True,True,True,True
36417,False,False,True,False
36447,False,False,False,False
36448,False,False,True,True
36450,False,False,True,True
36459,False,True,False,True
36460,False,False,False,False
36492,True,True,True,True
36500,False,False,False,False
36522,False,False,False,False
36557,False,False,False,False
36563,True,True,True,False
36574,False,False,False,False
36633,True,True,True,True
36658,False,True,True,True
36661,False,False,False,False
36663,False,False,False,False
36725,False,False,False,False
36739,False,False,False,False
36761,True,False,False,False
36805,False,False,False,False
36810,False,True,True,True
36811,False,False,False,True
36823,True,True,True,True
36827,True,True,True,True
36841,False,False,False,False
36903,True,False,True,True
36908,False,False,False,True
36939,False,False,False,False
36968,False,False,False,False
36996,True,True,True,True
37001,False,False,False,True
37024,False,True,True,True
37038,False,True,True,True
37039,False,False,True,True
37059,True,False,True,False
37062,False,False,False,False
37076,True,False,True,True
37126,False,False,True,False
37149,False,True,False,True
37158,False,False,False,True
37193,True,True,True,True
37198,False,False,False,False
37210,True,False,False,False
37222,False,True,False,False
37291,False,False,False,False
37326,False,False,False,False
37367,False,False,True,False
37396,False,False,False,False
37579,True,True,True,True
37655,False,False,False,False
37671,False,False,False,False
37719,False,False,False,False
37727,False,False,False,False
37743,False,False,True,False
37771,True,False,False,False
37790,False,True,False,False
37800,False,False,False,False
37862,False,False,False,True
37863,False,True,True,True
37905,False,False,True,True
37931,False,True,True,True
37932,False,False,False,False
37944,False,False,False,False
37945,False,True,True,True
37979,True,True,True,True
37986,False,False,False,False
37999,False,False,False,True
38034,False,False,False,False
38117,True,True,True,True
38152,True,True,True,True
38190,False,False,True,True
38266,False,False,False,False
38274,False,False,False,False
38296,False,True,True,True
38350,False,False,True,True
38402,True,True,False,False
38449,True,True,True,True
38477,False,False,True,True
38490,False,True,True,True
38561,False,False,False,False
38622,False,True,True,True
38628,True,True,True,True
38645,False,False,False,True
38652,False,True,False,True
38681,True,True,True,True
38693,False,False,False,False
38701,False,False,False,True
38730,False,True,False,True
38791,True,True,True,True
38798,True,True,True,True
38840,False,False,True,True
38865,False,True,False,False
38890,True,True,True,True
38934,False,True,True,False
38938,True,True,True,True
38963,False,False,False,False
39000,True,True,True,True
39004,False,True,True,True
39065,False,False,True,True
39113,True,True,True,False
39131,False,False,False,False
39159,False,True,False,True
39171,False,False,False,True
39185,False,False,False,False
39202,False,False,False,False
39203,False,False,False,False
39225,True,True,True,True
39301,False,False,False,True
39312,False,False,False,True
39321,False,False,False,False
39322,False,False,False,False
39357,False,False,True,True
39399,False,False,False,False
39430,False,True,True,True
39434,True,True,True,True
39456,False,False,False,False
39464,False,False,True,True
39495,True,True,True,True
39528,True,True,False,False
39540,False,False,False,False
39548,False,False,False,False
39597,False,False,False,False
39656,True,True,True,True
39663,False,True,True,False
39698,False,False,False,True
39705,False,True,True,True
39708,True,True,True,True
39711,True,True,True,True
39716,True,True,True,True
39718,False,False,False,False
39726,False,False,False,False
39779,False,False,True,False
39844,False,False,True,False
39865,True,True,True,True
39925,False,True,True,True
40018,False,False,False,False
40056,False,False,False,False
40100,False,False,False,False
40103,True,True,True,True
40108,True,True,True,True
40205,False,False,False,False
40286,False,False,False,True
40317,False,False,True,True
40325,False,False,False,False
40342,True,True,True,True
40346,False,False,False,True
40351,True,False,False,False
40399,False,False,True,False
40404,True,True,False,True
40407,False,True,True,True
40414,False,False,False,False
40446,False,False,True,False
40449,True,True,True,True
40466,False,False,True,True
40497,False,False,False,False
40602,False,False,False,False
40675,False,False,False,False
40686,False,False,False,False
40708,False,False,False,False
40737,True,True,True,True
40779,True,False,False,False
40795,True,True,True,True
40830,False,False,False,False
40838,True,True,True,True
40874,False,False,False,False
40902,False,False,False,False
40906,False,False,False,False
40911,False,False,False,False
40923,False,False,False,True
40924,False,False,False,False
40971,True,True,True,True
40986,True,True,True,True
40987,True,True,True,True
40988,False,True,True,True
41001,True,True,True,True
41079,False,True,True,True
41110,False,False,False,True
41123,False,False,False,False
41147,True,True,True,True
41152,False,False,False,True
41155,True,True,True,True
41199,True,True,False,False
41200,True,True,False,True
41225,False,False,False,False
41233,True,False,True,True
41247,False,False,False,False
41259,False,False,False,False
41273,False,False,True,False
41279,False,False,False,True
41311,False,False,False,False
41331,True,True,True,True
41340,False,False,False,False
41345,False,False,False,False
41398,False,False,True,True
41404,False,False,False,False
41413,True,True,True,True
41437,True,True,True,True
41453,False,True,True,True
41478,False,True,False,True
41505,False,True,True,True
41507,True,True,False,False
41577,False,False,False,False
41645,False,False,False,False
41658,True,True,True,True
41671,False,True,False,False
41678,False,False,False,False
41728,False,False,False,False
41742,False,False,False,True
41756,False,False,False,True
41776,False,False,False,False
41826,False,False,False,True
41839,True,False,True,True
41840,False,False,False,False
41846,True,True,False,True
41867,True,True,True,True
41920,True,True,True,True
41923,False,False,False,False
41924,False,False,False,False
41939,True,True,True,True
41952,False,False,False,False
41959,True,True,True,True
41998,True,True,False,False
42024,False,False,False,False
42042,False,False,False,False
42069,False,False,False,False
42089,True,True,True,True
42091,False,False,True,True
42124,False,False,False,False
42196,False,False,False,False
42201,True,True,False,True
42215,False,False,True,False
42297,False,False,False,False
42347,True,True,True,True
42366,True,True,True,True
42384,False,False,True,True
42421,True,True,True,True
42427,True,False,False,True
42429,True,True,True,True
42441,False,False,False,False
42458,True,False,False,True
42472,False,False,True,True
42482,False,False,True,True
42492,False,False,False,False
42529,True,True,True,True
42540,False,False,False,False
42584,False,False,True,False
42585,False,False,False,False
42634,False,True,False,True
42667,False,False,False,False
42675,True,True,True,True
42683,False,False,False,False
42741,True,True,True,True
42743,True,True,True,True
42790,True,True,False,False
42810,False,True,True,True
42834,False,False,False,False
42947,True,False,True,True
42953,False,False,False,False
42960,False,False,False,False
43011,True,True,False,False
43077,False,False,False,False
43098,True,True,True,True
43161,True,True,False,True
43163,True,True,True,True
43193,False,False,False,False
43232,True,True,True,True
43243,False,False,False,False
43251,False,False,False,False
43269,False,True,True,True
43340,False,False,False,False
43393,True,True,True,True
43417,False,False,False,True
43433,False,True,True,True
43444,False,True,True,True
43513,True,True,True,True
43522,False,False,False,False
43555,True,True,True,True
43629,True,True,True,True
43635,False,False,False,True
43673,False,False,False,False
43712,False,True,True,False
43739,False,False,False,True
43742,False,False,False,True
43771,True,True,True,True
43774,False,False,False,True
43778,True,True,True,True
43795,False,True,True,True
43813,False,False,False,False
43854,False,False,False,False
43892,True,False,False,True
43917,False,False,False,False
43936,False,False,False,False
43957,False,False,False,False
43960,False,False,False,False
43961,False,False,False,False
43997,False,True,False,True
44045,True,True,True,True
44054,False,False,False,False
44061,True,True,True,True
44171,False,False,True,True
44209,False,True,True,True
44227,True,True,True,True
44244,False,False,False,False
44327,False,True,True,True
44337,False,False,True,True
44360,False,False,False,False
44425,False,False,True,True
44432,False,False,False,False
44471,False,True,True,True
44474,True,False,True,True
44488,False,False,False,False
44491,False,True,False,False
44569,False,False,False,False
44575,False,False,False,True
44670,True,True,True,True
44704,True,True,True,True
44723,True,True,True,True
44724,False,False,False,False
44734,False,False,False,False
44751,False,False,False,False
44780,True,True,True,True
44782,False,False,False,True
44801,False,True,True,True
44802,False,False,False,False
44825,False,False,False,False
44839,False,False,False,False
44950,False,False,False,False
44952,True,True,True,True
44953,False,True,True,True
44958,False,False,False,False
44960,False,False,False,False
44995,False,False,True,True
45016,True,True,True,True
45026,False,False,False,False
45053,True,True,True,True
45058,True,True,True,False
45059,False,False,False,False
45197,True,True,True,False
45215,False,False,True,True
45222,True,True,True,True
45226,False,True,True,False
45292,False,False,False,False
45306,False,False,False,False
45339,True,True,True,True
45422,False,False,True,True
45455,False,False,False,False
45459,True,True,True,True
45467,True,True,True,True
45487,True,True,False,True
45526,True,True,True,True
45587,True,True,True,True
45622,False,False,False,False
45626,False,False,True,False
45659,False,False,False,False
45771,False,False,True,True
45785,True,True,True,True
45840,True,True,True,True
45923,True,False,False,True
45959,False,False,True,True
46014,False,False,False,False
46023,False,False,False,False
46171,True,True,True,True
46303,True,True,True,True
46310,True,True,True,True
46320,False,False,False,False
46353,False,False,False,False
46356,False,False,False,True
46372,False,True,False,False
46385,True,True,False,False
46422,False,True,False,False
46438,True,True,True,True
46460,False,True,True,True
46519,False,False,False,False
46524,False,False,False,False
46526,False,False,False,False
46545,True,True,True,True
46686,False,True,True,True
46729,False,False,False,False
46737,True,True,True,True
46743,False,False,True,True
46749,True,True,True,True
46760,False,True,True,True
46761,False,True,True,True
46869,False,False,False,False
46883,True,True,True,True
46893,False,False,False,False
46941,False,False,False,False
46942,True,True,True,True
46981,True,True,True,True
46990,False,True,False,True
47022,False,False,False,True
47055,False,False,False,False
47189,False,True,True,True
47202,False,True,True,False
47285,False,False,False,False
47295,False,False,False,False
47372,False,True,True,True
47387,True,True,True,False
47406,False,True,True,True
47511,False,True,True,True
47512,True,True,True,True
47570,False,False,False,False
47588,True,True,True,True
47621,True,True,True,False
47631,False,False,False,True
47639,False,False,False,False
47640,True,True,True,False
47648,True,False,True,True
47658,False,False,False,False
47680,False,False,False,False
47687,True,True,True,True
47713,False,True,False,False
47735,False,False,False,False
47767,True,False,True,True
47848,True,True,True,True
47873,False,True,True,True
47877,False,True,True,True
47882,False,False,False,False
47886,False,False,False,False
47928,False,False,False,False
47949,False,False,False,False
47992,False,False,False,False
48047,False,False,False,False
48066,False,False,False,False
48067,True,True,True,True
48101,False,False,False,False
48130,False,False,False,True
48150,False,True,False,True
48160,False,False,False,False
48169,True,True,True,True
48189,True,False,False,False
48196,False,False,False,False
48220,False,True,True,True
48257,True,True,True,True
48267,False,False,False,True
48281,False,False,False,False
48340,False,False,False,False
48354,True,False,False,False
48408,True,True,True,True
48428,True,True,True,True
48432,False,False,False,False
48548,False,False,False,False
48575,False,False,True,True
48595,False,False,False,True
48609,False,False,False,False
48616,False,True,False,False
48617,False,False,True,True
48630,True,True,True,True
48708,False,False,True,True
48711,True,True,True,False
48728,False,False,False,False
48756,True,True,True,True
48759,False,False,False,False
48824,False,True,True,True
48848,False,False,False,False
48870,False,False,False,True
48882,False,True,True,True
48931,True,False,False,False
48939,False,False,False,False
48974,False,False,False,False
49006,False,False,False,False
49022,True,True,False,True
49048,False,False,False,True
49079,False,False,False,True
49119,False,False,False,True
49135,True,True,True,True
49165,True,True,True,True
49175,False,False,False,False
49240,False,False,True,True
49258,False,False,False,False
49309,False,False,False,False
49331,True,True,False,True
49363,False,False,False,False
49378,True,True,True,True
49382,True,True,True,True
49384,False,True,True,True
49402,False,False,False,False
49408,False,False,False,False
49413,False,False,False,False
49424,False,False,False,False
49444,False,False,False,False
49458,False,True,True,True
49460,True,False,True,True
49553,False,True,False,True
49554,False,False,False,False
49640,False,False,False,False
49643,False,False,False,True
49648,True,True,True,True
49682,True,True,True,True
49683,True,True,True,True
49731,False,False,False,False
49746,False,False,False,False
49796,False,False,False,False
49851,False,False,False,False
49901,False,True,True,True
49933,True,True,True,True
49977,True,True,True,True
49988,False,False,False,False
50013,False,True,True,True
50018,False,False,False,False
50054,False,True,True,True
50061,False,False,False,False
50106,False,False,False,True
50134,False,False,False,False
50222,True,True,True,True
50244,True,False,True,True
50256,True,False,True,True
50261,False,False,False,False
50276,False,False,True,False
50305,False,False,False,False
50366,False,False,False,False
50372,False,False,True,False
50403,False,False,False,True
50434,True,True,True,True
50461,False,True,False,True
50463,False,False,False,False
50470,False,False,False,True
50518,False,False,False,False
50556,False,False,False,False
50561,False,False,False,False
50563,False,False,False,False
50576,False,True,True,True
50583,False,False,True,True
50627,True,True,True,True
50667,False,False,False,True
50686,False,False,False,False
50767,False,True,True,True
50791,False,False,True,False
50820,True,True,True,True
50849,False,False,False,False
50913,True,True,True,True
50926,False,False,False,False
50956,True,True,True,True
50960,True,False,False,True
50962,True,False,True,True
50980,False,False,False,False
51052,False,False,False,True
51124,False,False,False,False
51143,False,False,False,False
51156,True,True,True,True
51157,True,True,True,True
51168,False,True,True,True
51191,False,True,True,False
51260,True,True,True,True
51304,True,True,True,True
51376,False,False,False,True
51390,False,True,True,False
51478,False,False,True,True
51500,False,False,False,False
51540,False,False,False,False
51555,False,False,False,False
51618,False,False,False,False
51631,True,True,True,True
51639,False,False,False,True
51644,True,True,True,True
51704,False,True,True,True
51706,True,True,True,True
51777,True,False,True,True
51799,True,True,True,True
51829,False,False,False,False
51871,True,False,False,True
51920,True,False,False,True
51928,True,False,False,False
51946,True,True,True,True
51985,False,False,False,False
52005,True,True,True,True
52036,False,True,True,True
52037,False,False,False,False
52038,False,False,False,False
52086,False,False,False,False
52112,True,True,True,True
52128,True,False,False,False
52153,False,False,False,False
52183,False,False,False,False
52231,False,False,False,True
52259,False,False,False,False
52347,False,False,False,False
52348,False,False,False,False
52357,True,True,True,False
52406,True,True,True,True
52425,False,False,False,True
52435,False,False,False,False
52448,False,False,False,False
52472,True,False,True,True
52497,False,False,False,False
52503,True,True,True,True
52516,False,False,False,False
52562,False,False,False,False
52609,True,True,True,True
52638,False,False,False,False
52661,False,False,False,False
52693,True,True,True,False
52700,False,False,False,False
52756,False,False,True,True
52790,True,True,True,True
52847,False,False,False,False
52929,False,True,True,False
52943,False,False,False,False
52956,False,False,False,False
53015,False,False,False,True
53058,False,False,False,False
53088,False,False,False,True
53091,False,False,False,False
53108,False,True,True,True
53143,False,False,False,False
53145,True,True,True,True
53147,False,False,False,False
53157,False,False,True,True
53183,False,False,False,False
53315,False,False,False,True
53347,False,True,True,True
53351,False,False,False,False
53361,False,False,False,False
53364,True,True,False,False
53370,True,False,True,True
53406,False,False,False,False
53450,True,False,False,False
53455,False,False,False,False
53464,False,False,True,False
53465,False,False,False,False
53474,True,True,True,True
53479,False,False,False,False
53490,True,True,True,True
53491,False,False,False,False
53532,False,False,False,False
53591,False,False,False,False
53643,True,False,True,False
53644,False,False,True,True
53660,False,False,False,False
53740,False,False,False,False
53744,False,False,False,False
53752,False,False,False,False
53756,False,True,False,False
53823,False,False,False,False
53825,False,False,False,False
53900,False,False,False,False
53928,True,False,True,True
53929,False,False,False,False
53989,False,False,False,False
53990,False,False,False,False
54003,False,False,False,False
54037,True,True,True,True
54092,False,True,True,False
54111,False,False,False,False
54118,True,True,True,True
54121,False,False,False,False
54160,False,False,False,False
54194,False,False,False,False
54204,False,False,False,False
54244,False,False,False,False
54245,False,False,False,False
54282,False,False,True,True
54295,False,False,False,False
54318,False,False,False,False
54337,False,False,False,False
54344,False,False,True,True
54354,True,True,True,True
54399,False,False,True,True
54425,True,False,True,True
54452,False,False,False,False
54490,True,True,True,True
54517,False,True,True,True
54520,False,False,False,True
54555,False,False,False,False
54563,False,False,False,False
54589,False,False,False,False
54692,False,False,False,False
54717,False,False,False,True
54738,True,True,True,True
54743,False,True,True,False
54749,False,False,False,True
54758,False,False,False,False
54868,False,False,False,False
54874,False,True,False,True
54918,False,False,False,False
54953,False,False,False,False
54955,True,True,True,True
54959,True,True,True,True
54976,False,False,True,True
54989,False,True,False,False
55050,True,True,True,True
55118,True,True,False,False
55166,True,True,True,True
55199,False,False,False,False
55202,True,True,True,True
55221,True,True,True,True
55223,False,False,True,False
55226,False,False,False,False
55237,False,False,False,False
55288,False,False,False,True
55301,True,False,False,False
55318,True,False,True,True
55323,True,False,True,True
55344,False,False,False,False
55375,False,False,False,False
55389,False,True,True,True
55398,False,False,False,False
55458,False,True,False,False
55478,True,True,True,True
55630,True,False,False,False
55668,True,True,True,True
55689,False,False,False,False
55780,False,False,True,False
55857,False,False,False,False
55859,True,True,True,True
55860,True,True,True,True
55947,False,False,False,False
55966,False,False,False,False
56005,True,True,True,False
56006,True,True,True,False
56007,True,True,True,True
56104,False,False,True,False
56109,False,False,False,False
56126,False,True,True,False
56158,True,False,True,True
56161,False,False,True,False
56206,False,False,False,False
56212,True,True,True,False
56250,False,False,True,False
56283,False,False,False,True
56292,False,False,False,False
56326,False,False,False,False
56332,True,False,False,False
56364,False,True,True,True
56432,False,True,True,False
56433,False,False,False,False
56504,False,False,False,False
56549,False,True,True,True
56562,True,True,True,True
56580,True,True,True,True
56608,False,True,True,True
56644,False,False,False,False
56651,False,False,False,False
56738,True,True,True,True
56753,False,False,False,False
56786,True,True,True,True
56849,False,False,False,True
56865,True,True,False,True
56877,True,True,False,True
56896,False,False,False,False
56960,False,False,False,False
57023,True,True,True,True
57072,False,True,True,True
57075,False,True,True,True
57100,False,False,False,True
57185,True,True,True,True
57249,False,True,True,True
57264,False,False,False,False
57283,False,True,True,True
57306,False,False,False,True
57323,False,True,False,True
57353,False,True,True,True
57381,False,False,False,True
57427,False,True,True,True
57498,False,False,False,False
57523,True,True,True,True
57535,False,False,False,False
57579,False,False,False,False
57614,False,False,False,False
57702,False,False,False,False
57767,True,True,True,True
57801,False,False,False,False
57812,True,True,True,True
57814,True,True,True,True
57828,False,False,False,False
57849,True,True,True,False
57868,True,False,False,True
57879,False,False,False,False
57940,False,False,True,True
58021,False,True,True,True
58102,False,False,False,False
58134,False,False,False,False
58143,False,True,True,True
58179,True,True,True,True
58232,False,False,True,False
58245,False,False,False,False
58248,True,True,True,True
58268,False,False,False,False
58270,True,True,True,False
58281,True,True,True,True
58316,True,True,True,True
58335,False,True,True,True
58403,False,False,False,False
58406,True,True,True,True
58425,False,False,True,False
58435,True,True,False,True
58517,False,False,True,False
58569,False,False,False,False
58572,False,False,False,False
58595,True,True,True,True
58597,True,False,False,False
58619,False,False,False,True
58647,True,True,True,True
58654,True,True,True,True
58658,False,False,False,False
58735,True,True,True,True
58753,False,False,True,False
58758,False,True,False,True
58765,False,False,False,False
58796,False,False,False,False
58815,True,False,True,False
58857,False,False,False,False
58861,False,False,True,False
58867,True,True,True,True
58873,False,False,False,True
58928,False,False,False,False
58929,True,True,True,True
59015,False,False,False,False
59024,False,True,False,True
59075,False,False,True,True
59116,True,True,True,True
59142,False,False,False,False
59157,True,True,True,True
59167,False,False,False,False
59207,False,True,True,True
59229,False,False,False,False
59237,True,True,True,True
59319,False,False,False,False
59327,False,False,False,False
59328,False,False,True,True
59383,False,False,False,False
59384,True,True,True,False
59442,True,True,True,True
59451,True,False,True,True
59471,True,True,True,True
59526,False,False,True,False
59552,True,True,True,True
59556,False,False,False,False
59571,False,False,True,False
59573,False,False,False,False
59584,True,True,True,True
59593,False,False,False,False
59622,True,False,False,False
59660,False,False,False,False
59708,False,True,True,True
59741,False,False,True,True
59874,False,True,False,True
59933,False,True,True,True
59972,False,True,False,False
60018,False,True,False,True
60040,False,False,False,False
60041,False,False,False,True
60046,True,True,True,True
60060,True,False,True,True
60069,True,True,True,True
60081,True,True,True,True
60120,False,True,False,False
60126,True,True,False,False
60145,True,True,True,True
60155,True,True,True,True
60170,False,False,False,False
60177,False,True,True,True
60182,True,True,True,True
60240,True,True,True,True
60245,True,True,True,True
60246,False,False,True,False
60278,False,False,False,True
60320,False,False,False,False
60332,False,False,False,False
60350,False,False,False,False
60387,False,False,False,False
60402,False,True,False,True
60403,True,True,True,True
60415,True,True,True,True
60437,False,True,True,True
60448,False,False,False,True
60554,True,False,True,True
60567,False,True,True,False
60593,False,False,False,False
60641,False,True,True,True
60690,True,True,True,True
60730,False,False,False,True
60737,False,False,False,False
60828,False,True,True,True
60881,True,True,True,False
60890,False,True,True,True
60892,False,False,False,False
60970,True,True,True,True
61007,False,False,False,False
61101,False,True,True,True
61203,False,False,False,False
61207,True,False,False,False
61217,False,False,True,False
61266,False,False,True,True
61288,False,False,False,True
61315,False,False,True,True
61316,False,False,False,False
61328,True,False,False,False
61354,True,False,True,False
61375,True,False,False,False
61403,True,True,True,True
61414,False,False,False,False
61452,False,True,True,True
61459,False,False,False,False
61460,False,False,False,False
61478,False,False,False,False
61492,False,False,True,True
61498,False,False,False,True
61503,True,True,True,True
61512,False,True,True,False
61524,False,False,True,False
61624,False,False,True,True
61642,False,False,False,False
61647,False,False,False,True
61648,False,False,False,False
61674,False,False,False,False
61676,True,True,True,True
61683,False,False,False,False
61698,False,False,False,False
61735,False,False,False,False
61773,False,False,False,False
61830,False,False,False,False
61832,False,True,False,False
61843,False,False,False,False
61854,False,False,False,False
61865,True,True,True,True
61945,False,True,True,True
61953,True,True,True,True
61966,True,True,True,True
61982,True,False,False,True
62029,False,True,True,True
62031,True,True,True,True
62038,False,False,False,False
62048,False,True,True,True
62053,False,False,False,True
62057,False,True,False,False
62075,False,False,False,False
62109,False,False,False,False
62175,False,True,False,False
62200,False,True,True,True
62210,False,False,False,False
62219,False,True,True,True
62230,False,False,False,False
62251,True,False,True,True
62279,False,False,False,False
62293,True,True,True,False
62313,False,False,False,False
62324,False,False,False,False
62336,False,False,False,False
62344,False,False,False,False
62348,False,False,False,True
62440,True,True,True,True
62480,True,True,True,True
62510,False,False,False,False
62543,False,False,False,False
62558,True,True,False,True
62574,False,True,True,True
62604,True,False,True,True
62617,True,True,True,True
62687,False,False,False,True
62706,False,False,False,False
62716,False,False,False,False
62726,True,True,True,True
62778,False,True,False,True
62819,False,False,False,True
62858,True,True,True,True
62923,False,False,False,True
63036,True,True,True,True
63049,False,False,False,False
63075,False,False,True,True
63081,False,False,False,False
63109,False,False,False,False
63166,True,True,True,True
63185,False,True,False,False
63275,False,False,False,False
63325,False,False,False,False
63328,False,False,True,True
63378,False,True,True,True
63414,True,True,True,True
63485,False,False,False,False
63521,False,False,False,True
63556,False,False,False,False
63558,False,False,False,True
63566,True,True,True,True
63595,True,True,True,True
63619,False,True,True,True
63647,False,False,False,False
63661,False,False,False,False
63777,True,True,True,True
63795,True,True,True,True
63848,False,True,False,True
63875,True,True,False,True
63888,False,False,False,False
63893,True,True,True,True
63900,False,True,False,True
63959,True,False,False,True
64001,True,True,True,True
64059,True,True,True,True
64093,False,False,False,False
64098,False,False,False,False
64146,False,True,True,True
64155,False,False,False,False
64183,False,False,False,False
64244,False,True,True,False
64256,True,True,True,True
64263,True,True,True,True
64310,False,False,True,True
64357,True,False,True,False
64431,False,False,False,False
64460,False,False,False,False
64492,False,False,False,False
64562,True,True,True,True
64593,False,True,True,True
64602,True,True,True,True
64605,False,False,True,True
64619,False,False,False,False
64684,False,False,False,True
64694,True,True,True,True
64733,False,False,False,False
64750,True,True,True,True
64779,False,True,False,False
64824,False,True,False,True
64836,False,False,False,True
64870,False,False,False,False
64948,False,False,False,False
64954,False,False,True,True
65011,False,False,False,False
65012,False,True,False,True
65051,True,True,True,True
65063,False,False,False,True
65095,True,True,True,True
65139,True,True,False,False
65153,False,False,False,False
65156,True,True,True,False
65161,False,True,True,True
65162,True,True,False,True
65182,False,True,True,True
65191,False,True,True,True
65218,False,True,False,True
65258,False,False,False,False
65280,False,True,True,True
65358,False,False,False,False
65371,True,True,False,True
65415,True,True,True,True
65430,True,True,True,True
65447,False,True,False,True
65509,False,False,True,True
65533,True,True,True,True
65588,False,True,True,False
65594,True,True,True,True
65610,False,False,False,True
65655,False,False,False,False
65732,True,True,True,True
65773,False,False,True,False
65776,False,False,True,True
65806,False,False,False,True
65835,False,False,False,False
65836,False,False,True,True
65841,False,False,False,False
65859,False,False,True,False
65896,False,True,True,True
65898,False,False,False,False
65948,False,False,False,False
65962,False,True,False,True
65969,True,True,False,False
65984,False,False,False,False
65986,True,False,False,False
65993,False,False,True,False
66085,False,False,False,False
66129,True,True,True,False
66181,False,False,False,False
66190,False,False,False,False
66192,False,False,False,False
66241,True,False,False,False
66243,True,False,False,True
66273,True,False,True,True
66292,False,True,True,True
66320,True,True,False,True
66347,True,True,True,True
66351,True,True,True,True
66360,False,False,False,False
66369,False,False,False,False
66376,False,False,True,True
66389,False,False,False,False
66397,True,True,False,True
66420,False,True,True,True
66444,False,False,True,False
66507,False,False,True,True
66647,False,False,False,False
66717,False,False,False,False
66746,False,False,False,False
66800,True,True,True,True
66827,False,False,False,False
66883,False,False,False,False
67046,False,True,False,False
67052,False,False,False,False
67057,False,False,False,True
67065,False,True,True,True
67077,False,False,False,False
67085,False,False,False,False
67090,False,False,True,False
67116,False,False,False,False
67117,True,True,True,True
67126,False,True,True,True
67200,False,True,True,True
67207,False,False,False,False
67208,False,False,False,False
67220,False,False,True,False
67241,False,True,True,True
67248,False,False,False,False
67252,True,True,True,True
67255,True,True,False,True
67261,True,True,True,True
67297,False,False,False,False
67307,False,True,True,True
67339,False,False,False,False
67373,False,False,False,False
67396,False,False,False,False
67427,True,True,True,True
67443,True,True,True,True
67446,True,True,True,True
67496,False,True,False,False
67560,False,False,True,False
67565,False,False,False,False
67577,False,False,False,False
67598,True,True,True,True
67631,False,False,False,False
67656,True,True,True,True
67660,False,False,False,False
67663,True,True,True,True
67674,False,True,True,True
67749,False,False,False,False
67765,False,False,False,False
67785,False,True,False,False
67871,True,True,True,True
67888,True,True,True,True
67935,True,True,True,True
67966,False,False,False,False
67972,False,False,False,False
67974,False,False,False,True
67985,False,False,False,False
68021,False,False,False,False
68041,True,True,True,True
68082,True,True,True,True
68155,False,False,True,True
68158,False,False,False,False
68287,False,True,True,True
68331,False,True,False,False
68377,False,False,False,False
68385,False,True,True,True
68397,True,True,True,False
68422,False,False,False,False
68444,False,False,False,False
68457,False,False,False,False
68490,True,True,True,True
68633,False,False,True,True
68636,False,True,False,False
68637,False,False,False,True
68648,True,True,True,True
68650,False,False,False,False
68688,True,True,True,False
68701,False,True,True,True
68712,False,False,False,False
68717,False,False,False,False
68740,True,True,True,True
68743,True,False,True,True
68749,False,True,True,False
68763,False,True,True,True
68801,False,False,False,False
68814,False,True,True,True
68878,True,True,True,True
68914,False,False,False,True
68974,False,False,True,True
69043,True,False,False,False
69048,False,False,False,False
69169,False,False,True,True
69182,True,True,True,True
69188,True,True,True,True
69196,False,True,True,True
69215,True,False,False,False
69220,True,True,True,True
69223,False,False,False,False
69226,True,True,True,True
69229,True,True,True,True
69256,False,False,False,False
69325,False,False,True,True
69340,False,False,False,False
69355,False,False,True,False
69366,True,True,True,True
69383,False,False,False,False
69405,False,True,True,True
69410,False,False,False,False
69428,False,False,False,False
69504,True,True,True,True
69512,False,False,False,True
69569,True,True,True,True
69587,False,False,True,True
69729,False,False,False,False
69839,False,False,False,True
70011,False,True,True,True
70020,True,True,True,True
70059,True,False,True,True
70097,True,True,True,True
70133,True,False,True,True
70159,False,False,False,False
70190,False,True,False,False
70201,False,False,False,True
70236,False,False,False,True
70240,False,True,False,False
70256,False,False,False,False
70280,True,True,True,True
70288,True,True,True,True
70297,True,True,True,True
70309,False,False,False,False
70321,False,False,False,True
70333,False,True,True,True
70344,False,False,False,False
70380,False,True,False,True
70402,False,False,False,True
70426,True,True,True,True
70459,False,False,False,False
70470,True,True,True,True
70487,True,True,True,True
70491,False,True,True,True
70600,False,False,False,False
70603,True,True,True,False
70619,True,True,True,True
70626,False,False,False,False
70629,True,True,True,True
70642,False,False,True,False
70652,False,False,False,False
70702,True,True,True,True
70718,True,True,True,True
70727,False,False,False,False
70733,True,True,True,True
70744,False,False,False,False
70769,True,False,True,True
70787,True,True,True,True
70788,False,False,False,True
70812,True,False,False,False
70815,False,False,False,True
70827,True,True,False,True
70856,True,True,True,True
70870,True,True,True,True
70896,True,True,True,True
70910,False,False,False,False
70945,False,False,False,False
70952,False,False,False,True
71004,True,True,True,True
71011,False,False,False,False
71021,False,False,False,False
71023,False,False,False,False
71044,False,False,False,False
71155,True,True,True,True
71223,False,True,True,True
71256,True,True,True,True
71265,False,False,False,False
71271,False,False,True,False
71301,False,False,False,False
71313,True,True,True,True
71322,False,False,True,False
71346,True,True,True,True
71371,False,False,False,False
71399,False,False,False,False
71434,False,False,False,False
71552,False,False,False,False
71563,False,False,False,False
71597,True,True,True,True
71601,False,True,True,True
71651,False,False,False,False
71677,True,True,True,True
71687,True,True,True,True
71699,True,True,True,True
71713,True,True,True,True
71724,False,True,True,True
71738,False,False,True,False
71784,True,True,True,True
71914,False,True,True,True
71936,False,False,False,False
71970,False,True,True,True
71984,False,False,False,False
71986,True,True,True,True
72000,False,False,False,False
72041,False,False,False,False
72052,False,False,False,False
72098,False,False,False,False
72120,False,True,False,False
72126,True,True,True,True
72155,True,True,True,False
72165,True,True,True,True
72233,False,False,True,False
72266,True,True,True,True
72368,True,True,True,True
72428,False,True,True,True
72430,True,True,True,True
72550,False,False,False,False
72573,True,True,True,True
72575,True,True,True,False
72583,False,False,False,False
72602,False,False,True,True
72637,False,False,False,False
72657,False,False,True,True
72701,True,True,False,True
72740,False,False,False,False
72753,True,True,True,True
72770,False,True,True,True
72792,False,False,False,False
72800,True,True,True,True
72833,True,True,True,True
72845,False,False,False,False
72850,True,True,True,True
72883,False,False,True,True
72888,False,True,True,True
72910,True,True,True,True
72969,False,False,False,False
72984,False,False,False,False
72989,False,False,True,True
72993,False,True,True,True
73020,True,False,False,False
73039,False,False,False,False
73066,False,False,False,False
73096,False,False,False,False
73162,False,False,False,False
73163,False,False,False,False
73192,False,False,False,False
73196,False,True,False,False
73212,True,True,True,True
73361,False,False,False,False
73418,False,False,False,False
73453,False,True,False,False
73496,False,False,False,False
73513,False,False,False,False
73536,False,False,False,False
73610,False,False,False,True
73626,False,False,False,False
73688,False,True,True,True
73707,True,True,True,True
73733,True,True,True,False
73786,True,True,True,True
73824,False,False,True,True
73832,False,True,True,True
73857,False,False,True,True
73860,False,False,True,True
73861,False,False,False,False
73892,False,False,False,False
73973,False,False,False,False
73974,False,False,False,False
73976,False,False,False,False
74035,True,True,True,True
74037,False,False,False,False
74088,True,False,True,False
74114,False,False,True,True
74120,False,False,False,False
74127,False,False,False,False
74166,False,False,False,False
74176,True,True,True,True
74177,False,False,True,True
74206,False,False,False,False
74299,True,True,True,True
74302,True,True,True,True
74309,True,False,True,True
74316,False,False,False,False
74335,False,False,False,False
74365,False,False,False,False
74407,False,False,False,False
74411,True,True,True,True
74431,False,False,False,True
74434,True,True,True,True
74462,True,True,False,False
74478,False,False,True,False
74492,False,True,True,True
74515,False,False,False,False
74583,False,False,False,False
74603,False,False,False,False
74638,False,False,False,False
74704,True,True,True,True
74820,False,False,False,False
74863,False,False,False,False
74875,False,False,False,False
74894,False,False,False,False
74902,False,False,False,False
74923,False,True,True,True
74925,False,False,False,False
74927,False,False,False,True
74942,False,False,True,False
74945,False,False,False,False
75046,True,True,True,True
75052,True,True,True,True
75119,True,True,True,True
75120,True,True,True,True
75133,False,False,False,False
75174,True,True,True,True
75179,False,True,True,True
75199,True,True,True,True
75212,True,True,True,True
75230,False,True,True,True
75243,False,False,False,False
75266,False,True,True,True
75270,False,False,False,False
75305,False,False,False,False
75308,False,True,True,True
75311,False,False,False,False
75427,False,False,False,False
75487,False,True,False,True
75494,True,True,True,True
75496,False,True,True,True
75509,False,False,False,False
75522,True,True,True,True
75546,False,True,True,True
75563,False,True,True,True
75587,False,False,True,True
75590,False,False,False,False
75595,True,True,True,True
75637,True,True,True,True
75682,False,True,False,True
75697,True,True,True,True
75708,False,True,True,True
75723,True,False,False,False
75753,True,True,True,True
75783,True,True,True,True
75818,False,True,True,False
75842,False,False,False,False
75883,False,True,False,True
75906,False,False,True,True
75963,True,True,True,True
75976,False,False,True,True
76082,True,True,True,False
76111,False,False,False,False
76179,False,False,True,True
76195,True,True,True,True
76213,True,True,True,True
76245,True,True,True,True
76246,True,True,True,True
76268,False,True,True,False
76292,False,True,False,False
76310,False,True,True,True
76313,False,False,False,False
76334,True,True,True,True
76476,False,True,True,True
76491,True,True,True,True
76541,False,False,True,False
76583,False,False,True,True
76588,False,True,False,True
76607,False,False,False,False
76738,False,True,True,True
76802,False,False,False,True
76912,True,True,True,True
76956,False,True,True,True
77012,True,True,False,True
77018,False,False,False,False
77061,False,False,False,False
77067,False,False,False,False
77072,False,False,False,False
77118,True,True,True,True
77155,True,True,True,True
77174,False,False,False,False
77195,False,False,False,True
77351,False,False,False,True
77481,False,False,True,False
77517,False,True,False,True
77533,True,True,True,True
77542,False,False,True,True
77556,True,True,True,True
77557,False,True,False,False
77615,False,False,False,False
77643,False,True,False,True
77649,False,False,False,False
77689,False,False,False,False
77697,False,False,False,False
77699,False,True,True,False
77750,False,False,False,False
77811,False,False,False,True
77816,True,True,True,True
77851,False,False,False,False
77870,False,False,False,False
77931,False,False,False,False
77936,False,False,False,True
77973,True,False,True,True
77980,False,False,False,False
77981,False,True,True,True
78053,True,False,True,True
78065,False,False,False,False
78085,False,False,False,False
78137,True,True,True,True
78196,False,False,False,False
78320,True,False,True,True
78342,False,False,False,True
78413,False,True,True,False
78488,False,False,True,True
78522,True,True,False,True
78546,False,False,False,False
78555,False,False,False,False
78638,True,True,True,True
78695,False,False,False,False
78738,True,True,True,True
78771,False,False,False,False
78803,True,True,True,True
78813,True,True,True,True
78836,False,False,False,False
78838,False,True,True,False
78909,False,False,False,False
78982,True,True,True,True
79076,False,False,False,False
79083,False,False,False,False
79106,False,False,True,True
79139,False,False,False,True
79152,False,False,False,False
79170,True,True,True,True
79191,False,False,False,False
79224,False,True,True,True
79236,False,False,False,False
79286,False,True,True,True
79313,False,False,False,False
79338,True,True,True,True
79367,False,False,False,False
79392,False,False,False,False
79460,False,False,True,False
79465,False,False,False,False
79469,False,False,False,False
79490,True,True,True,True
79554,True,True,True,True
79634,False,False,False,True
79680,False,True,True,True
79684,False,False,False,False
79686,False,False,False,True
79762,True,True,True,True
79783,False,False,False,False
79860,False,True,True,True
79869,False,False,False,True
79949,True,True,True,True
79968,True,True,True,True
79975,False,True,False,False
80010,False,False,False,True
80065,False,False,False,False
80077,False,False,False,False
80168,True,True,True,True
80172,False,True,True,True
80208,True,True,True,True
80231,False,False,False,False
80293,False,False,False,False
80300,True,True,False,False
80336,False,True,True,True
80341,False,False,True,True
80367,False,False,False,False
80369,False,False,False,False
80406,False,False,True,False
80428,True,True,True,True
80431,True,False,True,True
80434,False,False,True,False
80554,True,True,False,True
80609,True,False,False,False
80624,False,False,False,True
80634,False,False,False,False
80720,False,False,False,False
80725,False,False,False,False
80733,False,False,False,False
80756,False,False,False,False
80757,True,True,True,True
80771,False,True,True,False
80864,True,False,True,True
80895,False,True,True,True
80928,True,True,True,True
80952,True,True,True,True
80969,False,False,False,False
81009,False,False,True,False
81012,False,False,False,False
81054,False,True,False,False
81074,True,True,False,True
81084,False,False,False,False
81103,False,False,True,True
81105,True,True,True,True
81188,False,False,True,True
81239,False,True,True,True
81274,False,False,False,False
81283,False,False,False,False
81284,True,True,True,True
81287,False,False,False,False
81296,False,False,False,False
81299,False,False,False,False
81361,True,True,True,True
81481,False,False,False,False
81484,False,False,False,False
81561,True,True,True,True
81571,False,False,False,True
81585,False,False,False,False
81620,False,True,True,True
81704,False,True,True,True
81743,True,False,True,True
81782,False,False,False,False
81784,False,False,False,False
81798,False,True,True,True
81812,False,True,True,True
81930,False,False,False,False
82031,True,True,True,True
82039,False,True,True,True
82091,False,True,True,True
82118,False,False,False,False
82135,True,True,True,True
82174,False,False,False,True
82191,False,True,True,False
82198,False,False,False,False
82255,False,False,False,True
82287,True,False,False,False
82301,False,False,False,False
82312,False,True,True,True
82327,True,True,False,True
82359,False,True,False,False
82438,False,True,True,True
82456,True,False,False,False
82548,False,False,False,False
82565,False,False,False,False
82585,False,False,False,False
82604,False,True,False,False
82668,True,True,True,True
82697,False,False,False,False
82704,True,True,True,True
82705,False,True,True,True
82735,True,True,True,True
82787,False,False,False,False
82796,False,False,True,True
82802,False,False,True,False
82826,False,True,False,False
82833,False,False,False,False
82834,True,True,True,True
82844,False,True,True,True
82858,False,True,False,False
82879,False,False,True,False
82889,False,True,True,True
82920,False,True,True,True
82921,True,True,True,True
82933,True,True,True,True
82957,True,False,False,False
82969,True,True,True,True
82990,False,False,False,False
83013,True,False,True,True
83036,False,False,False,False
83097,False,False,False,True
83102,False,False,False,False
83134,False,False,False,False
83153,False,False,False,False
83155,False,True,True,False
83176,False,False,False,False
83256,False,False,False,True
83268,False,False,False,True
83332,False,False,False,False
83393,False,True,False,False
83408,True,True,True,True
83477,False,False,False,True
83481,False,False,False,True
83516,False,True,True,True
83565,False,False,False,False
83573,False,True,True,True
83587,True,True,True,True
83613,False,False,False,False
83614,True,True,False,True
83624,False,False,False,False
83625,False,False,False,True
83670,False,False,False,False
83755,False,True,True,True
83878,False,False,False,True
83914,False,False,False,True
83968,False,False,False,False
84000,False,False,False,False
84004,True,True,True,True
84147,True,True,True,True
84174,True,True,True,True
84183,False,False,False,False
84202,False,True,False,True
84214,True,False,True,True
84218,False,True,True,True
84222,False,True,True,False
84238,True,True,True,True
84258,True,True,True,True
84259,False,False,False,False
84268,False,True,True,True
84273,True,True,True,False
84276,True,True,True,True
84313,False,False,True,True
84389,True,True,True,True
84396,False,False,False,False
84415,False,False,False,False
84442,False,False,True,True
84498,False,True,True,True
84529,False,False,True,False
84540,False,False,False,False
84561,False,True,False,True
84585,True,True,True,True
84594,False,False,False,True
84603,True,True,False,True
84648,False,False,True,False
84677,False,False,False,False
84689,False,False,False,False
84694,False,False,False,False
84800,False,False,False,False
84829,False,False,False,False
84833,True,True,True,True
84840,False,False,False,False
84845,False,True,True,False
84890,True,True,True,True
84959,False,False,False,False
84964,False,False,False,False
84996,False,False,False,False
85007,True,True,True,True
85092,True,True,True,True
85160,False,False,False,False
85171,False,False,False,True
85183,False,False,True,True
85235,False,False,False,False
85320,False,True,False,False
85328,False,False,False,False
85397,False,False,False,False
85404,False,False,True,True
85407,True,True,True,True
85452,True,True,True,True
85462,False,False,False,False
85483,True,True,True,True
85491,False,False,False,True
85531,False,False,False,False
85556,False,False,False,True
85564,False,False,False,False
85568,False,False,False,False
85623,False,False,True,True
85626,True,True,True,True
85670,False,True,False,False
85674,False,False,False,False
85747,True,True,True,True
85759,True,True,True,True
85816,True,True,True,True
85846,True,True,False,True
85852,False,True,True,False
85865,False,False,False,False
85902,False,False,False,False
85904,False,False,False,True
85913,False,False,True,False
85933,True,False,False,True
86031,False,True,True,True
86065,False,False,False,False
86107,True,True,False,True
86147,False,False,False,False
86169,False,False,False,False
86205,False,True,True,True
86210,True,True,True,True
86215,False,True,True,True
86216,True,True,True,True
86243,False,True,True,True
86248,True,True,True,True
86249,False,False,True,True
86320,True,True,True,True
86366,True,True,False,True
86393,False,False,True,False
86399,False,False,False,False
86409,False,False,False,False
86432,False,False,True,False
86459,False,False,False,False
86464,False,False,False,True
86476,False,False,False,True
86526,True,True,True,True
86569,True,True,True,True
86625,True,True,True,True
86655,True,True,True,True
86668,False,False,False,False
86678,False,False,False,False
86840,True,True,True,True
86845,False,False,False,False
86861,True,True,True,True
86907,False,True,False,True
86934,False,False,False,False
87000,False,False,True,False
87064,False,False,False,False
87078,False,False,False,False
87096,False,False,False,True
87105,False,False,True,True
87113,False,False,False,False
87125,False,False,False,False
87126,False,False,False,False
87141,False,False,True,False
87146,True,True,True,True
87204,False,False,False,False
87207,False,False,False,False
87208,True,True,True,True
87213,False,True,True,True
87219,False,False,True,False
87285,False,True,True,True
87382,True,True,True,True
87409,True,False,False,False
87450,False,True,True,True
87481,False,True,True,True
87518,False,True,True,True
87553,False,False,False,True
87569,False,False,False,False
87604,True,True,True,True
87607,False,False,False,True
87612,False,True,False,False
87642,True,False,True,True
87681,False,False,False,False
87743,False,False,False,False
87792,False,True,True,True
87813,False,False,False,False
87850,True,True,True,True
87851,False,False,False,True
87862,True,False,True,False
87864,True,True,True,True
87865,False,False,False,False
87871,False,True,False,True
87885,False,False,False,False
87912,True,False,True,False
87980,True,True,True,True
87986,False,False,False,True
88034,False,True,True,False
88047,False,False,False,False
88087,True,True,True,True
88102,False,True,True,False
88117,False,True,False,True
88123,False,False,False,False
88146,False,False,False,True
88229,False,False,False,True
88315,False,False,False,False
88349,False,False,False,False
88401,False,False,False,True
88433,False,False,True,True
88455,True,True,True,True
88487,True,True,True,True
88513,True,False,False,True
88540,False,False,False,False
88613,True,True,True,True
88671,False,True,True,True
88682,True,True,False,True
88720,False,False,False,False
88730,True,True,True,True
88757,False,True,True,True
88802,False,False,False,False
88825,False,True,False,True
88845,False,True,True,True
88875,False,True,True,True
88895,False,False,True,False
88913,False,False,False,False
88914,False,False,False,False
88956,False,False,False,False
89005,True,True,True,True
89032,False,False,False,True
89033,False,False,False,True
89062,False,False,False,False
89119,False,False,True,True
89147,False,False,False,False
89150,False,False,False,False
89158,False,False,False,False
89221,True,True,True,True
89228,False,False,False,True
89248,False,False,False,True
89253,False,False,False,True
89266,False,True,True,True
89273,False,False,False,False
89281,False,True,True,True
89322,True,False,True,True
89350,False,False,False,True
89407,False,True,False,True
89430,True,False,False,False
89436,True,True,True,True
89446,False,False,False,True
89555,True,True,True,True
89696,False,False,True,True
89735,False,False,True,True
89790,False,False,False,False
89804,True,True,True,True
89848,False,True,True,True
89881,False,False,False,False
89882,False,False,False,True
89894,False,False,False,False
89898,True,True,True,True
89902,False,False,False,False
89992,True,True,True,True
90040,False,False,False,False
90051,True,True,True,True
90075,True,True,True,True
90122,False,False,False,False
90138,False,False,False,False
90139,False,False,False,False
90145,True,True,True,True
90173,False,False,False,False
90251,False,False,False,False
90255,False,False,False,False
90293,False,False,False,False
90310,True,True,True,True
90324,False,False,False,False
90331,True,True,False,True
90442,False,False,False,True
90519,False,False,False,False
90679,True,True,True,True
90724,False,False,True,False
90744,False,False,False,False
90754,False,False,True,False
90782,True,True,True,True
90793,True,True,True,True
90882,False,False,False,False
90912,True,False,False,True
90983,True,True,True,False
90994,True,True,True,True
91040,False,False,False,False
91055,False,False,False,False
91056,True,True,True,True
91104,True,True,True,True
91120,True,True,True,True
91130,False,False,True,True
91257,False,False,True,True
91283,False,True,True,True
91285,False,False,True,True
91295,True,True,True,True
91301,False,False,False,False
91310,False,False,False,False
91326,False,False,False,False
91337,False,False,False,False
91353,False,False,False,False
91371,True,True,True,True
91411,False,False,False,False
91416,False,False,False,False
91440,False,False,False,False
91508,True,True,True,True
91527,False,False,False,False
91558,True,True,True,True
91576,False,False,True,False
91604,False,False,False,False
91636,False,False,False,False
91696,True,True,True,True
91795,True,True,True,True
91796,False,True,False,True
91841,False,False,True,True
91852,False,False,False,True
91868,False,False,False,False
91902,True,True,True,True
91933,False,False,False,False
91952,False,False,True,True
91954,False,False,False,False
91966,True,True,True,True
91996,False,False,False,False
91998,False,False,False,False
92041,False,False,False,True
92089,True,False,False,False
92098,False,True,False,False
92115,False,False,False,False
92134,True,True,True,True
92206,False,False,True,False
92216,False,False,False,False
92217,False,False,False,True
92288,False,False,False,False
92338,False,False,False,False
92377,True,True,True,True
92415,True,True,True,True
92420,False,True,False,False
92614,True,True,True,True
92631,False,False,False,False
92646,False,False,False,False
92675,False,False,False,False
92685,True,True,False,False
92710,False,False,False,False
92747,True,True,True,True
92761,False,True,True,True
92840,False,False,False,False
92879,False,True,True,True
92894,False,True,False,False
92910,False,False,False,False
92916,True,True,True,True
92951,True,False,True,True
92957,False,False,False,False
92975,False,False,False,True
93000,False,True,True,True
93007,True,True,False,True
93120,False,True,True,True
93139,True,True,True,True
93140,False,False,False,False
93183,False,False,False,False
93243,False,True,True,True
93247,False,False,False,False
93288,False,True,False,False
93297,False,False,False,False
93298,False,False,True,True
93332,True,True,True,True
93378,False,False,False,False
93384,True,True,True,True
93424,False,False,False,True
93435,False,False,False,False
93441,True,True,False,True
93531,False,False,True,False
93553,False,False,False,False
93576,False,False,False,False
93579,False,False,False,False
93580,False,False,False,False
93587,False,False,False,False
93599,False,False,False,False
93600,False,True,False,True
93620,False,True,False,True
93644,False,False,False,False
93655,False,False,False,False
93670,True,True,True,True
93673,False,True,True,True
93791,False,False,False,False
93842,False,False,False,False
93893,False,False,False,False
93923,False,True,False,False
93946,False,True,True,True
93985,True,True,False,True
94010,False,True,False,False
94012,True,True,True,True
94015,False,False,False,False
94046,True,True,False,False
94059,True,True,True,True
94061,True,False,False,False
94084,False,True,False,False
94092,False,False,False,False
94121,True,True,True,True
94201,False,True,False,False
94261,True,True,True,True
94300,False,True,False,False
94317,False,False,False,False
94318,True,True,True,True
94334,False,False,False,False
94355,True,True,True,True
94390,False,False,False,False
94392,True,True,True,True
94412,False,False,True,True
94419,False,False,True,False
94420,False,False,False,True
94455,False,False,False,False
94485,False,False,False,False
94514,True,True,True,True
94518,False,False,False,False
94536,True,True,True,True
94549,True,True,True,True
94569,True,True,True,True
94590,False,False,False,True
94678,False,False,False,False
94723,True,True,True,True
94841,False,False,False,True
94859,False,False,True,True
94863,False,False,False,False
94922,True,True,True,True
95027,True,True,True,True
95034,True,True,True,True
95039,False,False,False,False
95063,True,True,True,True
95085,False,False,True,True
95210,False,False,False,False
95281,False,False,False,True
95283,True,True,True,True
95297,False,False,False,False
95329,True,True,True,True
95349,True,True,True,False
95380,False,False,True,True
95409,False,False,False,False
95410,True,True,True,True
95412,True,True,True,False
95418,False,True,True,True
95430,False,False,False,False
95482,True,True,True,True
95506,True,True,True,True
95520,False,False,False,False
95612,True,True,True,False
95633,True,True,True,True
95674,False,False,False,False
95744,False,False,False,False
95867,False,False,False,False
95873,False,True,False,True
95879,False,False,False,False
95902,True,True,True,True
95953,False,True,False,False
95959,True,True,True,True
96006,True,True,True,True
96008,False,False,False,True
96043,False,False,True,True
96046,False,True,True,True
96048,False,False,True,True
96082,False,False,False,False
96107,False,False,False,False
96111,False,False,True,True
96132,False,False,False,False
96161,True,True,True,True
96306,False,False,False,False
96338,True,True,True,True
96450,True,True,True,True
96458,True,True,True,True
96475,False,True,False,False
96497,False,False,False,False
96505,True,True,True,True
96526,False,False,True,True
96573,False,False,False,False
96582,True,True,True,True
96622,True,False,True,True
96625,False,False,False,True
96628,False,True,True,True
96640,False,False,False,False
96664,True,True,True,True
96693,False,False,False,False
96732,True,True,True,True
96737,False,False,True,False
96804,False,False,False,True
96969,True,True,True,True
97023,False,False,False,False
97065,True,True,True,True
97165,True,True,True,True
97195,True,True,True,True
97264,False,False,False,True
97272,True,True,True,True
97283,False,True,True,True
97296,False,False,False,True
97330,False,False,False,False
97371,False,False,True,True
97376,True,True,True,True
97391,False,False,False,False
97502,False,False,False,False
97514,False,False,False,False
97526,False,True,True,True
97589,False,False,False,False
97598,False,True,True,True
97599,True,True,False,True
97614,False,False,False,False
97661,True,True,True,False
97672,False,True,True,True
97685,False,False,True,True
97696,True,True,True,True
97724,False,False,True,True
97747,True,True,True,True
97759,False,False,True,False
97778,False,False,False,False
97806,False,False,False,False
97809,False,False,True,False
97825,False,False,False,False
97841,False,False,False,False
97849,False,False,False,False
97857,False,False,True,False
97858,True,True,True,True
97864,True,True,True,True
97868,False,True,False,True
97914,False,False,True,False
97916,True,False,False,False
97936,False,False,False,False
97939,False,False,False,False
97951,True,False,False,True
97964,False,False,False,True
98029,False,False,False,False
98064,False,False,True,False
98127,False,False,True,True
98131,False,False,False,False
98141,False,False,True,False
98182,False,False,False,True
98213,False,False,False,False
98233,False,False,False,True
98276,False,False,False,False
98283,True,True,True,True
98434,False,False,False,False
98439,False,False,False,False
98476,True,True,True,True
98523,False,False,False,True
98531,True,True,True,True
98560,False,False,False,False
98590,True,True,True,True
98636,False,False,False,False
98739,False,False,False,False
98773,True,True,True,True
98785,False,False,False,False
98836,False,False,False,False
98841,False,False,False,True
98878,False,False,False,False
98881,False,True,True,True
98944,False,False,False,False
99026,True,True,True,True
99040,True,True,True,True
99046,False,False,False,False
99067,False,False,False,False
99073,False,False,False,True
99081,True,True,True,True
99112,True,True,True,True
99115,False,False,False,False
99135,False,True,True,True
99180,False,False,False,False
99308,False,True,True,True
99316,True,True,True,True
99336,False,False,False,False
99349,False,False,False,False
99363,True,True,True,True
99372,False,False,True,False
99398,False,False,False,False
99466,True,True,True,True
99522,False,True,True,True
99539,False,False,False,False
99540,True,True,True,True
99580,False,False,False,False
99599,False,False,False,True
99626,False,False,False,False
99628,True,True,True,True
99645,False,False,False,True
99676,False,False,False,False
99728,True,True,False,True
99734,True,True,True,True
99785,True,True,True,True
99888,True,True,True,True
99907,True,True,True,True
99937,False,False,False,False
99997,False,False,False,True
100001,True,True,True,True
100006,False,False,False,False
100010,True,True,True,True
100078,False,False,False,True
100098,True,True,True,True
100207,True,True,True,True
100222,True,True,True,False
100223,False,False,False,False
100253,True,True,True,True
100316,False,True,True,True
100331,False,False,False,False
100343,True,True,True,True
100354,True,True,True,True
100378,False,True,True,True
100503,False,False,True,True
100517,True,False,False,False
100523,True,True,False,True
100542,False,True,True,True
100543,False,True,True,True
100563,False,True,True,True
100581,False,False,False,False
100586,False,False,False,True
100603,True,True,True,True
100611,True,False,False,True
100638,False,True,True,True
100647,False,True,False,False
100667,True,True,True,True
100689,False,False,False,True
100753,False,False,False,False
100848,False,False,False,False
100853,True,True,True,True
100863,True,True,True,True
100959,False,False,False,False
100974,False,False,True,True
100975,False,False,False,False
101014,False,True,True,True
101038,False,True,True,False
101090,False,False,False,False
101100,True,True,True,True
101132,False,True,True,False
101172,False,False,False,True
101215,True,True,True,True
101249,False,False,True,True
101312,False,False,False,False
101328,True,True,True,True
101426,False,False,True,True
101468,True,False,True,True
101479,False,False,False,False
101485,True,True,True,True
101503,False,False,False,True
101530,False,False,False,False
101531,False,False,False,False
101548,True,False,False,False
101564,True,False,False,False
101569,False,False,False,True
101581,True,True,True,True
101588,True,True,False,False
101630,False,False,False,False
101632,False,True,True,True
101656,True,True,True,True
101692,False,False,False,False
101697,False,False,True,True
101715,False,False,False,False
101752,True,True,True,True
101781,False,False,False,False
101820,True,True,True,True
101877,True,True,True,True
101919,False,False,False,False
101951,True,True,True,True
101979,True,True,True,True
102010,False,True,True,True
102037,False,True,True,True
102059,True,True,True,True
102111,False,False,False,False
102133,False,False,False,False
102202,False,False,True,True
102223,False,False,False,False
102240,False,False,False,False
102256,False,False,False,False
102290,False,True,False,False
102315,False,False,False,False
102319,False,True,True,True
102377,True,False,False,False
102387,True,True,True,True
102421,False,False,False,False
102437,True,True,True,True
102459,False,True,True,True
102460,True,True,True,False
102473,False,False,False,False
102488,False,False,False,False
102517,True,True,True,True
102550,False,False,False,False
102568,True,False,False,False
102577,False,False,True,True
102607,False,False,True,True
102655,False,False,False,False
102662,False,False,False,False
102672,False,True,True,True
102684,False,False,False,False
102704,False,False,False,False
102734,True,True,True,True
102766,False,False,False,True
102837,False,False,False,False
102851,False,True,True,True
102863,True,False,False,False
102877,False,False,False,False
102904,False,True,True,True
102910,False,False,False,False
102929,False,False,False,False
102947,False,False,False,False
102974,False,False,True,True
103030,False,False,True,True
103058,False,False,True,False
103108,True,False,True,True
103114,False,False,False,False
103122,True,True,True,True
103127,True,True,True,False
103161,False,False,False,False
103166,True,True,True,True
103219,False,False,False,False
103251,False,False,False,False
103274,False,False,True,False
103287,True,False,False,False
103318,False,True,False,False
103332,False,True,True,True
103338,True,True,True,True
103356,False,False,True,False
103375,False,False,True,True
103427,False,False,False,False
103437,False,False,False,False
103447,True,True,True,True
103465,False,False,False,False
103485,False,False,False,False
103538,True,True,True,True
103547,False,True,True,True
103556,True,True,True,True
103575,False,False,False,False
103578,True,True,True,True
103603,False,False,False,False
103642,False,True,True,True
103687,True,False,True,True
103722,True,True,True,True
103726,True,True,True,True
103759,False,False,False,False
103775,True,True,True,True
103804,True,True,True,True
103815,False,True,True,True
103839,True,True,True,True
103861,False,False,False,False
103863,False,False,False,False
103890,False,False,False,False
103978,True,True,True,True
104044,True,True,True,True
104053,False,True,False,True
104098,True,True,True,True
104112,False,False,False,False
104126,False,True,False,True
104185,True,True,True,True
104188,False,False,False,False
104248,True,True,True,True
104255,True,True,True,True
104290,True,True,True,True
104349,False,False,False,False
104368,False,False,False,False
104381,True,True,True,True
104395,False,True,False,True
104400,True,True,True,True
104403,True,False,False,True
104425,True,True,True,True
104453,False,True,True,True
104466,True,True,True,True
104485,False,False,False,False
104537,False,False,False,True
104550,True,True,True,True
104556,False,False,True,True
104559,True,True,True,True
104563,True,True,True,True
104568,False,False,False,True
104592,False,False,False,False
104602,True,True,True,True
104610,True,True,True,False
104625,False,False,False,False
104689,False,True,True,True
104691,True,True,True,True
104724,False,True,True,True
104734,True,False,False,False
104747,False,False,False,True
104751,True,True,False,True
104752,False,True,True,True
104796,False,False,False,True
104821,True,False,True,False
104825,False,True,True,True
104842,True,True,True,True
104891,False,True,True,True
104893,False,False,False,False
104930,False,True,False,False
104965,False,False,False,False
104999,False,False,False,False
105015,True,True,True,True
105055,True,True,True,True
105058,False,True,False,True
105066,False,True,True,True
105079,True,True,True,True
105114,False,False,False,True
105139,False,False,False,False
105192,False,True,True,True
105195,False,False,False,False
105257,True,True,True,True
105293,False,False,False,False
105358,False,False,False,False
105374,True,True,True,True
105418,False,False,False,False
105426,False,True,True,True
105444,False,True,True,True
105478,True,True,True,True
105480,False,False,False,False
105511,True,False,False,False
105538,False,False,True,False
105546,False,True,True,True
105561,True,True,True,True
105564,False,False,False,False
105576,False,True,True,True
105590,False,True,True,True
105594,False,False,False,False
105611,False,False,False,True
105622,False,False,False,False
105633,False,False,True,False
105660,True,True,True,True
105666,False,False,False,False
105689,True,True,True,False
105708,False,False,False,True
105711,True,True,True,True
105719,True,True,True,True
105737,True,True,True,False
105767,False,True,True,True
105783,True,False,False,False
105786,False,True,False,True
105825,False,False,False,False
105888,True,True,True,False
105901,False,True,True,True
105909,False,False,False,True
105921,False,False,False,True
105952,False,False,False,False
105974,True,False,True,True
105998,False,False,False,True
106096,False,False,True,True
106119,False,False,False,False
106165,True,True,True,True
106166,False,True,True,True
106191,True,True,True,True
106199,True,True,True,True
106222,True,True,True,True
106228,False,False,False,False
106269,False,False,False,True
106287,True,True,False,False
106296,True,True,True,True
106338,False,False,False,True
106339,False,False,False,False
106364,True,True,True,True
106375,True,True,True,False
106383,True,False,False,False
106392,False,False,False,True
106470,False,False,False,False
106508,True,False,False,False
106624,False,True,True,True
106638,False,False,False,False
106652,True,True,True,True
106712,False,False,False,False
106722,False,False,False,False
106748,False,False,False,False
106794,True,True,False,True
106849,False,False,False,False
106851,False,False,True,True
106964,False,False,False,False
107051,True,True,True,True
107073,False,False,False,False
107129,False,True,False,True
107148,True,False,False,True
107175,False,False,False,False
107204,False,True,False,True
107212,True,True,False,True
107305,False,False,False,False
107313,True,False,False,True
107340,False,False,True,True
107376,False,True,True,True
107384,False,False,False,False
107394,False,True,True,False
107421,False,False,False,False
107425,False,False,False,False
107428,False,True,False,True
107516,False,False,False,False
107541,True,True,True,True
107564,False,True,False,False
107633,False,False,False,False
107638,False,False,False,False
107664,False,False,False,False
107766,False,False,False,False
107767,False,False,False,False
107770,False,False,True,True
107797,False,False,False,True
107839,False,True,False,True
107964,True,True,True,True
108000,True,True,True,True
108019,False,False,False,False
108020,True,True,True,True
108049,False,False,False,False
108101,True,True,True,True
108111,False,False,False,False
108140,False,False,False,False
108155,True,True,False,False
108208,True,True,True,True
108238,False,False,False,False
108240,False,False,True,False
108242,False,True,True,True
108266,True,True,True,True
108282,False,False,False,False
108327,False,True,True,True
108395,False,True,False,True
108442,False,True,False,True
108451,False,False,False,False
108505,False,False,False,True
108556,False,True,False,True
108617,False,True,False,False
108620,False,False,False,True
108677,False,False,False,False
108708,False,False,False,False
108725,False,False,False,False
108751,False,False,False,False
108762,False,False,False,False
108769,True,True,True,True
108803,False,False,False,True
108835,False,True,False,False
108879,True,True,True,True
108897,False,False,True,True
108898,False,False,False,False
108923,False,False,False,False
108987,True,True,True,True
108991,False,True,True,True
109010,True,True,True,True
109041,False,False,True,True
109061,False,False,False,False
109141,True,True,True,True
109174,False,True,False,False
109199,False,False,False,True
109216,False,False,False,False
109229,False,True,True,True
109231,False,False,False,True
109281,False,False,False,False
109351,True,True,True,True
109403,True,True,True,True
109412,True,True,True,True
109414,True,True,False,True
109417,False,False,False,False
109427,False,True,True,True
109444,False,False,False,False
109483,False,False,False,False
109487,False,False,False,True
109503,True,True,True,True
109513,False,False,False,False
109522,True,True,True,True
109591,False,False,False,False
109600,False,False,False,True
109602,False,False,False,True
109629,False,True,True,False
109654,True,True,True,True
109730,False,True,True,True
109778,False,False,False,False
109823,False,False,False,False
109826,False,False,True,True
109838,False,False,True,False
109848,False,False,True,True
109889,True,True,True,True
109908,False,False,False,False
109921,False,False,False,False
109924,False,False,True,False
109937,False,False,False,False
109950,True,True,True,True
109973,True,True,True,True
109986,False,True,True,True
110030,False,False,False,True
110060,True,True,True,True
110092,True,True,True,True
110136,True,True,True,True
110175,False,False,False,False
110200,False,False,False,False
110233,False,False,False,False
110265,False,False,False,False
110269,True,False,False,True
110298,True,True,True,True
110325,False,False,False,False
110415,False,True,True,True
110431,False,False,False,False
110435,False,False,False,True
110473,False,False,False,False
110484,False,False,True,True
110488,False,False,False,False
110490,False,False,False,False
110500,False,False,False,False
110547,True,True,True,True
110559,True,True,True,True
110606,True,True,True,True
110681,True,True,True,True
110693,False,False,False,False
110697,False,True,True,True
110710,False,False,True,True
110735,False,False,True,True
110759,True,True,True,True
110780,True,True,True,True
110792,False,False,False,False
110794,False,True,True,True
110798,False,True,False,False
110800,True,True,True,True
110821,False,True,False,True
110829,False,False,True,True
110881,False,False,False,False
111017,False,True,True,True
111024,False,True,False,True
111121,False,False,False,False
111142,False,True,True,True
111157,False,False,False,False
111165,True,True,True,True
111180,True,True,True,True
111189,False,True,True,True
111195,False,False,True,True
111244,False,True,True,True
111322,False,False,False,False
111338,False,False,True,False
111369,False,False,True,False
111432,False,False,False,False
111448,False,False,False,False
111455,False,False,False,True
111489,True,True,False,False
111543,True,True,True,False
111547,False,False,True,True
111556,True,True,True,True
111568,False,False,True,True
111591,True,True,True,True
111593,False,True,True,False
111612,True,False,False,False
111629,False,False,False,False
111644,True,True,True,True
111694,False,True,True,False
111702,False,False,False,False
111756,True,True,True,True
111759,False,True,True,True
111768,False,False,False,False
111819,False,False,False,False
111820,False,False,True,True
111867,True,False,True,True
111874,True,True,True,False
111907,True,True,True,False
111933,False,False,False,False
112022,False,False,False,True
112065,False,False,False,True
112093,False,False,False,False
112122,False,False,True,True
112126,True,True,True,True
112207,False,True,True,True
112226,False,True,True,False
112272,False,False,False,False
112320,False,True,False,False
112362,False,False,False,False
112385,False,False,True,True
112443,True,True,True,True
112444,False,False,False,False
112478,False,False,True,True
112486,False,False,False,False
112562,False,True,False,True
112574,True,True,False,True
112586,False,False,False,False
112591,False,False,False,False
112688,False,False,False,False
112698,False,False,False,False
112751,True,True,True,True
112769,False,False,False,False
112816,True,True,True,True
112845,True,True,True,True
112882,False,False,False,False
112992,False,False,False,True
113019,False,False,False,True
113054,True,True,True,True
113058,False,False,False,False
113123,False,True,True,True
113126,False,False,False,False
113139,False,False,False,False
113142,False,False,False,False
113144,True,True,False,False
113205,False,False,False,False
113233,False,True,True,True
113315,False,False,False,False
113333,False,False,False,False
113367,False,True,False,False
113391,False,False,False,False
113397,False,False,False,False
113461,False,False,False,False
113473,False,False,False,False
113501,True,True,True,True
113556,True,False,False,False
113571,False,False,False,False
113590,False,False,False,False
113598,False,False,False,False
113606,False,False,False,False
113672,True,True,False,False
113700,False,False,False,False
113701,False,True,False,False
113722,False,False,True,True
113724,False,True,True,True
113725,False,True,True,False
113756,True,True,True,True
113772,False,False,False,False
113801,False,False,True,False
113810,False,False,False,False
113828,True,False,True,False
113851,False,False,True,True
113857,True,True,True,True
113935,False,False,True,True
113998,False,False,True,True
114024,False,False,False,False
114153,False,False,False,True
114187,False,False,False,True
114229,False,False,False,False
114256,True,True,True,True
114269,False,True,False,True
114286,True,True,True,True
114303,False,False,False,False
114316,False,False,False,False
114340,False,False,False,False
114348,False,False,True,True
114375,False,True,True,False
114421,False,False,False,False
114500,False,False,False,False
114504,False,True,True,True
114510,False,False,False,False
114535,True,True,True,True
114541,False,False,False,False
114549,True,True,True,True
114598,True,True,True,True
114673,False,False,True,False
114674,True,True,True,True
114705,False,False,False,True
114717,True,True,True,True
114784,True,True,True,True
114807,False,False,False,False
114861,False,True,False,False
114869,True,True,True,True
114880,True,True,True,True
114886,True,True,True,True
114917,False,False,False,False
114920,True,True,True,True
114954,False,False,False,False
115006,False,False,False,False
115018,False,False,False,False
115056,False,False,False,False
115086,False,False,False,False
115117,False,False,True,True
115126,False,False,False,False
115145,False,False,False,False
115226,False,False,False,False
115251,True,True,True,True
115260,False,False,True,True
115292,True,True,True,True
115296,True,True,True,True
115300,True,True,False,False
115319,True,True,True,True
115374,True,True,True,True
115400,False,False,False,False
115442,False,True,True,True
115481,False,True,True,True
115518,False,False,False,False
115519,False,False,False,False
115604,False,False,False,False
115619,False,False,False,False
115636,True,True,True,True
115637,False,True,True,True
115642,True,True,True,True
115645,True,True,False,True
115649,True,False,True,False
115721,False,False,False,False
115765,False,True,True,True
115845,False,False,True,False
115866,False,True,True,True
115893,False,False,True,False
115924,True,True,True,True
115928,False,False,True,True
115950,False,False,True,True
115967,False,True,False,False
115970,True,True,True,True
115992,False,False,False,True
116010,False,False,False,False
116037,False,False,True,True
116046,False,False,False,False
116132,False,False,False,False
116133,False,False,True,True
116141,False,False,False,True
116149,True,True,True,True
116171,True,True,True,True
116185,False,False,False,False
116223,False,True,False,False
116224,False,False,False,False
116252,False,True,False,True
116268,False,False,False,True
116270,False,False,False,False
116272,False,False,False,False
116326,False,False,False,False
116336,False,False,False,False
116353,False,False,False,False
116356,False,False,False,False
116397,False,False,False,False
116402,False,False,False,False
116431,True,True,True,True
116444,True,True,True,True
116502,False,False,False,True
116503,False,False,False,True
116556,False,False,False,False
116557,True,True,True,True
116601,False,False,False,False
116618,True,True,True,False
116625,False,False,False,True
116650,True,True,True,True
116663,False,False,False,False
116735,False,True,True,True
116831,True,False,True,True
116851,True,True,True,True
116854,True,True,True,True
116861,False,False,True,True
116882,False,False,False,False
116951,True,True,True,True
117015,True,True,True,True
117016,False,False,True,True
117034,True,True,True,True
117037,False,False,False,True
117119,True,True,True,True
117125,False,False,True,False
117157,True,True,False,False
117178,False,False,False,False
117201,False,False,False,False
117230,False,True,True,True
117302,False,False,True,True
117304,False,True,True,True
117327,False,True,False,False
117352,False,False,False,False
117403,False,False,True,True
117428,False,False,False,False
117454,False,False,False,True
117466,False,False,False,False
117471,False,False,False,True
117512,True,True,True,True
117514,False,True,True,True
117528,True,True,True,True
117535,True,True,True,True
117555,False,False,False,False
117601,True,True,False,True
117644,False,True,False,True
117676,True,True,True,True
117679,False,True,True,True
117764,False,False,False,False
117788,False,False,False,False
117796,False,False,True,False
117821,False,False,False,False
117836,False,True,True,True
117867,False,False,False,False
117939,False,False,False,False
117961,True,True,True,True
117973,False,False,False,True
117998,False,False,False,False
118019,False,True,True,True
118022,True,True,True,True
118027,True,True,True,True
118065,False,False,False,False
118069,True,True,True,True
118081,True,True,True,True
118113,False,False,False,False
118207,True,True,True,True
118278,False,False,False,False
118342,True,True,True,True
118343,True,True,True,False
118344,False,False,False,False
118347,False,False,True,True
118356,False,False,False,False
118386,True,True,True,True
118417,False,True,True,True
118457,True,True,True,True
118477,True,True,True,True
118544,False,False,False,True
118546,False,False,False,False
118625,False,False,False,True
118673,False,False,False,False
118674,False,False,False,False
118680,False,False,True,True
118726,False,False,False,True
118764,False,False,False,False
118771,True,True,True,True
118788,False,False,False,False
118794,False,False,False,False
118837,False,False,False,False
118866,False,False,False,False
118867,True,False,False,True
118870,True,True,True,False
118934,True,True,True,True
118974,False,False,False,False
118994,True,True,True,True
119002,False,False,False,False
119016,True,True,True,True
119034,False,False,False,False
119065,True,False,False,True
119101,False,False,False,False
119115,False,False,False,False
119129,False,False,True,True
119141,True,True,True,True
119169,False,True,True,True
119195,False,False,False,False
119292,True,True,True,True
119297,False,True,True,True
119320,True,True,True,True
119414,False,True,True,True
119488,False,False,False,False
119513,False,False,False,False
119540,True,True,True,False
119551,False,False,False,False
119571,False,True,False,False
119581,False,True,True,True
119693,False,True,True,True
119695,True,True,True,True
119729,False,False,False,False
119761,False,True,True,True
119787,False,False,False,True
119799,False,False,False,False
119805,False,True,True,True
119834,False,False,False,False
119837,False,False,False,False
119854,False,False,False,False
119876,False,False,False,True
119882,False,False,False,False
119922,True,True,True,True
119923,False,True,True,True
119953,False,True,True,True
119979,False,False,False,False
120007,False,False,False,False
120037,True,True,True,True
120052,False,False,False,False
120120,False,False,False,False
120125,False,False,False,True
120178,True,True,True,True
120188,True,True,True,True
120224,True,True,True,True
120276,True,True,True,True
120333,False,True,False,True
120356,False,False,False,False
120360,False,False,False,False
120369,True,True,True,True
120399,False,False,False,True
120407,False,False,False,False
120475,False,False,False,False
120490,False,False,False,False
120524,True,True,True,True
120566,True,False,True,True
120592,False,False,False,False
120643,False,False,False,False
120718,False,False,False,True
120737,True,True,True,True
120743,False,False,False,False
120745,False,False,False,False
120771,True,True,True,True
120778,False,False,False,False
120882,True,True,True,True
120907,True,True,True,True
120961,False,False,True,False
121001,False,False,False,True
121018,False,False,False,False
121046,False,False,False,False
121106,True,True,True,True
121110,False,True,True,True
121143,False,False,False,False
121167,True,True,True,True
121211,True,True,True,False
121219,False,False,False,False
121237,False,False,True,True
121318,False,False,False,True
121326,True,True,True,True
121446,False,False,False,True
121461,True,True,True,True
121525,True,True,True,True
121560,False,False,True,False
121611,False,False,False,False
121644,False,False,False,True
121659,True,True,True,True
121666,True,True,True,True
121683,False,False,False,False
121709,False,False,True,True
121716,True,True,True,True
121720,False,False,False,True
121749,True,True,True,False
121762,False,True,True,True
121769,False,False,False,False
121778,False,False,False,False
121779,False,False,False,False
121857,False,False,False,False
121869,True,True,True,False
121943,False,False,False,True
121989,False,False,False,False
121997,False,True,True,True
122007,True,True,True,True
122017,True,True,True,True
122029,False,False,False,False
122040,True,True,True,True
122047,False,False,False,False
122093,False,False,False,False
122118,False,True,True,True
122172,True,True,False,True
122194,False,False,True,True
122229,False,False,False,False
122314,False,False,False,False
122350,False,False,False,False
122352,False,True,True,True
122382,False,False,False,False
122394,False,False,False,False
122418,True,True,True,True
122436,True,True,False,True
122457,False,False,True,True
122459,True,True,True,True
122467,False,True,True,True
122480,True,True,True,True
122535,True,True,True,True
122582,False,True,True,True
122586,False,True,True,True
122704,True,True,True,True
122724,True,True,True,True
122731,False,False,False,True
122776,True,True,True,True
122786,False,False,False,False
122798,True,True,True,True
122811,True,True,True,True
122861,True,True,True,True
122863,False,True,False,False
122869,False,False,False,False
122902,True,True,True,True
122916,False,True,False,False
122981,False,False,False,True
122996,True,True,True,True
123041,False,False,True,True
123127,False,False,False,False
123155,True,True,True,True
123201,False,False,False,False
123214,False,False,False,False
123260,False,True,True,True
123262,True,True,True,True
123298,False,True,True,False
123306,True,True,False,False
123312,False,False,False,False
123378,False,False,True,True
123389,False,False,False,False
123444,True,True,True,True
123445,False,False,False,False
123453,False,False,False,False
123469,True,True,True,True
123473,False,False,False,False
123512,True,True,True,True
123514,False,True,True,True
123523,False,False,False,False
123552,False,False,False,True
123582,False,False,False,False
123643,True,True,True,True
123646,False,False,True,True
123647,False,True,True,True
123692,False,False,False,False
123697,False,True,True,True
123721,False,True,True,False
123753,False,False,False,False
123757,False,False,False,False
123762,False,False,True,True
123770,False,True,True,True
123836,True,True,True,True
123837,False,True,True,True
123849,False,True,True,True
123878,False,True,False,False
123921,True,True,True,True
123935,False,False,False,False
123944,True,True,True,True
123949,False,True,True,True
123967,False,False,True,True
123968,True,True,True,True
123974,False,False,False,False
124028,False,False,False,False
124030,False,True,True,True
124052,True,True,True,True
124067,False,True,True,True
124101,False,True,True,True
124128,False,False,False,False
124135,False,False,False,False
124167,True,True,False,False
124188,False,False,False,False
124190,True,True,True,True
124202,False,True,True,True
124210,False,False,False,False
124246,True,True,True,True
124262,False,False,False,False
124279,False,False,False,False
124280,False,False,False,True
124316,False,True,True,True
124325,True,True,True,True
124349,True,True,True,True
124360,False,False,False,False
124367,False,False,True,False
124466,True,False,False,False
124599,True,True,True,True
124601,False,False,False,False
124620,True,True,True,False
124622,True,True,True,True
124627,False,False,False,False
124703,True,False,True,True
124711,False,False,False,False
124712,False,False,False,False
124723,False,False,False,False
124736,False,True,True,True
124751,True,True,True,True
124764,False,True,True,True
124832,True,True,True,True
124873,False,False,False,False
124874,True,True,False,False
124876,False,False,False,False
124903,False,True,True,True
124914,False,False,False,True
124927,False,True,False,False
124930,False,False,False,False
124949,False,True,False,True
124952,False,False,True,True
125085,True,True,True,False
125091,False,False,True,True
125107,False,True,True,True
125128,False,False,True,True
125135,False,False,False,False
125180,True,True,True,True
125188,False,False,False,False
125213,True,True,True,True
125218,False,False,True,True
125228,False,False,False,False
125242,False,True,False,True
125244,True,True,True,True
125259,False,False,False,False
125266,False,False,False,False
125286,True,False,False,False
125314,True,True,True,True
125316,True,True,True,True
125322,False,False,False,True
125341,True,True,False,True
125380,False,False,False,False
125390,True,False,True,True
125404,True,False,False,True
125466,False,False,True,True
125468,True,True,True,True
125527,False,False,True,False
125547,True,True,True,True
125575,False,True,False,True
125597,False,False,False,False
125626,False,False,False,False
125632,True,True,True,True
125635,True,True,True,True
125656,False,False,True,False
125683,False,True,False,True
125687,False,False,False,False
125707,False,False,True,False
125711,False,False,False,False
125718,False,False,False,True
125725,True,True,True,True
125746,False,False,False,False
125814,False,False,False,True
125822,False,True,True,True
125829,False,True,True,True
125836,True,True,True,True
125848,False,False,False,False
125908,False,False,False,False
125909,False,False,False,False
125910,False,False,True,True
125998,False,False,False,True
126024,True,True,True,True
126059,False,False,False,False
126135,False,False,False,True
126145,False,True,True,False
126163,False,True,False,False
126180,False,False,False,False
126230,True,True,True,False
126238,True,False,True,False
126253,False,False,True,True
126257,True,True,True,True
126281,True,True,True,True
126388,False,False,True,True
126437,False,False,True,True
126447,False,False,False,True
126495,True,True,True,True
126583,False,True,True,True
126590,False,False,False,True
126709,True,False,True,True
126714,False,False,False,False
126737,False,False,False,True
126757,True,False,False,True
126832,True,True,True,False
126914,False,False,False,True
126915,False,True,False,False
126959,False,False,False,True
126964,True,False,True,True
126967,False,False,False,False
126983,True,True,True,True
126992,False,False,False,False
127037,True,True,True,True
127055,True,True,True,True
127120,False,False,False,True
127129,False,True,True,True
127170,False,False,True,True
127204,True,True,True,True
127229,False,False,False,False
127235,False,False,False,False
127256,False,False,True,True
127278,False,False,True,True
127284,False,False,False,True
127296,False,False,False,False
127324,True,True,False,True
127388,False,False,False,False
127393,False,True,True,True
127451,True,True,True,True
127491,False,False,False,False
127520,True,True,True,True
127522,True,True,True,True
127555,False,False,False,False
127586,True,True,True,True
127596,True,True,True,True
127657,True,True,True,True
127659,False,False,False,False
127750,False,False,False,False
127760,False,True,False,False
127832,False,False,False,False
127834,False,True,True,True
127873,False,False,True,False
127905,False,False,True,True
127910,False,False,False,True
127921,False,True,False,True
127967,False,False,False,False
127971,True,True,True,True
127990,True,True,True,True
127997,False,True,True,True
128002,False,False,False,False
128093,False,False,False,False
128110,True,False,False,False
128135,False,True,True,True
128170,False,False,False,True
128245,False,False,False,False
128254,False,False,False,False
128256,False,True,True,False
128264,False,True,True,True
128282,False,False,False,False
128300,True,True,True,True
128334,False,False,False,False
128351,True,True,True,True
128387,True,True,True,True
128462,True,True,True,True
128463,True,True,True,True
128468,False,True,True,True
128512,False,False,False,False
128539,False,True,True,True
128560,False,False,False,False
128612,False,False,False,False
128644,False,False,False,True
128667,False,False,False,True
128691,False,False,False,True
128706,True,True,True,True
128715,False,False,False,False
128756,False,False,False,False
128826,False,False,False,False
128833,False,False,False,True
128912,False,False,True,False
128921,True,True,True,True
128942,True,True,True,True
128955,True,False,False,False
129037,False,False,False,False
129064,True,True,True,True
129065,False,False,False,False
129071,True,True,True,True
129117,False,False,False,False
129139,False,True,False,False
129166,True,True,True,True
129187,False,False,False,False
129254,False,False,False,False
129293,False,False,False,False
129359,True,True,False,True
129407,False,False,False,False
129433,True,True,True,True
129437,False,False,True,False
129440,True,True,False,True
129510,False,True,True,True
129511,True,True,True,True
129544,True,True,True,False
129546,True,True,True,True
129551,True,True,True,False
129566,False,False,False,False
129576,False,True,True,True
129613,True,True,True,True
129658,False,False,False,False
129663,True,True,True,True
129672,False,False,False,False
129675,False,True,True,True
129700,False,True,False,True
129735,False,True,True,False
129737,True,False,False,False
129758,True,True,True,True
129781,False,True,True,True
129784,False,False,False,False
129801,True,True,True,False
129813,False,False,False,True
129821,False,True,False,False
129925,True,False,True,False
129942,True,True,True,True
130017,False,True,True,True
130030,False,False,False,True
130037,True,True,True,True
130047,True,True,False,True
130074,False,True,True,True
130081,False,False,False,False
130099,False,False,True,False
130142,False,False,False,False
130163,False,False,False,True
130215,False,True,True,False
130245,False,False,False,False
130269,False,True,True,True
130286,True,True,True,True
130328,False,True,False,True
130357,False,True,True,True
130394,False,False,False,False
130411,False,False,False,False
130419,False,False,True,True
130456,False,False,True,True
130458,False,False,False,False
130506,False,False,False,True
130534,False,False,False,True
130540,True,False,True,False
130581,False,False,False,False
130598,False,False,False,True
130624,False,False,False,False
130706,True,True,True,True
130735,False,False,True,True
130757,True,True,True,True
130768,False,False,True,False
130778,False,True,True,True
130834,False,True,False,False
130839,True,True,True,True
130851,False,True,True,False
130908,False,False,False,False
130921,False,False,False,True
130955,False,False,True,False
130967,False,False,False,True
130973,False,False,False,True
130992,True,True,True,True
130993,False,False,False,False
131018,False,False,False,False
131063,False,False,False,False
131074,False,False,False,False
131093,True,True,True,True
131127,True,True,True,True
131160,False,False,True,False
131211,True,True,True,True
131215,False,False,True,False
131225,False,False,True,True
131277,False,False,False,False
131280,False,False,True,True
131312,False,False,False,False
131342,True,True,True,True
131343,False,False,False,False
131364,False,False,True,True
131415,True,True,True,True
131416,False,False,True,True
131539,False,True,False,True
131572,False,True,True,True
131611,False,False,True,True
131621,False,True,False,True
131674,False,False,False,True
131721,True,True,True,True
131743,False,False,False,False
131764,False,False,True,True
131840,False,False,False,False
131902,False,False,True,True
131909,False,False,False,False
131927,False,False,True,True
132024,False,True,True,True
132038,True,True,True,True
132099,False,True,True,True
132141,True,True,True,True
132170,False,False,False,True
132183,False,True,True,True
132196,False,False,False,False
132265,True,True,True,True
132310,False,False,False,False
132317,False,False,False,False
132336,False,True,False,False
132385,False,True,True,True
132386,False,False,False,False
132415,False,True,True,False
132422,False,False,False,False
132453,False,False,False,False
132509,False,False,False,False
132516,True,True,True,True
132564,True,True,True,True
132571,False,False,False,True
132573,False,False,False,True
132576,False,True,True,True
132591,True,True,True,True
132626,True,True,True,True
132644,False,False,False,False
132668,False,False,False,False
132670,True,True,True,True
132789,False,True,True,True
132901,True,True,True,False
132913,False,True,True,True
132944,True,True,True,True
132973,False,False,False,False
132997,False,True,False,True
133013,False,False,False,False
133060,True,True,True,True
133125,False,False,False,True
133142,False,True,True,True
133167,True,True,True,True
133175,False,True,False,False
133229,False,False,False,False
133257,False,True,True,True
133369,True,True,True,True
133467,False,False,True,False
133482,True,False,False,False
133515,False,False,False,False
133517,False,True,False,True
133532,True,True,True,True
133571,False,False,True,True
133573,True,True,False,True
133594,False,False,False,True
133596,False,True,True,True
133622,False,False,False,True
133641,True,False,False,False
133679,False,False,False,False
133688,False,False,True,True
133697,False,False,True,True
133698,False,True,True,True
133707,True,True,True,True
133821,False,True,True,True
133835,False,False,False,False
133845,False,True,False,False
133869,False,False,True,True
133876,False,False,False,False
133883,True,True,True,True
133927,True,True,True,True
133963,False,False,False,True
133994,False,True,False,False
134028,True,True,True,True
134037,False,False,True,True
134053,False,True,True,True
134072,False,False,False,False
134077,False,True,True,True
134081,True,True,True,True
134137,True,True,True,True
134176,False,False,False,False
134233,False,False,True,False
134240,False,False,False,False
134285,True,True,True,True
134286,True,True,True,True
134294,False,False,False,False
134302,True,True,True,True
134309,False,False,True,True
134324,True,True,True,True
134334,True,False,False,False
134375,True,True,False,True
134389,True,True,True,True
134459,False,False,False,False
134460,False,False,False,False
134518,True,True,True,True
134574,False,False,False,False
134589,False,False,False,False
134599,False,True,True,True
134620,True,True,False,False
134643,False,True,False,True
134644,True,True,True,True
134657,False,False,False,False
134717,True,True,True,False
134721,False,True,True,True
134747,False,False,False,False
134754,True,True,True,True
134799,True,False,True,True
134815,False,False,False,False
134818,True,False,True,True
134819,True,True,True,True
134849,False,False,False,False
134858,True,True,True,True
134888,False,False,False,False
134907,False,False,False,False
134912,True,True,True,True
134918,True,True,True,True
134924,False,False,False,False
135015,False,False,False,False
135029,True,False,False,True
135135,False,True,True,False
135155,True,True,True,True
135171,True,True,True,True
135237,False,False,True,True
135338,True,True,True,True
135344,False,False,False,True
135397,False,True,True,False
135424,True,True,True,True
135453,False,True,True,True
135459,True,True,True,True
135478,True,True,True,True
135513,True,True,True,True
135524,True,True,True,True
135620,True,True,True,True
135626,False,False,False,False
135638,False,False,False,False
135671,False,False,False,False
135683,True,True,True,True
135694,False,False,False,True
135744,True,True,False,True
135749,False,True,False,True
135756,False,True,True,True
135759,False,False,False,False
135794,True,True,True,True
135846,False,True,True,True
135966,True,True,False,False
135975,False,False,False,True
135989,True,True,False,True
136026,True,True,True,True
136070,False,False,False,False
136077,True,True,True,True
136088,True,True,True,False
136092,False,False,False,True
136184,True,True,True,True
136217,True,True,True,True
136227,False,False,False,False
136230,True,True,False,False
136245,False,False,False,True
136300,False,False,False,False
136310,False,False,False,False
136384,False,False,False,False
136396,False,False,False,False
136445,True,True,True,True
136512,False,False,True,True
136572,True,True,True,True
136661,True,True,True,True
136664,True,True,True,True
136670,False,False,False,False
136680,False,False,True,True
136687,False,False,False,False
136699,False,False,False,False
136718,False,False,False,True
136720,True,True,True,True
136721,True,True,True,True
136734,True,True,True,True
136790,False,False,False,False
136795,True,True,True,True
136820,False,False,False,True
136835,False,True,True,False
136841,False,False,False,False
136908,True,True,True,True
136962,False,False,False,False
136970,False,False,False,False
136979,False,False,False,True
137072,True,True,True,True
137100,False,False,True,True
137115,True,True,True,False
137118,False,False,False,False
137140,False,False,False,False
137181,True,False,True,False
137220,False,False,False,False
137230,False,False,False,False
137297,False,False,False,False
137315,False,False,False,False
137339,False,False,False,False
137365,False,True,False,False
137385,True,True,True,True
137387,False,True,True,True
137395,False,False,False,False
137402,False,False,True,True
137406,False,False,False,False
137407,False,False,False,True
137507,True,True,True,True
137538,True,True,True,True
137552,False,False,False,False
137560,False,False,False,False
137622,False,True,True,True
137666,False,False,False,False
137690,True,True,False,False
137694,False,True,True,True
137704,False,False,False,False
137711,False,True,True,True
137715,True,True,True,True
137803,True,True,False,True
137808,False,False,False,False
137829,False,True,True,True
137890,True,True,True,True
137931,True,True,True,True
137953,False,False,False,False
137964,True,True,True,True
137967,False,False,False,True
138022,False,False,False,False
138070,False,False,False,False
138075,False,False,False,False
138124,True,True,True,True
138127,False,True,True,True
138134,True,True,True,True
138179,False,False,True,True
138195,False,True,True,True
138196,True,False,False,False
138200,True,True,False,True
138207,False,False,False,False
138271,False,False,False,False
138288,False,False,True,True
138435,False,False,False,False
138549,False,False,False,False
138553,True,True,True,True
138572,True,True,True,True
138595,False,False,False,False
138629,False,False,False,False
138699,True,False,True,True
138713,True,True,True,True
138780,False,False,False,False
138790,False,False,True,False
138805,True,True,True,True
138834,True,True,True,False
138851,True,True,False,False
138890,False,True,False,True
138975,False,False,False,False
138999,True,False,False,False
139004,False,False,False,False
139009,False,False,True,True
139130,True,True,True,True
139147,True,True,True,True
139163,False,False,False,False
139237,False,False,False,False
139258,False,False,False,True
139263,True,True,True,False
139276,True,True,True,True
139327,False,False,False,False
139345,False,True,False,False
139359,False,True,True,True
139372,False,False,False,False
139380,True,False,True,True
139389,False,False,False,False
139394,False,False,False,False
139468,False,False,False,False
139472,True,True,True,True
139500,False,False,False,False
139595,False,False,False,True
139598,False,True,True,True
139604,False,False,False,False
139612,True,True,True,True
139614,True,True,True,True
139625,False,False,False,False
139637,True,True,False,False
139679,False,True,True,True
139686,True,True,True,True
139696,True,True,True,True
139734,False,False,False,False
139740,False,True,True,True
139763,False,False,False,False
139781,False,True,False,True
139787,True,True,False,False
139789,False,False,False,False
139856,False,False,False,True
139915,False,True,True,True
139930,False,False,False,False
139952,False,False,True,True
139958,False,True,False,True
139967,False,False,False,True
139969,False,False,False,False
139982,False,True,True,False
139983,False,False,False,True
139984,False,False,False,True
139994,False,False,False,False
140021,True,True,True,True
140044,True,True,True,True
140065,True,True,True,True
140068,False,False,False,False
140074,False,False,False,False
140087,False,False,False,True
140108,False,False,False,False
140114,True,False,False,False
140115,False,False,True,True
140167,True,True,True,True
140209,False,False,True,True
140243,False,True,True,True
140263,False,False,False,False
140284,False,False,False,False
140332,True,True,True,True
140349,True,False,True,False
140435,False,True,True,True
140450,True,True,False,False
140454,False,False,False,False
140500,True,True,True,True
140542,True,True,True,True
140548,True,True,True,True
140623,False,False,False,True
140655,False,False,False,False
140671,False,False,False,False
140761,True,False,True,True
140762,False,True,True,True
140797,False,False,False,True
140826,False,False,True,True
140865,False,True,False,True
140935,False,False,True,False
140936,False,True,False,False
140984,False,False,False,False
140988,False,False,False,True
140999,False,False,False,False
141056,True,True,True,True
141065,False,False,False,True
141135,True,False,False,False
141200,False,False,False,True
141205,False,True,True,False
141224,False,False,False,True
141229,True,True,True,False
141247,False,True,False,False
141278,False,False,False,False
141302,False,False,False,False
141342,False,False,False,False
141372,True,True,True,True
141413,False,False,False,False
141426,False,False,False,False
141492,True,True,True,True
141532,False,True,False,True
141543,False,False,False,False
141557,False,False,False,True
141581,False,False,False,False
141587,True,True,True,True
141608,True,True,True,True
141654,False,False,False,False
141711,False,True,True,True
141779,False,True,True,False
141807,False,False,False,False
141855,True,True,True,True
141879,False,False,False,False
141920,False,False,False,True
141923,False,False,False,False
142056,False,True,True,True
142129,False,True,True,True
142168,True,True,True,True
142177,False,False,False,False
142191,False,False,False,False
142225,False,True,True,True
142240,False,False,False,False
142246,False,False,False,False
142280,True,True,True,True
142291,True,False,True,True
142321,True,True,True,True
142350,True,True,True,True
142352,False,False,False,False
142364,False,True,True,True
142428,True,True,True,True
142440,False,False,False,False
142470,False,False,False,False
142487,True,True,True,True
142557,True,True,True,False
142564,False,True,True,True
142565,False,False,False,False
142574,True,True,False,True
142587,False,False,False,False
142672,True,True,True,True
142698,True,True,True,True
142726,False,False,False,True
142741,False,True,True,True
142779,False,True,True,True
142803,False,True,True,True
142804,False,False,True,True
142806,True,True,True,False
142815,False,False,False,False
142879,False,False,False,False
142934,False,True,True,True
142958,False,False,False,False
143003,False,False,True,True
143006,True,True,True,True
143030,False,True,True,True
143119,True,True,True,True
143125,False,True,True,True
143215,True,True,True,True
143234,True,True,True,True
143258,True,True,False,True
143320,False,True,True,True
143334,False,True,False,True
143342,True,True,True,True
143359,False,False,False,False
143379,False,False,False,False
143382,False,True,True,True
143420,False,True,True,False
143445,False,True,True,True
143483,False,False,False,False
143510,False,False,True,True
143522,True,True,True,True
143526,False,False,True,True
143532,False,False,False,False
143578,False,False,False,False
143621,False,False,False,False
143629,False,True,True,True
143636,False,False,True,False
143653,True,True,True,True
143664,False,False,False,False
143749,True,True,False,False
143789,False,False,False,False
143876,False,False,True,True
143904,False,True,True,True
143929,False,True,True,True
143941,False,True,True,True
143948,False,False,False,False
143965,False,False,False,False
143974,False,True,True,True
144022,False,False,False,False
144027,False,False,False,False
144033,False,False,True,True
144139,True,True,True,True
144176,False,True,True,True
144178,True,False,True,True
144180,False,False,False,False
144251,False,False,False,False
144252,False,False,False,False
144259,False,False,False,False
144275,False,False,True,False
144283,True,True,True,True
144298,False,False,False,False
144320,False,False,False,False
144353,False,False,False,False
144357,True,True,True,True
144372,False,False,True,True
144391,False,False,False,True
144453,True,True,True,True
144486,False,False,False,False
144492,True,True,True,True
144522,False,False,False,True
144534,False,False,False,False
144561,False,False,False,False
144580,False,False,True,True
144582,False,False,False,True
144586,True,True,True,True
144599,False,False,False,True
144620,False,False,False,False
144683,False,False,False,False
144734,True,True,False,True
144746,False,False,False,True
144804,False,False,False,False
144817,False,False,True,True
144863,False,False,False,False
144906,False,False,True,False
144925,True,True,True,True
144938,False,False,False,False
144959,False,False,False,True
144992,False,False,True,True
145047,False,False,True,False
145048,True,True,True,True
145129,True,False,False,True
145139,False,False,False,False
145140,False,True,False,True
145163,True,True,True,True
145186,False,False,False,False
145188,True,True,True,True
145192,False,False,False,False
145212,True,True,True,True
145231,False,False,False,False
145241,True,True,True,True
145311,False,False,False,True
145343,True,True,True,True
145351,False,False,False,False
145360,True,False,True,True
145502,False,False,True,False
145523,False,True,True,True
145567,False,False,False,False
145623,True,True,True,True
145631,False,True,True,True
145666,False,True,False,True
145718,False,False,False,False
145736,True,True,False,False
145747,False,True,True,True
145751,False,False,True,False
145793,True,True,True,True
145820,True,True,False,False
145843,False,True,True,True
145849,False,False,True,False
145855,True,True,True,True
145873,True,True,True,True
145903,False,True,True,True
145935,False,True,False,False
145945,False,False,False,False
145956,True,False,True,True
145978,False,False,True,True
146030,False,True,False,True
146096,True,True,True,True
146150,False,False,False,False
146151,False,True,False,True
146202,True,True,True,True
146215,False,False,False,False
146237,True,True,True,True
146294,False,False,False,False
146313,False,True,False,False
146315,False,False,False,False
146332,False,True,True,True
146401,True,False,False,False
146504,False,True,True,True
146510,True,True,True,False
146511,True,True,True,True
146568,False,False,False,False
146570,False,False,False,True
146584,False,False,False,False
146591,False,False,False,True
146602,True,True,True,True
146611,False,False,False,False
146638,False,False,False,False
146645,False,False,False,True
146649,False,False,False,False
146676,False,True,True,True
146705,True,True,True,True
146723,True,True,True,True
146830,False,False,False,False
146837,False,False,True,True
146881,False,True,True,False
146961,False,False,False,False
147058,False,True,True,True
147088,False,True,True,True
147092,False,False,False,False
147094,False,True,True,True
147108,True,True,True,True
147128,False,False,False,False
147154,False,False,False,False
147165,False,False,False,False
147178,False,False,True,True
147211,False,False,False,False
147250,True,True,True,True
147259,True,True,True,True
147283,True,True,True,True
147311,False,False,False,False
147333,True,True,True,True
147366,True,True,False,False
147371,True,True,True,True
147392,False,False,False,False
147398,True,True,True,True
147539,False,False,False,True
147545,False,False,False,False
147551,False,False,False,False
147569,False,False,False,False
147591,False,False,True,True
147597,True,True,True,True
147659,False,False,True,True
147674,False,True,False,False
147681,False,False,False,False
147685,False,False,True,False
147694,False,False,False,False
147718,True,True,False,True
147753,False,False,False,False
147762,False,False,False,False
147775,True,True,True,True
147846,False,False,False,False
147873,False,False,False,False
147896,True,True,True,True
147924,True,True,True,True
147930,True,True,False,False
147971,False,False,False,False
147980,True,True,True,True
148019,True,True,True,True
148024,False,False,False,False
148042,True,True,True,True
148047,True,True,True,True
148055,False,False,False,True
148101,False,False,True,True
148128,True,True,True,True
148208,False,True,True,True
148272,False,False,False,False
148282,False,False,False,False
148301,False,True,True,False
148373,False,False,False,True
148409,False,False,True,True
148415,False,False,False,False
148422,True,True,True,True
148427,True,True,True,True
148540,False,True,True,True
148551,False,False,False,False
148587,False,False,False,False
148646,True,True,True,True
148655,False,False,True,True
148668,False,True,True,True
148810,False,False,False,False
148824,False,True,False,False
148830,False,True,False,True
148852,False,True,True,False
148871,False,False,False,True
148908,False,False,False,False
148924,False,False,True,True
148937,False,False,False,False
148938,True,True,True,True
149030,False,True,True,True
149078,False,True,False,False
149091,False,True,False,False
149123,False,True,False,True
149150,False,False,False,False
149185,False,True,True,True
149192,True,False,False,False
149196,True,True,True,True
149221,False,False,False,True
149250,True,True,True,True
149263,True,True,False,True
149268,False,False,False,True
149320,False,True,True,True
149371,False,False,False,False
149394,False,True,False,True
149442,False,True,True,True
149464,False,False,False,False
149470,False,False,False,False
149500,False,True,False,True
149554,False,False,False,False
149555,False,True,True,True
149592,False,True,True,True
149645,False,False,False,False
149726,True,True,True,True
149737,False,False,False,True
149739,True,False,False,False
149755,False,False,False,False
149810,False,True,True,True
149812,True,True,True,True
149833,False,False,False,False
149834,False,False,True,True
149878,True,True,True,True
149881,False,True,False,True
149884,False,False,False,False
149921,False,False,False,False
149964,False,False,True,True
149996,False,False,False,False
150032,True,True,True,True
150037,False,False,False,True
150040,True,True,True,True
150151,False,False,True,True
150192,False,False,False,False
150195,False,False,False,True
150276,False,True,True,True
150286,True,True,False,True
150300,False,False,False,False
150354,False,False,False,False
150358,False,True,False,True
150480,False,False,False,False
150546,False,False,False,False
150639,False,False,False,False
150646,False,False,False,False
150650,True,True,True,True
150671,False,False,False,False
150769,False,False,False,False
150772,False,False,True,True
150787,True,True,True,True
150788,True,True,True,True
150830,False,False,False,True
150874,False,False,False,False
150877,False,False,False,False
150943,True,True,True,True
150981,False,True,False,True
150999,True,True,True,True
151016,False,False,True,False
151112,True,True,True,True
151159,True,True,True,True
151178,True,True,True,True
151192,False,False,False,False
151200,False,False,False,True
151214,False,False,True,True
151236,False,True,False,True
151291,False,False,True,False
151299,True,True,True,True
151327,False,False,False,False
151382,True,True,True,True
151406,True,True,True,True
151458,True,True,True,True
151466,False,False,False,True
151486,False,False,False,False
151493,False,True,False,True
151497,False,False,False,True
151523,False,False,False,False
151575,True,True,True,True
151587,True,False,False,False
151599,False,False,False,False
151671,False,True,True,True
151704,False,False,False,False
151756,False,False,False,True
151781,True,False,True,True
151783,True,True,False,False
151822,False,False,False,False
151833,True,True,True,True
151854,False,False,False,False
151864,False,False,False,False
151954,False,False,False,False
151959,False,True,False,True
152003,True,True,True,True
152036,False,False,False,False
152038,True,True,True,True
152048,False,False,False,False
152056,False,False,False,False
152103,False,False,False,False
152108,True,True,True,True
152162,True,True,True,True
152273,True,True,False,True
152281,False,False,False,False
152360,False,True,False,True
152397,True,True,True,True
152472,False,False,False,True
152479,False,False,False,False
152499,False,False,False,False
152530,True,True,True,True
152543,False,False,False,True
152556,False,False,False,False
152598,True,True,False,False
152657,False,False,False,False
152693,False,False,False,False
152746,False,True,True,False
152795,True,True,True,True
152871,False,False,False,True
152933,False,True,True,True
152946,True,False,True,True
152962,True,True,True,True
153036,False,False,False,False
153040,False,True,True,True
153042,False,False,True,False
153052,False,False,False,False
153136,True,True,True,True
153167,True,True,True,True
153184,False,True,True,True
153202,False,False,False,False
153205,False,False,False,False
153224,False,False,False,True
153262,True,True,True,True
153270,False,False,False,False
153290,False,True,True,True
153300,False,False,False,False
153368,False,False,False,False
153380,False,False,False,False
153394,True,True,True,True
153445,False,False,True,False
153462,True,True,True,False
153475,True,False,False,False
153486,False,True,False,True
153495,False,False,False,False
153520,False,False,False,False
153542,False,False,False,False
153559,False,False,False,False
153578,False,False,False,False
153604,False,False,False,False
153616,False,False,False,False
153631,False,False,False,False
153734,True,True,True,True
153736,False,False,False,False
153827,False,True,False,True
153847,False,False,False,True
153865,False,False,True,False
153871,False,False,False,False
153931,False,False,False,True
153956,False,False,False,False
153997,False,True,False,False
154057,True,True,True,True
154071,False,False,False,False
154107,False,False,True,True
154123,False,False,False,False
154145,True,True,True,False
154193,False,False,True,False
154202,False,False,False,True
154220,True,True,True,False
154244,False,False,False,False
154245,False,False,False,True
154254,False,True,False,False
154329,True,True,True,True
154343,False,False,False,False
154345,False,False,False,False
154354,False,True,True,True
154377,True,True,True,True
154382,False,False,False,False
154419,False,False,True,False
154530,False,False,True,False
154590,False,False,False,False
154597,False,False,False,False
154621,False,True,False,False
154689,False,True,True,True
154701,False,False,False,False
154772,True,True,True,True
154801,False,True,True,True
154880,False,False,True,True
154884,False,False,False,True
154898,False,True,False,False
154931,False,False,False,False
154955,False,False,False,False
154971,False,False,False,False
154987,False,False,True,False
155009,True,True,True,True
155035,True,True,True,True
155106,False,False,False,True
155125,False,False,False,False
155142,False,True,True,True
155162,False,False,True,True
155167,True,True,True,True
155172,False,False,False,False
155192,True,True,True,True
155198,False,False,True,True
155245,False,False,False,False
155268,True,True,True,False
155299,False,False,False,False
155344,False,False,True,True
155356,False,False,True,True
155373,True,True,True,True
155380,True,True,True,True
155417,False,False,False,True
155448,False,False,False,True
155449,False,False,False,False
155461,True,True,True,True
155540,True,True,True,True
155582,False,False,False,False
155591,False,False,True,True
155666,True,True,True,True
155774,False,False,False,False
155775,True,False,False,False
155793,False,False,False,False
155861,False,False,False,False
155897,True,True,True,True
155912,True,True,True,True
155937,False,False,False,False
155942,True,True,False,True
156020,True,True,True,True
156042,False,False,False,False
156060,False,False,False,True
156090,False,False,False,False
156156,False,False,False,False
156221,False,False,False,False
156301,False,False,False,False
156308,True,True,True,True
156320,False,False,False,False
156406,True,False,False,False
156448,True,True,True,True
156471,False,False,True,False
156480,True,True,True,True
156500,True,True,True,True
156511,False,False,False,False
156527,False,True,False,False
156534,True,True,True,True
156543,False,False,True,False
156604,False,False,True,True
156609,True,False,True,True
156700,True,True,True,True
156823,True,True,True,True
156833,True,False,True,True
156836,False,True,True,True
156869,False,False,False,False
156904,False,False,False,True
156977,True,True,True,True
157049,False,False,False,False
157085,False,False,False,False
157194,False,True,True,True
157202,True,True,True,True
157249,False,False,False,False
157283,False,False,False,False
157321,False,True,True,True
157358,False,False,False,False
157416,False,False,True,True
157462,True,True,True,True
157526,False,True,True,True
157539,False,False,False,False
157586,False,False,False,False
157592,True,True,True,True
157593,False,False,False,False
157621,False,False,False,False
157636,False,True,True,True
157656,True,True,True,True
157657,False,False,False,False
157696,False,False,False,True
157700,False,False,True,False
157744,False,False,False,False
157834,False,False,False,False
157866,False,False,False,False
157876,False,False,False,False
157883,False,False,False,False
157918,False,False,False,False
157926,False,False,False,False
157933,False,False,False,True
157942,False,False,False,False
157955,False,True,True,True
157961,True,True,True,True
157989,False,True,True,True
158031,False,True,True,True
158053,True,True,True,True
158058,False,False,False,True
158105,False,False,False,False
158122,True,True,True,True
158127,False,True,True,True
158198,False,True,True,True
158225,False,False,False,False
158272,False,False,False,True
158277,False,True,False,True
158299,True,False,True,True
158322,False,False,False,False
158326,False,True,True,True
158334,True,False,True,False
158344,True,True,True,True
158345,False,False,True,True
158501,False,False,False,False
158514,False,False,False,False
158555,False,True,False,True
158563,True,True,True,True
158602,False,False,False,False
158607,True,True,True,True
158676,False,False,False,False
158713,False,False,False,True
158718,False,False,False,False
158726,False,True,True,True
158729,False,False,False,False
158841,True,True,True,True
158853,True,True,True,True
158914,True,True,True,True
158989,True,True,True,True
159103,True,True,True,True
159109,False,False,False,False
159128,False,False,False,False
159133,False,True,True,True
159250,False,False,True,True
159296,True,True,False,False
159309,False,True,False,False
159346,True,False,False,False
159356,True,True,True,True
159392,False,False,False,True
159402,False,False,False,False
159409,False,True,True,True
159424,False,False,False,False
159457,False,False,False,False
159465,False,True,True,True
159482,False,False,False,False
159723,False,False,True,True
159761,True,True,True,True
159763,False,False,False,True
159828,False,False,False,True
159850,False,False,True,False
159974,False,False,False,False
159983,True,True,True,True
160001,True,True,True,True
160004,False,True,True,True
160031,False,False,True,True
160057,True,True,True,True
160064,False,False,False,False
160101,False,False,False,False
160104,False,False,False,False
160106,True,False,False,False
160142,False,False,False,True
160152,False,False,False,False
160171,False,False,False,False
160186,False,False,False,False
160195,False,False,False,False
160201,False,False,False,False
160245,True,True,True,True
160247,True,True,True,True
160250,True,True,True,True
160264,False,False,True,False
160330,False,False,False,False
160351,True,True,True,True
160402,True,True,True,True
160420,False,False,False,False
160428,True,False,True,True
160459,False,False,False,False
160524,False,False,False,False
160531,False,False,False,True
160549,False,False,False,False
160560,False,False,False,True
160573,False,False,False,False
160580,True,True,True,True
160610,False,False,False,False
160628,True,True,True,True
160629,False,False,True,False
160658,True,True,True,True
160836,False,True,False,True
160855,True,True,True,True
160858,False,False,False,False
160890,False,False,False,False
160906,True,True,True,True
160913,False,True,True,False
160932,False,False,False,False
160940,False,False,False,False
160941,True,True,True,True
160967,False,False,True,True
160996,False,False,False,False
161015,False,False,False,False
161031,False,False,False,False
161033,False,False,False,False
161054,True,True,True,True
161071,False,True,True,True
161121,False,False,True,True
161193,False,False,False,True
161218,False,False,False,False
161227,False,False,True,True
161244,False,False,False,False
161287,False,False,False,False
161438,False,False,True,False
161447,True,False,True,True
161499,True,True,True,True
161510,False,False,False,False
161569,True,True,True,True
161664,True,True,True,True
161720,True,True,True,True
161757,True,True,True,True
161760,False,True,True,True
161762,False,False,True,True
161793,False,False,False,False
161814,True,True,True,True
161823,False,False,False,False
161843,False,False,False,False
161852,False,True,True,True
161873,True,True,True,True
161919,False,False,False,True
161927,True,True,True,True
161958,True,True,True,True
162021,False,False,True,True
162023,True,True,True,True
162032,True,True,True,True
162109,False,False,False,False
162161,False,True,True,True
162163,False,False,False,False
162199,False,False,False,False
162250,True,True,True,True
162322,False,False,False,False
162362,False,False,False,False
162445,False,True,True,True
162573,False,False,False,False
162579,False,False,True,True
162654,False,True,False,True
162685,False,True,False,True
162691,True,True,True,True
162735,False,False,False,False
162753,False,False,False,False
162769,False,False,False,False
162774,True,True,True,True
162861,False,False,False,False
162880,False,True,True,False
162996,True,True,False,False
163002,True,True,True,True
163010,True,True,True,True
163031,True,False,True,True
163047,False,False,False,True
163054,False,False,False,True
163084,True,True,True,True
163091,True,True,True,True
163101,False,False,False,True
163114,False,False,False,False
163128,False,False,False,False
163176,True,True,True,True
163180,False,False,True,False
163220,False,False,False,True
163289,True,True,True,True
163339,True,True,True,True
163358,True,True,True,True
163385,False,False,True,True
163444,False,True,True,False
163451,False,True,True,True
163478,False,False,False,True
163485,True,True,True,True
163514,False,False,False,False
163518,False,False,False,False
163528,True,False,False,False
163585,False,True,False,True
163591,False,False,False,True
163598,False,False,False,False
163660,False,False,True,True
163710,False,False,False,False
163715,True,True,True,True
163761,True,True,True,True
163775,False,False,False,False
163823,False,False,True,False
163828,True,True,False,True
163831,False,True,True,True
163908,False,True,True,True
163975,False,False,False,True
163999,False,True,True,True
164005,False,False,True,False
164006,False,False,False,True
164094,True,True,True,True
164114,False,False,False,False
164170,False,True,True,True
164179,True,True,True,True
164200,False,False,True,True
164205,False,False,False,False
164249,False,False,True,True
164250,False,False,True,False
164286,False,True,False,True
164290,False,False,True,True
164292,False,False,False,False
164348,False,False,False,False
164360,True,False,False,True
164386,True,True,True,True
164389,True,True,True,True
164439,False,True,True,True
164440,True,True,True,True
164485,False,True,False,True
164499,False,False,False,False
164534,False,False,True,True
164564,True,True,True,True
164587,False,False,False,False
164594,False,True,True,True
164598,False,False,True,True
164603,True,True,True,True
164634,False,True,True,True
164642,True,False,False,True
164683,False,False,False,False
164698,False,False,False,False
164710,True,True,True,True
164786,False,True,True,True
164856,False,True,True,True
164920,False,False,False,False
165012,True,True,True,True
165035,True,True,True,True
165063,False,False,False,True
165100,False,False,False,False
165160,True,False,False,True
165200,True,True,True,True
165229,True,True,True,True
165231,False,False,False,False
165298,True,True,True,True
165347,False,False,False,False
165373,False,False,False,False
165384,True,True,True,True
165436,True,True,True,True
165499,True,True,True,True
165531,False,False,False,False
165546,False,False,True,True
165547,False,False,False,False
165572,False,True,True,False
165606,False,False,False,True
165609,False,True,True,True
165671,False,False,False,False
165707,False,False,True,True
165770,True,True,True,True
165792,True,True,True,False
165799,True,True,True,True
165852,True,True,True,True
165854,False,True,True,True
165984,True,True,True,True
166009,True,True,True,False
166018,False,False,False,False
166056,True,True,True,True
166057,True,True,True,True
166073,True,True,True,True
166126,True,True,True,True
166141,True,True,True,True
166201,False,False,False,False
166207,False,False,True,True
166230,False,True,True,False
166275,False,True,False,True
166296,True,False,True,False
166303,False,False,False,False
166335,True,True,False,True
166386,False,False,True,True
166403,True,True,True,True
166468,False,True,True,False
166481,False,False,False,False
166499,False,True,True,True
166533,True,False,True,True
166551,False,True,True,True
166557,True,True,True,True
166631,False,False,False,False
166751,True,True,True,True
166766,False,True,False,True
166776,False,False,False,True
166805,False,False,False,False
166828,False,False,False,True
166840,False,False,False,False
166868,False,True,True,True
166871,False,False,True,True
166874,True,False,True,True
166880,False,False,False,False
166889,False,False,True,True
166926,False,False,False,False
167002,False,False,False,False
167026,True,True,True,False
167074,False,False,False,False
167082,True,True,True,True
167092,False,False,False,False
167095,True,True,True,True
167155,True,True,True,True
167169,False,False,False,False
167180,False,True,True,True
167206,True,True,True,True
167235,False,False,False,False
167243,False,False,False,False
167267,True,True,True,True
167295,True,True,True,True
167369,False,True,True,True
167452,False,True,True,True
167456,False,False,True,True
167482,False,False,False,False
167505,True,True,True,True
167525,False,False,False,True
167529,False,False,False,False
167544,True,True,True,True
167548,True,True,True,True
167549,False,True,True,True
167564,True,True,True,True
167593,True,True,True,True
167642,False,False,False,False
167813,False,False,False,True
167854,True,True,True,True
167913,True,True,False,True
167927,False,False,True,True
168022,False,False,False,False
168090,True,True,True,True
168096,True,False,False,True
168127,True,True,True,True
168141,False,False,False,False
168151,True,True,True,True
168178,True,True,True,True
168187,True,True,False,True
168207,True,True,True,False
168218,False,False,False,False
168225,False,False,False,False
168248,False,True,True,True
168259,False,False,True,False
168274,False,False,False,False
168356,False,False,False,True
168371,True,True,True,False
168377,True,True,True,True
168522,False,False,False,False
168542,True,True,True,True
168571,False,False,False,False
168583,False,False,True,True
168584,True,True,True,True
168609,False,False,False,False
168650,False,False,False,False
168662,True,True,True,False
168683,False,False,False,False
168686,True,True,True,True
168717,False,True,True,False
168779,False,False,True,True
168803,True,True,True,True
168812,False,False,False,False
168817,False,True,True,True
168832,False,False,False,False
168837,False,False,False,False
168903,False,False,False,True
168909,False,False,False,False
168948,False,False,False,True
168978,False,False,True,True
168998,False,False,False,False
169014,True,True,True,True
169032,False,True,True,True
169040,False,False,False,False
169054,True,True,True,True
169066,False,True,True,True
169095,False,False,False,True
169098,True,True,True,True
169152,True,True,True,True
169166,False,False,False,False
169204,False,False,False,False
169229,True,True,True,True
169243,True,True,False,True
169249,False,False,False,False
169330,False,False,False,False
169351,True,True,True,True
169352,False,True,False,False
169360,True,True,True,True
169438,False,False,False,False
169535,False,False,False,False
169539,False,True,True,True
169562,False,False,False,False
169607,True,True,True,True
169646,False,False,False,False
169700,True,True,True,True
169701,False,False,False,False
169718,False,True,True,True
169732,False,True,True,True
169826,False,False,False,False
169872,False,False,False,False
169883,False,True,False,True
169907,False,False,True,True
169937,False,False,False,False
169947,False,True,True,False
169991,False,True,True,True
170012,True,True,True,True
170041,False,False,False,False
170069,True,True,True,True
170077,False,False,False,False
170101,False,False,False,False
170107,False,False,False,False
170122,False,False,False,False
170127,True,True,True,True
170130,True,True,True,True
170178,False,False,False,False
170180,False,True,True,False
170190,False,False,False,False
170194,False,True,False,True
170312,False,False,False,True
170313,False,False,False,False
170340,False,False,False,False
170406,False,False,False,False
170442,False,False,False,False
170483,False,False,False,False
170512,False,False,False,True
170525,False,False,False,False
170602,False,False,False,False
170629,True,True,False,False
170683,False,True,True,True
170689,False,False,False,False
170706,False,True,False,True
170716,False,False,False,False
170784,False,False,False,False
170786,True,True,True,True
170846,False,False,True,False
170849,True,True,True,True
170885,False,False,True,True
170902,False,False,True,True
170931,True,True,True,True
170950,False,False,False,False
170992,False,False,False,False
171017,False,False,False,False
171053,False,False,True,True
171179,False,True,True,True
171201,False,True,True,True
171269,False,False,True,True
171289,False,True,True,False
171297,False,True,True,True
171363,True,True,True,True
171376,False,False,False,False
171378,False,False,False,False
171430,True,True,True,True
171435,True,True,True,True
171622,True,True,True,True
171649,True,True,True,True
171665,False,False,True,True
171736,False,False,True,True
171762,False,False,False,True
171805,True,True,True,True
171809,False,False,False,True
171819,True,True,True,True
171841,False,False,False,False
171940,False,False,True,False
171950,False,False,False,False
171967,False,False,False,False
171970,False,False,False,False
171997,False,True,True,True
172023,True,True,True,True
172059,False,True,True,False
172088,False,False,False,False
172121,False,False,True,True
172137,False,False,False,False
172151,False,False,True,False
172160,False,False,False,False
172196,False,False,False,False
172246,False,False,False,False
172264,True,True,True,True
172315,False,False,False,False
172319,False,False,False,True
172324,False,False,True,True
172327,False,True,False,False
172342,False,False,False,False
172369,False,True,False,False
172377,False,False,False,False
172392,False,True,False,True
172398,False,False,False,False
172463,True,True,True,True
172492,True,True,True,True
172506,False,False,False,False
172582,False,False,False,False
172608,False,False,False,False
172615,True,False,False,False
172616,False,False,False,False
172654,False,True,True,True
172669,True,True,True,True
172673,False,False,False,False
172784,True,False,True,True
172852,False,True,True,True
172913,True,True,True,True
172937,False,False,False,False
172952,False,False,True,True
172970,True,True,True,True
172979,False,False,True,False
173053,True,True,True,False
173068,True,True,True,True
173125,True,True,True,True
173130,False,True,False,True
173150,True,True,True,True
173208,False,False,False,False
173228,False,False,False,False
173288,False,True,False,True
173367,True,True,True,True
173400,False,False,False,False
173451,True,True,True,True
173464,False,False,False,False
173471,False,False,False,False
173482,True,True,True,True
173532,True,True,True,True
173598,False,False,False,False
173610,True,True,True,True
173742,False,False,False,False
173843,False,False,False,False
173856,False,True,True,True
173893,False,False,False,False
173909,True,True,True,True
173925,False,True,False,True
173968,False,False,False,False
173978,False,False,False,False
173997,False,False,False,False
174042,True,True,True,True
174097,True,True,True,True
174098,False,False,False,False
174336,False,True,True,True
174375,False,False,False,False
174399,False,False,False,False
174410,False,True,False,True
174427,True,False,False,False
174462,False,False,False,False
174474,True,True,True,True
174503,True,True,True,True
174511,True,True,True,False
174526,False,False,False,False
174527,False,True,False,True
174554,False,False,False,True
174605,False,True,True,True
174623,False,False,False,False
174627,False,True,True,True
174632,False,False,False,False
174671,True,True,True,True
174677,False,False,False,False
174690,False,False,False,False
174694,False,True,False,False
174718,False,True,True,True
174738,False,False,False,False
174740,False,True,True,True
174747,True,True,True,True
174749,False,False,False,False
174758,False,False,False,False
174866,False,True,True,True
174868,True,False,True,False
174909,False,False,False,False
174911,False,False,False,False
175020,False,False,False,False
175047,False,False,True,True
175102,False,False,False,False
175112,True,True,True,True
175116,False,False,True,True
175118,True,False,True,True
175136,False,False,True,True
175188,False,True,True,True
175197,True,True,True,True
175202,True,True,True,True
175227,False,False,True,True
175273,False,False,False,False
175277,False,True,True,True
175333,True,True,True,False
175359,False,False,False,False
175427,False,False,False,True
175462,True,False,False,True
175469,True,True,True,False
175470,True,True,True,True
175476,True,True,True,True
175484,False,False,False,False
175523,False,False,False,False
175540,True,True,True,True
175541,False,True,True,True
175570,True,True,True,False
175600,False,False,True,True
175653,False,True,True,False
175671,True,False,True,True
175672,False,False,False,False
175775,True,True,True,False
175798,False,False,False,False
175805,True,True,True,True
175847,True,True,True,True
175864,True,True,True,True
175878,False,False,False,False
175946,False,False,False,True
175978,False,False,False,True
176060,False,False,False,True
176086,False,True,True,True
176087,False,True,True,True
176113,False,False,False,False
176118,False,False,False,True
176120,False,False,False,False
176192,False,False,False,False
176222,True,True,True,True
176229,False,False,False,False
176249,False,True,False,False
176265,False,False,False,False
176280,False,False,False,True
176282,False,False,False,True
176312,False,False,False,False
176318,True,True,True,True
176321,False,False,False,False
176384,False,True,True,True
176466,False,False,False,False
176487,True,True,False,False
176542,True,True,True,True
176558,False,True,True,True
176568,True,True,True,False
176612,True,False,True,True
176683,True,True,True,True
176744,False,False,False,False
176765,True,True,False,False
176785,False,False,False,False
176841,False,True,False,True
176873,False,False,False,False
176906,False,False,False,False
176910,False,False,False,False
176923,False,False,False,False
176925,False,False,False,False
176945,False,True,True,True
176947,False,False,True,True
176969,False,True,True,True
176996,True,True,True,True
177011,False,False,True,True
177050,False,True,False,False
177064,True,True,True,True
177078,True,True,True,True
177090,False,False,False,False
177101,False,False,True,False
177107,False,False,False,False
177150,False,False,True,False
177207,True,True,True,True
177245,True,False,False,False
177246,False,True,True,True
177277,False,False,False,False
177349,False,False,False,False
177366,False,True,False,False
177468,False,False,False,False
177492,False,False,False,False
177571,True,True,True,True
177575,True,True,True,True
177705,True,True,True,True
177755,False,True,True,True
177762,True,True,True,True
177763,True,True,True,True
177775,False,False,False,False
177807,True,True,False,True
177824,False,False,False,False
177840,False,True,True,True
177858,False,True,True,True
177879,False,False,False,False
177889,True,True,True,True
177913,False,True,True,False
177941,False,False,False,False
177954,False,True,False,False
177976,False,True,True,True
177977,False,False,False,False
177994,True,True,False,False
178006,True,True,False,True
178016,True,True,True,True
178022,False,False,False,False
178064,False,False,False,False
178152,False,True,True,True
178156,True,True,True,True
178177,True,True,True,True
178193,True,True,True,True
178207,False,True,False,True
178208,False,False,False,False
178242,False,False,True,True
178268,True,True,True,True
178317,True,True,True,True
178337,True,True,True,False
178389,False,True,True,True
178421,False,True,True,True
178460,False,False,False,True
178485,False,True,False,True
178577,False,False,True,False
178616,True,True,True,True
178620,True,False,False,True
178625,False,False,False,False
178635,False,True,True,False
178647,False,True,True,True
178682,False,False,True,True
178692,True,True,True,True
178763,False,False,False,True
178771,True,True,True,True
178785,False,False,True,True
178798,False,True,False,False
178801,False,False,False,False
178812,True,False,True,True
178838,False,False,False,False
178840,True,True,True,True
178895,True,True,True,True
178901,False,False,False,False
178939,False,False,False,False
178941,False,False,False,False
178962,False,False,False,False
179031,True,True,True,True
179070,False,True,True,True
179094,False,True,True,False
179102,False,False,False,False
179122,False,True,True,True
179154,True,False,False,True
179170,True,True,True,True
179200,True,True,True,True
179229,False,False,True,False
179242,False,False,False,False
179245,False,True,True,True
179278,False,False,False,False
179302,True,True,True,True
179322,False,False,True,False
179408,False,False,False,False
179454,True,True,True,True
179460,False,True,True,False
179477,True,True,True,True
179526,False,False,False,False
179532,False,True,True,True
179553,True,True,True,True
179603,True,True,True,True
179696,False,False,True,False
179699,False,False,False,False
179711,True,True,True,True
179727,False,False,False,True
179758,True,True,True,True
179781,True,True,True,True
179808,False,False,False,False
179812,False,False,False,False
179814,False,False,False,False
179906,True,False,False,True
179934,True,True,True,True
179940,False,False,False,False
179961,False,False,True,False
179965,False,False,False,False
180013,False,False,False,False
180020,False,False,True,True
180045,False,False,False,True
180055,False,False,True,False
180087,False,False,True,False
180129,False,False,False,False
180139,True,False,True,True
180261,False,True,True,True
180373,False,True,False,True
180460,False,False,False,False
180480,False,True,True,True
180483,True,False,True,False
180488,True,False,False,True
180494,False,True,True,True
180503,False,True,True,True
180522,True,True,True,True
180563,True,True,True,True
180578,False,False,False,False
180588,True,True,True,True
180639,False,False,True,False
180653,False,False,False,False
180667,False,True,True,True
180682,True,False,True,True
180718,False,False,False,False
180721,True,True,False,False
180729,False,True,True,True
180764,True,False,False,True
180768,False,False,False,False
180778,False,False,False,False
180779,True,True,True,True
180794,False,False,False,False
180817,False,False,True,False
180827,True,True,True,True
180967,True,True,True,True
181009,False,False,False,False
181026,False,False,True,False
181053,False,False,False,False
181133,False,False,False,False
181136,False,False,False,True
181155,False,False,False,False
181217,False,False,False,False
181223,False,False,False,False
181260,False,True,True,True
181305,True,True,True,True
181367,False,False,False,False
181383,False,False,True,True
181403,True,True,True,True
181409,False,False,False,False
181438,False,False,False,False
181453,False,False,True,True
181466,False,False,False,False
181534,True,True,True,True
181554,True,True,True,True
181564,False,False,False,False
181576,False,True,True,True
181623,True,True,True,False
181649,True,True,True,True
181655,False,False,False,False
181677,True,False,True,True
181714,True,True,True,True
181766,False,False,True,True
181769,True,False,True,False
181837,False,False,True,True
181849,False,False,False,False
181860,False,True,False,False
181909,True,True,True,True
181947,False,False,False,False
181980,False,False,True,True
182032,False,False,False,False
182082,False,False,False,True
182096,False,False,False,False
182098,True,True,False,True
182121,True,True,True,True
182126,True,True,True,True
182201,False,False,True,True
182233,False,True,True,True
182240,True,True,True,True
182258,False,False,False,False
182281,True,True,True,True
182353,False,False,True,False
182362,False,False,False,False
182373,True,True,True,True
182379,False,False,False,False
182406,False,False,False,False
182411,True,True,True,True
182436,True,False,True,True
182454,True,True,True,True
182474,False,False,False,False
182497,False,False,False,True
182502,False,False,False,False
182516,True,True,True,True
182551,True,True,True,True
182593,False,False,False,False
182629,True,True,True,True
182642,True,False,True,True
182659,False,False,False,True
182673,False,False,False,False
182710,False,True,True,True
182775,False,True,True,True
182801,False,False,False,False
182837,False,False,True,False
182863,False,False,False,False
182897,False,False,False,False
182937,False,True,True,True
182947,False,False,False,True
182957,True,True,True,True
182967,False,True,False,True
182968,True,True,True,False
182984,False,False,False,True
182997,False,False,False,True
183040,False,True,True,True
183044,False,False,False,True
183048,False,False,False,False
183137,False,False,False,True
183181,False,False,False,False
183199,False,False,False,False
183205,False,True,True,True
183236,False,False,False,False
183244,True,True,True,True
183293,False,False,True,False
183336,True,True,True,True
183338,True,True,False,False
183348,True,True,True,True
183387,True,True,True,True
183393,False,False,False,False
183394,False,False,False,False
183448,True,True,True,True
183456,False,False,False,False
183554,True,True,True,True
183602,False,False,False,False
183645,True,True,True,True
183672,True,True,True,True
183715,False,True,True,False
183719,True,True,True,True
183740,True,True,True,True
183766,False,False,False,False
183785,True,True,False,False
183844,True,True,False,True
183953,False,False,False,False
184052,False,False,False,False
184116,False,False,True,True
184123,True,False,False,False
184159,True,True,True,True
184190,True,True,True,True
184369,False,False,True,True
184371,False,True,True,True
184377,False,False,False,False
184396,False,False,False,False
184416,True,True,True,True
184431,True,True,True,False
184477,False,False,False,False
184583,True,True,True,True
184589,False,False,False,False
184610,False,False,False,False
184621,False,False,True,True
184642,True,True,True,True
184654,True,True,True,True
184667,False,False,False,False
184672,True,True,True,True
184684,False,False,False,False
184697,True,True,True,True
184705,False,False,False,False
184751,True,True,True,True
184806,False,False,False,False
184820,False,False,False,False
184822,False,False,False,False
184828,False,True,False,True
184834,False,True,True,True
184858,True,True,True,True
184877,False,False,True,True
184916,True,True,True,True
184972,False,False,False,False
184994,False,False,False,False
185006,True,True,True,True
185041,False,False,False,True
185070,False,False,False,False
185153,False,True,True,True
185158,False,False,False,False
185160,True,True,True,True
185166,True,True,True,True
185168,False,False,False,False
185177,False,True,True,True
185221,False,False,False,False
185247,False,False,False,False
185262,False,False,False,False
185487,True,True,True,True
185502,True,True,True,True
185514,False,False,False,False
185519,False,False,False,True
185545,True,True,True,True
185559,False,False,False,False
185579,True,True,True,True
185614,False,False,False,False
185698,False,False,False,False
185777,False,False,False,False
185830,False,True,True,True
185834,False,False,False,False
185844,False,False,False,False
185862,True,True,True,True
185865,False,True,False,False
185884,False,False,False,False
185902,False,False,False,False
185904,False,False,False,False
185961,False,False,False,False
185983,False,True,True,True
186056,False,False,False,True
186109,False,False,False,False
186125,False,False,False,True
186130,False,True,False,True
186155,True,True,True,True
186177,True,True,True,True
186226,True,True,True,True
186227,False,False,True,True
186246,True,True,True,True
186266,True,True,False,False
186342,False,True,True,True
186427,False,False,False,False
186526,False,False,False,False
186563,False,False,True,False
186585,True,True,False,False
186587,False,True,True,True
186605,True,True,True,True
186606,False,False,False,False
186635,False,False,False,True
186646,True,True,True,True
186684,False,False,True,True
186711,True,True,True,True
186717,False,False,False,False
186816,False,True,False,False
186822,False,True,True,True
186950,True,True,True,True
186952,False,False,False,False
187001,False,False,False,False
187072,False,False,False,False
187095,False,False,False,False
187108,False,False,True,True
187125,False,False,False,False
187147,False,False,False,False
187153,False,False,False,False
187177,False,False,True,False
187199,False,False,False,True
187213,True,True,True,True
187230,False,False,False,False
187241,True,False,False,False
187282,False,False,False,False
187324,False,False,True,True
187349,False,False,False,False
187354,False,False,False,False
187396,True,True,True,True
187424,False,False,False,False
187427,False,True,False,True
187432,False,True,True,True
187447,True,True,True,True
187450,False,False,False,False
187464,False,False,False,False
187474,False,False,False,False
187502,True,False,True,True
187518,False,False,False,False
187541,False,False,False,True
187573,False,True,True,True
187592,True,True,True,True
187616,True,False,False,True
187624,False,False,False,False
187642,False,True,True,False
187647,False,False,True,True
187683,True,True,False,False
187801,False,False,False,False
187878,False,False,False,False
188009,False,False,False,False
188013,True,True,True,True
188040,True,True,True,True
188058,False,False,True,True
188062,True,True,True,True
188084,False,False,False,False
188130,True,False,True,True
188137,True,True,True,True
188148,True,True,True,True
188173,True,True,True,True
188181,False,False,True,True
188218,False,False,False,False
188287,True,True,False,False
188380,False,False,False,False
188414,True,True,True,True
188457,False,False,False,False
188478,False,False,False,False
188511,False,False,False,False
188529,True,True,True,True
188534,True,True,False,False
188546,False,True,True,True
188552,True,False,True,True
188587,False,False,True,False
188658,False,True,False,True
188693,False,False,False,False
188752,False,False,True,True
188787,True,True,True,True
188805,True,True,True,True
188815,False,True,True,True
188847,False,False,False,False
188854,False,False,False,True
188858,False,False,False,False
188866,False,False,False,True
188889,False,False,True,False
188935,True,True,True,True
188941,False,False,False,False
188945,True,True,True,True
188955,True,True,False,True
188965,False,False,False,False
188973,True,True,True,True
188992,False,True,True,True
189045,False,False,True,True
189052,False,False,False,False
189168,False,False,False,False
189182,True,False,False,False
189183,False,True,True,True
189187,False,False,False,False
189209,True,True,False,True
189212,False,False,False,False
189224,False,True,False,False
189244,False,False,True,True
189278,False,False,True,False
189280,True,True,True,True
189305,True,True,False,True
189345,False,False,False,False
189364,True,True,True,True
189365,True,True,True,True
189371,True,True,True,True
189376,False,False,False,False
189390,False,False,False,False
189565,False,False,False,False
189568,True,True,True,True
189588,False,True,True,False
189701,True,False,False,False
189744,True,True,True,True
189770,True,True,True,True
189773,True,True,True,True
189780,False,False,False,False
189789,False,True,True,True
189814,True,True,True,True
189839,True,True,True,True
189850,False,False,False,True
189855,False,False,True,True
189893,False,False,True,False
189903,False,True,True,True
189912,False,False,False,False
189922,False,False,False,False
189939,False,False,False,False
189951,False,False,False,False
189993,False,True,True,True
189997,True,True,True,True
190000,False,True,True,True
190002,False,False,False,True
190016,False,False,False,False
190035,True,True,True,True
190075,False,True,True,True
190097,False,False,False,False
190115,True,False,False,True
190156,False,False,False,False
190172,True,False,True,True
190229,False,False,False,False
190330,True,True,True,True
190334,False,False,True,True
190378,False,False,False,False
190387,False,False,False,False
190406,False,True,True,True
190469,True,False,False,False
190495,False,False,False,False
190521,False,False,False,False
190546,False,True,True,True
190580,True,True,True,True
190603,False,False,False,False
190645,True,False,True,True
190664,False,True,True,True
190705,False,False,True,True
190718,False,False,False,False
190788,False,False,False,False
190794,False,True,True,True
190805,False,True,True,True
190859,True,True,True,True
190914,False,False,False,False
190915,False,False,False,False
190921,False,False,False,False
190939,False,False,False,False
190942,False,False,False,True
190950,True,True,True,True
191054,False,False,False,False
191068,False,False,False,False
191095,False,False,False,False
191112,True,False,False,True
191265,False,False,False,False
191293,False,False,False,False
191314,False,False,False,False
191325,False,False,False,False
191327,False,False,False,True
191338,False,False,False,False
191363,False,False,False,False
191376,True,True,False,False
191382,False,True,True,True
191546,False,False,False,False
191561,False,True,True,True
191592,False,False,False,False
191632,False,False,False,False
191643,False,True,True,False
191648,True,True,True,True
191690,False,False,False,False
191724,False,False,False,False
191812,False,False,False,False
191854,False,False,False,False
191869,False,True,True,False
191874,False,False,False,False
191893,False,False,True,True
191945,True,True,True,True
191962,True,False,True,False
191972,False,False,False,False
191995,True,True,True,True
192001,True,True,True,True
192039,False,False,False,False
192079,False,False,False,False
192091,False,False,True,True
192114,False,False,False,False
192153,True,True,True,True
192164,True,True,True,True
192200,True,False,True,True
192221,False,True,False,True
192269,False,False,False,False
192295,False,True,True,False
192296,False,True,True,True
192298,False,True,True,False
192320,False,False,False,False
192327,False,False,False,False
192348,False,False,False,False
192394,False,False,True,True
192395,True,True,True,True
192406,False,True,True,False
192450,False,True,True,True
192457,True,True,True,True
192458,False,False,True,True
192513,False,True,True,True
192516,False,False,False,False
192531,True,False,False,False
192554,False,True,True,True
192560,True,True,True,True
192581,False,False,False,True
192616,False,False,False,False
192651,False,True,True,True
192656,False,False,False,True
192702,True,True,True,True
192710,False,False,False,False
192714,True,True,True,True
192798,False,False,False,True
192835,False,False,False,True
192838,True,True,True,True
192852,False,False,False,False
192858,False,False,False,False
192878,False,True,True,True
192953,False,False,False,False
192954,False,False,True,True
192982,False,True,True,True
192992,False,True,True,True
193031,False,False,False,True
193034,True,True,True,True
193112,False,False,False,False
193271,False,False,False,False
193293,False,True,True,True
193359,False,False,False,False
193380,False,False,False,False
193388,False,False,True,False
193401,False,False,False,False
193405,False,False,False,False
193506,False,False,False,False
193557,True,True,True,True
193578,False,True,True,True
193605,True,True,True,True
193617,False,True,True,True
193659,False,False,False,False
193673,False,False,False,False
193759,False,False,True,False
193798,False,True,True,True
193824,False,False,False,False
193875,True,True,True,True
193879,False,False,False,False
193880,False,False,False,False
193881,True,False,False,False
193901,False,True,True,True
193947,False,False,False,True
194045,True,True,True,True
194054,True,True,False,False
194089,True,True,True,True
194108,False,False,False,False
194153,False,True,True,True
194154,False,False,False,False
194158,False,False,True,True
194167,False,True,True,True
194194,True,True,True,True
194294,False,False,True,False
194299,True,True,True,True
194336,False,False,True,False
194346,False,False,False,True
194361,True,True,True,True
194362,True,True,True,True
194434,False,False,False,False
194448,True,True,True,True
194518,True,True,True,True
194527,True,False,False,True
194536,False,False,False,False
194538,True,True,True,True
194553,False,False,False,False
194595,False,True,False,False
194598,False,False,True,False
194620,False,False,False,False
194694,False,False,False,False
194700,False,True,True,True
194727,False,False,False,False
194738,False,False,False,False
194744,False,True,True,True
194756,False,False,False,False
194790,False,False,False,False
194851,False,False,False,False
194871,False,True,True,True
195079,False,True,False,False
195124,False,False,False,False
195333,True,True,True,True
195351,False,True,False,False
195437,False,False,False,False
195449,False,False,True,True
195506,False,False,False,False
195525,False,False,False,False
195531,False,True,True,True
195583,True,True,False,True
195649,True,True,True,True
195685,True,True,False,False
195696,False,False,False,False
195697,True,True,True,True
195772,True,False,True,True
195826,True,True,True,True
195837,False,True,True,True
195840,False,False,False,False
195852,False,False,False,True
195903,True,True,True,True
195917,True,True,True,True
195955,False,False,False,False
195974,True,False,False,False
195978,False,True,True,False
196002,False,True,True,True
196046,True,True,True,True
196082,False,True,True,True
196085,False,False,False,True
196098,True,True,True,True
196116,True,True,True,True
196119,False,True,True,True
196120,True,True,True,True
196156,True,True,True,True
196210,False,False,False,False
196294,False,False,False,False
196311,False,False,False,False
196313,False,False,False,False
196331,False,False,False,False
196413,False,True,True,True
196418,True,True,True,True
196453,False,False,False,False
196462,False,False,False,False
196490,False,True,False,True
196503,False,False,False,True
196518,True,True,True,True
196525,False,True,True,False
196545,False,True,True,True
196676,False,False,False,True
196688,False,False,False,True
196699,False,True,True,True
196715,False,False,False,False
196719,True,True,True,True
196789,False,False,False,False
196793,True,True,True,True
196815,False,False,False,False
196852,True,True,True,True
196912,True,True,True,True
196924,False,False,True,False
196944,False,False,True,True
196971,False,False,False,False
196990,False,False,False,True
197069,False,False,False,False
197193,False,True,False,False
197195,False,False,True,True
197199,False,True,True,True
197218,False,False,False,False
197219,False,False,False,False
197237,False,False,False,False
197251,False,True,False,True
197257,True,True,True,True
197265,True,False,False,True
197305,False,True,True,True
197307,False,True,True,True
197324,True,False,False,False
197351,False,False,False,False
197503,False,False,False,False
197525,False,False,False,False
197568,False,False,False,False
197570,True,True,True,True
197577,False,True,True,False
197583,True,True,True,True
197584,True,True,True,True
197599,True,True,True,True
197600,False,False,False,False
197624,True,True,True,True
197681,False,False,True,True
197739,False,False,False,False
197749,True,True,False,True
197780,True,True,True,True
197807,False,False,False,False
197851,False,True,False,False
197880,False,True,True,False
197886,False,False,True,False
197950,False,True,True,True
198001,True,True,True,True
198017,False,False,False,False
198027,False,False,False,False
198068,True,True,True,True
198120,False,False,False,False
198154,False,False,False,False
198352,True,True,True,True
198363,True,True,False,True
198396,False,False,True,True
198404,False,False,False,True
198423,True,False,False,True
198436,False,False,False,False
198437,True,False,True,True
198441,False,True,True,True
198464,False,False,False,False
198537,True,True,True,True
198546,True,True,True,True
198563,True,True,True,True
198604,False,True,False,True
198607,False,False,False,False
198610,False,False,False,False
198611,False,False,False,False
198658,False,False,False,False
198717,False,True,False,False
198733,False,False,False,False
198735,False,True,True,True
198751,False,False,False,False
198752,True,False,False,False
198761,True,True,True,True
198764,False,True,True,True
198785,True,True,True,True
198788,False,False,False,False
198796,False,False,True,True
198923,False,True,False,False
198936,False,True,True,True
198975,True,True,True,True
199047,False,False,False,False
199050,True,True,True,True
199072,True,True,True,True
199188,True,True,True,False
199318,True,True,True,True
199358,True,True,True,True
199387,False,False,True,False
199404,False,False,False,False
199408,True,True,True,True
199432,False,True,True,True
199449,True,True,True,True
199469,True,True,True,True
199484,True,True,True,True
199492,False,True,False,False
199539,False,True,False,True
199572,True,True,True,True
199610,False,True,True,True
199671,False,False,False,False
199695,False,True,True,True
199739,False,False,False,True
199819,True,False,True,True
199835,False,False,False,False
199841,False,False,False,False
199876,True,True,True,True
199908,True,True,True,True
199930,False,False,False,False
199940,False,False,False,True
199951,False,False,False,True
199952,False,False,False,True
199960,False,False,True,False
200003,True,True,True,True
200024,False,False,False,False
200056,False,False,False,True
200109,False,False,False,False
200133,False,False,False,False
200195,True,True,True,True
200200,False,True,True,True
200206,False,False,False,False
200250,False,False,False,False
200284,True,True,True,True
200305,False,True,True,True
200320,True,True,True,True
200471,True,True,True,True
200500,False,False,False,False
200597,False,False,True,False
200618,False,False,False,True
200653,True,True,True,True
200710,False,True,True,False
200728,False,False,True,True
200764,False,False,False,False
200775,True,True,True,False
200782,False,True,True,True
200788,False,False,False,False
200896,True,True,True,True
200946,False,True,True,True
200952,False,False,False,False
201004,False,False,False,False
201030,True,True,True,True
201032,True,True,True,True
201069,False,False,False,False
201074,True,True,True,True
201076,True,True,False,False
201111,False,True,False,False
201151,False,False,False,True
201188,True,True,False,True
201192,False,False,False,False
201236,False,False,False,False
201326,True,True,True,True
201342,True,True,True,True
201389,False,True,True,False
201409,True,True,True,True
201417,False,False,False,False
201431,False,False,False,True
201452,True,True,True,True
201496,False,False,False,True
201519,False,False,False,False
201561,True,True,True,False
201564,False,False,False,False
201628,False,False,False,False
201659,False,False,False,False
201662,False,False,False,False
201686,False,True,False,False
201726,False,False,False,True
201727,False,False,False,False
201732,False,False,False,False
201738,False,False,False,False
201765,True,True,True,True
201859,False,False,False,False
201897,True,False,False,False
201939,False,False,True,True
202067,True,True,True,True
202076,False,True,True,True
202112,False,False,True,False
202143,False,False,False,True
202171,True,True,True,False
202201,False,False,False,False
202275,False,False,False,False
202307,False,False,True,True
202364,True,True,True,True
202402,False,True,False,True
202470,False,True,True,True
202499,False,False,False,False
202522,True,True,True,False
202548,True,True,True,True
202656,True,True,False,True
202657,False,False,False,False
202772,False,False,False,False
202782,False,False,False,False
202832,True,True,True,True
202855,False,False,False,False
202861,True,True,False,False
202865,True,True,True,True
202913,False,False,False,False
202918,False,False,True,False
202926,True,True,True,True
202990,False,False,False,False
202991,False,False,False,True
203034,False,False,False,False
203054,False,False,False,False
203119,False,False,True,True
203128,False,False,False,False
203132,False,False,False,True
203138,False,False,True,True
203142,True,True,True,True
203160,False,True,True,True
203178,True,True,True,True
203179,False,False,False,True
203214,True,True,True,True
203273,False,True,False,True
203275,True,False,False,True
203304,False,False,True,False
203312,True,True,False,True
203336,True,False,False,False
203371,False,True,True,True
203372,True,True,True,True
203416,False,False,True,True
203438,False,False,False,False
203478,True,True,True,True
203479,False,False,True,False
203492,False,True,True,True
203497,False,False,False,False
203509,False,False,True,True
203511,False,False,False,False
203611,True,True,True,True
203655,False,True,True,False
203687,True,True,True,True
203705,False,True,True,True
203765,False,False,False,False
203847,True,True,True,True
203849,False,False,False,False
203865,False,True,True,True
203920,True,True,True,True
203937,False,False,False,False
203975,False,False,False,False
203989,False,False,True,True
204020,False,True,True,True
204036,False,True,True,True
204041,True,True,True,True
204044,False,True,False,True
204052,False,False,False,False
204059,False,True,True,True
204067,True,True,True,True
204074,False,False,False,False
204091,True,True,True,True
204098,True,True,True,False
204138,False,False,False,True
204217,False,False,False,True
204219,False,False,False,True
204225,False,False,False,True
204241,False,False,False,False
204256,False,True,True,False
204380,False,False,False,False
204407,False,False,False,False
204431,True,True,True,True
204463,True,True,True,True
204481,False,False,False,False
204489,False,False,False,False
204502,True,True,True,True
204525,False,False,False,True
204529,False,False,False,False
204549,False,False,True,True
204661,False,False,False,False
204700,False,False,False,False
204726,False,False,False,False
204732,False,False,False,False
204735,False,False,False,False
204777,True,True,True,False
204804,False,False,False,False
204821,True,True,True,True
204825,False,True,False,False
204837,False,False,False,False
204863,False,False,False,False
204887,True,True,True,True
204938,True,True,True,True
204940,True,True,True,True
204962,False,True,False,False
204969,False,False,False,True
204979,False,False,False,False
204981,False,False,False,False
204987,False,False,False,False
205007,True,True,True,True
205035,False,True,True,True
205047,False,False,False,False
205059,True,False,False,True
205101,False,False,False,False
205108,False,False,False,False
205114,True,False,True,True
205157,True,True,True,False
205223,True,True,True,True
205232,False,False,False,False
205247,True,True,True,True
205250,False,False,True,False
205258,True,True,True,True
205270,True,True,False,True
205280,True,True,True,True
205283,False,True,True,True
205297,True,True,True,True
205299,False,False,False,True
205308,False,False,False,False
205313,False,False,False,False
205344,False,False,False,False
205370,False,False,False,False
205424,False,False,False,False
205435,False,False,False,False
205443,False,False,True,False
205477,False,True,True,True
205513,False,False,False,True
205571,False,True,True,True
205585,True,True,True,True
205614,False,True,True,True
205620,False,True,False,False
205625,True,True,True,True
205631,False,True,True,True
205650,True,True,True,True
205676,False,False,False,False
205677,True,True,True,True
205707,False,False,False,False
205762,False,False,True,True
205846,False,True,True,True
205848,False,False,False,False
206066,False,False,False,False
206102,False,False,False,False
206107,False,False,False,False
206121,True,True,True,True
206247,True,True,True,True
206255,True,False,False,False
206268,False,False,False,True
206395,False,False,False,False
206400,False,False,False,True
206405,False,True,True,False
206413,False,False,False,False
206415,False,False,False,False
206435,True,True,True,True
206463,False,True,True,True
206489,False,False,False,False
206530,False,True,True,True
206539,False,False,False,False
206542,False,True,True,True
206583,False,False,False,False
206584,False,False,False,False
206620,False,False,False,False
206684,False,False,False,False
206701,True,True,True,True
206749,False,False,False,False
206751,False,False,False,True
206757,False,True,False,False
206784,False,False,False,False
206793,False,False,False,False
206806,True,False,False,True
206809,True,True,True,True
206871,False,False,False,False
206890,False,False,False,False
206926,False,False,True,True
206932,False,True,True,True
206956,True,False,True,True
207010,False,True,False,False
207026,True,True,True,True
207027,False,False,False,False
207048,False,True,True,True
207072,False,True,True,True
207083,False,False,False,True
207093,True,True,True,False
207094,False,True,True,True
207219,True,True,True,True
207223,False,False,False,True
207225,False,False,False,False
207231,False,False,False,False
207275,False,False,False,True
207331,False,False,False,False
207354,False,True,True,False
207454,False,False,False,False
207543,False,False,False,True
207595,True,True,True,True
207597,False,True,True,True
207668,False,False,False,True
207670,False,True,True,True
207733,True,True,True,True
207853,False,False,True,True
207932,True,True,False,False
208000,False,False,False,True
208012,False,False,False,False
208024,False,False,False,False
208043,False,False,True,True
208086,False,True,False,True
208145,False,True,True,True
208163,True,True,True,True
208172,False,True,False,False
208206,True,False,True,False
208220,False,False,False,True
208240,True,True,True,True
208347,False,False,False,False
208365,False,False,True,False
208381,False,False,False,False
208386,False,False,False,False
208396,False,True,False,True
208413,False,False,False,False
208450,False,False,True,True
208479,False,False,False,False
208517,False,False,False,False
208543,True,False,False,True
208623,False,False,False,True
208663,True,True,True,True
208669,True,False,False,False
208712,False,False,True,True
208731,True,True,True,True
208752,False,False,False,True
208754,False,False,False,False
208761,False,False,False,False
208773,False,True,False,False
208779,False,False,False,False
208782,True,True,True,True
208820,False,False,False,False
208821,False,False,False,False
208830,True,True,True,True
208886,False,False,False,False
208907,False,True,True,True
208910,True,True,True,True
208913,True,True,True,True
208945,False,False,False,False
208956,False,True,False,False
209007,False,False,False,False
209012,False,False,False,False
209048,False,False,False,False
209106,False,False,True,True
209126,False,False,False,False
209145,False,False,False,True
209166,False,True,True,True
209191,True,True,True,True
209253,False,False,False,False
209290,True,False,True,True
209304,False,False,False,False
209320,True,True,True,True
209353,True,True,True,True
209387,True,True,True,True
209428,False,False,False,False
209534,True,True,False,True
209537,False,False,False,False
209574,False,True,True,False
209603,False,False,False,False
209610,False,False,False,False
209654,False,True,False,False
209701,False,True,True,True
209718,False,True,False,False
209785,False,True,True,True
209802,False,False,False,False
209809,False,False,False,False
209835,False,True,False,True
209856,False,False,False,False
209875,True,True,True,True
209901,False,True,True,True
209904,False,False,False,False
209989,False,False,False,False
210012,False,False,False,False
210052,False,False,True,True
210065,False,False,False,False
210077,False,False,False,False
210134,True,True,True,True
210267,False,False,False,False
210271,False,False,False,False
210333,True,False,True,True
210346,True,True,True,True
210363,False,False,False,False
210395,False,False,False,True
210404,False,False,False,False
210442,True,True,True,True
210450,True,True,True,True
210451,False,False,False,False
210471,False,False,False,True
210642,True,True,True,True
210729,True,True,False,False
210749,False,False,False,True
210751,False,False,False,False
210782,False,False,False,False
210791,False,False,False,False
210810,True,True,True,True
210812,False,False,False,False
210839,False,False,True,True
210846,False,False,True,True
210847,True,True,False,True
210920,False,False,False,False
210932,False,False,True,True
210956,False,False,False,False
210973,False,False,False,False
210980,False,False,False,False
210983,False,False,False,False
211048,False,False,False,False
211079,True,True,True,True
211107,False,False,False,False
211108,True,False,False,False
211138,False,False,False,False
211163,False,False,False,False
211192,False,False,False,False
211198,False,True,True,True
211203,False,False,True,True
211216,False,False,False,False
211221,False,True,True,True
211255,True,True,False,True
211272,False,False,False,False
211281,False,True,True,True
211302,False,True,True,True
211312,True,True,True,True
211322,True,True,True,False
211327,False,False,True,True
211388,False,False,False,False
211402,True,True,True,True
211420,False,True,True,True
211433,False,False,True,True
211478,False,False,True,True
211527,False,False,True,False
211560,True,True,True,True
211631,False,False,True,False
211677,False,True,True,False
211703,True,False,False,False
211707,False,True,False,True
211725,False,False,False,False
211756,False,False,True,False
211760,False,True,True,True
211771,False,False,True,False
211788,True,True,True,True
211806,True,True,True,True
211819,False,False,False,False
211843,False,False,False,False
211844,False,False,False,False
211863,True,True,True,True
211913,False,False,True,False
211948,True,False,True,False
212025,False,True,False,False
212027,True,True,True,True
212077,True,True,True,True
212088,True,True,True,True
212091,False,False,False,False
212095,True,True,True,True
212112,False,False,False,True
212187,True,True,True,True
212227,False,False,False,False
212267,True,True,True,True
212276,False,False,False,True
212311,False,False,False,True
212321,False,False,False,False
212326,False,True,False,True
212351,True,True,True,True
212380,False,False,False,True
212382,False,True,False,True
212401,True,True,True,True
212421,True,True,True,True
212479,True,True,True,True
212514,True,True,False,True
212532,False,True,True,True
212533,True,False,False,True
212574,False,False,False,False
212591,True,True,True,True
212647,True,True,True,True
212672,False,False,False,False
212685,False,False,False,False
212695,True,True,True,True
212704,False,False,False,False
212714,True,True,True,False
212756,False,True,True,True
212757,False,False,False,True
212781,True,True,True,True
212787,False,False,False,False
212817,False,False,True,True
212834,True,False,False,False
212864,True,True,True,False
212903,True,True,True,True
212920,False,True,True,True
213003,False,False,False,False
213008,False,False,False,True
213009,False,True,True,False
213034,False,True,True,True
213048,False,True,True,True
213077,False,False,False,False
213095,False,False,True,True
213162,True,True,True,True
213357,True,True,True,True
213405,False,False,True,False
213421,False,False,False,False
213429,True,False,False,True
213436,True,True,True,True
213453,False,False,False,False
213457,False,False,False,False
213525,True,True,False,True
213529,True,True,False,True
213530,False,False,False,False
213537,True,True,True,True
213552,False,True,True,True
213577,False,False,False,False
213579,False,False,False,False
213592,True,True,True,True
213596,True,True,True,True
213602,False,False,True,False
213642,False,False,False,False
213649,False,False,False,False
213740,False,False,False,False
213753,False,False,False,False
213780,False,False,False,False
213799,False,True,True,True
213826,False,False,False,True
213827,True,True,False,True
213863,False,False,False,False
213881,False,True,False,True
213951,True,True,True,True
213970,False,False,False,False
214024,False,False,False,False
214124,True,True,True,True
214184,True,True,False,True
214204,False,False,False,False
214373,True,True,True,True
214388,True,True,True,True
214395,False,True,False,True
214421,False,False,False,False
214481,False,False,False,False
214489,False,True,True,True
214527,False,False,False,False
214634,False,False,False,False
214658,True,True,True,True
214699,True,True,True,True
214733,False,False,False,False
214759,True,True,True,True
214764,True,True,True,True
214777,True,True,True,True
214782,True,True,True,True
214856,False,False,False,False
214937,True,False,False,True
214955,False,False,False,False
214958,False,False,False,False
214961,False,True,True,True
214975,False,False,False,False
215002,False,False,False,True
215012,True,False,False,False
215023,False,False,False,False
215255,False,False,False,False
215298,False,False,False,False
215341,True,True,False,True
215376,True,True,False,True
215380,False,False,False,True
215428,True,False,False,False
215467,True,True,True,True
215523,False,True,True,True
215555,False,True,True,True
215564,False,True,False,True
215569,False,False,False,False
215577,False,True,True,False
215616,False,False,False,False
215738,False,False,False,True
215812,True,True,True,True
215819,False,False,False,False
215844,False,False,False,False
215878,False,False,False,False
215881,False,False,False,False
215884,False,False,False,False
215906,True,True,True,True
216015,False,False,True,True
216150,False,False,True,True
216160,False,False,False,True
216161,True,False,False,True
216194,False,False,False,False
216235,False,True,True,True
216250,False,True,True,False
216319,True,True,True,True
216325,True,False,False,False
216327,True,False,True,True
216333,False,True,True,True
216371,True,True,True,True
216387,True,True,True,True
216391,False,True,True,True
216393,False,False,False,False
216398,False,False,False,False
216406,False,False,False,False
216432,True,False,False,False
216462,True,True,True,True
216468,False,False,False,True
216469,True,True,True,True
216524,False,False,False,False
216528,False,False,True,False
216556,False,True,True,True
216581,False,False,False,False
216637,False,False,True,True
216649,True,True,True,True
216674,False,False,False,True
216685,False,False,True,True
216733,False,False,True,False
216778,True,True,True,True
216789,True,True,True,True
216802,False,False,False,False
216805,False,True,True,True
216822,True,True,True,True
216837,False,False,True,True
216851,False,False,False,False
216924,True,True,True,True
216930,False,False,False,False
216954,False,False,True,False
217007,True,True,True,True
217141,False,False,False,True
217151,True,True,True,True
217238,False,False,False,False
217268,False,False,False,False
217269,True,False,False,False
217289,False,False,False,False
217322,True,True,True,True
217323,True,True,True,True
217397,False,False,False,False
217449,True,True,False,True
217468,False,False,False,False
217471,False,False,False,True
217561,False,True,False,True
217571,True,True,True,True
217583,True,True,True,True
217623,False,False,True,False
217710,False,False,True,True
217769,True,True,True,True
217799,True,True,True,True
217856,True,True,True,True
217886,False,False,False,False
217895,True,True,True,True
217923,False,False,False,False
217929,False,False,False,False
218035,True,True,True,True
218057,False,False,False,True
218060,True,True,True,True
218116,False,False,False,False
218119,False,False,False,False
218147,False,False,False,False
218179,True,True,True,True
218205,False,False,False,True
218234,True,True,True,True
218284,True,True,True,True
218399,False,True,True,True
218404,False,False,True,False
218470,False,False,False,False
218482,False,False,False,False
218494,False,False,False,False
218539,False,True,False,True
218547,False,True,True,True
218574,False,False,True,True
218589,False,False,False,False
218608,False,False,False,False
218635,False,True,True,True
218648,False,True,True,True
218715,False,True,True,True
218759,False,False,False,False
218830,False,False,False,False
218832,False,False,False,False
218844,False,True,True,False
218846,True,True,True,True
218853,True,True,True,True
218855,False,False,False,False
218862,False,False,True,True
218868,False,False,False,False
218875,True,True,False,True
218956,False,True,True,True
219059,False,True,True,True
219063,False,False,False,False
219118,False,False,False,True
219141,False,False,False,False
219170,False,False,True,True
219173,True,True,True,True
219216,True,True,True,True
219217,True,True,False,True
219261,False,False,False,False
219269,False,False,False,False
219291,True,False,True,True
219357,False,False,True,False
219379,False,False,False,False
219409,False,False,False,False
219462,False,True,True,True
219474,False,False,True,True
219484,True,True,True,True
219492,False,False,True,False
219546,False,False,False,False
219565,False,False,False,False
219622,True,True,True,False
219647,False,False,False,True
219663,True,True,True,True
219687,False,False,False,False
219754,False,False,False,True
219762,False,False,False,False
219798,False,True,True,True
219802,True,False,True,True
219820,False,False,False,False
219832,False,True,False,True
219904,False,True,True,True
219909,False,False,False,False
219928,False,True,True,True
219966,True,True,True,False
220042,False,False,False,False
220045,True,False,False,True
220096,False,False,False,True
220109,False,False,False,False
220111,False,False,False,False
220216,False,False,False,False
220226,False,True,True,True
220234,False,False,False,False
220239,False,False,False,False
220289,False,False,False,False
220321,False,False,False,False
220348,False,False,False,True
220355,False,False,False,False
220367,False,False,False,False
220376,True,True,True,True
220377,False,True,True,True
220390,False,True,False,True
220399,True,False,False,True
220419,False,False,True,True
220464,False,False,False,True
220486,False,False,False,False
220518,False,False,True,True
220529,False,False,False,False
220605,True,True,True,True
220665,False,True,True,True
220690,False,False,False,False
220699,True,True,False,False
220736,False,True,False,False
220751,False,True,True,True
220793,False,False,False,False
220894,False,False,False,False
220896,False,True,True,True
220942,False,False,False,False
220948,True,True,True,True
220991,False,False,False,False
221000,False,False,False,True
221036,True,True,True,True
221095,False,False,False,False
221241,True,True,True,True
221243,False,True,True,True
221293,False,False,False,False
221328,False,False,False,False
221346,False,False,True,True
221379,True,True,True,True
221420,False,False,False,True
221433,False,True,True,True
221441,False,False,False,False
221505,True,True,True,True
221513,True,True,True,True
221524,False,True,True,True
221543,False,True,True,True
221554,False,False,False,False
221615,True,True,True,True
221616,False,False,False,True
221681,False,True,True,True
221725,True,True,True,True
221771,False,False,True,True
221785,True,False,True,True
221794,True,False,True,True
221856,False,False,False,False
221869,False,False,False,False
221893,False,False,True,True
221909,False,False,True,True
221932,False,False,False,False
221966,True,True,True,True
221973,False,False,False,False
222029,True,True,True,True
222037,False,False,False,False
222137,False,True,False,False
222140,False,False,False,False
222180,True,True,True,True
222266,False,False,False,False
222322,False,False,False,False
222346,True,True,True,True
222351,True,True,True,True
222361,True,True,True,True
222367,False,True,False,False
222395,False,False,False,False
222426,False,True,True,True
222430,False,False,False,False
222463,False,True,False,True
222492,True,True,True,True
222513,False,True,True,True
222527,True,True,True,True
222572,False,False,False,False
222588,False,False,False,True
222639,False,True,True,False
222681,False,False,False,False
222688,False,True,True,True
222695,False,False,True,False
222711,False,False,False,False
222828,False,False,False,False
222842,False,False,False,False
222908,False,False,False,False
222928,True,True,True,True
222961,False,False,False,False
222970,False,False,False,False
222987,True,True,True,True
223006,False,False,False,False
223030,False,True,True,True
223035,True,False,True,True
223068,False,True,True,False
223154,True,False,False,True
223283,False,False,True,False
223289,False,True,False,True
223295,False,False,False,False
223327,False,False,False,False
223348,False,True,True,False
223458,True,True,True,True
223461,False,False,False,False
223474,False,False,False,False
223526,False,True,True,True
223560,True,True,True,True
223587,False,False,False,False
223603,False,False,False,True
223648,False,False,False,False
223650,True,True,True,True
223664,False,True,True,True
223754,False,False,True,True
223833,False,False,True,True
223870,False,False,False,True
223874,False,False,False,False
223930,True,True,False,True
223984,False,False,False,False
224000,False,True,True,False
224017,False,False,False,False
224052,False,False,False,False
224111,False,False,False,False
224134,False,False,False,False
224138,False,True,False,True
224166,False,False,False,True
224187,True,True,True,True
224190,False,True,False,False
224197,False,True,True,True
224199,False,True,True,True
224241,False,False,False,False
224246,False,True,True,True
224272,False,False,True,True
224388,False,True,True,True
224419,False,False,False,True
224426,False,True,False,True
224468,True,True,True,True
224477,True,True,True,True
224509,False,False,False,True
224592,True,True,True,True
224610,False,False,False,True
224677,False,False,False,True
224693,True,True,True,True
224702,True,True,True,True
224734,False,False,True,True
224757,False,False,True,True
224772,True,True,True,False
224790,True,True,False,True
224794,False,True,True,True
224821,True,True,False,True
224850,False,True,True,True
224894,False,True,True,True
224905,False,False,True,True
224926,True,True,True,True
224928,False,False,True,True
224975,True,True,True,True
224989,False,False,False,False
224991,True,False,False,True
225036,True,True,True,True
225040,True,True,True,True
225044,False,True,False,False
225088,False,False,False,False
225104,True,True,True,True
225160,True,True,True,True
225175,False,False,False,False
225230,True,True,True,True
225281,False,False,False,False
225372,False,False,False,False
225479,False,True,True,True
225517,False,False,False,False
225530,True,True,False,True
225567,False,True,True,True
225599,True,True,True,True
225608,False,False,False,False
225700,False,False,False,True
225787,True,True,True,True
225878,False,True,True,True
225916,True,True,True,True
225923,False,False,False,False
225959,True,False,False,True
225963,False,False,False,False
225987,False,False,False,False
226034,True,True,True,True
226046,False,False,False,False
226075,False,False,False,True
226097,False,False,False,False
226102,False,False,True,True
226173,False,True,True,True
226267,False,False,True,False
226329,False,False,False,False
226343,False,False,True,True
226346,False,False,False,False
226348,True,False,False,False
226357,False,False,False,False
226383,True,True,True,True
226404,False,False,True,True
226412,True,False,False,False
226442,False,False,False,False
226460,False,True,False,True
226486,True,True,True,True
226502,False,False,False,False
226505,False,False,False,False
226517,False,True,True,True
226528,True,False,False,False
226536,True,True,True,True
226545,True,True,True,True
226579,True,True,True,True
226588,True,True,True,True
226597,False,True,True,True
226613,True,True,True,True
226654,True,True,True,True
226677,True,True,True,True
226681,False,False,False,False
226708,True,True,True,True
226734,False,True,True,True
226747,True,True,True,True
226812,True,True,True,True
226817,False,False,False,True
226821,True,True,False,True
226825,False,True,False,False
226872,True,True,True,True
226961,True,True,True,True
226966,False,False,False,False
226974,True,True,True,True
227000,False,False,True,True
227031,False,False,True,True
227073,False,False,False,False
227093,True,True,True,True
227117,False,False,False,False
227127,False,False,False,True
227137,False,False,True,False
227207,False,False,False,True
227222,False,False,False,False
227231,True,False,False,False
227242,False,False,False,False
227325,False,True,True,True
227326,False,False,False,False
227359,False,False,False,False
227422,True,True,False,True
227441,False,False,False,False
227451,True,True,True,True
227456,False,False,True,True
227517,True,True,True,True
227550,False,False,False,True
227577,False,False,True,True
227612,False,True,False,False
227675,False,False,False,False
227713,False,False,False,False
227730,False,False,False,True
227732,False,True,False,False
227742,False,True,True,True
227813,False,False,False,False
227845,False,False,False,True
227851,False,False,False,False
227852,False,False,True,True
227869,True,True,True,True
227879,False,False,False,False
227882,False,False,False,False
227884,True,False,True,True
227903,True,True,True,True
227935,False,True,True,True
227952,False,False,False,False
227959,False,False,False,False
227986,True,True,True,True
228000,False,True,False,False
228029,False,False,True,True
228042,False,False,True,True
228091,False,False,False,False
228197,False,False,False,False
228215,False,True,True,True
228246,True,False,False,True
228260,True,False,True,False
228261,False,False,False,False
228293,True,True,True,True
228340,False,False,False,False
228350,False,False,False,False
228392,False,False,False,True
228398,False,False,False,False
228418,False,False,False,False
228477,True,True,True,True
228478,False,False,False,False
228565,True,True,True,True
228647,False,False,False,False
228659,False,False,True,False
228669,False,False,False,False
228708,False,False,True,False
228732,False,False,False,False
228744,True,True,True,True
228825,False,True,True,True
228974,False,False,False,True
229020,True,False,True,True
229024,False,True,True,True
229035,False,True,True,True
229058,False,False,False,True
229114,True,True,True,True
229132,False,False,False,False
229134,True,True,True,True
229139,False,False,False,True
229158,False,True,True,False
229159,True,True,True,True
229172,False,True,False,True
229191,False,False,True,False
229208,True,True,True,True
229233,False,False,False,False
229241,False,False,False,False
229295,False,False,False,True
229350,True,True,True,True
229398,True,False,False,True
229468,False,False,True,True
229511,False,False,False,False
229529,False,True,True,True
229530,False,False,False,False
229622,False,False,False,True
229633,False,False,False,False
229643,True,True,True,False
229713,False,False,True,False
229724,True,True,True,True
229740,False,False,False,False
229779,True,True,True,True
229787,False,False,False,False
229821,True,True,True,True
229825,False,False,False,False
229936,True,True,True,True
229946,True,True,True,True
229949,False,False,False,False
229969,False,False,False,False
229976,True,True,False,True
230005,True,True,True,True
230007,False,False,False,False
230017,False,False,True,False
230096,False,True,False,True
230109,False,False,False,False
230127,True,False,False,False
230133,False,True,True,True
230135,False,True,True,True
230141,False,False,False,False
230150,False,True,True,True
230160,True,True,True,True
230175,True,False,False,True
230210,False,False,False,False
230214,False,False,True,True
230236,False,False,True,True
230296,True,True,True,True
230321,True,True,True,True
230334,False,False,False,False
230340,False,False,False,False
230360,True,False,False,True
230484,True,True,True,True
230503,True,True,True,True
230597,False,True,True,True
230610,True,True,True,True
230616,True,True,True,True
230619,True,True,True,True
230646,True,False,False,True
230650,True,False,False,True
230661,True,True,True,False
230665,False,False,False,False
230673,False,False,False,False
230700,False,True,False,True
230712,False,False,False,False
230769,False,False,True,True
230889,False,False,False,False
230892,True,True,True,True
230893,False,False,True,False
230898,True,True,True,True
230900,False,False,False,False
230916,False,False,False,True
230931,False,False,False,False
230932,False,False,False,True
230936,False,False,True,False
230987,False,True,True,True
230991,False,False,False,True
230995,False,False,False,False
230996,False,False,False,False
231017,True,True,True,False
231019,False,False,False,False
231047,False,False,False,False
231052,False,False,False,True
231071,True,True,True,True
231109,False,False,False,False
231131,False,False,False,True
231163,True,True,True,True
231194,False,False,False,False
231253,False,False,False,False
231282,True,True,True,True
231322,False,False,False,False
231349,True,False,True,True
231378,False,False,False,False
231387,False,False,False,False
231422,True,True,True,True
231521,False,False,False,False
231609,False,False,False,True
231617,True,True,True,True
231628,True,True,True,True
231645,False,False,True,True
231659,True,True,True,True
231705,True,True,True,True
231712,False,False,False,False
231748,False,True,False,True
231786,True,False,True,False
231851,False,True,True,True
231868,False,False,False,False
231907,False,False,False,False
231945,False,False,True,True
231978,False,False,False,False
232025,True,True,True,True
232051,True,True,True,True
232143,False,False,False,False
232160,False,False,True,True
232185,False,False,False,False
232231,False,True,True,True
232250,False,False,False,True
232262,False,False,True,True
232275,False,False,False,False
232302,False,True,False,True
232311,False,False,False,False
232338,False,True,False,False
232344,False,False,True,True
232357,False,False,False,False
232376,False,False,True,True
232377,False,False,False,True
232383,False,True,False,False
232417,False,False,True,True
232455,False,True,True,True
232483,False,True,True,True
232488,True,False,False,False
232551,True,True,True,True
232598,False,False,False,False
232612,True,True,True,True
232617,False,True,True,True
232625,True,True,False,True
232648,False,False,True,False
232675,False,True,True,True
232689,False,False,False,False
232717,False,False,False,False
232720,False,False,False,False
232781,False,False,True,True
232954,True,True,True,True
233007,False,False,True,False
233022,True,True,True,True
233124,False,True,True,True
233140,True,True,False,True
233164,True,True,True,True
233224,False,True,True,False
233272,True,True,True,True
233305,True,True,False,False
233348,True,True,True,True
233362,True,False,True,True
233434,False,False,True,False
233439,False,False,False,False
233453,True,True,True,True
233491,True,False,False,False
233528,False,False,False,False
233545,False,False,False,False
233558,True,True,True,True
233587,True,True,True,True
233617,False,False,False,False
233630,False,True,True,True
233642,False,False,False,False
233652,False,False,False,True
233703,False,False,False,False
233711,True,True,False,True
233744,False,True,True,False
233746,False,False,False,False
233804,True,True,True,True
233815,False,True,False,True
233833,True,True,True,True
233862,True,True,True,True
233863,False,False,False,False
233868,False,False,True,False
233878,False,False,False,False
233882,True,True,True,True
233888,False,False,True,False
233970,False,False,False,False
233975,True,False,True,True
233994,True,True,True,True
234023,True,True,True,True
234046,False,True,True,True
234124,False,False,False,True
234197,True,True,True,True
234210,False,True,True,True
234234,False,False,True,True
234236,False,False,False,False
234244,False,False,False,False
234277,False,False,False,False
234387,False,True,True,True
234391,True,True,True,True
234463,False,False,True,True
234470,False,False,False,False
234536,True,False,True,True
234555,False,False,False,False
234572,False,False,False,False
234614,False,False,False,True
234653,True,True,True,True
234655,True,True,True,True
234665,True,True,True,True
234671,False,False,False,False
234676,True,True,True,True
234679,False,False,False,False
234717,True,True,True,True
234745,True,True,True,True
234751,False,True,True,True
234781,False,False,False,False
234785,False,False,True,True
234889,False,False,False,False
234900,False,False,False,True
234916,False,False,False,False
234948,False,False,True,True
234967,True,True,True,True
234978,True,True,True,False
234986,False,False,False,False
235017,False,False,False,False
235031,False,True,True,True
235063,True,True,True,True
235069,False,False,False,False
235073,False,True,True,True
235081,False,False,False,False
235091,False,False,False,False
235147,False,False,False,True
235152,False,False,False,True
235187,False,True,False,True
235237,False,False,True,False
235242,True,True,True,True
235245,True,True,True,True
235276,False,True,False,False
235314,True,True,True,True
235319,True,True,True,True
235352,False,False,False,False
235409,True,True,True,True
235437,False,False,False,False
235446,False,False,True,True
235464,False,False,False,False
235468,False,False,False,False
235534,True,True,True,False
235699,True,True,True,True
235721,True,True,True,True
235744,False,False,False,False
235747,False,False,False,False
235759,True,True,True,True
235760,False,True,False,True
235795,False,False,True,False
235809,False,True,False,False
235843,False,False,False,False
235862,False,False,False,False
235864,False,True,True,True
235871,False,False,False,False
235905,True,True,False,True
235945,False,False,False,False
235949,False,False,False,False
235953,False,False,False,False
235987,True,True,True,True
236015,True,True,True,True
236031,True,True,True,True
236036,False,True,True,True
236052,False,False,False,False
236057,False,False,True,False
236060,False,True,True,True
236068,False,False,False,False
236074,True,True,True,True
236078,False,True,True,True
236125,False,False,False,False
236155,False,True,False,True
236177,False,False,True,True
236184,False,False,True,True
236245,True,True,True,True
236260,False,False,False,False
236262,False,True,True,True
236272,False,False,False,True
236316,False,True,False,False
236336,False,True,False,True
236375,False,True,False,True
236388,False,False,False,False
236397,True,True,True,False
236486,False,False,False,True
236516,False,False,False,True
236528,True,True,True,True
236530,False,False,False,False
236568,True,True,True,True
236596,True,True,True,True
236626,False,True,False,False
236661,True,False,False,True
236673,True,True,True,True
236674,True,True,False,True
236744,False,False,False,False
236767,True,True,True,True
236792,False,True,True,True
236866,False,True,True,False
236955,False,False,True,False
236961,False,False,False,False
236996,True,True,True,True
237034,True,True,True,False
237090,True,True,True,True
237111,False,False,True,True
237131,False,False,False,False
237192,False,False,False,False
237210,False,True,True,False
237215,True,True,True,True
237222,False,False,False,True
237277,False,False,False,False
237281,False,True,True,True
237286,False,True,False,True
237315,False,False,False,False
237324,True,False,False,False
237326,False,True,True,True
237355,False,False,False,False
237367,False,False,False,False
237385,False,False,False,False
237437,False,True,True,True
237495,True,True,True,True
237502,False,True,False,True
237568,False,False,False,False
237645,False,True,True,True
237735,True,True,True,True
237767,False,False,False,False
237781,False,True,False,False
237791,False,False,False,False
237831,True,False,False,False
237886,False,False,False,False
237944,False,False,False,True
237964,False,True,True,True
237988,True,True,True,True
238001,True,True,True,True
238004,True,True,True,True
238025,False,False,False,True
238048,False,False,False,False
238062,False,False,False,False
238125,False,False,False,False
238171,False,False,False,True
238196,True,True,True,True
238200,False,False,False,False
238212,True,True,True,True
238217,False,False,False,False
238228,False,False,False,False
238263,False,True,False,False
238286,False,False,True,True
238290,False,True,True,True
238304,False,False,False,False
238310,False,True,True,True
238316,False,False,False,False
238399,True,True,True,True
238404,True,True,True,True
238455,False,True,False,True
238488,False,True,False,False
238502,False,False,False,False
238816,False,False,False,False
238857,True,True,True,True
238860,False,False,True,True
238902,True,False,True,False
238989,True,True,True,True
239010,False,False,False,False
239013,False,False,False,False
239040,False,False,False,True
239120,False,True,False,False
239198,True,True,True,True
239243,False,False,True,True
239263,False,True,True,True
239307,True,True,True,True
239331,False,False,False,False
239338,True,True,True,True
239351,False,True,True,True
239395,False,False,False,False
239396,False,False,False,False
239400,True,True,True,True
239436,False,True,True,True
239448,True,True,True,False
239483,False,False,True,True
239492,True,True,True,False
239536,False,False,False,False
239559,True,True,True,True
239580,False,False,False,False
239591,False,False,True,True
239596,False,False,False,False
239657,True,True,True,True
239671,True,True,True,True
239676,False,False,False,False
239697,False,False,False,True
239736,False,False,True,False
239772,False,True,True,False
239801,True,True,True,True
239805,True,True,False,True
239808,False,False,False,False
239861,True,True,True,True
239884,False,False,True,True
239930,False,False,False,False
239975,True,True,False,False
239988,True,True,True,True
240046,False,False,False,False
240054,True,True,True,True
240062,False,True,False,True
240101,False,False,False,False
240102,True,True,True,True
240111,False,False,False,False
240137,True,False,True,True
240163,False,False,False,True
240196,True,True,True,True
240217,True,True,True,True
240227,True,False,True,True
240234,False,True,True,True
240243,True,True,True,True
240252,False,True,False,False
240340,True,True,True,True
240405,True,True,True,True
240407,True,True,True,True
240434,False,False,False,False
240455,False,False,False,False
240466,True,True,True,True
240490,True,False,False,False
240527,False,True,True,True
240605,False,False,True,True
240608,True,False,False,False
240618,True,False,False,False
240648,True,True,True,True
240691,False,False,False,False
240695,False,False,False,True
240755,True,True,True,True
240783,False,False,False,False
240784,False,False,False,False
240835,False,True,True,True
240841,False,True,False,True
240847,True,True,True,True
240867,True,False,True,True
240887,True,True,True,True
240915,False,False,False,False
241025,False,False,True,False
241058,False,False,False,False
241082,False,False,False,False
241161,False,False,False,False
241170,True,False,False,True
241178,True,True,False,True
241187,False,False,False,False
241236,False,False,True,True
241289,False,False,False,True
241294,False,False,False,True
241318,False,False,False,False
241369,True,True,True,True
241373,False,False,False,False
241396,False,False,False,False
241402,True,True,True,True
241421,False,False,False,True
241440,False,True,True,True
241458,False,False,False,False
241466,False,False,False,False
241490,False,False,False,False
241528,False,False,True,False
241530,True,True,True,True
241551,True,True,True,True
241599,False,False,False,True
241617,False,True,False,False
241623,True,True,True,True
241638,True,True,True,True
241720,False,False,False,True
241723,True,False,False,True
241747,False,False,False,False
241761,False,False,False,False
241779,True,True,True,True
241860,False,False,False,False
241880,True,True,True,True
241882,False,True,False,True
241911,False,False,False,False
241945,False,True,True,True
241971,True,True,True,True
241984,True,True,True,True
242001,True,True,True,True
242090,False,False,False,True
242103,False,True,False,False
242120,True,True,True,True
242138,False,False,False,False
242167,False,False,False,False
242193,False,True,True,True
242194,False,True,True,True
242202,True,False,True,True
242291,False,False,False,False
242350,True,True,True,True
242362,False,True,True,True
242365,False,False,False,False
242427,False,False,False,False
242467,False,False,True,False
242484,False,False,False,False
242529,False,False,False,False
242535,False,False,False,False
242543,False,False,False,False
242583,True,True,True,False
242611,False,False,False,False
242695,True,True,True,True
242731,False,False,False,False
242734,False,True,True,True
242762,False,False,False,False
242784,True,True,False,True
242832,True,True,True,True
242885,False,True,True,True
242900,False,False,False,False
242906,True,True,True,True
242907,True,True,True,True
242915,False,True,True,True
242931,False,False,False,False
242968,False,False,False,False
242998,False,False,True,False
243153,False,False,False,True
243205,False,True,True,False
243213,False,False,False,False
243283,True,True,True,True
243292,True,True,True,True
243304,True,True,True,True
243327,False,False,False,False
243333,False,False,False,False
243336,False,False,True,True
243384,True,True,False,True
243434,True,True,True,True
243443,False,False,False,True
243478,False,False,False,False
243504,False,False,False,False
243509,True,True,True,True
243600,False,False,False,False
243657,True,True,False,True
243699,True,True,True,True
243734,False,False,False,False
243823,False,False,False,True
243875,False,False,False,False
243909,True,True,True,True
243910,False,True,True,True
243938,False,False,False,False
243957,False,True,True,True
243964,False,False,False,True
243968,True,True,True,True
243980,False,False,False,False
243986,True,False,False,False
244014,False,False,False,False
244104,True,True,True,True
244122,False,False,False,False
244151,True,True,False,False
244157,True,True,True,True
244159,False,False,False,False
244197,True,True,True,True
244213,False,False,False,False
244227,False,False,False,False
244246,True,True,True,True
244284,True,True,True,True
244293,True,True,True,True
244326,False,True,True,True
244367,False,False,False,False
244428,False,True,True,True
244471,False,False,True,True
244476,True,True,False,True
244484,False,True,False,False
244504,False,False,True,False
244528,False,True,False,False
244540,False,False,False,False
244613,False,False,True,False
244635,False,False,True,True
244646,False,False,False,False
244659,False,False,False,False
244665,False,False,False,False
244671,True,True,True,True
244675,False,True,True,False
244715,False,True,False,False
244836,False,False,False,False
244857,True,True,False,True
244949,False,False,True,True
244983,False,True,True,False
244986,False,False,False,False
245062,True,True,True,True
245075,False,False,False,False
245202,True,True,True,True
245204,False,False,False,True
245272,True,True,True,True
245295,False,False,False,False
245304,False,True,True,True
245313,False,False,False,True
245336,False,False,False,False
245356,False,False,False,False
245371,True,True,True,True
245384,True,True,True,True
245411,True,False,True,True
245447,False,False,False,False
245451,False,False,True,True
245462,False,True,False,True
245483,False,False,False,False
245609,True,False,True,True
245638,False,False,True,True
245654,False,False,False,False
245683,False,False,False,False
245780,True,True,True,True
245817,True,True,True,True
245820,True,False,True,True
245835,False,False,False,False
245839,False,False,True,True
245842,False,False,False,False
245873,False,True,False,False
245874,False,False,False,False
245920,True,True,True,True
245946,False,False,False,False
245978,False,False,False,False
245997,True,True,True,True
246016,True,True,False,False
246032,True,True,True,True
246041,False,False,True,True
246053,False,False,False,True
246056,True,True,True,True
246074,False,False,False,False
246161,True,False,False,False
246181,False,True,True,True
246233,False,False,False,False
246270,False,True,False,True
246342,False,False,False,False
246345,False,False,False,False
246389,False,False,False,False
246411,False,False,True,True
246412,True,True,True,True
246423,False,False,False,False
246434,False,False,False,False
246456,True,True,True,True
246494,False,False,False,False
246549,True,False,False,False
246573,False,False,False,False
246587,False,False,False,False
246589,False,False,True,False
246590,False,False,True,False
246629,False,False,False,False
246677,False,False,False,False
246701,False,True,True,True
246729,False,False,False,True
246796,False,False,True,True
246831,False,False,True,False
246839,True,True,True,True
246852,False,True,False,False
246875,False,False,False,False
246932,False,False,False,False
246959,True,True,True,True
246980,False,False,True,True
247006,True,True,True,True
247052,False,True,True,True
247057,True,False,True,True
247068,False,False,False,True
247071,False,False,False,False
247126,False,True,False,False
247134,False,True,True,True
247136,False,True,False,True
247146,False,False,False,False
247166,True,True,True,True
247296,False,False,False,True
247333,False,False,False,False
247416,False,False,False,False
247428,False,True,True,True
247459,True,True,False,False
247474,True,True,True,True
247487,False,False,False,False
247521,False,False,False,True
247587,True,True,True,True
247597,False,False,False,False
247609,False,False,True,True
247692,False,False,False,False
247700,False,True,False,True
247703,True,True,True,True
247712,True,True,True,True
247718,False,False,True,False
247726,False,False,False,False
247786,False,False,False,False
247789,False,False,False,False
247840,False,False,False,False
247849,False,False,False,False
247858,True,True,True,True
247919,False,True,False,False
247951,True,False,False,False
247977,True,True,True,True
247979,False,False,False,False
248034,False,False,False,False
248052,False,False,False,False
248066,True,True,False,True
248069,True,True,True,True
248085,True,True,True,True
248118,False,False,False,False
248163,False,False,False,True
248167,False,False,False,True
248168,False,False,False,False
248169,True,True,True,True
248194,False,False,False,False
248203,False,True,True,True
248231,True,True,True,True
248268,True,True,True,True
248315,True,True,True,True
248363,True,True,True,True
248364,False,False,False,False
248402,False,False,False,False
248446,False,False,False,False
248478,False,False,False,False
248559,False,True,True,False
248564,False,False,False,False
248579,True,True,True,False
248603,False,False,False,False
248649,False,False,False,True
248678,True,True,True,True
248694,True,True,True,True
248745,False,False,False,True
248774,False,False,False,True
248786,False,False,False,False
248793,False,False,False,True
248830,False,False,True,True
248839,False,False,True,True
248856,False,False,False,False
248879,True,True,True,True
248910,True,True,True,True
248920,False,False,False,False
248924,True,True,True,True
248952,True,True,True,True
249125,True,False,True,True
249128,False,True,False,True
249131,False,False,False,False
249139,False,False,True,True
249145,True,True,False,False
249151,False,False,False,False
249184,False,False,False,False
249240,False,True,True,True
249246,True,True,True,True
249251,False,False,False,False
249256,True,True,True,True
249356,False,False,True,False
249371,True,True,True,True
249400,False,False,False,False
249418,False,False,False,False
249453,False,True,False,True
249534,False,False,False,True
249543,False,False,False,False
249672,False,False,False,False
249687,True,True,True,True
249727,False,False,False,False
249807,False,False,False,False
249813,False,False,False,False
249815,False,False,False,False
249817,True,True,True,True
249822,False,False,False,False
249825,False,False,False,False
249839,False,False,False,False
249882,True,True,True,True
249922,False,False,False,False
249936,True,True,True,True
249968,False,False,True,True
249969,False,True,False,True
249982,False,False,True,True
249983,True,False,False,False
250001,False,False,False,False
250008,False,False,False,False
250043,False,False,False,False
250066,True,True,True,True
250067,False,False,False,False
250083,True,True,True,True
250108,False,False,True,False
250136,True,True,True,True
250162,True,True,True,True
250194,False,False,False,False
250250,False,True,True,True
250344,False,False,True,False
250360,True,True,True,True
250401,False,False,False,True
250427,True,True,True,True
250517,False,True,True,True
250526,False,True,True,True
250533,False,True,False,False
250540,False,False,False,False
250588,True,True,True,True
250592,False,True,True,True
250594,True,True,True,True
250597,False,False,False,False
250599,False,False,False,False
250614,False,False,False,False
250630,False,True,False,True
250677,False,False,False,False
250680,False,False,False,True
250698,False,True,True,True
250711,True,True,True,True
250737,False,False,False,False
250827,False,False,True,False
250833,False,False,False,False
250868,False,False,True,True
250881,True,True,True,True
250922,False,False,False,False
250941,False,False,True,False
250954,False,False,False,False
250991,False,False,False,False
251016,False,False,False,True
251045,True,True,True,True
251072,True,True,True,True
251103,True,True,True,True
251113,False,False,True,False
251114,False,True,True,True
251121,False,True,True,True
251219,False,False,False,False
251229,False,False,False,False
251232,False,False,False,False
251242,False,False,False,False
251249,True,True,True,True
251277,False,False,True,True
251343,False,False,False,False
251365,False,False,False,False
251454,True,True,True,True
251466,False,False,False,False
251474,False,True,True,True
251496,False,False,False,True
251524,True,True,True,True
251531,False,False,True,True
251578,False,False,False,False
251646,False,True,True,True
251655,False,False,False,False
251663,False,False,False,False
251696,False,False,False,False
251702,False,False,False,False
251754,False,False,False,False
251768,True,True,True,True
251777,True,False,True,True
251804,False,False,True,True
251835,False,False,False,False
251842,False,False,False,False
251874,True,True,True,True
251888,True,True,True,True
251892,False,False,False,False
251899,False,False,True,True
251901,False,False,False,False
251936,True,True,True,True
251937,True,True,True,True
251974,False,False,False,False
252036,True,True,True,True
252038,False,False,True,False
252069,False,False,False,False
252091,True,True,True,True
252092,True,True,True,True
252105,False,False,False,False
252147,False,False,False,False
252162,True,True,True,True
252178,False,False,True,False
252198,False,False,False,False
252201,True,True,True,False
252212,False,False,False,False
252215,True,True,True,True
252272,False,True,True,True
252283,False,False,False,True
252311,False,False,False,False
252348,False,False,False,False
252373,False,False,False,False
252388,False,True,True,True
252391,False,True,True,True
252444,False,False,False,True
252525,False,False,False,False
252573,False,True,False,True
252602,False,False,False,False
252627,True,True,True,True
252639,False,False,False,False
252659,False,False,False,False
252724,False,False,True,True
252749,False,True,False,False
252779,False,False,False,False
252783,False,False,True,False
252829,True,True,True,True
252839,False,False,False,False
252846,False,False,False,False
252850,False,False,False,False
252905,True,True,True,True
252952,False,True,True,True
252966,False,False,False,False
252986,True,False,True,True
252998,False,False,False,False
253031,False,False,False,False
253032,True,False,False,False
253072,False,True,True,True
253122,True,True,True,True
253143,False,True,False,False
253170,False,True,True,True
253219,False,True,True,True
253236,False,True,False,False
253251,True,True,True,True
253260,False,True,True,False
253261,True,True,True,True
253263,False,True,True,True
253264,False,False,True,True
253265,False,False,False,False
253266,True,True,True,True
253408,False,False,False,False
253413,False,False,False,False
253421,False,True,True,True
253474,False,False,False,False
253513,False,False,False,False
253518,True,True,True,True
253532,False,False,False,False
253579,False,False,True,True
253630,False,True,False,True
253730,False,False,False,True
253757,False,True,True,True
253777,True,True,True,True
253828,True,False,True,True
253829,True,True,True,True
253860,False,False,False,False
253904,False,True,True,True
253940,True,True,True,True
253965,False,True,False,True
253967,False,True,True,True
253975,False,False,True,False
253988,True,True,True,True
254005,True,True,True,True
254079,False,False,False,False
254081,False,False,False,False
254096,False,False,False,False
254119,False,True,False,True
254138,False,True,True,True
254296,True,True,True,True
254356,False,False,False,False
254362,True,True,True,True
254392,True,True,True,True
254449,False,False,False,False
254510,False,False,True,True
254512,False,False,False,False
254520,False,False,False,False
254585,False,True,True,True
254600,True,False,True,True
254609,True,True,True,True
254632,False,False,False,False
254660,True,True,True,True
254732,True,True,True,True
254750,True,True,True,True
254787,False,True,True,False
254789,True,True,True,True
254795,True,False,True,True
254807,False,True,True,True
254850,True,True,True,True
254879,False,False,False,False
254882,False,False,False,False
254884,False,False,False,True
254917,False,False,False,False
254926,False,False,False,False
254948,False,False,False,True
254984,False,False,False,False
254989,False,False,False,True
255036,False,False,True,False
255045,True,True,True,True
255088,False,True,True,True
255124,False,False,False,False
255210,False,True,True,True
255213,False,False,False,True
255248,False,False,False,False
255271,False,False,False,False
255306,True,True,True,True
255326,False,False,True,True
255330,True,False,True,True
255399,False,False,False,False
255486,False,False,False,False
255500,False,False,False,False
255532,True,True,True,True
255550,True,True,True,True
255554,False,True,False,True
255577,True,True,True,True
255623,False,False,False,False
255631,False,False,False,True
255660,True,True,True,True
255691,False,False,False,False
255741,False,False,False,False
255769,True,True,True,True
255786,False,True,True,True
255827,True,False,True,True
255925,True,True,False,True
255941,True,True,True,False
255974,True,False,True,True
256013,False,False,False,False
256031,True,True,False,True
256035,True,True,True,True
256037,True,True,True,True
256081,False,False,False,False
256190,False,False,False,True
256250,False,True,False,False
256276,False,False,True,True
256341,True,True,True,True
256365,True,True,False,True
256380,True,True,True,True
256454,True,True,False,True
256455,True,True,True,True
256529,False,False,True,False
256533,False,False,False,False
256613,True,True,True,True
256630,False,True,True,False
256637,False,True,True,True
256648,True,False,False,True
256657,True,True,True,True
256683,False,False,True,True
256734,False,False,False,False
256742,False,True,True,True
256771,False,False,True,False
256778,True,False,False,False
256852,False,False,False,False
256899,True,True,False,False
256908,False,False,False,False
256938,False,False,False,False
256951,False,False,False,False
256983,False,False,True,False
257058,False,True,True,True
257060,True,False,False,False
257099,False,False,False,False
257136,False,False,False,False
257176,True,True,True,True
257178,True,True,True,True
257196,True,False,False,False
257232,False,True,True,True
257263,True,True,True,True
257308,True,True,True,True
257328,False,False,False,False
257407,False,False,False,False
257421,False,False,False,False
257426,True,False,False,False
257450,False,False,False,False
257470,False,True,True,True
257471,False,False,False,True
257489,True,True,True,True
257513,False,True,True,True
257537,True,True,True,True
257629,False,False,False,False
257669,False,False,False,False
257685,False,False,False,False
257813,False,True,True,True
257817,True,False,False,True
257858,False,False,False,False
257860,False,True,True,True
257897,True,True,True,False
257909,False,False,False,False
257923,False,True,True,True
257928,False,False,False,False
257943,False,False,False,False
257971,True,True,True,True
257993,False,False,False,False
257996,False,False,False,False
258006,True,False,False,False
258019,False,False,False,False
258020,False,False,False,False
258035,False,False,True,True
258040,False,False,False,False
258077,False,False,False,False
258089,False,False,True,True
258099,False,False,False,False
258155,False,False,True,True
258160,False,False,False,False
258226,False,False,False,False
258237,True,True,True,True
258249,True,True,True,True
258266,False,False,False,False
258288,True,True,True,True
258289,False,True,False,False
258304,False,False,False,False
258336,True,True,True,True
258364,False,False,False,False
258433,False,False,False,False
258517,False,False,False,False
258559,False,False,False,True
258635,True,True,True,True
258661,False,False,False,True
258705,False,True,True,True
258732,True,True,True,False
258761,False,False,False,False
258765,False,False,False,False
258792,False,False,True,True
258854,False,False,False,False
258856,True,True,True,True
258893,True,True,True,True
258905,False,False,False,False
258915,True,True,True,True
258925,True,True,True,True
258956,False,False,False,False
258985,True,True,True,True
259000,True,False,False,True
259029,True,True,True,True
259044,True,True,True,True
259087,False,False,False,False
259088,False,False,False,False
259120,False,False,False,False
259233,False,False,False,False
259249,False,False,False,False
259286,True,True,True,True
259336,False,True,False,False
259345,False,True,True,False
259422,False,False,False,False
259426,True,True,True,True
259431,False,False,False,False
259434,False,False,False,False
259452,True,True,True,True
259484,False,False,False,False
259497,False,True,True,True
259551,True,True,True,True
259585,True,True,True,True
259595,False,False,False,False
259614,True,True,True,True
259677,False,False,False,False
259687,False,False,False,False
259719,False,False,False,False
259721,True,True,True,True
259743,True,True,True,True
259755,False,False,False,False
259761,False,False,True,True
259952,False,False,False,False
259983,True,True,True,True
260036,False,True,True,True
260039,False,False,False,False
260040,False,False,False,True
260094,True,False,True,True
260150,False,False,False,False
260182,False,False,False,True
260292,True,True,True,True
260320,False,True,False,False
260330,False,False,False,False
260347,True,True,True,True
260360,False,False,False,False
260373,False,False,False,False
260415,False,True,True,True
260433,True,False,False,True
260443,False,False,False,False
260447,False,False,False,False
260519,False,False,False,True
260564,False,False,False,True
260566,False,False,True,False
260604,False,False,False,False
260695,False,False,False,False
260713,True,True,True,True
260729,False,True,True,True
260748,False,False,False,False
260772,False,False,False,False
260794,False,False,False,False
260852,True,True,True,True
260932,False,False,False,False
260969,False,False,False,False
261022,False,False,False,False
261050,False,True,True,True
261062,False,False,False,False
261151,True,False,True,True
261180,True,True,True,True
261182,False,False,False,False
261196,False,True,True,True
261225,False,True,True,True
261283,False,False,True,False
261323,False,False,False,False
261326,False,False,False,False
261342,False,True,False,False
261364,False,False,True,True
261453,False,False,False,False
261477,True,True,False,False
261487,False,False,False,False
261504,True,True,True,True
261558,False,False,False,False
261569,False,False,True,False
261648,False,False,False,False
261664,False,False,False,True
261669,True,False,False,False
261679,False,True,True,True
261742,True,True,False,True
261750,False,True,True,True
261774,False,True,True,True
261785,False,False,False,False
261879,False,False,True,True
261999,False,False,False,False
262003,True,True,True,True
262016,False,False,False,False
262054,False,False,False,False
262093,False,False,False,False
262260,True,True,True,True
262286,False,True,True,True
262299,False,False,True,False
262353,False,False,False,False
262391,False,False,True,True
262394,True,True,True,True
262446,False,False,True,False
262450,False,False,False,True
262528,False,True,True,True
262529,True,True,True,True
262594,False,False,False,False
262603,True,True,True,True
262605,False,False,False,True
262619,True,True,True,True
262626,False,False,False,False
262642,False,False,False,False
262677,True,True,True,True
262686,False,True,True,True
262727,True,True,True,True
262747,False,True,True,True
262848,False,False,False,True
262862,True,True,True,True
262925,False,True,True,False
262937,False,False,False,True
262940,False,False,True,False
262997,False,False,False,True
263002,False,True,True,True
263041,False,False,False,False
263047,True,False,True,True
263083,True,True,True,True
263094,True,True,True,True
263104,False,True,True,False
263136,True,True,True,True
263138,False,True,True,True
263178,True,True,True,True
263251,True,True,True,True
263261,False,False,False,False
263288,True,True,True,True
263292,False,False,False,False
263328,False,False,False,False
263381,False,False,False,False
263393,False,False,False,False
263406,True,True,True,True
263462,False,False,False,False
263482,False,True,False,False
263515,False,True,True,True
263603,False,False,True,True
263700,True,True,True,True
263703,False,False,False,False
263710,False,False,False,False
263760,True,True,True,True
263770,True,True,True,True
263810,False,False,False,False
263823,True,False,False,False
263828,False,False,True,False
263878,False,False,True,True
263883,False,True,True,True
263896,True,True,False,True
263924,False,False,False,False
263970,False,True,True,True
264058,False,True,False,False
264092,False,False,False,False
264128,True,True,True,True
264179,False,False,False,False
264241,False,False,False,False
264244,False,False,True,True
264279,True,True,True,True
264320,False,False,False,False
264322,False,False,False,False
264338,False,False,False,False
264347,False,False,False,False
264356,True,True,True,True
264363,False,False,False,False
264365,False,False,False,False
264382,False,False,False,False
264392,False,False,False,False
264423,True,True,True,True
264424,True,True,True,True
264489,False,False,False,False
264502,True,True,True,True
264504,False,False,False,False
264514,False,False,False,False
264532,True,True,True,True
264537,False,False,False,False
264539,True,True,True,True
264618,False,True,True,True
264620,False,False,True,True
264636,True,True,True,True
264654,False,False,False,False
264686,False,False,False,False
264712,False,False,False,False
264718,True,True,True,True
264733,False,False,False,False
264752,True,True,True,True
264819,False,False,False,False
264823,False,False,False,False
264961,False,True,True,True
265001,True,True,True,True
265020,True,True,True,True
265080,False,False,False,False
265100,False,False,False,False
265139,True,True,True,True
265167,True,False,True,True
265243,False,False,False,True
265253,False,False,False,False
265280,True,True,True,True
265315,False,False,False,False
265331,True,False,True,False
265382,False,False,False,True
265447,False,True,True,True
265451,True,True,False,True
265550,True,True,True,True
265552,False,True,True,False
265566,False,False,False,False
265584,True,True,True,True
265586,False,False,False,False
265589,True,True,True,True
265596,False,False,False,False
265622,False,False,False,True
265628,True,True,True,True
265636,False,False,False,False
265648,False,False,False,False
265719,False,False,False,False
265745,False,False,False,False
265771,False,False,False,False
265815,False,True,True,True
265831,True,True,True,True
265964,False,False,False,True
266043,False,False,False,False
266083,False,False,True,True
266117,False,False,False,False
266151,True,True,True,True
266200,False,True,True,True
266209,False,False,False,False
266217,False,False,False,False
266228,True,True,True,True
266250,False,False,False,False
266275,False,False,False,False
266299,False,False,False,False
266370,False,True,False,True
266379,False,False,True,True
266418,True,True,True,True
266437,True,False,True,True
266479,False,True,False,True
266503,True,True,True,True
266504,False,False,False,True
266533,False,False,True,False
266557,False,True,False,False
266563,False,False,False,False
266571,False,False,False,False
266586,True,True,True,True
266587,False,False,False,True
266600,False,True,True,True
266601,False,False,False,False
266618,False,False,True,False
266676,False,False,False,False
266715,False,False,False,True
266756,False,False,False,True
266805,False,False,True,True
266847,False,False,False,False
266885,False,False,False,False
266908,False,True,False,False
266912,False,False,False,False
266917,True,True,True,True
266963,True,True,True,True
267059,False,True,True,False
267064,False,False,True,True
267095,False,False,False,False
267123,True,True,True,True
267152,False,True,True,True
267175,False,False,False,False
267176,False,False,False,False
267200,False,False,False,False
267203,False,True,True,True
267224,True,False,True,True
267225,True,True,True,False
267324,False,False,True,False
267348,False,False,False,False
267349,True,True,False,False
267422,False,False,False,False
267555,False,False,False,False
267611,False,False,False,False
267647,True,True,False,False
267683,True,True,True,True
267704,False,False,False,True
267731,False,True,True,False
267779,False,False,False,True
267815,False,False,False,False
267831,True,True,True,True
267851,False,False,False,False
267861,True,True,True,True
267885,True,True,True,True
267932,False,False,False,True
267985,False,True,True,True
268014,False,True,False,True
268018,False,False,True,True
268043,False,True,True,True
268059,False,True,False,False
268129,True,True,True,True
268133,True,True,True,True
268141,False,True,True,True
268229,False,False,False,False
268247,False,False,False,False
268268,True,True,False,True
268322,True,True,True,False
268334,True,True,False,False
268340,True,True,True,True
268371,True,True,True,True
268390,False,False,False,False
268406,False,False,False,False
268413,False,False,False,False
268418,True,True,True,True
268428,False,False,False,False
268454,False,False,True,False
268478,False,False,False,False
268510,False,False,False,False
268569,True,True,True,True
268577,True,True,True,True
268592,False,False,False,False
268641,True,True,True,True
268668,False,False,False,False
268681,False,False,False,False
268715,False,True,False,True
268718,False,True,True,False
268734,False,False,False,False
268742,False,True,True,True
268745,False,False,False,True
268804,False,False,False,False
268845,False,True,True,True
268885,False,False,True,True
268900,True,False,False,False
268909,True,True,True,True
268940,False,False,False,False
268986,False,True,True,True
268987,False,False,True,False
269017,True,True,False,False
269022,False,False,True,True
269038,False,True,False,False
269058,False,False,False,False
269079,True,True,True,True
269088,False,False,False,False
269089,False,True,False,False
269091,False,False,False,False
269103,False,False,False,False
269183,True,False,False,False
269199,True,True,True,True
269229,True,True,True,True
269245,False,True,True,True
269254,False,False,False,True
269346,False,False,False,False
269381,False,True,True,True
269431,False,False,False,False
269450,False,False,False,False
269458,False,False,False,True
269477,False,False,False,True
269483,False,False,False,False
269493,False,False,False,False
269496,False,True,False,False
269541,True,False,False,True
269551,True,False,True,True
269566,False,False,False,False
269723,False,False,False,False
269784,False,True,True,True
269807,True,False,True,False
269831,True,False,True,True
269867,True,True,True,True
269871,False,False,True,False
269873,False,False,False,False
269886,True,True,False,False
269913,False,False,False,False
269949,True,True,True,True
269958,False,False,False,False
269975,False,False,False,False
270017,False,True,True,False
270024,False,False,False,False
270025,False,False,True,True
270070,False,True,False,False
270098,False,False,True,True
270179,False,False,False,False
270185,True,True,True,False
270202,False,True,False,False
270224,False,False,False,False
270270,False,False,True,True
270275,True,False,True,True
270373,True,True,True,True
270376,False,False,False,False
270443,True,True,True,True
270581,False,False,False,True
270604,False,False,False,False
270636,True,False,True,True
270639,True,True,True,True
270696,False,False,True,True
270716,False,False,False,True
270753,False,False,False,False
270789,False,False,False,True
270865,False,False,False,False
270893,True,True,True,True
271017,False,False,False,True
271034,False,True,False,False
271143,False,False,False,False
271157,True,True,False,False
271171,False,False,False,True
271195,True,True,True,True
271248,True,True,True,True
271282,True,True,True,True
271343,True,True,True,True
271357,False,True,False,False
271364,False,True,True,True
271388,False,True,True,True
271417,True,True,True,True
271424,True,True,True,True
271447,False,False,False,False
271542,False,False,False,False
271560,False,True,True,True
271604,False,False,False,True
271620,False,False,False,False
271622,False,True,True,True
271633,False,False,True,False
271696,False,False,False,False
271714,False,False,False,False
271741,True,True,True,True
271747,False,False,False,False
271753,False,True,True,True
271829,True,True,True,True
271852,True,True,True,True
271857,False,False,True,True
271862,False,False,True,True
271890,False,False,True,False
271930,False,False,False,False
271960,False,False,True,True
271999,False,False,False,False
272007,False,False,False,False
272026,False,False,False,False
272034,False,False,True,True
272080,True,True,True,True
272095,True,False,False,True
272097,False,False,True,True
272117,False,True,False,False
272157,False,True,False,False
272171,False,False,False,True
272203,False,False,True,True
272217,False,False,False,False
272228,False,False,False,False
272242,True,False,False,False
272253,True,False,True,True
272262,True,True,True,True
272282,False,True,True,True
272297,False,False,False,True
272309,True,True,True,True
272357,True,True,True,True
272396,True,True,True,True
272402,True,True,True,False
272481,True,True,True,True
272569,False,False,False,True
272603,True,True,True,True
272729,False,True,True,True
272741,False,False,False,False
272807,True,True,True,True
272832,True,True,True,True
272838,False,False,False,False
272846,False,False,False,True
272863,False,True,True,True
272866,True,True,True,True
272876,True,True,True,True
272877,False,False,False,True
272882,False,False,False,False
272940,False,False,False,False
272997,False,False,False,False
273001,False,True,True,True
273029,True,True,True,True
273088,False,True,True,True
273138,False,False,False,False
273147,False,True,False,True
273207,True,True,True,True
273316,False,False,True,False
273317,False,False,False,False
273329,False,True,False,False
273336,False,False,False,False
273369,False,False,False,True
273371,False,True,True,False
273403,False,False,True,False
273439,False,False,False,False
273442,False,False,False,False
273445,False,False,False,False
273560,True,True,True,True
273657,False,False,True,True
273677,False,False,False,False
273716,False,False,False,False
273729,False,False,False,False
273782,False,False,False,False
273784,False,False,False,True
273825,False,False,False,False
273840,True,True,True,True
273850,True,True,True,True
273855,False,False,False,False
273879,False,False,False,True
273886,False,False,False,False
273898,False,False,True,True
273904,True,True,True,True
273961,False,False,True,True
274014,True,True,True,True
274089,False,False,False,False
274105,False,False,False,False
274130,False,False,False,False
274134,False,False,False,False
274196,False,True,True,True
274209,False,False,False,False
274240,True,True,True,True
274262,False,False,False,False
274341,False,False,False,False
274376,True,True,True,True
274430,False,False,False,True
274474,True,True,True,True
274477,False,False,False,False
274494,False,True,False,False
274537,False,False,False,False
274547,False,False,False,False
274556,False,True,True,True
274562,False,False,False,False
274606,True,True,True,True
274642,False,False,False,False
274657,True,True,True,True
274736,False,True,False,True
274760,False,False,False,False
274763,False,True,True,True
274779,True,False,False,False
274784,False,False,False,False
274792,False,False,True,True
274815,False,False,False,False
274834,False,True,True,True
274864,False,False,False,True
274869,False,False,False,False
274888,False,True,True,True
274934,False,True,True,True
275014,False,False,False,False
275027,False,False,False,False
275028,True,True,True,True
275057,True,True,True,True
275088,False,False,True,False
275125,True,False,False,False
275161,True,True,False,False
275175,False,False,False,False
275202,False,False,False,False
275219,False,False,False,False
275237,False,False,False,False
275327,False,True,True,True
275332,False,True,True,True
275443,False,True,True,False
275450,False,False,False,False
275494,False,False,False,False
275608,False,False,True,False
275630,False,False,False,False
275656,True,False,False,False
275657,False,True,True,True
275661,True,False,True,True
275663,True,False,False,False
275685,True,True,True,True
275700,False,False,False,False
275718,False,True,True,True
275771,False,False,False,False
275781,False,False,False,False
275795,False,False,False,False
275895,True,True,True,True
275898,False,False,True,True
275900,False,False,True,True
275919,False,False,False,False
275929,True,True,True,False
275939,True,True,True,True
275982,True,True,True,True
275997,False,False,False,True
276006,False,True,True,False
276036,True,True,True,True
276037,True,False,True,True
276047,False,False,True,True
276057,False,False,False,False
276215,True,True,True,True
276260,True,True,True,True
276265,False,True,True,True
276317,False,False,False,False
276418,False,False,False,False
276514,False,False,True,True
276559,True,True,True,True
276565,True,True,True,True
276580,False,False,False,False
276582,False,False,False,False
276596,False,False,False,False
276621,False,True,True,True
276626,True,True,True,True
276666,True,True,True,True
276673,False,False,False,True
276693,False,True,True,True
276735,False,False,False,False
276739,False,True,True,True
276763,False,False,False,False
276768,True,True,True,True
276801,False,False,False,False
276806,False,False,False,True
276835,False,False,True,True
276853,True,True,True,True
276863,False,False,False,False
276870,False,True,False,True
276971,False,False,True,True
276975,True,True,True,True
277003,False,False,False,False
277073,False,False,False,False
277094,False,False,False,False
277141,False,False,False,True
277145,False,False,True,True
277172,False,True,True,True
277174,False,True,False,True
277289,False,False,False,False
277319,False,False,True,False
277326,True,True,True,True
277338,False,False,True,False
277341,True,True,True,True
277352,True,True,False,True
277375,False,False,False,False
277386,False,False,True,False
277389,True,True,True,True
277390,False,False,False,False
277396,True,True,True,True
277427,False,False,False,False
277431,True,True,True,True
277439,False,False,True,True
277440,False,False,False,False
277472,False,True,True,True
277479,True,True,True,True
277481,False,False,True,False
277496,False,False,False,True
277507,False,False,True,False
277587,False,False,True,False
277623,False,False,False,True
277625,True,True,True,True
277632,True,True,True,True
277688,False,False,False,False
277710,True,True,True,True
277738,True,True,True,True
277764,False,True,True,True
277775,False,False,False,False
277812,False,False,False,True
277848,False,False,False,True
277858,False,False,False,False
277869,False,False,False,False
277950,False,False,False,False
277991,False,False,False,False
278095,False,True,True,True
278134,False,True,True,True
278135,True,True,True,True
278168,True,True,True,True
278203,False,False,False,False
278204,False,False,False,False
278214,False,False,False,False
278219,False,False,False,False
278272,False,False,False,False
278303,False,False,True,True
278309,False,False,False,True
278335,False,False,False,False
278352,True,False,False,False
278418,False,True,True,True
278449,True,True,True,True
278462,True,True,True,True
278467,True,True,True,True
278496,False,False,False,False
278627,False,False,False,False
278636,True,False,True,True
278638,False,False,False,False
278714,False,True,False,False
278742,False,False,False,False
278796,False,False,False,True
278799,False,False,False,False
278829,False,False,False,True
278910,False,False,False,False
278921,False,False,False,False
278963,True,True,True,True
278977,True,True,True,True
278989,False,False,False,False
279022,False,False,False,False
279041,False,False,False,False
279047,True,False,True,True
279065,False,False,False,False
279073,False,False,False,False
279076,False,True,True,True
279083,False,False,False,False
279085,False,False,True,True
279129,False,False,True,False
279138,False,False,False,True
279149,False,False,False,False
279175,False,False,False,False
279197,True,True,True,True
279199,False,False,False,False
279222,True,False,False,False
279241,False,False,False,False
279288,False,False,False,False
279305,False,True,True,True
279377,False,False,True,True
279385,False,True,True,True
279391,False,False,False,False
279444,True,True,True,True
279490,False,False,False,False
279521,False,False,False,False
279563,True,True,False,True
279577,True,True,True,True
279584,False,False,False,False
279674,False,True,True,True
279716,True,True,True,True
279787,False,False,False,False
279803,False,False,False,False
279809,True,True,True,False
279829,False,False,False,False
279837,True,True,True,True
279882,False,False,False,False
279883,False,False,False,False
279939,False,False,True,False
279946,False,False,True,True
279984,True,True,True,True
279994,False,True,False,True
280018,False,False,True,False
280043,False,False,False,False
280094,True,True,True,True
280157,False,True,True,True
280177,False,True,True,False
280216,True,True,True,True
280242,True,False,False,False
280270,False,False,False,False
280293,False,True,True,True
280339,False,False,False,False
280347,True,True,False,True
280377,False,False,False,False
280540,True,True,True,True
280556,False,False,False,True
280674,False,False,False,True
280733,False,False,False,True
280765,False,False,False,False
280767,True,True,True,True
280804,False,True,True,True
280819,False,False,False,False
280839,False,True,True,True
280840,False,False,False,False
280857,False,False,False,False
280908,True,True,True,True
280941,False,False,True,False
280942,True,True,True,True
280971,False,False,False,False
280976,True,True,True,True
280990,True,True,True,True
281005,True,True,True,True
281052,False,False,False,False
281054,True,True,True,True
281103,True,True,True,True
281112,False,False,True,True
281123,False,False,False,False
281125,False,True,True,True
281127,False,False,False,True
281131,False,False,False,False
281208,False,False,False,False
281214,False,True,True,True
281230,True,False,False,False
281288,False,True,False,False
281351,False,False,False,True
281488,False,True,True,True
281495,True,True,False,True
281496,True,False,True,False
281498,False,True,True,True
281512,False,False,False,True
281563,False,False,False,False
281578,True,True,False,False
281591,True,True,True,True
281601,False,False,False,False
281646,True,True,True,True
281701,False,False,False,False
281718,False,True,True,False
281725,False,False,False,False
281756,False,True,True,True
281763,False,False,False,False
281782,True,True,True,True
281818,False,False,False,False
281853,False,True,True,False
281882,False,False,False,True
281888,False,False,False,False
281943,False,True,True,True
281957,True,True,True,True
281994,True,True,True,True
281997,False,True,True,True
282048,False,False,False,False
282062,False,True,True,True
282069,False,False,False,False
282131,False,False,False,False
282220,False,True,True,True
282228,True,True,True,True
282231,True,True,True,True
282264,True,False,False,True
282287,False,False,False,False
282339,True,True,False,False
282425,False,False,False,False
282437,True,True,True,True
282444,False,False,False,False
282485,True,False,True,False
282552,False,False,False,False
282553,False,False,False,False
282564,True,True,True,True
282566,False,False,True,False
282591,True,True,True,True
282671,False,False,False,False
282692,False,True,True,True
282694,False,False,False,False
282708,False,True,True,True
282720,False,True,False,False
282738,False,True,False,False
282789,False,True,True,True
282793,True,True,True,True
282868,False,True,False,False
282878,False,False,True,True
282883,False,True,True,True
282889,False,False,False,False
282940,True,True,True,True
282942,False,False,False,False
283028,False,False,False,False
283054,False,True,True,True
283059,False,False,False,False
283122,False,False,False,False
283170,False,True,False,False
283187,True,True,True,True
283267,True,False,True,False
283355,True,False,False,False
283382,True,True,False,False
283438,True,False,False,False
283448,True,True,True,True
283451,False,True,True,True
283471,False,True,False,True
283573,False,False,True,True
283617,False,False,False,False
283627,True,True,True,True
283632,True,False,False,False
283648,False,False,False,False
283682,True,True,False,False
283715,False,False,False,False
283720,False,False,False,False
283734,False,True,True,True
283803,False,False,False,False
283814,False,True,False,False
283896,False,False,True,True
283912,True,True,True,True
283913,False,False,False,False
283937,True,True,True,True
283956,True,False,True,True
284008,False,True,True,True
284021,False,False,True,True
284043,False,True,False,True
284143,True,True,True,True
284195,False,False,False,False
284218,False,False,False,True
284292,True,True,True,True
284297,False,False,False,False
284348,False,True,True,True
284349,False,True,True,True
284386,True,True,True,False
284464,False,True,True,True
284488,False,False,True,False
284509,True,True,True,True
284540,False,False,False,False
284681,True,False,True,False
284715,False,True,True,True
284770,False,False,False,False
284771,True,True,True,False
284772,False,False,True,True
284817,False,False,False,False
284824,True,True,True,True
284846,False,False,False,False
284851,True,False,False,True
284867,False,False,False,False
284873,False,False,False,False
284934,False,True,True,False
284940,False,True,False,True
284956,False,False,False,False
284987,False,True,True,True
284994,True,True,True,True
285007,False,False,False,False
285013,False,True,True,True
285019,False,False,False,False
285024,True,True,True,True
285045,False,False,False,True
285099,False,True,True,True
285120,True,True,True,True
285180,False,True,True,True
285236,False,False,False,False
285249,False,False,False,False
285253,False,False,False,True
285257,False,False,False,False
285260,False,True,True,True
285291,True,False,True,True
285358,False,False,False,False
285397,False,False,False,False
285433,True,True,True,True
285451,True,True,True,True
285470,False,False,True,True
285526,True,False,True,True
285548,False,True,False,True
285579,False,False,False,False
285603,False,False,True,True
285612,True,True,True,False
285634,False,False,False,False
285646,True,True,True,True
285647,False,False,True,True
285681,False,True,False,False
285686,True,True,True,True
285705,False,False,False,False
285742,False,False,False,False
285743,False,False,False,False
285808,True,True,True,True
285810,False,False,False,False
285826,True,True,True,True
285882,False,False,False,True
285897,True,True,True,True
285968,True,True,True,True
285990,False,False,True,False
286000,False,False,True,False
286013,True,True,False,True
286016,False,True,True,True
286033,False,True,True,True
286036,True,True,False,True
286044,False,False,False,True
286101,False,False,False,False
286119,True,True,True,True
286124,False,False,True,True
286137,False,False,False,False
286146,False,False,False,False
286157,True,False,False,True
286233,False,True,True,True
286234,True,True,True,True
286259,True,True,True,True
286342,True,True,True,True
286411,False,False,False,True
286425,False,False,True,True
286460,False,False,False,True
286480,False,False,False,False
286492,True,True,True,True
286511,False,False,False,False
286524,False,False,False,False
286525,True,True,False,True
286544,False,False,False,False
286575,False,False,True,True
286606,True,True,True,True
286619,False,False,True,False
286656,False,False,False,False
286698,False,False,False,False
286700,False,False,True,False
286704,False,True,True,True
286773,False,True,True,True
286870,False,False,False,False
286886,True,True,False,False
286899,False,False,False,False
286932,True,True,True,True
286961,False,False,True,True
287003,False,False,False,True
287084,True,True,True,True
287094,False,True,True,True
287098,False,False,True,False
287140,False,True,False,False
287171,False,False,True,True
287201,False,False,False,False
287221,False,True,False,False
287232,True,True,False,True
287233,False,False,False,False
287235,True,True,True,True
287249,False,False,True,True
287312,True,True,True,True
287341,False,False,True,False
287366,False,True,False,False
287387,False,False,False,False
287402,False,False,False,False
287422,False,True,True,True
287434,True,True,True,False
287466,True,True,True,True
287507,False,False,False,False
287512,True,True,True,False
287535,False,False,False,False
287541,True,True,True,True
287560,False,False,False,True
287718,True,True,True,True
287741,False,False,True,True
287781,False,False,True,True
287782,False,True,False,False
287833,True,True,True,True
287839,False,False,False,False
287841,False,False,False,False
287858,False,False,False,True
287904,True,True,True,True
287962,False,False,False,False
287967,True,True,True,True
288015,False,False,True,True
288127,False,True,True,True
288170,True,False,False,False
288174,True,True,True,True
288215,False,False,False,False
288224,False,False,True,True
288236,True,True,True,True
288259,True,True,True,True
288263,False,False,False,True
288283,False,False,False,False
288313,False,False,True,True
288317,True,True,True,True
288340,False,False,False,False
288486,True,True,True,True
288553,False,False,True,True
288556,False,False,False,False
288580,False,False,True,True
288599,False,False,True,True
288603,False,True,True,True
288639,False,False,False,False
288650,True,True,True,True
288721,False,True,False,False
288724,False,True,True,True
288739,True,False,True,False
288770,True,True,True,True
288825,True,True,True,True
288841,False,False,False,False
288880,False,False,False,False
288906,False,False,False,False
288921,False,False,False,False
288933,False,False,True,True
288948,False,False,False,False
289024,True,True,True,True
289058,False,False,False,False
289158,False,False,False,False
289194,False,False,False,False
289201,False,True,True,True
289213,True,True,True,False
289236,False,False,False,True
289242,True,True,True,True
289312,True,False,True,True
289326,False,False,False,False
289333,False,False,False,False
289400,False,False,False,False
289423,True,True,True,True
289425,True,True,True,True
289460,False,True,True,False
289469,True,False,False,True
289482,False,False,False,False
289510,False,True,True,True
289572,False,True,True,True
289573,False,False,False,False
289633,True,True,True,True
289640,False,False,False,False
289684,False,False,False,True
289751,True,True,True,True
289778,False,False,False,False
289807,False,False,False,False
289842,False,False,False,False
289845,False,False,False,False
289894,False,True,True,True
289915,True,True,True,True
290026,True,False,False,True
290093,False,False,False,False
290122,False,True,False,False
290153,False,False,False,False
290168,False,False,False,False
290224,True,False,False,False
290231,True,True,True,True
290262,False,False,False,False
290269,True,True,True,True
290354,False,False,False,True
290420,False,False,False,True
290425,False,False,False,True
290460,True,True,False,False
290477,True,False,True,False
290522,True,True,True,True
290563,True,True,True,True
290600,False,False,False,False
290656,False,False,True,True
290659,False,False,True,True
290676,False,False,False,True
290698,False,False,False,False
290705,False,True,True,True
290719,False,False,False,False
290750,False,False,False,False
290774,False,False,False,True
290846,False,True,False,True
290868,False,False,False,False
290946,True,True,True,True
290962,False,False,False,False
290974,False,True,False,False
290981,False,False,False,False
291009,False,False,False,False
291039,True,False,False,True
291048,True,True,True,True
291059,False,False,False,False
291201,False,False,True,False
291209,True,True,True,True
291262,False,True,True,True
291269,False,False,False,False
291345,False,True,False,True
291346,False,False,False,False
291347,False,True,False,False
291349,False,False,False,True
291475,False,True,True,True
291503,True,True,True,True
291506,False,False,False,False
291550,False,False,True,True
291592,False,False,False,False
291596,False,False,False,False
291606,True,True,True,True
291677,False,False,False,False
291717,False,False,False,True
291784,False,False,True,True
291786,False,False,True,False
291797,False,False,False,False
291822,True,True,True,True
291834,False,False,False,True
291911,False,True,True,True
291973,True,True,True,True
291981,False,False,False,False
292032,False,False,False,False
292120,False,False,False,False
292125,False,False,True,True
292156,False,False,False,False
292170,False,False,False,False
292171,True,True,True,True
292177,True,True,True,True
292188,False,False,False,False
292206,False,True,False,False
292209,True,True,True,True
292314,True,False,False,True
292416,False,False,False,False
292444,False,False,False,False
292463,False,False,True,False
292480,True,True,True,True
292537,False,False,False,False
292543,False,False,False,False
292602,False,True,True,False
292616,True,True,True,True
292617,False,False,False,False
292722,False,False,False,False
292805,True,True,True,True
292823,True,True,True,True
292893,False,False,True,True
292910,False,False,True,True
292931,False,False,False,False
292991,False,False,False,False
292999,True,True,True,True
293011,False,False,False,False
293061,True,True,True,True
293070,False,False,False,True
293072,False,True,False,True
293124,False,True,True,True
293169,False,False,True,True
293228,False,False,False,False
293254,True,True,False,False
293259,False,False,False,True
293275,True,True,True,True
293306,False,False,True,True
293319,True,True,True,True
293333,True,True,True,True
293353,False,False,False,False
293362,True,True,True,True
293374,False,False,False,False
293385,False,False,False,False
293514,True,True,True,True
293548,False,False,False,False
293554,False,True,True,True
293576,False,False,False,False
293592,True,True,True,True
293679,False,False,False,False
293716,True,True,True,True
293757,False,False,False,False
293763,False,False,False,False
293784,False,False,False,False
293811,False,True,False,False
293825,False,False,True,True
293853,False,True,True,True
293864,True,True,True,True
293880,True,True,True,True
293899,False,False,False,False
293949,False,False,True,True
294073,False,False,False,True
294108,False,True,True,True
294134,False,True,True,False
294209,False,False,False,False
294226,False,True,False,True
294228,True,True,True,True
294309,False,True,False,True
294323,True,True,True,True
294329,False,True,True,True
294330,False,False,False,False
294346,False,False,False,True
294348,False,False,False,False
294397,False,True,True,True
294409,False,False,False,False
294416,False,False,False,False
294475,False,False,False,True
294564,False,False,False,False
294565,False,False,False,False
294585,False,False,False,False
294615,False,False,True,False
294634,True,True,True,True
294652,False,False,False,False
294688,False,True,True,False
294698,False,False,False,False
294724,True,True,True,True
294734,True,True,True,True
294778,True,False,False,True
294811,True,True,True,True
294837,False,False,False,False
294853,False,False,True,False
294883,True,True,False,False
294892,False,False,False,True
294909,True,True,True,True
294912,False,False,False,False
294920,False,True,True,True
294933,False,False,False,False
294954,False,False,False,False
294958,True,True,True,True
294968,False,False,False,False
294974,True,True,True,True
294977,True,True,True,True
295006,True,False,True,False
295017,False,False,False,True
295053,False,False,False,True
295055,True,True,True,True
295082,False,False,False,False
295092,True,True,True,True
295097,False,True,False,False
295122,True,True,True,True
295134,False,False,False,False
295194,False,True,False,False
295308,True,False,False,True
295310,True,False,True,True
295340,False,True,True,False
295376,False,False,False,False
295440,False,False,False,True
295448,False,False,False,False
295524,False,False,False,True
295558,False,False,False,False
295574,False,False,True,True
295613,False,False,False,False
295628,False,False,False,True
295656,False,False,False,False
295683,True,False,True,True
295693,False,False,False,False
295716,True,True,True,True
295768,False,True,True,True
295782,False,True,True,True
295837,False,False,False,False
295850,False,True,True,True
295884,True,True,True,True
295889,False,False,False,False
295924,True,True,True,True
295952,True,True,True,True
295970,False,False,False,True
296012,False,False,False,False
296032,True,True,True,True
296046,False,True,False,False
296099,True,True,False,True
296153,False,False,False,False
296191,True,True,True,False
296289,False,False,True,True
296381,False,False,False,False
296410,False,False,True,False
296432,False,False,True,True
296433,False,False,False,False
296460,True,True,True,True
296474,False,False,True,False
296540,False,False,False,False
296564,False,True,True,True
296584,True,True,True,True
296635,True,True,True,True
296676,False,False,False,False
296684,True,True,True,True
296693,False,False,False,False
296698,False,False,False,False
296711,True,True,True,True
296735,False,False,False,False
296754,True,True,True,True
296755,True,True,True,True
296770,False,False,False,True
296775,False,False,False,False
296777,False,False,False,False
296790,False,False,False,False
296797,False,False,False,True
296832,True,True,True,False
296844,False,True,False,True
296846,False,False,False,False
296859,False,False,False,True
296868,True,True,True,True
296933,True,True,True,True
296978,False,False,False,True
296995,False,True,False,True
297019,False,True,False,True
297046,False,True,False,True
297049,False,False,False,True
297075,True,True,True,True
297126,True,True,True,True
297131,False,False,False,False
297159,True,True,True,True
297181,False,False,False,False
297210,True,True,True,True
297233,False,False,False,False
297277,False,False,False,False
297363,False,False,False,False
297380,True,True,False,True
297426,True,True,True,True
297442,False,False,False,True
297462,True,True,True,True
297540,False,False,False,False
297544,False,True,True,True
297639,False,False,False,False
297680,False,True,True,True
297683,True,True,True,True
297684,False,False,False,False
297699,False,False,False,False
297765,False,False,False,False
297811,True,True,True,True
297844,True,True,True,True
297880,False,False,False,False
297898,False,False,False,False
297907,True,False,False,False
297921,False,False,False,False
297944,False,False,False,True
297981,False,False,False,False
297995,False,False,False,False
298014,True,False,True,True
298065,True,True,True,True
298110,True,True,True,True
298141,True,True,True,True
298146,True,True,True,True
298170,True,True,True,True
298195,True,False,False,False
298287,False,False,False,False
298310,False,True,True,True
298322,False,True,True,True
298350,False,False,False,True
298354,False,False,False,False
298360,False,True,True,True
298403,False,True,True,True
298427,True,True,True,True
298483,False,False,False,False
298526,True,True,True,False
298547,False,False,False,False
298614,False,True,False,True
298658,False,False,True,True
298680,False,False,False,False
298699,False,True,True,True
298722,True,True,True,True
298827,True,False,False,True
298830,True,True,True,True
298868,True,True,True,True
298931,True,True,True,True
299001,False,False,False,True
299004,False,False,False,False
299026,False,False,False,False
299044,True,True,False,False
299067,False,False,False,False
299074,False,False,False,False
299116,False,False,False,False
299123,False,False,False,True
299134,True,True,True,True
299148,False,False,False,False
299163,False,False,False,False
299273,False,False,False,False
299305,False,True,True,True
299307,True,True,True,True
299325,False,False,False,False
299333,False,False,False,False
299357,True,True,True,True
299413,False,False,True,True
299443,True,True,True,True
299466,False,True,False,True
299481,True,True,True,True
299544,False,False,False,False
299593,True,True,False,True
299632,False,False,False,False
299712,False,False,False,False
299715,True,True,True,True
299738,False,False,False,False
299768,True,True,True,True
299769,False,True,True,True
299782,False,False,False,False
299785,False,True,False,False
300032,False,False,False,False
300067,False,False,False,False
300137,False,False,False,True
300159,True,False,False,True
300169,False,False,False,False
300280,False,False,False,False
300284,True,True,True,True
300324,False,False,False,False
300343,True,True,True,True
300353,True,True,True,True
300380,True,True,True,True
300383,False,False,False,False
300403,False,False,False,True
300413,False,True,True,False
300415,False,False,False,False
300444,False,False,False,True
300472,False,False,False,False
300542,False,False,False,False
300568,False,False,False,False
300571,False,True,True,True
300577,False,False,False,False
300631,False,False,False,False
300718,False,False,True,False
300732,False,True,False,True
300738,False,False,False,False
300786,True,True,False,False
300855,False,False,False,True
300903,False,False,False,False
300950,False,False,False,False
301110,False,True,True,False
301114,False,False,False,False
301187,False,False,True,True
301200,False,False,False,False
301221,False,False,False,True
301225,True,True,True,True
301238,True,True,False,True
301257,False,True,True,True
301273,False,True,False,True
301282,False,True,False,False
301334,False,True,True,False
301397,False,False,True,False
301403,True,True,True,True
301415,False,False,False,False
301432,True,False,True,False
301443,False,False,False,False
301457,True,True,True,True
301486,False,False,False,False
301491,True,True,True,True
301514,False,True,False,False
301527,True,True,True,True
301554,False,False,False,False
301631,False,False,False,False
301708,False,False,True,False
301712,True,False,False,True
301754,False,False,False,True
301764,False,False,False,True
301783,False,True,True,True
301799,False,False,False,False
301817,True,True,True,True
301827,False,True,False,False
301855,False,False,False,False
301874,False,True,True,True
301890,False,True,True,True
301916,False,False,False,False
301928,True,True,True,True
301992,True,True,True,True
302026,False,True,True,True
302038,False,False,False,False
302052,False,False,False,False
302094,True,False,False,False
302110,False,False,False,True
302116,False,False,True,True
302155,True,True,True,True
302159,False,False,False,False
302193,False,True,True,True
302230,False,False,False,True
302236,True,True,True,True
302240,False,False,False,False
302249,True,True,True,True
302292,False,True,False,False
302310,False,True,True,True
302332,False,False,True,True
302353,False,False,True,True
302354,True,False,False,True
302361,False,False,False,True
302375,False,True,True,True
302380,False,True,True,True
302383,False,False,True,True
302397,False,False,False,False
302497,True,True,True,True
302520,True,True,True,True
302538,False,True,True,True
302576,False,True,False,False
302599,True,True,False,False
302661,False,True,True,True
302666,True,True,True,True
302806,False,False,False,False
302885,False,False,False,False
302924,True,False,True,True
302932,False,False,False,False
303210,False,False,False,False
303258,False,False,False,False
303308,True,True,True,True
303318,True,True,True,True
303360,False,False,False,False
303389,False,True,True,False
303404,False,True,True,True
303408,False,True,True,True
303409,False,True,True,True
303429,True,True,True,True
303430,False,False,False,False
303431,False,False,True,False
303436,False,True,True,True
303453,False,False,False,False
303476,True,True,True,True
303495,False,False,False,False
303593,False,False,False,False
303597,False,False,False,False
303599,False,False,False,True
303611,False,True,True,True
303647,False,True,True,True
303650,False,False,False,False
303667,False,False,False,False
303718,False,True,True,True
303723,True,True,True,True
303743,True,True,True,True
303804,False,False,False,True
303815,False,False,True,True
303867,True,True,True,True
303872,False,True,True,True
303873,True,True,False,True
303891,False,False,False,False
303962,False,True,True,True
303964,False,True,True,True
303970,False,False,False,False
304047,False,False,True,True
304060,False,False,True,True
304065,True,True,True,True
304088,False,False,False,False
304091,False,False,True,False
304295,False,False,False,False
304315,False,True,True,False
304336,False,False,False,False
304361,True,False,False,False
304382,False,True,False,False
304389,False,False,False,False
304447,False,True,True,False
304518,False,False,False,False
304528,True,False,True,False
304570,False,False,False,True
304590,False,False,False,False
304689,False,False,False,False
304693,False,True,True,True
304741,False,False,False,False
304748,False,False,True,False
304757,False,False,False,False
304758,False,False,False,False
304759,False,False,False,False
304794,True,True,True,True
304841,True,True,True,True
304939,True,True,True,True
304941,True,True,True,False
305050,False,True,True,True
305076,True,True,True,True
305117,True,True,True,True
305168,False,False,False,False
305170,False,True,True,True
305191,False,False,False,True
305215,False,False,False,False
305315,True,True,True,True
305404,False,False,False,False
305409,False,False,False,False
305425,True,True,True,True
305427,True,True,True,True
305451,False,False,False,False
305480,False,False,False,False
305499,False,False,False,False
305517,True,False,False,False
305557,False,True,True,True
305564,False,False,True,True
305589,True,True,False,True
305632,False,False,False,True
305639,False,False,False,False
305661,True,True,True,True
305677,False,False,False,False
305685,False,False,False,False
305710,False,False,False,True
305732,False,False,True,True
305752,False,True,True,True
305760,False,True,True,True
305781,False,False,False,False
305813,False,True,True,True
305826,False,True,True,False
305853,False,False,False,False
305858,False,False,False,False
305916,True,True,True,True
305975,False,False,True,True
305978,False,False,False,False
305993,False,False,False,False
306031,True,True,False,True
306047,False,True,False,True
306049,False,False,False,False
306060,True,True,True,True
306069,False,False,False,True
306108,False,False,False,False
306219,True,True,False,True
306247,False,False,False,False
306264,True,True,True,True
306288,False,False,True,False
306305,True,True,True,True
306339,True,True,True,True
306361,False,False,False,False
306404,False,False,True,True
306420,False,False,False,False
306467,False,False,False,False
306506,True,True,True,True
306511,False,False,False,False
306516,False,False,False,False
306522,True,True,True,True
306525,False,False,False,False
306553,True,False,True,True
306557,False,True,True,True
306561,False,False,False,False
306581,False,False,False,False
306603,False,True,True,True
306632,False,False,False,False
306638,True,True,True,True
306661,False,False,False,False
306670,True,True,True,False
306703,False,False,False,False
306755,True,True,True,True
306812,True,True,True,True
306822,False,True,True,True
306824,False,False,True,True
306833,False,False,True,True
306866,False,False,False,False
306877,True,True,True,True
306878,True,False,True,True
306895,True,True,True,True
306908,False,False,False,False
306928,True,True,False,False
306972,False,False,False,False
307020,False,True,True,True
307025,False,True,False,False
307026,True,True,True,True
307032,True,True,True,True
307033,True,False,False,False
307034,False,False,False,False
307039,False,True,False,True
307048,False,True,True,False
307069,True,True,True,True
307113,True,True,True,True
307136,False,False,False,False
307174,True,True,True,True
307182,True,True,True,True
307194,False,False,True,True
307209,True,True,True,True
307262,False,False,False,False
307263,False,True,True,False
307270,True,True,True,True
307280,True,True,True,True
307292,False,True,True,True
307323,False,False,False,False
307364,True,False,True,True
307438,False,False,False,False
307442,False,False,False,False
307462,False,True,False,True
307497,False,False,False,False
307534,False,False,False,False
307552,False,True,True,True
307683,False,False,False,False
307686,True,False,True,True
307721,False,True,True,True
307751,True,True,False,False
307759,False,False,False,False
307784,False,True,False,False
307794,False,False,False,True
307803,False,False,False,False
307814,True,False,True,True
307916,True,True,True,True
308027,True,True,True,True
308079,False,False,True,False
308083,False,False,False,True
308121,False,False,False,False
308134,False,False,False,False
308160,True,True,False,True
308299,True,True,True,True
308310,False,False,False,False
308327,False,True,True,False
308372,False,False,False,False
308384,False,False,False,False
308399,False,False,False,False
308436,False,True,True,True
308468,False,True,True,False
308473,True,True,True,False
308475,True,True,True,True
308507,False,False,True,False
308509,True,True,True,True
308543,False,False,True,True
308598,True,True,True,True
308603,True,True,True,True
308610,False,False,True,True
308645,False,False,False,False
308677,True,True,False,False
308678,True,True,True,True
308686,False,False,True,False
308694,False,True,True,True
308735,True,False,False,False
308758,False,False,False,False
308772,False,True,True,True
308849,False,True,False,False
308900,False,False,False,False
308905,False,False,False,True
308919,True,True,True,True
308936,False,False,False,False
308947,True,True,True,True
308964,False,False,False,False
308996,False,False,True,True
309022,False,False,False,False
309044,False,False,False,False
309060,False,False,False,False
309135,True,True,True,True
309181,True,True,True,True
309314,False,False,False,True
309316,False,True,True,True
309323,False,False,False,False
309368,False,True,False,True
309403,False,False,True,True
309424,False,False,False,False
309492,False,False,False,False
309502,True,True,True,True
309511,False,True,True,True
309519,False,True,True,True
309531,False,False,False,False
309552,False,True,True,True
309553,False,True,False,True
309573,False,True,False,True
309598,True,True,True,False
309618,False,False,False,False
309633,False,False,False,False
309695,False,False,True,True
309706,False,False,False,False
309781,True,True,True,True
309813,False,False,False,True
309843,False,True,False,False
309872,True,True,True,True
309915,True,True,True,True
309937,True,True,True,True
309946,False,False,False,False
309948,True,True,True,True
309958,True,True,True,True
310047,False,False,False,False
310049,True,True,False,False
310053,False,False,False,False
310061,False,True,True,True
310071,False,True,False,True
310121,False,False,False,False
310131,False,False,False,False
310150,False,False,False,False
310278,False,False,False,True
310302,False,False,False,False
310331,False,False,False,False
310338,False,True,False,False
310364,False,True,False,True
310369,False,False,False,True
310473,False,False,True,False
310499,True,False,False,False
310538,False,False,False,False
310553,True,True,True,False
310558,False,False,False,False
310562,False,False,False,False
310633,True,True,False,True
310663,False,False,False,False
310671,False,False,False,False
310672,False,False,False,False
310685,False,True,True,True
310751,False,False,False,False
310770,False,True,False,False
310808,True,True,True,True
310858,True,True,True,True
310915,True,False,True,True
310981,True,True,True,True
311015,False,False,False,False
311031,True,True,True,True
311080,False,False,False,True
311109,True,True,True,True
311173,True,True,True,True
311179,False,False,False,True
311244,True,True,True,True
311254,False,False,False,True
311301,False,False,False,False
311324,True,True,True,False
311358,True,True,True,True
311374,False,False,False,False
311378,True,True,True,True
311385,False,False,False,False
311413,True,True,True,True
311416,False,False,False,False
311448,False,False,False,False
311465,False,False,False,False
311469,True,True,True,True
311511,True,True,True,True
311550,False,False,False,False
311564,True,True,True,True
311578,False,False,True,False
311641,True,True,True,True
311690,False,True,True,True
311706,False,True,False,True
311818,False,False,False,True
311827,False,True,True,True
311846,False,True,True,True
311868,False,True,True,True
311902,False,False,False,False
311925,True,True,True,True
311954,False,False,False,False
311999,False,False,False,False
312024,True,True,True,True
312076,False,True,True,True
312139,False,False,True,False
312141,False,True,True,True
312144,True,True,True,True
312167,False,True,True,True
312175,False,True,False,False
312199,False,False,True,False
312220,True,True,True,True
312343,True,True,True,True
312344,False,False,False,False
312346,False,False,False,False
312412,False,False,True,True
312433,False,False,True,True
312435,False,False,False,False
312524,False,False,False,False
312550,True,False,True,True
312577,False,False,False,False
312744,True,True,True,True
312760,False,True,False,True
312785,False,False,True,True
312828,False,False,True,False
312867,False,False,True,True
312876,False,False,True,True
312878,False,False,True,False
312889,True,True,True,True
312902,True,False,False,False
312937,False,False,False,True
312939,True,True,True,True
312960,False,False,False,False
312961,False,False,True,False
313002,False,True,True,True
313019,False,False,False,False
313055,False,False,True,True
313082,True,True,True,True
313213,True,True,True,True
313313,True,True,True,True
313341,False,False,False,False
313397,False,True,True,True
313434,False,False,False,False
313436,False,False,False,False
313437,False,False,False,False
313481,False,True,True,True
313508,True,True,True,True
313518,True,True,True,True
313526,True,True,True,True
313532,True,True,True,True
313541,True,True,True,True
313553,False,True,False,True
313570,False,False,False,True
313582,False,False,False,False
313599,False,False,False,False
313609,True,True,True,True
313617,False,True,True,True
313666,True,True,True,True
313696,False,True,False,False
313705,False,False,True,True
313712,False,False,False,False
313737,True,True,False,False
313768,True,True,True,True
313770,False,False,False,False
313786,False,False,False,True
313818,False,False,False,False
313846,True,True,True,True
313848,True,True,False,False
313861,True,False,False,False
313914,False,True,True,False
313921,False,False,True,True
313928,False,False,False,True
313946,False,False,False,False
313948,False,False,False,True
313979,True,True,True,True
313999,False,False,False,False
314023,True,True,True,True
314048,False,True,True,True
314050,False,True,True,True
314074,False,False,False,False
314093,True,True,True,True
314109,False,False,False,False
314125,False,False,False,False
314147,False,False,False,False
314167,False,False,False,True
314174,False,False,False,False
314179,False,False,False,False
314187,False,False,False,False
314194,True,False,False,False
314265,True,True,True,True
314285,True,True,True,True
314357,False,True,True,False
314408,False,False,False,True
314412,False,False,False,False
314436,False,False,False,False
314504,False,True,False,True
314530,False,False,False,False
314540,True,True,True,True
314672,True,True,True,True
314692,False,False,False,False
314779,False,False,False,False
314787,True,True,True,True
314812,False,True,False,False
314816,False,False,True,False
314844,False,True,False,True
314845,False,False,False,False
314855,True,True,True,True
314864,False,True,True,True
314879,False,True,True,True
314935,False,False,False,False
314944,False,True,False,True
314993,True,False,True,False
315005,False,True,True,True
315013,True,True,False,False
315018,True,True,False,False
315030,False,False,False,False
315065,False,False,True,True
315101,False,True,False,False
315178,False,False,False,False
315218,True,True,True,True
315278,False,False,False,False
315303,True,True,True,True
315319,False,True,False,False
315324,True,True,True,True
315378,True,True,True,True
315393,True,True,True,True
315423,True,True,False,True
315517,True,False,False,False
315564,False,False,False,True
315577,False,False,False,True
315581,False,True,True,True
315620,False,True,False,True
315660,False,False,False,False
315668,True,True,True,True
315696,False,False,False,False
315719,False,False,False,True
315728,False,False,False,False
315740,False,True,False,True
315742,False,False,False,False
315768,False,False,False,False
315790,False,False,False,False
315813,False,False,False,False
315827,False,True,True,True
315830,False,False,False,False
315895,True,True,True,True
315909,True,False,True,True
315974,True,True,True,True
315976,False,False,False,False
315986,False,False,False,False
315992,False,False,False,True
316026,True,True,True,True
316063,False,False,False,False
316075,True,True,False,False
316089,False,False,False,False
316170,False,False,False,False
316183,False,False,False,False
316342,False,False,False,True
316343,False,False,False,True
316365,False,True,True,True
316429,True,True,True,True
316471,True,True,True,True
316503,False,True,False,True
316571,False,False,False,False
316583,True,True,False,True
316585,True,False,True,False
316617,False,True,True,True
316622,False,False,False,False
316640,True,True,True,True
316648,False,False,False,False
316669,True,True,True,True
316700,False,False,False,False
316715,False,True,False,True
316727,False,False,True,True
316777,False,False,False,True
316867,False,True,True,True
316871,True,True,True,True
316912,False,False,False,False
316968,False,False,False,False
317018,False,True,True,False
317036,True,True,True,True
317054,False,False,True,False
317062,False,False,False,False
317105,True,True,True,True
317162,False,True,True,True
317227,False,False,True,True
317250,False,True,True,True
317357,True,True,True,True
317410,True,True,True,True
317448,True,True,True,True
317480,False,True,True,True
317521,False,False,False,False
317573,False,False,False,False
317659,False,False,False,False
317687,False,False,False,True
317781,True,True,True,True
317798,False,False,False,True
317806,False,False,False,False
317825,False,False,False,False
317873,True,True,False,True
317891,False,False,False,False
317939,False,True,True,True
317986,False,False,False,False
318066,False,True,False,True
318073,False,False,False,False
318087,True,True,True,True
318130,False,False,False,False
318164,True,True,True,True
318175,False,False,False,False
318179,False,False,False,False
318185,True,True,True,False
318189,False,False,False,False
318193,False,False,True,True
318200,False,False,False,False
318209,False,False,False,False
318241,False,False,False,False
318306,False,True,True,True
318361,False,True,True,True
318373,True,True,True,True
318382,False,False,False,False
318403,False,False,True,True
318476,False,False,False,False
318524,True,True,True,True
318550,False,False,False,False
318574,False,False,False,False
318598,False,False,False,False
318616,True,True,True,True
318618,False,False,True,False
318677,False,False,False,False
318706,False,True,True,True
318722,False,True,False,False
318733,False,False,False,False
318736,False,False,False,False
318763,False,False,False,False
318783,False,True,True,True
318785,False,False,False,False
318789,True,True,True,True
318807,False,True,True,True
318815,False,True,True,True
318854,False,False,False,False
318906,False,True,False,False
318974,False,False,False,False
318999,False,True,True,True
319031,True,True,True,False
319045,False,True,True,True
319051,False,False,True,False
319053,True,True,True,True
319105,False,False,True,True
319117,False,True,False,True
319122,False,False,False,False
319139,False,False,False,False
319161,False,False,False,False
319192,False,False,False,False
319221,False,False,False,False
319257,False,False,False,False
319283,False,True,True,True
319315,True,False,True,False
319332,False,True,True,True
319339,False,False,False,False
319342,True,True,True,True
319350,False,False,False,False
319391,False,True,True,True
319406,False,False,True,True
319427,False,False,True,True
319452,True,True,True,True
319469,False,False,True,False
319521,False,False,False,False
319541,False,False,True,True
319543,False,False,False,False
319647,True,True,True,True
319649,False,False,False,False
319685,True,True,True,True
319704,False,True,True,True
319706,False,False,False,False
319712,False,False,False,False
319726,False,False,False,False
319731,False,True,False,False
319735,False,False,False,True
319747,False,False,False,False
319768,False,True,False,False
319785,False,True,True,True
319818,False,False,True,False
319899,False,False,True,True
319996,True,True,True,True
320008,True,False,False,False
320059,False,False,False,False
320077,False,False,False,True
320085,False,False,False,False
320111,False,False,True,True
320112,False,False,False,False
320137,False,False,False,False
320246,False,False,False,False
320271,False,False,False,False
320282,True,True,True,True
320349,False,True,True,True
320399,True,True,True,True
320402,True,True,True,True
320432,False,False,False,False
320434,True,True,True,True
320436,False,True,True,True
320451,False,False,False,False
320483,False,False,False,False
320600,False,False,False,False
320609,True,True,True,True
320658,True,False,False,False
320685,False,True,True,True
320693,False,False,False,False
320715,False,False,True,True
320731,False,False,True,True
320763,True,False,True,True
320780,False,False,False,False
320808,False,True,True,True
320832,False,False,False,False
320835,True,True,True,True
320867,False,True,True,True
320872,False,False,False,False
320892,False,False,False,False
320901,True,True,True,True
320911,True,True,True,True
320929,False,False,False,False
320946,True,True,True,True
321064,False,False,False,False
321066,True,True,True,True
321182,True,True,True,True
321206,False,False,False,False
321223,False,False,False,False
321317,True,True,True,True
321363,True,True,True,True
321389,False,False,False,False
321422,True,True,True,True
321427,False,False,False,False
321438,True,True,True,True
321492,False,False,True,True
321522,False,False,False,False
321539,False,False,False,False
321550,False,True,True,True
321578,False,True,True,True
321588,False,False,False,False
321635,False,False,False,False
321679,False,False,True,True
321700,False,False,False,False
321701,False,True,False,True
321776,True,True,True,True
321804,False,False,False,False
321806,True,False,False,False
321831,True,True,True,True
321852,False,False,True,True
321860,False,False,False,False
321878,False,False,False,False
321938,False,False,False,False
321940,False,False,True,True
321942,False,False,False,False
321968,False,False,False,False
322051,False,True,True,True
322091,True,True,True,True
322094,False,False,False,False
322106,False,True,False,False
322174,False,False,True,False
322191,False,False,True,True
322327,False,False,False,False
322349,False,False,False,False
322398,True,True,True,True
322407,False,False,False,False
322445,False,False,False,False
322507,False,True,False,True
322509,False,False,True,False
322517,False,True,False,False
322562,True,True,True,True
322577,False,False,False,False
322594,False,False,False,False
322629,True,True,True,True
322827,True,True,True,True
322847,False,False,False,False
322892,False,False,True,True
322943,True,False,True,True
322979,False,True,False,False
323020,True,False,False,False
323054,False,False,False,True
323125,True,True,True,True
323186,True,False,False,False
323218,False,False,True,True
323249,False,False,False,False
323252,False,False,False,False
323334,False,True,True,True
323341,True,True,True,False
323360,True,True,True,True
323460,False,False,False,False
323467,True,False,True,True
323470,False,False,False,False
323499,False,False,False,True
323583,True,False,True,True
323668,False,False,False,False
323765,False,True,True,True
323790,True,True,True,True
323853,True,False,True,True
323888,True,True,True,True
323919,True,True,False,True
323951,True,True,True,True
324000,False,False,False,False
324006,False,False,False,True
324012,False,False,False,False
324018,False,False,False,False
324037,True,True,True,True
324051,True,True,True,True
324116,True,True,True,True
324135,True,True,True,True
324145,False,False,True,True
324156,False,False,False,False
324171,True,True,False,True
324225,False,True,False,True
324231,True,True,True,True
324253,True,True,True,True
324280,False,False,False,False
324315,False,False,True,True
324316,False,False,False,False
324340,False,True,False,True
324342,False,False,True,True
324365,False,False,False,True
324366,False,False,False,False
324413,True,False,False,False
324419,False,False,False,False
324427,False,False,False,False
324455,True,False,True,True
324521,False,False,False,True
324567,True,True,True,True
324580,True,True,True,True
324584,False,False,False,False
324588,False,True,True,True
324598,False,False,False,True
324650,False,False,False,False
324669,False,True,True,True
324677,False,False,True,True
324682,False,False,False,False
324689,False,True,True,True
324705,False,False,False,True
324717,False,False,False,False
324772,True,True,True,True
324829,False,False,True,True
324832,True,True,False,False
324837,False,False,True,False
324870,True,False,True,True
324871,False,False,False,False
324891,False,False,False,False
324894,False,False,False,False
324904,False,False,True,False
324924,False,False,True,True
324929,False,False,False,False
324940,False,False,False,False
324952,False,True,True,True
324979,False,False,False,False
324995,True,True,True,False
325022,True,True,True,True
325027,True,True,True,True
325040,True,False,True,True
325042,False,False,False,False
325055,False,True,True,True
325102,False,False,False,False
325126,False,False,False,False
325132,True,True,True,True
325184,True,True,False,True
325236,False,False,True,False
325261,True,True,True,True
325294,True,True,True,True
325328,False,False,False,True
325343,False,True,False,True
325366,False,False,False,True
325385,False,False,False,False
325389,False,True,True,True
325459,False,False,False,False
325503,False,False,False,False
325505,False,False,False,False
325570,True,True,True,True
325587,False,False,True,True
325590,False,True,True,True
325602,True,True,True,True
325682,False,False,False,True
325684,True,True,True,True
325693,False,False,False,False
325696,False,False,False,True
325720,False,False,False,True
325727,True,True,True,True
325758,False,False,False,True
325768,False,True,True,True
325781,False,True,True,False
325821,False,False,True,True
325831,False,True,True,True
325873,False,False,True,True
325891,False,False,False,False
325915,True,False,False,True
325919,False,False,False,False
325981,False,False,False,False
325986,False,True,True,True
325989,False,False,False,False
326064,False,False,True,False
326073,False,False,False,False
326075,False,False,False,False
326080,False,False,True,False
326081,True,True,False,True
326098,False,False,False,False
326108,False,False,False,False
326116,False,False,False,True
326210,False,False,False,False
326293,False,False,False,False
326299,False,False,True,True
326336,True,True,True,True
326428,False,True,False,False
326433,True,True,True,True
326480,True,True,True,True
326484,False,False,False,False
326493,False,False,False,False
326594,False,False,False,True
326601,True,True,True,True
326628,False,False,False,False
326666,False,False,False,True
326702,False,False,False,False
326814,False,False,False,False
326832,False,False,False,False
326836,False,False,False,False
326863,False,False,False,False
326903,False,True,True,True
326920,True,True,True,True
326925,False,True,True,True
326928,True,True,True,True
326935,True,True,True,True
326937,True,True,False,True
327131,True,False,True,True
327149,True,True,True,True
327174,True,True,True,True
327181,False,False,False,False
327241,False,False,False,False
327318,False,True,True,True
327330,True,True,True,True
327418,False,True,True,True
327455,False,False,False,True
327481,False,False,False,False
327490,False,False,False,True
327491,False,True,True,True
327530,True,False,True,True
327536,False,False,False,False
327567,False,False,False,False
327572,False,False,False,False
327576,False,True,True,True
327610,False,False,False,True
327616,False,True,True,True
327638,True,True,True,True
327675,True,True,True,True
327695,False,False,False,False
327768,False,False,False,False
327918,False,False,True,False
327970,True,True,True,True
328041,False,False,False,True
328066,False,False,False,False
328068,False,False,True,True
328106,True,True,True,True
328110,False,False,False,False
328124,False,False,False,False
328163,False,False,False,True
328189,True,False,False,True
328217,False,False,True,False
328271,True,True,True,True
328275,False,False,False,False
328284,False,True,True,True
328298,False,True,True,True
328412,True,False,False,False
328462,False,False,False,False
328487,False,True,False,False
328500,True,True,True,True
328522,True,True,True,True
328536,False,False,False,False
328581,False,True,True,True
328606,True,True,True,True
328651,False,True,True,True
328668,False,True,True,True
328732,False,True,True,True
328740,True,False,False,False
328791,False,False,False,False
328797,False,False,False,False
328812,False,False,False,False
328855,False,False,False,False
328906,False,False,False,True
328962,False,False,True,True
329016,False,False,False,False
329054,False,False,False,False
329090,True,True,True,True
329105,True,True,True,True
329139,False,False,False,False
329148,False,False,False,True
329150,False,False,True,True
329151,True,False,False,True
329254,True,True,True,True
329339,True,True,True,True
329351,False,False,False,False
329354,False,False,False,False
329368,False,True,True,True
329373,False,False,False,False
329386,False,False,False,False
329394,True,True,True,True
329475,False,False,False,False
329623,False,False,False,False
329652,False,False,False,False
329661,False,False,True,True
329717,False,True,True,True
329737,False,True,False,True
329756,False,False,False,True
329762,False,False,False,False
329782,True,True,True,True
329806,True,True,True,True
329847,True,False,True,True
329888,True,True,True,True
329903,True,True,True,True
329948,False,False,False,False
329957,False,False,False,False
330023,False,False,True,False
330053,False,False,True,False
330088,True,True,True,True
330100,False,False,False,False
330139,False,False,False,False
330140,False,False,False,False
330208,False,False,False,False
330220,False,False,False,False
330262,False,True,True,True
330292,True,True,False,True
330342,False,False,True,True
330376,False,False,False,False
330395,False,False,False,False
330410,True,True,True,False
330432,True,True,True,True
330435,True,True,True,True
330455,False,True,True,True
330513,False,False,False,True
330529,False,False,False,False
330572,False,True,False,True
330597,False,False,True,True
330660,False,False,False,False
330665,False,True,True,True
330671,False,False,False,False
330694,False,False,False,False
330712,False,False,False,False
330750,False,False,True,True
330752,False,False,False,False
330754,False,False,False,False
330785,False,False,False,False
330824,True,True,True,True
330878,True,True,True,True
330880,False,False,False,False
330897,True,False,True,True
330901,False,False,False,False
330907,False,False,False,False
330951,True,True,True,True
330959,False,True,True,True
330988,True,True,True,True
330990,False,False,False,False
331082,False,False,False,False
331133,False,False,False,False
331134,False,False,False,True
331201,False,False,True,False
331214,False,False,False,False
331229,False,False,False,False
331230,False,False,False,False
331249,True,True,True,True
331250,False,False,False,True
331264,True,True,True,True
331279,True,True,True,True
331289,False,False,False,False
331298,True,False,False,False
331326,False,False,True,True
331366,False,False,True,True
331417,False,True,True,True
331425,False,False,False,False
331426,True,False,False,False
331444,False,False,False,False
331457,False,False,False,False
331479,True,True,True,True
331492,True,True,True,True
331496,False,True,True,True
331523,False,False,False,False
331549,False,False,False,False
331551,True,True,True,False
331642,True,True,True,True
331670,False,False,False,False
331676,False,False,False,False
331680,True,True,True,True
331688,False,False,False,False
331740,False,False,False,False
331746,True,False,True,False
331822,False,True,True,True
331863,False,False,False,False
331871,False,False,False,False
331904,False,False,False,False
331937,False,False,False,False
331954,False,False,False,False
331998,False,False,True,True
332013,False,False,False,False
332015,False,False,False,False
332027,True,True,True,True
332031,False,False,False,False
332078,True,True,False,True
332122,False,False,False,False
332153,True,True,True,True
332159,False,False,False,False
332166,True,True,True,True
332217,True,True,True,True
332292,True,False,False,False
332300,True,True,True,True
332316,False,False,False,False
332352,False,False,True,True
332355,False,False,False,True
332397,True,True,False,True
332403,True,True,True,True
332407,False,False,False,False
332432,True,False,False,False
332463,False,False,False,False
332498,True,True,True,True
332537,False,False,True,False
332568,True,True,True,True
332613,False,False,False,False
332625,False,True,True,True
332684,False,False,False,False
332721,False,True,True,True
332739,False,True,True,True
332740,True,True,True,True
332925,False,False,False,True
332931,False,True,True,True
332943,False,False,False,False
332976,False,False,False,False
333081,False,False,False,False
333095,False,False,False,True
333130,True,True,True,True
333152,True,True,True,True
333181,False,False,False,False
333247,False,False,False,False
333267,True,True,True,True
333277,False,False,False,False
333302,False,False,False,False
333348,False,False,False,False
333363,False,False,False,True
333430,False,False,False,False
333443,True,True,True,True
333492,True,True,True,True
333537,False,False,False,False
333583,False,False,True,False
333634,False,True,True,True
333652,False,True,True,False
333653,False,False,False,True
333664,False,False,True,True
333683,False,False,False,False
333688,False,False,False,False
333703,False,False,True,False
333704,False,False,False,True
333708,False,True,True,True
333775,False,False,True,False
333807,False,False,False,False
333818,False,True,True,True
333820,True,True,True,True
333842,False,False,False,True
333848,False,False,False,False
333862,False,True,True,True
333868,False,True,True,True
333876,False,False,False,False
333904,False,True,True,True
334007,False,False,False,True
334034,True,True,True,True
334056,False,True,True,True
334109,True,True,True,True
334125,False,True,False,True
334161,False,False,False,False
334171,False,True,False,False
334187,False,False,True,True
334208,True,True,True,True
334215,False,True,True,False
334291,False,False,False,False
334320,False,False,True,False
334327,True,True,True,True
334352,False,False,False,False
334416,False,False,False,False
334423,False,True,True,False
334432,False,True,True,True
334441,True,False,False,False
334509,False,False,False,False
334523,False,False,False,False
334529,False,False,False,False
334549,False,True,True,True
334594,True,True,True,True
334596,False,False,False,False
334616,False,False,True,True
334625,False,False,False,True
334671,False,False,False,False
334703,False,False,True,True
334713,False,True,False,True
334732,True,True,True,True
334742,False,False,False,False
334752,True,False,False,False
334760,True,True,True,True
334810,False,False,False,False
334837,True,True,True,True
334850,True,True,False,False
334858,False,False,False,False
334867,False,False,False,False
334868,False,False,False,False
334881,False,False,False,False
334936,True,True,True,True
334953,False,False,False,True
335047,False,False,False,False
335065,False,False,False,True
335076,False,True,True,True
335087,False,False,False,False
335099,False,False,False,False
335109,False,False,False,False
335111,True,True,True,True
335207,False,False,True,True
335241,True,True,True,True
335243,True,True,True,True
335332,False,False,False,False
335336,True,False,False,False
335339,True,True,True,True
335340,False,False,False,False
335344,False,True,False,True
335366,True,True,True,False
335383,False,False,False,False
335434,False,True,True,False
335440,False,False,False,False
335486,True,True,True,True
335500,False,False,False,False
335503,True,False,False,False
335513,False,False,True,True
335539,False,False,False,False
335552,False,False,False,True
335650,True,True,True,True
335656,True,False,False,False
335696,False,True,True,True
335735,False,False,True,True
335758,False,False,False,False
335827,True,True,True,True
335840,False,False,False,False
335855,False,False,False,False
335857,False,True,True,True
335866,True,True,True,True
335929,True,True,True,True
335940,True,True,True,True
336003,True,True,True,True
336047,False,False,False,False
336063,False,False,False,False
336075,False,False,False,False
336077,False,False,False,False
336088,False,True,True,False
336101,False,False,False,True
336166,True,True,True,True
336185,True,True,True,True
336195,False,True,False,True
336230,True,True,True,True
336276,True,True,False,True
336314,True,True,True,True
336320,False,False,False,False
336333,False,False,False,False
336354,False,False,False,False
336397,True,True,True,True
336445,False,False,False,False
336452,False,False,True,True
336474,False,False,False,False
336484,False,False,False,True
336487,True,True,True,True
336489,False,False,False,False
336568,False,False,False,False
336576,False,False,False,False
336578,False,False,False,False
336629,False,False,False,False
336637,False,False,False,False
336663,False,False,False,False
336668,False,True,True,True
336688,False,False,True,True
336723,False,False,False,False
336783,False,False,False,False
336840,False,False,False,False
336854,False,False,False,True
336874,False,False,False,False
336892,False,False,False,False
336980,False,False,True,True
336984,False,False,False,False
336990,True,True,True,True
337042,True,False,True,True
337068,False,False,False,False
337083,True,True,False,False
337147,False,False,False,False
337188,False,False,False,False
337207,False,True,True,True
337232,False,False,False,False
337264,False,False,False,False
337277,False,False,False,False
337297,True,True,True,True
337314,True,True,True,True
337354,False,False,False,False
337403,False,True,True,False
337448,False,True,True,True
337472,True,True,True,True
337517,False,False,True,True
337522,False,False,False,False
337536,False,False,False,False
337546,True,True,True,True
337552,False,False,False,False
337561,False,False,False,False
337579,True,False,False,False
337585,False,False,False,True
337619,False,False,False,False
337682,False,False,False,True
337691,True,True,True,True
337711,False,True,True,True
337728,True,True,True,True
337745,False,False,False,False
337748,True,True,True,True
337761,False,False,False,True
337780,False,False,False,True
337784,False,True,False,False
337808,False,False,False,False
337814,False,False,True,True
337818,False,False,True,True
337827,True,True,True,False
337877,False,False,False,False
337883,False,False,False,False
337902,False,False,False,False
337976,True,True,True,True
337984,False,False,False,False
337993,True,True,True,True
338030,False,False,False,False
338041,False,False,False,False
338050,False,False,False,False
338087,True,True,True,True
338118,False,False,False,False
338143,True,False,True,True
338210,True,True,True,True
338258,False,False,False,True
338289,False,True,False,True
338291,False,False,False,False
338342,True,True,True,True
338363,True,True,True,True
338407,False,False,True,False
338417,False,False,False,False
338458,False,False,True,True
338478,False,True,True,True
338522,False,False,False,False
338549,True,True,True,True
338592,True,True,True,True
338629,False,False,False,False
338807,True,True,True,True
338872,False,False,False,False
338884,False,True,True,True
338911,False,True,True,True
338954,False,False,True,False
338963,False,False,False,False
338964,False,True,True,True
338972,False,False,True,True
338988,True,True,True,True
339007,True,True,True,True
339120,False,True,True,False
339211,False,False,False,False
339250,False,True,False,True
339266,False,False,False,False
339270,True,True,False,False
339356,False,False,False,False
339468,False,False,False,False
339499,True,True,True,True
339501,False,False,False,False
339536,False,False,False,False
339579,True,True,True,True
339591,True,True,True,True
339676,True,True,True,True
339681,False,False,False,False
339709,True,True,True,True
339711,False,False,False,False
339815,False,True,False,False
339816,False,False,True,True
339830,False,False,False,False
339845,False,True,False,True
339914,False,False,False,False
339916,False,False,False,False
339919,False,False,True,False
339940,False,False,True,True
339988,False,True,True,True
340003,False,True,True,True
340019,False,True,True,True
340034,False,True,True,True
340069,False,False,False,False
340145,False,False,False,False
340152,False,True,False,True
340184,False,False,True,False
340197,True,True,True,True
340220,False,False,False,False
340226,True,False,False,False
340261,False,True,False,True
340278,False,False,False,False
340331,True,True,True,True
340406,False,False,False,False
340488,False,False,False,False
340503,True,True,True,True
340529,False,False,False,False
340535,False,True,True,False
340537,False,False,False,True
340611,False,False,False,False
340703,False,False,False,False
340727,False,False,False,False
340734,False,False,True,True
340736,False,False,False,False
340758,False,False,False,False
340771,False,False,False,False
340804,False,False,False,True
340829,False,False,False,True
340841,False,False,False,False
340897,False,True,True,False
340929,True,True,True,True
341006,False,True,True,False
341039,False,False,False,True
341040,False,False,True,True
341056,False,False,False,False
341060,False,False,False,False
341061,False,True,True,True
341062,False,False,True,True
341087,False,False,False,False
341118,False,False,False,True
341193,False,True,True,True
341206,True,True,True,True
341247,False,False,False,False
341437,False,True,True,True
341487,False,True,True,True
341529,False,True,True,False
341617,True,True,True,True
341676,True,True,True,True
341695,False,False,False,True
341716,False,False,False,False
341756,True,True,True,True
341768,False,False,False,False
341818,False,False,False,False
341891,False,False,False,False
341941,False,False,False,False
342010,False,False,True,True
342051,False,False,False,False
342060,False,False,False,True
342130,False,False,False,True
342142,True,True,True,True
342150,True,False,True,True
342159,False,False,True,False
342185,False,False,True,True
342203,False,False,True,False
342211,False,False,False,False
342323,True,False,False,True
342325,False,False,False,True
342342,False,True,True,False
342353,False,False,False,False
342403,False,False,False,False
342432,False,True,True,True
342483,True,True,True,True
342521,False,True,True,True
342532,False,False,False,False
342566,False,False,False,False
342583,True,True,False,False
342591,False,True,True,True
342614,False,False,True,True
342639,False,False,False,False
342643,False,True,True,True
342681,True,True,True,True
342696,False,True,False,False
342742,False,True,True,True
342745,False,False,False,False
342757,True,True,True,True
342814,True,True,False,True
342851,False,True,False,False
342921,False,False,False,False
342942,True,True,True,True
342958,False,False,False,False
342996,False,True,False,False
343057,False,False,False,False
343062,False,True,True,True
343135,True,False,False,True
343166,False,False,True,True
343185,False,False,False,True
343187,False,False,False,False
343204,False,False,False,False
343213,True,True,True,True
343264,True,False,True,True
343307,True,True,False,False
343319,True,True,True,True
343322,False,False,False,False
343341,False,False,True,True
343349,True,True,False,True
343385,False,True,True,True
343413,True,True,True,True
343418,False,False,False,False
343422,False,False,False,False
343425,True,True,True,True
343432,False,True,True,True
343498,False,False,False,False
343571,True,True,True,True
343603,False,False,False,False
343650,False,False,False,False
343703,False,False,False,False
343749,True,True,True,True
343770,False,False,False,False
343799,False,False,False,True
343849,False,False,False,False
343867,True,True,True,True
343881,False,False,False,False
343892,True,True,True,True
343912,False,False,True,True
344073,False,False,False,True
344126,True,True,True,True
344146,False,True,True,True
344180,True,True,True,True
344181,False,False,False,False
344231,False,False,False,False
344254,False,True,False,True
344264,False,False,True,True
344308,False,False,False,False
344319,True,True,True,False
344399,False,False,False,False
344507,False,True,True,True
344561,False,True,True,True
344566,False,False,False,False
344599,True,True,True,True
344629,False,False,False,False
344637,True,True,True,True
344702,False,False,True,True
344726,True,False,False,False
344782,True,True,True,True
344793,False,False,True,True
344805,False,True,True,True
344830,True,True,True,True
344844,False,False,True,True
344857,False,False,False,False
344897,True,True,True,True
344930,True,True,True,True
344955,False,False,False,False
344989,False,False,False,False
345009,False,False,False,False
345014,False,True,True,True
345020,False,False,False,False
345029,True,True,True,True
345047,False,False,False,False
345114,False,False,False,False
345142,False,False,False,False
345188,False,False,True,True
345225,False,False,False,False
345275,True,True,True,True
345389,False,False,False,False
345390,True,True,True,True
345400,False,False,False,False
345497,False,False,False,True
345498,False,False,False,True
345560,True,True,True,True
345595,False,True,False,True
345617,False,False,False,False
345644,False,False,False,True
345701,False,False,False,False
345781,True,True,True,True
345786,False,False,False,False
345879,False,False,False,True
345930,True,True,True,True
345952,False,False,False,False
345973,True,False,False,False
345979,True,True,True,True
345988,True,True,True,True
346026,False,False,True,False
346083,True,False,True,True
346084,False,False,False,False
346095,False,False,True,True
346121,False,False,False,True
346161,False,False,False,False
346178,False,True,True,True
346270,False,False,False,False
346337,True,True,True,True
346341,False,False,False,False
346344,False,True,False,True
346425,False,True,True,True
346458,False,True,True,True
346469,False,False,True,True
346497,False,False,False,False
346596,False,False,True,False
346614,False,True,False,False
346653,True,True,True,True
346687,True,True,True,True
346717,False,False,False,True
346724,False,True,True,False
346754,False,False,False,False
346774,False,False,False,False
346813,True,True,True,True
346817,False,True,True,True
346823,True,True,True,True
346839,False,True,True,True
346934,False,False,False,False
346947,False,False,False,False
346954,False,True,True,True
346965,False,True,True,True
347037,True,True,True,True
347055,False,False,False,False
347087,False,False,False,False
347101,False,False,False,True
347115,False,False,False,True
347135,True,True,True,True
347139,False,False,False,False
347144,False,False,False,False
347167,False,False,False,False
347177,False,True,True,False
347210,True,True,True,True
347216,True,False,True,True
347243,True,True,True,True
347253,False,False,False,True
347292,True,True,True,True
347297,True,True,True,True
347300,False,False,False,False
347340,False,False,False,False
347463,False,False,False,True
347467,False,False,False,False
347482,False,True,True,True
347542,False,True,True,False
347555,False,True,True,True
347570,True,True,True,True
347571,True,True,True,True
347650,False,False,False,True
347675,True,True,True,True
347697,False,False,False,True
347728,True,True,False,True
347766,False,True,True,True
347819,True,True,True,True
347878,False,True,True,True
347885,False,True,False,True
347921,True,True,True,True
347926,True,False,True,True
347976,True,False,False,False
347982,False,False,False,False
347995,True,False,True,True
348046,False,False,False,False
348059,False,False,False,False
348074,True,True,True,True
348076,True,True,True,True
348162,False,False,False,False
348221,False,False,False,False
348290,False,False,True,False
348314,False,False,False,False
348371,False,False,False,False
348480,False,False,False,False
348496,False,False,False,False
348517,False,False,False,True
348538,True,False,False,True
348621,False,False,False,False
348684,True,True,True,True
348701,True,False,False,False
348723,True,True,True,True
348785,True,True,True,False
348790,True,True,True,True
348801,True,False,False,True
348822,False,True,False,True
348922,True,True,True,True
349006,False,False,False,False
349007,False,True,True,False
349074,False,False,False,False
349103,False,False,True,False
349130,False,False,False,False
349199,False,False,False,False
349230,False,False,False,False
349234,False,True,True,True
349267,True,True,True,True
349278,False,False,False,False
349319,False,False,False,False
349322,False,True,True,False
349354,False,False,False,False
349363,False,False,False,False
349403,True,True,True,True
349410,True,True,True,True
349437,False,True,True,False
349447,False,False,False,False
349525,False,False,False,False
349697,True,True,True,True
349709,False,False,False,False
349754,True,False,True,True
349782,True,False,False,False
349809,True,True,True,True
349817,True,True,True,True
349827,False,True,True,False
349912,False,True,True,True
349918,False,False,False,False
350009,False,False,False,False
350014,False,True,False,False
350073,False,False,False,False
350077,False,False,False,False
350089,False,True,True,True
350107,False,True,True,False
350174,False,False,False,False
350231,False,False,False,False
350272,False,False,True,True
350303,False,False,True,True
350313,True,False,True,True
350331,False,True,True,True
350340,True,False,False,False
350341,False,False,False,False
350360,True,True,True,True
350361,False,True,True,True
350457,False,True,False,False
350468,False,False,False,False
350506,False,False,True,False
350614,True,True,True,True
350620,True,True,True,True
350621,True,True,True,True
350640,False,False,False,False
350648,False,True,True,True
350649,True,True,True,True
350675,True,True,True,True
350681,False,True,True,True
350701,False,False,False,False
350737,False,False,False,False
350741,False,True,True,True
350799,True,True,False,True
350854,True,True,True,False
350855,False,False,False,False
350874,True,True,True,True
350879,True,True,True,True
350930,False,True,True,True
350961,False,False,False,True
350987,True,False,True,True
351036,True,True,True,True
351053,True,False,False,True
351081,False,False,False,False
351141,False,False,False,False
351166,False,False,True,True
351242,False,False,False,False
351262,False,False,True,False
351298,True,True,True,True
351322,False,False,False,False
351422,False,True,False,True
351463,True,True,True,True
351470,False,True,True,True
351480,False,False,False,False
351483,False,False,True,True
351489,False,False,False,False
351577,False,False,False,False
351597,True,True,True,False
351621,True,True,True,True
351715,False,True,True,True
351972,False,False,True,False
351975,False,True,False,True
351981,True,True,True,True
352005,False,True,True,False
352011,False,False,False,False
352019,False,False,True,True
352065,True,False,False,True
352120,True,True,True,False
352142,True,False,True,True
352145,True,True,True,True
352148,True,True,True,True
352173,False,False,False,False
352180,False,False,False,False
352185,True,True,True,True
352192,False,True,True,True
352194,False,False,False,False
352199,False,False,False,False
352213,False,True,True,False
352217,True,True,True,True
352234,False,True,True,True
352247,False,False,False,False
352286,False,False,False,False
352288,False,False,True,True
352361,True,True,True,True
352407,True,True,True,True
352412,False,False,True,True
352425,True,True,True,True
352476,False,True,True,True
352478,False,False,True,False
352484,True,False,True,True
352533,False,False,False,False
352651,False,False,False,False
352694,True,True,True,True
352703,False,False,False,False
352709,False,False,False,False
352794,False,True,False,False
352821,False,False,False,False
352835,False,False,False,False
352877,False,True,True,True
352938,True,True,True,True
352985,False,False,False,False
353028,False,False,False,False
353046,True,True,True,True
353056,False,True,True,True
353090,True,True,True,True
353197,False,False,False,False
353223,True,True,True,True
353231,False,False,False,True
353274,True,True,True,True
353288,False,True,True,False
353321,True,False,False,False
353357,True,True,True,True
353370,True,True,True,True
353411,False,False,False,False
353427,False,False,False,False
353435,False,False,False,False
353460,False,False,False,False
353483,True,True,False,False
353505,False,False,True,True
353561,False,False,False,False
353582,False,False,False,False
353590,False,False,True,True
353608,False,False,False,True
353622,False,True,False,True
353634,False,True,False,True
353671,False,True,True,False
353709,True,True,True,True
353740,True,True,True,True
353754,True,True,True,False
353787,False,True,True,True
353803,False,False,False,True
353860,True,False,True,True
353907,False,True,True,True
353912,False,False,False,False
353915,True,True,True,True
353919,False,False,False,False
353929,False,False,False,False
353933,False,False,False,False
353938,False,False,False,False
353999,False,True,True,True
354035,False,False,False,False
354095,False,False,False,False
354132,True,False,False,False
354218,False,False,True,True
354221,False,False,True,True
354306,False,False,True,True
354333,True,True,True,True
354368,True,True,True,False
354483,False,False,False,True
354537,True,True,True,True
354539,False,False,True,True
354557,False,False,True,True
354603,False,False,False,False
354626,False,False,False,True
354655,False,False,False,False
354661,False,False,True,True
354699,False,False,True,False
354721,False,True,True,True
354724,False,True,False,False
354738,True,True,True,True
354794,False,False,False,False
354804,True,True,True,True
354843,False,False,False,True
354846,False,True,True,True
355106,False,False,False,False
355110,True,True,True,True
355111,False,True,True,True
355123,False,False,False,False
355143,True,True,True,True
355168,True,True,True,True
355175,False,False,False,False
355182,False,False,False,False
355210,False,False,False,False
355221,False,False,False,False
355276,True,True,True,True
355297,True,True,True,True
355301,True,False,True,True
355304,False,False,False,False
355345,False,True,False,True
355360,False,False,False,False
355385,False,False,True,False
355425,False,False,False,False
355440,False,False,False,False
355480,True,True,True,False
355487,False,False,False,False
355552,False,False,False,True
355589,True,False,False,False
355603,False,False,False,True
355647,False,False,False,False
355651,True,False,False,True
355674,False,False,False,False
355727,False,False,False,True
355736,False,False,False,False
355741,True,True,True,True
355762,False,False,False,False
355778,False,False,False,False
355828,True,True,True,True
355857,False,False,False,False
355866,True,True,True,True
355870,False,False,False,False
355894,False,False,False,False
355919,True,True,True,True
355956,False,False,False,False
355967,False,False,False,False
355971,True,False,True,True
355974,False,False,False,False
356060,False,True,False,True
356086,False,False,True,False
356131,True,True,True,True
356145,False,False,False,True
356153,False,False,False,True
356253,False,False,False,True
356290,False,False,False,True
356337,False,False,False,False
356344,False,False,False,False
356358,False,False,False,False
356374,True,False,True,True
356379,False,True,True,True
356380,False,False,False,False
356394,False,False,False,False
356400,False,False,False,False
356445,True,True,True,True
356622,False,True,True,True
356645,False,True,True,False
356648,False,False,True,True
356704,False,True,False,True
356783,False,True,True,True
356788,False,False,False,False
356790,False,False,False,False
356869,False,True,True,True
356906,False,True,True,True
356921,False,True,True,True
356922,False,False,False,False
356923,True,False,False,False
357013,False,True,True,False
357023,False,False,False,False
357089,False,False,False,False
357164,True,True,True,True
357169,False,False,False,True
357202,True,True,False,True
357220,True,True,True,True
357229,False,False,False,False
357242,True,False,True,True
357272,True,True,False,False
357502,False,True,True,True
357526,True,False,True,True
357532,False,False,False,False
357533,True,True,True,True
357568,True,False,False,True
357586,False,False,True,False
357604,False,False,False,True
357614,False,False,True,True
357659,True,True,True,True
357663,True,True,True,True
357750,False,False,False,False
357790,False,True,True,True
357800,False,False,False,False
357810,False,False,False,True
357812,False,False,False,False
357860,False,True,True,True
357865,False,False,False,False
357898,False,False,True,True
357944,False,False,False,False
357966,False,False,False,False
357976,False,False,False,False
357984,False,True,True,True
358024,True,False,False,False
358075,False,True,True,True
358079,False,True,False,False
358103,False,False,False,False
358176,False,False,False,False
358200,False,False,False,True
358237,True,True,True,True
358265,False,True,False,False
358291,False,False,False,False
358293,False,False,False,False
358312,True,True,True,True
358378,True,True,True,True
358384,False,False,False,False
358405,False,True,True,False
358411,False,False,False,False
358421,False,False,True,False
358429,False,True,False,False
358438,False,False,True,True
358482,True,True,True,True
358492,True,True,True,True
358502,False,True,True,False
358534,True,False,False,True
358543,False,False,False,False
358558,False,False,False,True
358576,False,False,False,True
358584,False,False,False,False
358633,False,False,False,False
358664,True,True,True,True
358724,True,True,True,True
358730,False,False,False,False
358748,True,True,True,True
358770,False,True,False,True
358891,True,True,True,True
358901,True,False,True,True
358980,False,True,True,True
358982,False,True,True,True
359020,True,True,True,True
359073,True,True,False,False
359085,True,True,True,True
359094,True,True,True,True
359110,True,True,True,True
359139,False,True,True,True
359140,True,True,True,True
359168,False,False,False,False
359200,False,False,False,True
359201,False,False,False,False
359220,False,False,False,False
359234,True,True,True,True
359253,False,False,False,False
359339,False,True,True,True
359357,True,True,True,True
359399,False,False,False,False
359451,False,False,False,False
359481,False,True,True,True
359492,True,True,True,True
359519,True,True,True,True
359521,False,False,True,True
359569,False,False,False,False
359595,False,False,False,True
359620,False,False,False,False
359625,False,False,False,False
359676,False,False,False,True
359688,True,True,True,True
359695,False,False,True,True
359701,False,True,True,True
359715,True,True,True,True
359719,False,False,False,False
359762,False,False,False,False
359791,False,True,True,True
359801,False,False,False,False
359843,True,True,True,True
359868,False,False,False,True
359977,True,True,True,False
360017,True,False,False,False
360068,False,False,False,False
360071,False,True,False,True
360101,False,False,False,True
360114,False,False,True,True
360170,False,False,False,False
360182,False,True,False,False
360189,False,False,False,False
360208,False,False,True,False
360211,False,False,False,True
360216,False,False,False,True
360217,False,True,False,True
360306,False,False,True,True
360346,False,False,False,False
360352,False,True,True,True
360370,True,True,True,True
360427,False,True,True,True
360447,False,False,True,True
360452,False,False,True,False
360473,False,False,False,True
360485,False,False,False,False
360494,False,False,False,True
360504,True,True,False,False
360528,True,True,True,True
360536,False,False,False,False
360579,False,False,False,False
360585,True,True,True,True
360595,False,False,False,False
360605,True,True,True,True
360610,False,False,False,False
360611,False,False,True,False
360624,False,False,False,False
360629,False,False,False,False
360637,False,False,False,False
360665,True,True,True,True
360695,True,True,False,False
360700,True,True,True,True
360730,False,False,False,True
360759,False,True,True,False
360762,False,False,False,False
360778,False,False,True,True
360798,False,False,False,False
360868,False,False,False,False
360869,True,True,True,True
360870,False,False,False,False
360877,False,False,False,False
360931,True,True,False,False
360991,False,False,False,False
361021,False,False,False,True
361030,True,True,True,True
361038,False,True,False,True
361111,False,False,True,False
361120,False,False,False,False
361149,True,True,False,False
361171,True,True,True,True
361197,True,False,False,True
361208,False,False,False,True
361217,True,True,True,True
361233,True,True,False,True
361256,True,True,True,True
361316,False,False,False,False
361351,True,True,False,True
361359,False,False,False,False
361381,False,True,True,True
361394,False,False,False,False
361399,False,False,True,True
361430,False,True,True,True
361439,False,False,True,True
361454,False,True,True,True
361460,True,True,True,True
361480,True,True,False,False
361512,False,False,False,True
361578,False,False,False,False
361585,False,False,True,False
361604,True,True,True,False
361618,False,False,False,False
361660,False,False,False,False
361669,True,True,True,True
361687,False,True,True,True
361739,False,False,False,False
361755,False,False,False,False
361769,True,True,True,True
361778,False,False,False,True
361799,True,True,True,True
361842,False,True,True,True
361860,True,True,True,True
361896,True,True,True,True
361920,False,False,False,False
361923,True,True,True,True
361959,False,False,False,False
361992,False,False,False,False
362007,False,True,True,False
362008,True,True,True,True
362031,False,False,True,True
362035,False,True,True,True
362079,True,True,True,True
362090,False,False,False,False
362091,False,False,False,True
362094,False,False,False,False
362103,True,True,True,True
362108,False,False,False,False
362131,True,True,True,True
362166,False,False,True,False
362189,False,True,True,True
362226,True,False,True,True
362229,False,False,False,False
362282,False,False,False,True
362306,False,True,False,True
362309,False,True,True,True
362318,False,True,True,True
362340,False,False,False,False
362348,True,True,True,False
362349,False,False,False,False
362363,True,True,True,True
362365,True,True,True,True
362409,True,True,True,True
362438,False,False,True,True
362446,False,True,True,True
362465,True,True,True,True
362500,False,False,False,False
362530,False,False,False,False
362547,False,False,True,True
362553,True,True,True,True
362558,False,False,False,False
362563,False,False,False,True
362599,False,True,True,False
362640,False,True,True,True
362643,False,False,False,False
362654,False,False,False,False
362711,False,False,True,True
362744,False,True,False,False
362745,False,True,True,True
362778,False,False,False,True
362825,False,True,False,True
362936,False,False,False,False
363031,True,True,True,True
363038,False,False,False,False
363048,False,False,True,True
363067,True,True,True,True
363079,False,False,True,True
363100,False,True,False,True
363114,False,False,False,True
363136,True,True,True,True
363146,True,False,False,False
363224,False,False,False,False
363243,False,False,False,False
363257,False,False,False,False
363276,False,False,False,True
363303,False,False,True,False
363341,False,False,True,True
363358,False,False,False,False
363370,False,False,False,True
363504,False,False,True,False
363514,False,False,False,False
363525,True,True,True,True
363541,False,False,False,False
363594,False,False,False,False
363624,False,True,True,True
363645,False,False,False,False
363718,False,False,False,False
363767,False,False,True,True
363826,False,False,False,False
363829,False,True,True,True
363847,True,True,True,True
363869,False,True,True,False
363887,False,True,False,False
363908,True,False,False,False
363922,False,True,False,False
363956,False,False,False,False
363957,False,False,False,True
364016,False,True,False,False
364064,True,True,True,True
364067,False,False,False,False
364125,False,False,False,False
364135,False,True,False,True
364169,False,False,True,False
364173,False,True,True,True
364201,False,False,False,False
364222,False,False,False,True
364249,True,True,True,True
364336,True,True,True,True
364340,False,False,False,False
364372,False,False,False,True
364437,True,True,True,True
364444,False,False,False,False
364457,True,True,True,True
364493,True,True,True,False
364517,False,True,False,False
364561,True,True,True,True
364571,False,False,False,True
364580,True,True,False,True
364618,False,False,False,False
364745,False,False,False,False
364868,False,False,False,False
364913,True,True,True,True
364937,False,False,False,False
364939,False,False,False,False
364959,True,True,True,True
364994,False,True,False,False
365021,True,True,True,True
365103,False,False,False,False
365132,True,True,True,True
365133,False,False,True,True
365205,False,True,True,True
365282,False,False,False,False
365339,True,True,True,True
365359,False,False,True,False
365366,False,True,False,True
365372,False,True,True,False
365419,False,False,False,False
365426,True,True,True,True
365431,False,True,True,True
365485,False,False,False,False
365527,True,True,True,True
365536,True,True,True,True
365587,False,True,True,True
365619,False,True,True,True
365659,False,False,False,False
365696,False,False,False,False
365701,False,False,False,False
365724,False,False,False,False
365772,False,False,True,True
365880,False,False,False,False
365993,True,True,True,False
366068,False,False,False,False
366104,False,False,False,True
366139,False,False,False,False
366282,True,True,True,True
366373,False,False,False,False
366406,False,False,False,False
366417,True,False,True,True
366435,False,False,False,True
366461,True,True,True,True
366493,False,False,False,True
366510,True,True,True,True
366517,True,True,True,True
366527,False,False,False,False
366576,False,False,False,True
366641,True,True,True,True
366695,False,False,False,False
366723,True,True,True,True
366724,True,False,True,False
366740,False,False,False,True
366795,False,True,False,True
366799,False,False,False,False
366831,True,True,True,False
366852,False,False,False,False
366927,False,False,True,True
366956,True,True,True,True
366961,False,True,True,True
366972,False,False,False,False
366994,False,False,False,False
367020,True,False,False,False
367029,True,True,True,True
367048,False,False,False,False
367100,True,True,False,False
367128,True,True,True,True
367335,True,True,True,True
367389,False,False,False,False
367398,False,False,False,False
367425,False,False,False,False
367471,False,False,False,False
367489,True,False,True,False
367491,False,True,True,True
367528,False,False,False,False
367582,False,True,True,False
367630,False,False,False,False
367670,True,True,True,True
367700,False,True,False,True
367848,False,False,False,False
367853,False,True,False,True
367917,False,True,False,True
367929,True,True,True,True
368086,False,False,False,False
368142,False,False,False,False
368148,True,True,False,False
368153,True,True,True,True
368249,False,False,False,False
368274,True,True,True,True
368302,False,False,False,False
368348,True,True,False,False
368409,True,True,True,True
368439,False,False,False,False
368450,True,True,True,True
368515,False,False,False,True
368541,False,False,False,False
368564,True,False,True,True
368565,False,False,True,False
368581,False,False,False,False
368588,False,False,False,True
368702,False,False,False,False
368821,True,True,True,True
368879,False,False,False,False
368896,False,True,True,True
368931,True,True,True,True
368956,True,True,True,True
368980,False,False,False,False
368983,False,True,True,True
369023,True,False,True,False
369071,False,False,False,False
369122,False,False,False,False
369128,False,False,False,False
369185,False,False,False,True
369202,False,False,False,True
369250,False,True,True,True
369259,False,False,False,False
369283,True,True,True,True
369285,True,True,True,True
369321,False,False,False,False
369437,True,True,True,True
369446,False,True,False,True
369482,False,False,False,False
369491,False,False,False,True
369511,False,False,False,True
369546,False,False,False,True
369594,False,False,False,False
369603,True,True,True,True
369631,False,False,False,True
369681,False,True,True,False
369770,False,False,False,False
369801,True,True,True,True
369805,True,False,False,False
369817,False,False,False,False
369848,False,False,False,False
369857,True,True,True,True
369860,False,False,False,False
369872,True,True,True,True
369886,False,False,False,True
369889,False,True,True,True
369920,False,False,False,False
369934,True,True,True,True
370009,False,False,False,False
370013,False,False,False,False
370120,True,True,True,False
370152,False,False,False,False
370162,False,False,False,False
370170,True,True,False,True
370234,False,True,False,False
370242,False,False,True,True
370260,True,True,True,True
370273,True,True,True,True
370278,False,True,True,True
370448,False,False,False,False
370479,False,False,False,True
370493,False,False,False,False
370524,True,True,True,True
370537,False,False,False,False
370596,False,False,False,False
370626,True,True,True,True
370669,False,True,True,True
370718,False,False,False,False
370722,True,False,False,False
370724,True,True,True,True
370783,True,True,True,True
370793,False,False,False,True
370805,False,False,False,False
370808,False,True,False,True
370827,True,True,True,True
370899,False,False,False,False
370918,False,False,False,False
370922,True,False,False,False
370929,False,False,True,True
370935,True,True,True,True
370953,False,False,False,False
370996,False,False,False,False
371021,True,True,True,True
371047,True,True,True,True
371072,False,False,False,False
371090,False,True,True,True
371092,True,False,True,True
371132,False,False,False,False
371137,False,False,False,False
371250,False,True,True,True
371256,True,True,True,True
371258,True,True,True,True
371360,False,False,False,False
371364,False,False,True,False
371365,False,False,True,True
371376,False,False,False,False
371402,False,False,False,False
371412,False,False,True,False
371536,True,True,False,True
371577,False,False,False,True
371587,False,False,False,False
371603,False,False,False,False
371643,False,False,False,False
371648,False,True,False,True
371651,False,True,True,True
371702,True,True,True,True
371717,False,False,False,False
371718,False,False,False,True
371773,True,True,True,True
371854,False,False,False,False
371861,False,True,False,False
371879,False,False,False,False
371928,False,False,False,False
372009,True,True,True,True
372087,False,False,False,True
372113,False,False,False,False
372121,False,False,False,False
372122,False,False,False,False
372163,False,False,False,True
372172,False,False,False,False
372180,True,True,True,True
372191,False,False,False,False
372197,True,True,True,True
372229,False,False,False,False
372265,False,True,True,True
372288,False,True,True,True
372405,False,True,False,True
372433,True,False,True,True
372443,True,True,True,True
372482,False,False,False,False
372489,False,False,False,True
372535,False,True,True,True
372551,False,False,False,False
372558,False,False,True,True
372560,False,False,False,True
372583,True,True,True,True
372599,False,False,False,True
372603,False,False,False,False
372613,False,False,False,False
372641,True,False,True,False
372669,False,False,False,False
372678,False,False,False,False
372714,True,True,True,True
372726,False,False,False,False
372731,True,True,True,True
372740,False,False,False,False
372748,False,False,False,True
372764,True,True,True,True
372768,False,False,False,False
372795,True,True,True,True
372804,False,False,False,False
372817,False,True,True,True
372844,False,False,False,True
372874,False,True,True,True
372885,True,True,True,True
372937,False,False,False,False
372979,True,True,True,True
373073,False,False,True,True
373076,False,False,False,False
373089,False,False,True,True
373137,True,True,True,True
373193,True,False,False,False
373219,False,False,False,False
373223,True,True,True,True
373255,False,False,False,False
373259,False,True,True,True
373318,True,True,True,True
373344,True,False,False,False
373346,False,False,False,False
373373,False,True,True,False
373375,True,True,True,True
373395,True,True,False,True
373409,True,True,True,True
373424,False,True,True,True
373500,False,False,True,True
373536,True,True,False,False
373539,False,False,False,False
373540,True,True,True,False
373645,True,False,False,False
373662,False,True,False,True
373664,False,False,True,False
373686,True,True,True,True
373722,False,False,True,False
373729,False,False,True,True
373747,False,False,False,False
373765,False,True,True,False
373782,True,False,True,True
373830,True,True,True,True
373848,False,True,True,True
373866,True,True,True,True
373895,True,False,False,False
373964,True,True,True,True
373988,False,True,True,True
374027,False,True,True,True
374042,False,False,False,True
374061,False,False,False,False
374077,False,True,True,True
374087,False,True,True,False
374133,False,False,False,False
374166,True,True,True,True
374248,False,False,False,False
374282,False,False,False,False
374325,True,True,True,True
374326,True,False,True,True
374352,False,True,True,True
374391,False,True,True,True
374451,True,True,True,True
374486,True,True,True,True
374490,False,False,True,True
374516,False,False,False,False
374563,True,True,True,True
374598,False,False,False,False
374628,False,False,False,False
374629,True,True,True,True
374649,False,True,False,True
374666,False,False,False,True
374685,False,False,True,True
374806,False,True,True,True
374829,False,False,False,False
374846,False,False,False,False
374858,False,False,False,False
374873,False,True,True,True
374955,False,True,True,True
374974,True,False,True,True
375001,False,False,False,True
375143,False,False,False,False
375219,False,False,False,False
375245,True,False,True,True
375256,False,True,True,True
375324,True,True,True,True
375331,False,False,False,False
375426,False,False,False,False
375440,True,True,True,True
375449,True,True,True,True
375461,True,True,True,True
375464,False,False,False,True
375484,True,False,False,False
375500,False,False,False,False
375503,False,False,False,False
375575,False,False,False,False
375621,True,True,True,True
375637,False,False,True,True
375645,False,False,False,True
375680,False,False,False,False
375688,False,False,False,False
375743,True,True,True,True
375760,False,True,True,True
375783,True,False,False,True
375809,False,False,False,False
375810,False,False,False,False
375815,True,False,True,True
375823,False,False,True,True
375826,True,True,True,False
375902,False,False,True,True
375915,False,True,True,False
375960,False,False,False,False
375961,False,False,False,True
375992,True,True,True,True
375996,False,False,False,False
376013,False,False,False,False
376087,False,True,True,True
376089,False,False,False,False
376160,False,False,False,True
376233,False,False,False,False
376263,False,False,True,True
376315,True,True,True,True
376320,False,False,False,False
376377,False,False,True,True
376381,False,False,False,False
376416,True,True,True,True
376434,False,False,True,True
376450,False,True,True,True
376454,True,False,False,True
376492,True,True,True,True
376505,False,False,False,False
376531,True,False,False,True
376549,False,True,True,True
376559,False,True,True,False
376572,True,True,True,True
376590,False,False,False,False
376603,False,False,False,False
376679,False,False,False,False
376731,False,False,False,False
376750,False,True,False,True
376791,False,False,False,True
376796,False,False,False,False
376819,False,False,True,True
376828,False,True,True,True
376843,False,False,False,False
376848,False,True,False,True
376864,False,True,True,True
376891,False,False,True,True
376896,True,True,True,True
376907,True,True,True,True
376912,False,False,False,False
376921,False,True,True,True
376945,False,True,True,True
377008,True,True,True,True
377019,False,False,False,False
377060,False,False,True,True
377183,False,False,False,False
377195,False,False,False,False
377205,False,False,False,False
377213,False,True,True,True
377262,False,False,False,False
377319,True,True,True,True
377326,False,True,True,True
377331,False,False,False,False
377342,False,False,False,False
377361,True,False,False,False
377416,False,False,False,False
377432,False,False,False,False
377513,True,True,True,True
377518,False,False,False,True
377576,True,True,True,True
377578,False,True,True,True
377594,False,False,False,False
377595,False,False,True,False
377730,False,False,False,False
377760,False,False,True,True
377808,False,True,True,True
377816,True,True,True,True
377832,False,False,False,False
377853,False,True,True,True
377901,False,False,True,True
377952,True,True,True,True
377973,False,True,False,False
377984,True,True,True,True
378055,True,False,False,False
378081,True,True,True,True
378092,True,True,True,True
378096,False,False,False,False
378098,False,True,True,True
378146,True,True,True,False
378312,False,False,True,False
378347,False,False,True,False
378415,False,False,False,False
378458,False,False,False,False
378461,True,True,True,True
378467,False,False,False,False
378558,False,False,False,False
378561,False,False,False,False
378611,False,False,False,False
378628,True,True,True,True
378636,False,True,True,True
378637,False,False,False,False
378657,True,True,False,False
378711,False,False,False,False
378720,False,False,False,False
378769,False,False,False,False
378778,True,True,True,False
378786,False,True,True,True
378823,True,True,True,True
378831,True,True,True,True
378832,False,False,True,True
378907,False,False,False,False
378921,False,False,False,False
378970,True,True,True,True
379086,False,False,False,True
379122,True,True,True,True
379130,False,False,False,False
379165,False,True,True,True
379201,False,False,False,True
379226,False,False,False,False
379232,False,False,False,False
379304,True,False,True,True
379308,False,False,True,True
379313,True,False,False,False
379343,False,False,False,False
379370,True,True,True,True
379378,True,False,True,True
379401,False,True,True,True
379402,False,False,False,False
379404,False,True,True,True
379448,False,False,False,False
379517,True,True,True,True
379520,True,True,True,True
379522,False,False,True,True
379552,False,False,False,False
379558,False,True,False,False
379585,True,True,True,True
379612,False,True,True,True
379620,True,False,True,True
379630,False,True,True,False
379638,True,True,True,True
379678,False,False,False,False
379711,False,True,False,False
379742,True,False,True,True
379766,False,False,False,False
379767,False,False,False,False
379777,False,False,False,False
379830,True,True,True,True
379837,False,False,False,False
379865,False,True,True,True
379914,False,False,False,False
379962,False,False,False,False
380016,True,True,False,True
380057,False,True,True,False
380058,True,True,True,True
380072,True,True,True,True
380117,False,False,True,True
380143,True,True,False,True
380162,True,True,True,True
380279,False,False,False,False
380299,False,False,False,True
380304,False,True,False,False
380319,True,True,True,True
380350,True,False,True,True
380395,False,False,False,False
380416,False,True,False,False
380447,False,True,False,True
380449,False,False,False,False
380510,True,True,True,True
380524,False,True,True,True
380539,True,True,True,True
380586,True,True,True,True
380588,False,False,False,False
380632,False,False,True,True
380639,False,False,False,False
380661,False,False,False,False
380797,False,False,False,False
380820,False,False,False,False
380854,False,False,True,True
380900,True,True,True,True
380909,False,False,False,True
380928,True,True,True,True
380957,False,True,True,False
380979,False,False,True,False
381008,True,True,True,True
381021,False,True,False,True
381025,True,True,True,True
381031,False,False,False,False
381032,True,True,True,True
381051,True,True,True,True
381065,False,False,False,False
381107,True,True,True,True
381139,False,False,False,False
381173,True,True,True,True
381192,False,True,True,True
381217,False,False,False,False
381221,True,True,True,True
381246,True,False,False,False
381254,False,True,False,False
381257,True,False,True,True
381270,False,False,False,False
381274,True,True,True,True
381305,False,False,False,False
381330,False,True,True,False
381332,True,True,True,True
381384,False,False,False,False
381400,False,False,False,False
381403,True,True,True,True
381416,False,True,True,True
381460,False,False,False,False
381470,False,False,True,True
381533,False,False,False,False
381544,True,True,True,True
381546,False,False,True,False
381595,True,True,True,True
381619,True,False,False,False
381629,False,False,False,False
381664,False,True,True,True
381667,False,False,True,True
381723,True,False,False,False
381789,True,True,True,True
381811,False,False,True,False
381851,True,True,True,True
381908,True,True,True,True
381945,False,False,True,False
381968,True,False,False,False
381972,False,False,False,False
382005,True,True,True,True
382046,True,True,True,True
382101,False,False,False,True
382148,True,True,True,True
382182,False,False,False,False
382188,False,True,False,False
382189,False,False,True,False
382207,False,False,False,False
382261,False,False,False,False
382399,False,False,False,False
382448,False,False,True,True
382469,True,True,True,False
382472,False,True,False,True
382527,True,True,True,True
382559,False,False,True,False
382589,True,True,True,True
382630,False,False,False,False
382664,False,False,False,True
382670,False,False,False,False
382683,True,True,False,True
382689,True,False,False,False
382706,False,False,False,True
382717,False,False,True,False
382724,False,False,False,False
382737,False,False,False,False
382854,False,False,False,False
382873,False,False,False,False
382890,False,False,False,False
382945,False,False,False,False
382951,True,True,True,True
382997,False,True,True,True
382999,False,False,False,False
383014,False,False,False,False
383085,False,True,False,False
383106,True,True,True,True
383154,False,False,False,False
383220,False,False,False,True
383244,False,False,False,False
383263,False,False,False,True
383324,True,True,True,True
383372,False,False,False,False
383397,False,False,False,False
383414,False,True,True,True
383448,False,True,True,True
383462,False,False,False,False
383464,True,True,False,False
383533,True,True,True,True
383564,False,False,False,False
383576,False,False,False,False
383611,False,False,True,False
383680,False,False,False,False
383726,True,True,True,True
383786,True,True,True,True
383787,False,False,False,False
383816,False,True,True,True
383826,True,True,True,True
383873,False,False,True,True
383875,False,False,False,True
383890,False,False,False,False
383893,False,False,False,False
383902,False,True,True,True
383909,False,True,True,True
383930,True,True,True,True
383950,True,True,True,False
383958,False,False,False,False
383967,False,True,True,False
383991,True,True,True,True
384007,True,True,True,True
384036,False,False,False,False
384040,False,False,False,False
384093,False,False,True,True
384122,True,False,True,True
384168,False,True,True,True
384213,False,False,False,False
384231,False,True,False,False
384260,False,False,True,False
384261,False,False,True,True
384269,True,True,True,True
384389,True,True,True,True
384486,False,False,False,True
384520,False,False,True,True
384617,True,True,True,True
384659,False,False,False,False
384745,False,False,True,True
384750,True,True,True,True
384793,False,False,False,False
384794,True,True,False,True
384826,False,True,False,True
384827,False,False,True,False
384834,False,True,True,True
384888,False,False,True,True
384931,False,True,False,True
384952,False,False,False,False
384957,True,True,True,True
384964,True,True,True,True
384967,False,False,True,True
384995,True,False,True,True
385168,True,True,False,False
385182,False,False,False,False
385188,False,False,False,False
385259,False,True,False,True
385272,False,False,False,False
385313,True,True,True,False
385323,True,True,True,True
385326,False,False,False,False
385346,False,False,False,False
385378,False,False,False,False
385381,False,True,True,True
385389,False,False,False,True
385401,True,False,False,False
385406,False,True,True,True
385428,True,False,False,False
385438,False,True,True,True
385485,False,False,False,False
385494,False,False,False,False
385508,False,False,False,False
385533,False,False,False,False
385627,False,False,False,False
385704,False,False,True,True
385861,False,False,False,False
385882,False,False,False,False
385896,True,True,True,True
385940,True,True,True,False
386009,True,True,False,False
386032,False,False,False,False
386092,True,False,True,True
386116,True,True,False,True
386164,False,False,False,True
386165,False,True,False,False
386185,True,True,True,True
386187,False,False,True,False
386189,True,True,True,True
386224,False,False,False,True
386236,True,True,True,True
386253,True,True,True,True
386298,False,False,True,True
386304,False,False,False,False
386313,False,False,False,True
386326,False,True,True,True
386374,True,True,True,False
386414,False,True,True,True
386419,True,True,True,True
386424,False,False,False,False
386540,True,True,True,True
386581,True,True,True,True
386592,False,False,False,False
386632,True,True,True,True
386650,False,True,True,True
386768,False,False,False,False
386788,True,True,True,True
386794,False,False,False,False
386854,False,False,False,False
386884,False,True,True,True
386890,False,False,False,False
386967,False,False,False,False
386968,False,True,False,True
387102,False,False,True,False
387109,False,False,False,False
387121,False,True,False,True
387212,True,True,False,True
387296,True,True,True,True
387335,False,True,True,False
387356,False,True,True,True
387358,True,True,True,True
387362,False,False,True,True
387388,True,True,True,True
387392,False,False,False,False
387410,False,False,False,True
387421,False,False,False,True
387463,False,True,False,True
387515,False,False,False,False
387518,False,False,False,True
387529,True,True,True,True
387551,True,True,True,True
387561,True,True,True,True
387567,False,True,True,True
387595,False,False,False,False
387599,False,True,False,True
387601,False,False,False,False
387661,True,True,True,True
387678,False,False,False,False
387706,True,True,True,True
387712,False,False,False,False
387724,False,False,False,False
387731,True,True,False,False
387759,False,False,False,False
387772,False,False,True,True
387809,False,False,False,False
387824,True,False,False,False
387857,False,False,False,False
387875,False,True,True,True
387876,False,True,True,True
387895,False,False,True,True
387928,False,False,False,False
387950,False,False,False,False
387976,False,False,False,False
387977,False,False,False,False
387990,False,False,False,False
388008,False,False,False,True
388014,False,False,False,True
388027,True,True,True,True
388031,True,False,True,False
388066,False,False,False,False
388074,False,False,False,False
388130,True,True,True,True
388135,True,True,True,True
388148,False,False,False,False
388161,True,False,True,False
388203,True,False,False,False
388217,False,False,True,True
388284,True,True,True,True
388294,True,True,True,True
388297,False,False,False,False
388298,False,True,True,True
388303,False,False,False,False
388330,True,True,True,True
388348,False,False,False,False
388376,False,False,False,False
388381,True,False,True,True
388412,False,True,True,True
388512,True,True,True,True
388564,True,True,True,False
388568,False,False,False,False
388569,True,False,False,False
388601,False,False,True,True
388616,False,True,False,False
388712,False,True,True,True
388818,True,True,True,True
388829,True,True,True,True
388854,True,True,True,True
388865,True,True,True,True
388905,False,False,False,False
388926,False,False,True,False
388940,False,False,False,False
388974,False,False,False,False
388992,False,False,False,True
389020,False,False,True,True
389037,False,False,False,False
389048,False,True,True,False
389108,False,False,False,False
389123,False,True,False,True
389129,True,True,True,True
389145,False,False,False,False
389182,False,False,False,False
389184,True,True,True,True
389190,False,False,False,True
389205,False,False,False,False
389256,False,False,False,True
389292,False,False,False,False
389295,False,False,False,False
389350,True,True,True,True
389351,False,False,False,True
389378,False,False,False,False
389392,False,False,False,False
389401,False,False,True,True
389418,False,True,False,False
389425,False,False,False,False
389441,False,True,True,True
389445,False,False,True,False
389466,False,True,True,True
389472,True,False,False,False
389480,True,True,True,True
389516,False,True,False,True
389541,False,True,False,True
389542,False,False,False,True
389549,False,True,True,True
389577,False,False,False,False
389595,False,False,False,False
389615,False,False,False,False
389630,False,False,True,True
389638,False,False,False,True
389660,False,True,True,True
389698,False,True,True,True
389738,True,True,True,True
389753,False,False,False,False
389772,True,True,True,False
389824,False,False,True,False
389914,True,True,True,True
389957,True,True,True,True
389974,False,False,False,False
390000,True,True,True,True
390068,False,False,False,False
390073,False,False,False,False
390087,False,False,False,False
390120,True,True,True,True
390125,False,False,False,False
390129,False,True,True,False
390130,False,False,True,True
390134,False,True,True,True
390157,True,True,False,True
390161,True,True,True,True
390183,True,True,True,True
390292,False,True,True,True
390311,False,False,False,False
390326,False,True,True,False
390368,False,False,False,False
390513,False,False,False,False
390546,False,False,False,False
390571,True,True,True,True
390593,True,False,True,True
390663,True,True,True,True
390671,True,True,False,False
390749,False,False,False,False
390814,False,False,False,True
390879,False,False,False,False
390883,False,False,False,True
390893,True,True,True,True
390915,True,True,True,True
390923,False,False,False,True
390956,False,True,True,True
390966,True,True,True,True
390999,False,True,False,True
391016,True,True,True,True
391031,False,False,False,False
391063,False,True,True,True
391141,False,False,True,True
391199,False,False,False,True
391216,False,False,False,False
391297,False,False,True,True
391300,False,False,True,False
391304,False,False,True,True
391320,False,True,False,True
391332,False,False,False,False
391351,False,False,False,False
391397,False,False,False,False
391419,False,True,False,True
391474,False,False,False,False
391518,False,True,True,False
391543,False,False,True,False
391603,True,True,False,True
391733,False,True,True,True
391754,True,True,True,True
391794,False,True,False,True
391892,False,False,True,True
391933,True,True,True,True
391940,False,False,False,False
392068,False,False,False,False
392087,False,True,True,True
392107,False,False,False,False
392152,False,True,False,True
392174,True,False,False,False
392183,False,False,False,True
392222,True,True,True,True
392251,True,True,False,True
392319,False,True,True,True
392320,False,False,False,False
392364,False,False,False,False
392381,True,True,True,True
392391,False,False,False,False
392426,False,True,False,True
392458,False,False,False,False
392480,False,False,False,False
392520,False,False,False,True
392564,False,False,False,True
392611,False,False,False,False
392643,False,False,False,False
392657,True,True,True,True
392665,False,True,True,True
392684,False,False,True,True
392725,False,False,False,True
392776,False,True,True,True
392781,True,True,True,True
392839,False,False,False,False
392915,False,False,False,False
392991,False,False,False,False
393031,False,False,False,True
393037,False,False,False,False
393091,False,False,False,False
393094,False,False,False,False
393095,False,True,True,True
393169,True,True,True,True
393195,False,False,False,False
393221,False,False,False,False
393241,True,True,True,True
393277,False,False,True,True
393303,False,False,False,False
393362,False,False,True,True
393412,False,True,True,True
393489,True,True,True,True
393511,True,False,False,False
393544,True,True,True,True
393592,False,False,False,False
393608,True,True,True,True
393634,False,False,True,False
393656,False,True,True,True
393777,False,True,True,False
393795,False,False,False,False
393840,True,True,True,True
393845,False,False,True,True
393869,False,True,False,False
393954,False,False,False,False
394002,False,False,True,True
394009,True,True,True,False
394058,False,False,True,True
394071,False,False,False,False
394100,True,True,True,True
394115,False,True,True,True
394133,False,True,True,True
394139,False,True,True,True
394149,False,False,True,True
394190,False,False,False,False
394276,False,False,False,True
394303,True,True,True,True
394418,False,False,False,False
394447,False,False,False,False
394460,False,False,False,False
394480,True,True,True,True
394518,False,False,False,False
394533,True,True,True,True
394546,False,False,False,False
394583,False,False,False,False
394659,True,True,True,True
394739,True,True,True,True
394776,True,True,True,True
394784,True,False,False,False
394806,False,False,False,True
394879,False,False,False,False
394889,False,False,False,False
394892,False,False,True,True
394941,False,False,True,False
395053,True,True,True,True
395155,True,True,True,True
395178,False,False,False,True
395225,False,False,False,False
395284,False,False,False,False
395340,False,False,True,True
395379,False,False,False,True
395409,False,False,False,False
395432,True,True,True,True
395452,False,False,False,False
395462,True,True,True,True
395469,True,False,False,False
395498,False,True,True,True
395514,False,False,False,False
395555,True,True,True,True
395576,True,True,True,True
395673,False,False,False,False
395684,False,True,False,False
395718,True,True,False,False
395745,False,False,False,False
395758,False,False,False,True
395766,False,True,True,True
395822,False,False,False,False
395830,True,False,False,True
395838,True,True,True,True
395865,False,False,False,False
395904,False,False,False,False
395928,False,False,False,False
395964,False,False,False,False
395965,False,False,False,False
395966,False,False,True,False
395974,False,False,False,False
395987,True,False,False,False
395995,False,False,False,True
396029,False,False,False,False
396042,True,True,True,True
396068,False,True,False,True
396084,False,False,False,False
396094,False,False,False,False
396097,False,False,False,False
396110,True,True,False,False
396188,False,False,False,False
396228,False,False,False,True
396326,False,True,False,True
396330,False,False,False,False
396369,False,False,False,False
396385,False,False,False,False
396400,False,True,True,True
396412,False,False,False,False
396420,False,True,False,False
396495,False,False,False,False
396528,False,False,False,True
396541,True,False,False,False
396596,False,True,True,True
396608,False,False,True,False
396622,False,False,False,False
396688,True,True,True,True
396696,False,False,True,True
396768,False,False,True,True
396779,True,True,True,True
396793,False,True,True,True
396838,False,False,False,False
396858,False,True,True,True
396862,False,False,True,False
396868,False,True,True,True
396890,False,False,False,False
396997,False,False,False,False
397004,True,True,True,True
397005,True,True,False,True
397008,False,True,True,True
397034,True,True,True,True
397041,False,False,False,False
397044,False,False,False,False
397063,True,True,True,False
397069,False,True,True,True
397117,True,True,True,True
397135,False,False,False,False
397190,True,True,True,True
397203,False,False,False,False
397212,True,True,True,True
397217,True,True,True,True
397225,False,True,True,True
397253,False,False,False,False
397274,False,False,False,False
397286,False,False,False,False
397294,True,True,True,True
397362,False,True,False,True
397365,False,False,True,True
397375,True,False,True,True
397423,False,False,False,False
397445,True,True,True,True
397522,False,False,False,True
397543,False,True,True,True
397665,False,False,False,True
397678,False,True,True,True
397746,False,True,True,True
397786,True,True,True,True
397860,False,False,True,True
397877,True,False,True,True
397925,True,True,True,True
397959,False,True,True,True
397997,False,False,False,False
398037,False,False,False,True
398099,False,False,False,False
398119,True,False,True,True
398225,True,True,True,False
398236,True,True,True,True
398246,False,False,False,False
398271,False,False,False,True
398285,False,False,False,False
398382,False,True,False,True
398393,False,False,False,False
398423,True,True,True,True
398428,False,False,False,False
398433,True,True,True,True
398434,True,True,True,False
398435,False,False,True,False
398450,False,True,True,True
398463,True,True,True,True
398488,False,False,False,False
398534,False,True,True,True
398569,False,False,False,False
398702,False,True,True,True
398722,False,True,True,True
398770,False,False,False,False
398799,False,False,True,False
398803,False,False,False,False
398808,True,True,True,True
398813,True,True,True,True
398858,False,False,False,False
398872,False,False,False,False
398957,False,True,True,True
398986,False,True,False,False
398992,False,False,False,False
399001,False,False,False,False
399012,False,False,False,False
399031,False,True,True,True
399058,False,True,True,False
399122,False,False,False,False
399148,True,False,True,True
399154,False,True,True,True
399181,False,False,False,False
399191,False,False,True,True
399214,True,True,True,True
399241,False,False,False,False
399252,False,True,True,True
399294,False,False,False,False
399382,False,True,True,True
399384,True,False,False,True
399392,False,False,False,False
399441,False,False,False,False
399461,False,False,False,False
399476,False,False,False,False
399510,False,True,True,True
399534,False,False,True,True
399540,False,False,True,True
399542,True,True,True,True
399567,False,True,True,True
399570,False,False,False,False
399615,False,False,False,False
399664,False,False,False,False
399665,False,False,True,False
399686,False,False,False,False
399703,True,True,True,True
399747,False,False,False,True
399780,True,True,True,True
399839,True,True,True,True
399862,False,False,False,True
399878,False,False,False,True
399879,False,False,False,False
399893,True,True,True,True
399981,False,False,False,False
399984,False,True,True,True
400000,True,False,False,True
400028,False,False,False,True
400039,False,True,True,False
400052,False,False,False,False
400060,False,True,False,False
400075,True,True,True,True
400104,True,True,True,True
400238,False,True,True,False
400253,False,False,False,False
400298,False,False,False,True
400313,False,True,True,True
400317,False,False,False,False
400371,False,False,False,False
400377,False,False,True,True
400379,False,True,True,True
400409,False,False,False,True
400417,False,False,False,False
400535,False,True,True,False
400606,False,False,False,True
400655,True,True,True,True
400706,True,True,True,True
400719,True,True,False,False
400726,False,False,True,False
400734,False,True,True,True
400742,False,False,False,False
400763,False,True,False,True
400809,True,True,True,True
400822,False,True,True,True
400828,False,False,False,False
400838,False,False,False,False
400851,False,False,False,False
400916,False,False,False,False
400993,False,True,True,True
401007,False,True,True,True
401027,False,False,False,False
401054,False,False,False,False
401067,False,True,True,True
401088,False,False,False,False
401094,True,True,True,False
401132,False,False,False,True
401157,False,True,True,True
401163,True,True,True,False
401167,False,True,True,True
401171,True,True,True,True
401232,False,False,False,False
401249,True,True,True,True
401291,False,False,False,False
401400,False,False,False,False
401425,False,False,True,True
401435,False,True,False,True
401440,False,False,False,False
401484,False,False,False,False
401509,False,False,False,False
401532,False,True,True,True
401642,False,False,True,True
401681,False,False,False,False
401688,False,True,True,True
401703,False,False,False,False
401705,True,True,False,False
401707,False,False,True,True
401743,False,False,False,True
401766,False,False,False,False
401780,False,False,True,True
401828,False,False,True,False
401829,False,False,False,False
401835,True,True,True,True
401846,True,True,True,True
401907,False,True,True,True
401951,False,True,True,True
402041,False,True,False,True
402071,True,True,True,True
402082,True,True,True,True
402097,True,True,True,True
402109,False,False,False,False
402142,False,False,False,False
402170,False,True,True,True
402212,False,False,False,True
402248,False,True,True,True
402281,False,False,False,False
402381,True,True,True,True
402420,False,True,True,True
402425,True,True,True,True
402451,True,True,True,True
402499,True,True,True,True
402507,False,False,True,False
402527,True,True,True,True
402570,True,True,True,True
402575,False,False,True,False
402632,False,False,False,True
402658,False,True,True,True
402662,True,True,True,True
402671,True,True,True,True
402715,True,True,True,True
402846,False,False,True,False
402941,True,True,True,True
402971,True,True,False,True
402977,False,True,True,True
403004,True,True,True,True
403013,False,False,False,True
403054,False,True,True,True
403132,False,True,True,True
403222,True,True,True,True
403271,True,False,True,True
403301,False,True,True,True
403307,False,False,False,False
403358,False,False,False,False
403389,False,True,False,False
403427,False,False,True,False
403459,False,False,False,False
403482,False,False,False,False
403489,False,False,False,False
403593,False,False,False,False
403627,False,False,False,False
403652,True,True,True,True
403666,False,False,False,False
403677,True,False,False,True
403687,False,False,False,False
403723,False,True,True,True
403743,False,False,False,True
403813,False,False,False,False
403854,False,False,False,False
403899,False,True,False,False
403907,False,True,True,True
403986,False,True,True,False
404013,True,True,True,True
404015,False,False,False,False
404027,False,False,True,True
404050,True,True,False,True
404101,False,False,False,False
404145,True,True,False,True
404172,False,False,False,False
404194,False,False,False,False
404271,False,True,True,True
404283,True,True,True,True
404292,True,True,True,True
404302,False,False,False,False
404351,False,True,True,True
404367,True,True,True,True
404385,False,True,False,True
404395,False,False,True,False
404398,True,True,True,True
404403,True,True,True,True
404475,False,False,False,False
404476,False,False,False,False
404502,True,True,True,True
404507,True,True,False,True
404530,True,True,False,False
404545,True,False,False,True
404592,False,False,False,False
404607,False,False,False,True
404621,False,False,False,False
404702,False,False,False,True
404740,True,True,True,True
404759,False,False,True,True
404812,False,True,True,True
404823,False,False,False,False
404828,False,False,False,False
404849,True,True,True,True
404897,False,False,False,False
404948,False,True,True,True
404982,True,True,True,True
404983,True,True,True,True
405004,False,False,False,False
405007,False,False,False,False
405047,True,True,True,True
405057,True,True,True,True
405068,False,False,False,False
405079,True,True,True,True
405133,False,False,False,False
405136,True,True,True,False
405166,True,True,True,True
405183,False,False,False,False
405192,False,False,False,False
405210,False,False,True,True
405213,True,True,True,True
405316,True,True,False,True
405361,True,True,True,True
405401,True,True,True,True
405418,False,False,False,False
405461,False,False,False,False
405543,True,False,False,False
405561,False,False,False,False
405582,False,False,True,True
405632,True,False,True,True
405645,False,True,True,True
405660,True,True,True,True
405721,True,True,True,True
405742,True,True,True,True
405800,False,False,False,False
405823,False,False,False,False
405848,True,True,True,True
405851,True,True,True,True
405882,False,True,False,True
405897,True,True,False,True
405959,False,True,True,True
405980,False,True,True,False
405995,False,False,False,False
405998,False,False,False,False
406021,True,False,False,False
406024,False,False,False,True
406047,True,True,True,True
406139,True,True,True,True
406168,True,True,True,True
406215,False,False,False,True
406224,True,True,True,True
406242,True,True,True,False
406282,False,False,False,False
406340,False,True,True,True
406359,True,True,False,False
406422,False,False,False,True
406426,True,False,True,False
406446,False,False,False,True
406514,True,True,True,True
406534,True,True,False,False
406535,False,False,True,True
406666,True,True,True,True
406681,False,False,False,False
406734,False,False,False,False
406739,True,True,True,True
406755,False,False,False,False
406760,False,False,False,False
406810,False,False,False,False
406841,False,True,True,True
406867,False,True,True,True
406873,False,True,True,True
406908,False,False,False,False
406934,False,True,True,True
406938,True,True,True,True
406948,False,True,False,True
406949,True,True,True,True
406957,False,False,False,False
407017,False,False,True,False
407027,False,False,False,False
407061,False,False,False,True
407063,True,True,True,True
407092,False,False,False,False
407162,True,True,True,True
407196,False,False,False,False
407201,False,False,False,False
407210,True,True,True,True
407221,False,False,False,False
407291,False,False,True,False
407369,False,True,False,False
407441,False,True,True,True
407465,True,False,True,True
407482,False,True,True,False
407520,True,True,True,True
407566,False,False,False,False
407570,False,False,False,False
407589,False,True,True,True
407617,False,False,False,False
407634,True,True,True,True
407683,False,False,False,False
407687,False,False,False,False
407700,False,True,True,True
407743,False,True,True,True
407783,True,True,True,True
407808,False,False,False,False
407820,False,False,False,True
407891,False,True,False,True
407948,True,True,True,True
407949,True,True,True,True
408039,False,False,False,False
408099,False,False,False,False
408116,False,True,True,True
408190,True,True,True,True
408208,False,False,False,True
408249,False,False,False,False
408266,False,False,False,False
408288,True,True,True,True
408307,False,False,True,True
408324,False,True,False,False
408351,True,True,True,True
408362,False,True,False,False
408364,False,False,False,False
408393,True,True,True,True
408407,True,True,True,True
408431,False,False,False,False
408492,True,True,True,True
408528,False,False,False,False
408535,True,True,True,True
408680,False,False,False,True
408730,False,True,True,False
408736,False,False,False,True
408755,False,False,False,False
408773,True,True,False,True
408799,False,False,False,True
408805,True,True,False,True
408818,True,True,True,True
408906,False,False,False,True
408978,False,False,False,False
409092,True,True,True,True
409097,False,False,False,False
409099,False,True,False,False
409120,True,True,True,True
409135,False,False,True,True
409160,True,True,True,True
409184,True,False,False,True
409208,True,True,True,True
409209,False,False,False,False
409216,False,False,False,False
409220,False,True,True,True
409247,False,False,False,False
409327,False,False,True,True
409331,False,False,False,False
409338,False,False,False,False
409375,False,False,False,False
409438,False,False,False,False
409451,True,True,True,True
409491,False,False,False,False
409558,True,False,True,True
409570,False,False,False,False
409603,True,False,True,True
409627,False,False,False,True
409658,False,False,False,True
409661,False,False,True,True
409667,True,True,True,True
409669,False,False,False,False
409678,False,False,False,False
409681,True,True,False,False
409725,False,False,False,False
409728,True,True,True,True
409763,False,False,False,False
409767,False,False,False,False
409771,False,False,False,True
409784,False,True,True,True
409833,True,True,True,True
409872,False,False,False,False
409897,False,False,False,False
409963,False,False,True,False
409979,True,True,True,True
410023,False,True,False,False
410066,False,False,False,True
410105,False,False,True,False
410107,False,False,False,False
410114,False,False,False,False
410123,False,False,True,True
410155,True,True,True,True
410191,True,True,True,True
410225,False,False,False,False
410239,False,False,False,False
410261,False,True,False,False
410262,True,True,True,True
410305,False,False,False,False
410320,True,True,True,True
410323,True,True,True,True
410337,True,True,True,True
410436,False,False,False,False
410498,True,True,True,True
410535,True,True,True,True
410554,False,False,False,False
410587,False,False,False,False
410601,True,True,True,True
410627,False,False,False,False
410632,True,True,True,True
410633,False,False,False,False
410708,False,False,False,False
410710,True,True,False,False
410715,True,True,True,True
410724,True,True,True,False
410731,True,True,True,True
410774,True,True,True,True
410817,False,True,False,False
410887,False,False,False,False
410912,True,True,True,True
410980,False,True,True,True
410981,True,True,True,True
411043,True,True,True,True
411070,False,False,False,False
411111,False,False,False,False
411171,False,False,False,False
411177,False,False,False,False
411226,True,True,True,True
411241,True,True,True,True
411277,False,False,False,True
411291,True,True,True,True
411303,False,False,False,False
411327,False,False,False,False
411329,True,False,True,True
411341,True,True,True,True
411358,False,False,False,False
411417,False,True,False,True
411430,False,True,True,True
411474,False,False,False,False
411480,False,False,True,False
411484,False,False,False,False
411554,True,False,False,False
411603,False,False,False,False
411624,False,False,False,False
411686,True,True,True,True
411726,False,False,False,False
411775,True,True,True,True
411778,True,True,True,True
411875,True,True,True,True
411885,True,True,True,True
411934,False,False,False,False
411941,False,False,False,True
411943,True,True,True,True
411975,False,True,False,True
411979,True,False,False,True
412001,True,True,True,True
412019,True,False,True,True
412059,True,True,True,True
412174,False,True,False,False
412190,False,False,False,False
412200,True,True,True,True
412208,False,False,False,False
412277,False,False,False,False
412296,True,True,True,True
412326,False,False,False,False
412330,True,True,True,True
412339,False,False,False,True
412371,False,False,True,True
412377,False,False,False,False
412384,True,True,True,True
412390,False,False,False,False
412407,False,False,False,False
412431,True,True,True,True
412437,False,False,False,False
412440,False,False,False,True
412442,False,False,False,False
412443,False,True,True,True
412453,True,True,True,True
412516,False,True,False,False
412525,False,False,False,False
412544,False,False,False,False
412587,True,True,True,True
412632,True,True,True,True
412641,False,True,True,True
412666,False,False,False,False
412680,False,False,False,False
412755,False,False,False,False
412781,False,False,False,False
412830,False,False,False,False
412835,True,True,True,True
412848,False,True,True,True
412878,False,False,False,True
412901,False,False,False,False
412931,True,True,True,True
412975,True,False,False,True
413057,True,True,True,True
413070,False,False,False,False
413115,True,True,True,True
413128,False,False,False,False
413202,False,False,False,False
413206,False,False,False,True
413287,False,False,False,False
413324,False,False,False,False
413346,False,False,True,False
413401,False,True,True,False
413459,False,False,False,False
413556,False,True,True,True
413572,False,True,False,False
413616,True,True,True,True
413699,False,False,False,False
413707,False,False,False,False
413713,False,False,False,False
413734,False,False,False,True
413746,False,True,True,True
413791,False,False,True,False
413792,False,False,False,False
413822,False,False,True,True
413847,False,True,False,False
413879,False,True,True,True
413927,True,True,True,True
413947,False,False,False,True
413948,True,True,True,True
413971,True,True,True,True
413984,False,False,False,False
413999,False,False,False,False
414046,False,True,True,True
414130,False,False,False,False
414137,False,False,False,True
414156,False,False,False,True
414212,False,False,False,False
414236,True,False,False,False
414249,True,True,True,True
414285,False,False,False,False
414289,False,True,True,True
414379,False,False,True,True
414381,False,False,True,True
414389,True,True,True,True
414397,False,False,False,False
414401,False,False,False,False
414516,False,False,True,False
414571,False,False,False,False
414577,True,True,True,True
414624,False,False,False,False
414648,True,True,True,True
414663,True,True,True,True
414684,False,False,False,False
414701,True,False,True,True
414706,False,False,False,False
414709,False,True,True,True
414711,True,True,True,True
414747,False,False,True,False
414764,False,False,False,False
414772,False,False,False,False
414787,True,True,True,True
414849,False,False,False,False
414881,False,True,True,False
414916,False,True,True,True
414923,True,True,True,True
414954,True,True,True,True
414975,False,False,False,False
415008,False,False,False,False
415026,True,True,True,True
415054,True,False,True,True
415076,False,False,False,False
415119,False,True,True,True
415146,False,False,False,True
415174,False,False,False,False
415183,False,False,False,True
415222,False,False,False,False
415275,False,False,False,False
415420,False,False,False,False
415492,True,True,True,True
415493,False,False,False,True
415500,True,False,False,False
415539,True,False,True,True
415548,True,True,True,True
415589,False,False,True,False
415594,True,True,True,True
415604,False,False,False,True
415611,False,False,False,True
415613,False,False,False,False
415619,True,True,True,True
415660,False,True,True,True
415663,False,False,True,False
415672,False,False,False,False
415710,False,False,False,False
415723,False,False,False,False
415728,False,True,False,False
415771,False,True,True,True
415806,False,False,False,False
415822,False,False,False,False
415880,False,True,True,True
415889,True,True,True,True
415904,True,False,True,False
415971,True,True,True,True
415976,False,True,False,True
416002,True,True,True,True
416006,False,True,True,True
416018,False,False,True,True
416047,False,False,True,True
416059,False,False,False,False
416072,True,True,True,True
416088,True,True,True,True
416095,False,False,False,False
416101,True,True,True,True
416115,False,False,True,True
416117,True,True,False,True
416181,False,True,True,True
416184,False,True,True,True
416186,True,True,True,True
416215,False,False,False,False
416258,False,False,False,False
416297,False,True,False,False
416304,True,False,False,True
416308,False,False,False,False
416311,False,False,False,False
416315,True,True,True,True
416320,True,True,True,True
416337,True,True,True,True
416345,False,False,False,False
416372,False,False,False,False
416467,False,False,False,False
416473,False,False,False,False
416478,False,False,False,False
416489,False,True,True,True
416528,False,False,False,False
416544,False,True,True,True
416585,False,False,False,False
416612,True,True,True,True
416656,False,True,True,True
416660,False,False,True,True
416697,False,True,True,True
416700,True,True,True,True
416718,False,False,False,False
416723,False,False,True,False
416729,True,True,True,False
416730,True,True,False,True
416733,False,False,False,False
416739,False,False,False,False
416741,False,True,True,True
416795,False,False,False,False
416810,True,True,False,False
416816,False,True,True,False
416860,True,True,True,True
416864,True,True,True,True
416878,False,False,False,False
416930,False,False,False,False
416943,False,False,False,False
416948,True,True,True,True
416960,False,False,False,False
416979,False,True,True,False
417037,True,False,True,False
417105,False,False,False,False
417142,True,True,True,True
417160,False,False,False,False
417216,True,True,True,True
417265,False,True,True,True
417276,True,True,True,True
417293,False,False,True,True
417315,True,True,True,True
417330,False,True,True,True
417347,False,False,False,True
417373,False,False,False,True
417384,True,True,True,True
417430,False,True,True,False
417469,False,False,False,False
417481,True,True,True,True
417570,True,True,True,True
417571,False,True,True,True
417674,False,False,False,True
417727,False,False,False,False
417766,False,False,False,False
417818,False,True,True,True
417830,False,True,True,True
417885,False,False,False,False
417965,False,True,True,True
418054,True,False,True,False
418057,False,False,False,False
418069,True,True,True,True
418110,False,False,True,True
418134,True,True,True,True
418135,True,True,False,False
418152,True,True,True,True
418155,False,True,True,True
418168,True,True,True,True
418173,False,False,False,False
418180,False,True,True,True
418196,False,True,True,False
418219,True,True,True,True
418229,True,False,False,True
418318,False,False,False,False
418329,True,True,False,True
418385,False,False,True,True
418397,True,True,True,True
418429,False,True,True,True
418445,False,True,True,False
418512,False,False,False,False
418569,True,True,True,True
418586,True,True,True,True
418634,True,True,True,True
418680,True,True,True,True
418697,False,False,False,True
418701,False,True,True,True
418723,False,True,True,False
418726,False,False,False,False
418737,False,False,False,False
418812,False,False,False,False
418824,False,False,False,False
418825,False,False,False,False
418882,False,False,False,False
418894,False,False,False,False
418927,False,False,False,False
418964,False,False,False,False
418968,False,False,True,False
419008,True,True,False,True
419019,True,False,False,True
419052,False,False,False,False
419053,False,True,True,False
419117,False,False,False,False
419119,False,False,False,False
419125,True,True,False,True
419143,False,False,False,False
419145,False,False,False,False
419211,False,True,True,True
419255,True,False,False,False
419271,False,False,False,False
419276,False,False,False,True
419327,True,True,True,True
419364,True,True,True,True
419378,True,True,True,True
419391,False,True,True,True
419489,True,False,True,False
419544,False,False,False,False
419550,True,True,False,False
419559,False,True,False,False
419609,False,True,True,True
419644,False,False,False,False
419666,True,True,True,True
419678,True,False,False,True
419712,False,False,False,False
419714,False,False,False,True
419738,True,True,True,True
419774,False,False,False,False
419777,True,True,True,True
419790,False,False,False,True
419815,True,True,True,True
419816,False,True,True,True
419848,False,True,False,False
419860,False,True,True,False
419892,False,True,True,True
419904,False,False,True,True
419908,False,False,False,False
419971,True,True,True,True
419978,False,False,True,True
420025,True,True,True,True
420054,False,False,False,False
420090,True,True,True,True
420110,False,False,False,False
420120,False,False,True,True
420156,False,True,True,True
420167,True,True,True,True
420231,False,False,False,False
420287,True,True,True,True
420291,False,False,False,False
420300,False,False,False,False
420375,True,True,False,False
420412,False,False,False,False
420488,False,False,False,False
420575,True,True,True,True
420608,True,True,True,True
420617,False,False,False,False
420626,False,False,False,False
420627,True,True,True,True
420629,False,False,True,False
420643,False,True,True,True
420650,False,False,False,True
420658,False,False,True,True
420673,True,True,True,True
420688,False,True,True,True
420692,True,False,False,True
420697,False,False,False,False
420713,False,False,False,False
420827,False,False,False,True
420831,True,True,True,True
420862,True,True,True,True
420864,False,False,False,False
420882,False,False,True,True
420883,True,True,True,True
420892,False,False,False,False
420912,False,True,True,False
420922,False,False,False,False
421010,False,False,False,False
421024,False,False,False,False
421028,True,True,True,True
421042,True,True,True,True
421146,False,False,False,False
421169,True,True,True,True
421228,True,True,True,True
421231,False,False,False,False
421241,False,False,False,False
421338,False,False,False,False
421360,False,False,False,False
421544,True,True,True,True
421557,True,True,True,True
421569,True,True,True,True
421599,False,False,False,False
421611,False,False,False,True
421618,False,False,False,False
421639,False,False,False,False
421684,True,True,True,True
421733,False,True,True,False
421735,False,False,False,False
421771,True,True,True,True
421811,False,False,False,False
421882,True,True,True,True
421884,False,False,False,False
421969,False,True,True,True
421991,True,True,True,True
421995,False,True,True,True
421999,True,False,False,False
422020,False,False,False,False
422040,False,False,False,False
422050,False,False,False,False
422100,True,True,True,True
422211,True,True,True,True
422255,False,False,False,True
422261,False,False,False,True
422269,True,True,True,True
422274,True,True,True,True
422296,True,True,True,True
422301,False,True,True,True
422350,False,False,False,False
422354,False,False,False,False
422432,False,False,False,True
422469,True,False,True,False
422515,False,False,False,False
422522,False,False,False,False
422536,True,True,True,True
422558,False,False,False,False
422640,True,True,True,True
422661,True,True,True,True
422676,False,True,True,True
422696,False,False,False,False
422700,False,False,False,False
422737,False,False,False,False
422774,False,False,False,False
422782,True,True,True,True
422785,False,False,False,False
422804,False,False,False,False
422828,False,False,False,True
422850,True,False,True,False
422865,True,True,True,True
422866,False,False,False,False
422876,False,False,True,False
422894,False,False,False,False
422918,False,True,True,True
422959,False,False,True,True
422995,True,True,True,True
423037,False,True,True,True
423050,False,False,False,True
423058,False,False,False,False
423083,False,False,False,False
423125,True,True,True,True
423165,False,False,False,False
423189,False,True,True,True
423202,True,False,False,True
423214,False,False,False,False
423223,False,False,False,False
423250,False,False,False,False
423256,True,True,False,True
423267,False,False,False,False
423275,False,False,False,False
423309,True,False,False,False
423310,False,False,False,False
423313,False,True,False,False
423327,False,True,False,True
423349,False,False,False,False
423358,True,True,False,True
423395,True,True,True,True
423445,False,True,True,True
423464,True,True,True,True
423481,True,True,True,True
423602,True,True,True,True
423619,False,False,True,True
423710,True,True,True,True
423723,True,True,True,True
423740,False,False,False,False
423761,False,False,False,False
423768,False,False,False,False
423782,False,False,True,False
423815,True,True,True,True
423826,False,False,False,False
423834,False,False,False,False
423850,False,True,True,True
423890,False,False,False,False
423932,False,True,True,False
423935,True,True,True,True
423984,True,True,True,False
424002,False,False,False,False
424105,False,True,False,True
424111,False,False,True,True
424155,False,False,False,False
424161,False,False,False,False
424222,False,True,True,True
424271,False,False,True,True
424284,False,False,False,False
424293,True,True,True,True
424388,False,True,False,False
424408,False,True,False,True
424412,True,False,True,False
424435,False,True,True,True
424443,False,False,False,False
424458,False,True,False,True
424470,False,False,False,False
424483,False,True,True,True
424489,False,False,False,False
424502,False,True,True,False
424505,False,False,False,False
424533,False,True,True,False
424582,False,False,False,False
424607,True,True,True,True
424632,False,False,False,False
424637,False,False,False,False
424793,False,False,False,False
424842,False,False,False,False
424844,True,True,True,True
424867,True,False,False,False
424927,False,False,False,False
424933,False,True,True,True
424991,False,False,False,True
425052,True,True,True,True
425055,True,True,True,True
425093,True,True,True,True
425114,False,True,False,False
425127,False,False,False,False
425136,True,True,True,True
425137,False,True,False,False
425175,False,True,True,True
425177,False,False,True,True
425208,True,False,False,False
425289,False,False,False,False
425296,False,False,False,False
425324,False,True,True,False
425325,True,False,True,False
425433,True,True,True,True
425441,False,False,False,False
425526,False,False,False,False
425550,True,True,True,True
425555,False,False,False,False
425556,False,False,False,False
425569,False,False,False,False
425578,False,False,False,False
425653,False,False,False,False
425743,False,False,False,True
425758,False,False,False,False
425788,False,False,True,True
425807,False,True,True,True
425815,True,True,True,True
425917,True,True,True,True
426011,False,False,False,False
426094,True,True,True,True
426096,False,True,True,True
426133,False,False,False,False
426151,True,False,True,True
426170,False,False,False,False
426201,False,False,False,False
426209,True,True,True,True
426238,True,True,True,True
426247,False,False,False,False
426300,False,False,False,False
426348,False,False,False,False
426383,False,False,False,False
426390,False,False,False,False
426421,False,False,False,False
426429,False,False,False,False
426443,True,True,True,True
426525,True,True,True,True
426528,False,False,False,False
426556,False,False,False,True
426568,False,False,True,True
426578,False,False,False,False
426585,False,False,False,False
426591,True,False,False,False
426602,True,True,True,True
426656,True,True,True,True
426663,False,True,True,True
426690,False,False,True,False
426712,False,False,False,False
426762,False,False,False,True
426773,True,True,False,True
426776,False,False,False,False
426829,False,True,True,True
426835,False,False,False,False
426839,False,True,True,False
426841,False,False,False,True
426850,False,False,False,False
426874,False,False,False,True
426876,True,False,False,False
426880,True,True,False,True
426972,True,False,True,True
426975,False,False,False,False
426983,False,True,True,True
426994,False,False,False,False
427070,True,False,False,False
427083,False,False,False,False
427091,False,False,True,True
427111,True,True,True,True
427123,False,True,True,True
427163,False,False,False,True
427166,True,True,True,True
427232,False,False,False,False
427238,False,False,False,False
427252,False,False,True,True
427306,True,False,True,True
427350,False,False,False,False
427384,False,False,False,False
427399,False,True,True,True
427438,True,True,True,True
427449,False,False,False,False
427526,True,True,True,True
427544,False,False,False,True
427583,True,True,False,True
427615,True,True,True,True
427657,False,True,False,False
427692,True,True,True,True
427733,False,False,False,False
427770,True,True,True,True
427783,True,True,True,True
427796,False,False,False,False
427832,False,False,False,False
427980,False,False,False,False
427981,False,False,False,False
428011,True,True,True,True
428015,True,True,True,True
428033,True,True,False,True
428065,False,True,True,True
428140,False,True,True,True
428148,False,False,False,False
428231,True,True,True,True
428267,True,True,False,True
428291,False,False,False,False
428305,False,False,False,False
428340,False,True,True,True
428375,False,True,True,True
428381,False,True,False,True
428403,False,False,False,False
428407,False,False,False,True
428420,False,False,False,False
428457,False,False,False,False
428576,False,False,False,False
428595,True,False,False,False
428698,False,False,False,False
428707,True,False,False,True
428787,False,True,True,True
428830,True,True,True,True
428895,True,True,True,False
428943,True,True,True,True
428991,False,True,False,True
429065,False,False,False,False
429113,True,True,True,True
429119,False,False,False,False
429142,False,False,False,True
429159,True,False,True,False
429215,False,False,False,False
429226,False,False,False,False
429233,True,True,True,True
429236,True,True,True,True
429246,False,False,False,False
429261,False,False,False,False
429266,True,True,True,True
429353,False,False,False,True
429361,True,True,True,True
429384,False,False,False,False
429408,False,False,False,True
429416,False,False,False,False
429476,False,True,True,True
429505,False,True,True,True
429536,False,False,False,False
429539,True,True,True,True
429587,False,False,False,False
429635,False,False,False,True
429644,False,False,False,False
429679,False,False,False,True
429685,True,True,True,True
429811,False,False,False,False
429829,False,False,False,False
429834,True,False,False,False
429892,False,True,False,True
429913,False,False,False,True
430036,False,False,True,True
430054,False,True,True,True
430061,False,False,False,False
430148,False,False,False,False
430175,True,True,True,True
430191,True,True,True,True
430251,True,True,True,True
430261,True,True,False,False
430341,True,True,True,True
430345,False,False,False,False
430346,True,True,True,True
430351,True,True,True,True
430428,False,False,False,False
430469,False,False,False,False
430489,False,True,True,True
430521,False,False,True,True
430531,True,False,False,False
430597,False,True,False,False
430598,False,False,False,False
430617,False,False,False,False
430652,False,True,True,True
430681,True,True,True,True
430731,False,False,False,False
430744,True,True,True,True
430790,False,False,False,False
430889,False,False,False,False
430940,False,False,False,False
430950,False,False,False,True
431009,False,False,False,False
431024,False,False,False,True
431044,False,True,True,True
431060,False,True,True,False
431085,True,True,True,True
431116,True,True,True,True
431169,False,False,False,False
431177,True,True,True,True
431197,False,True,True,True
431201,True,True,True,True
431207,False,False,False,False
431236,False,False,False,False
431272,True,True,False,True
431281,True,True,True,True
431297,True,True,True,True
431312,True,True,True,True
431322,True,True,True,True
431323,False,False,True,True
431352,False,True,False,False
431376,False,False,False,False
431398,True,True,True,True
431400,False,False,False,False
431439,False,False,False,False
431464,False,False,False,False
431479,False,False,False,False
431503,False,False,False,False
431504,True,False,True,True
431521,False,True,True,False
431557,False,True,True,True
431566,True,True,True,True
431570,False,False,False,False
431606,False,False,False,False
431655,False,False,False,False
431660,True,False,False,True
431671,False,False,False,True
431681,False,True,True,True
431691,False,False,False,True
431731,False,False,False,True
431756,False,False,True,True
431764,True,False,True,True
431775,False,False,False,False
431808,False,False,False,False
431820,False,False,False,False
431873,True,True,True,True
431904,True,True,True,True
431921,False,False,False,False
431922,False,False,False,False
431923,True,False,True,True
431943,True,True,True,True
431948,False,False,False,False
431972,False,False,False,False
432019,False,False,True,False
432038,True,True,True,True
432053,False,True,True,True
432062,False,False,False,False
432134,True,True,True,True
432138,False,False,False,False
432153,True,True,True,True
432239,True,False,True,True
432255,False,True,True,True
432273,False,False,False,False
432293,False,True,True,True
432317,False,False,False,False
432333,False,False,True,False
432363,True,True,True,True
432419,False,False,False,True
432421,False,False,False,False
432453,True,False,True,True
432461,False,False,True,True
432484,False,True,True,True
432502,False,False,False,True
432503,False,False,False,False
432626,False,True,False,False
432627,True,True,True,True
432742,False,False,False,False
432744,True,True,True,True
432748,False,True,True,True
432754,False,False,False,False
432799,False,True,True,True
432831,True,False,False,False
432859,False,True,False,False
432873,False,False,False,False
432884,True,True,True,True
432891,False,False,False,False
432897,False,False,False,True
432947,False,False,False,False
432956,False,False,False,False
433055,False,False,False,False
433110,False,False,False,False
433124,True,True,True,True
433125,True,True,False,True
433133,False,False,False,False
433145,True,True,True,True
433170,False,False,False,False
433214,False,True,True,False
433232,False,False,False,False
433279,False,False,True,True
433296,False,False,False,False
433334,False,True,True,True
433370,False,False,False,False
433373,False,True,False,False
433398,False,True,True,False
433438,False,False,False,False
433505,False,True,False,False
433536,False,False,False,False
433568,True,True,True,True
433574,False,True,False,False
433605,False,False,True,False
433676,False,True,False,True
433716,False,False,False,False
433787,False,False,True,False
433804,False,True,True,True
433806,True,False,True,False
433822,False,False,False,False
433854,False,False,True,False
433900,False,False,False,False
433904,True,True,True,True
433921,False,False,False,False
433984,True,True,True,True
433985,False,False,False,False
433993,False,False,False,False
433998,False,False,False,False
434036,True,True,True,True
434043,False,True,True,True
434069,False,False,False,False
434127,False,False,False,False
434135,False,True,True,True
434192,True,True,True,True
434208,True,True,True,True
434262,False,False,False,False
434305,False,True,True,True
434328,True,True,True,True
434338,False,True,True,True
434354,False,False,False,False
434358,False,False,False,False
434370,False,False,False,False
434371,False,False,False,False
434372,False,False,False,False
434385,False,False,False,False
434389,False,False,False,False
434513,False,False,True,True
434539,False,False,True,True
434673,True,True,True,True
434753,False,False,False,False
434782,False,True,False,False
434787,False,False,False,False
434828,True,True,True,True
434877,False,False,False,False
434894,False,False,False,False
434930,False,False,False,True
434940,False,False,False,False
434962,False,False,False,False
434992,False,True,True,True
435046,False,False,False,False
435047,False,False,True,True
435145,False,False,False,False
435152,False,False,True,True
435170,False,True,True,True
435218,False,False,False,False
435257,True,False,False,False
435260,False,False,False,False
435309,False,True,True,True
435322,True,True,False,False
435328,False,False,False,False
435359,False,False,False,False
435389,False,False,False,True
435391,True,True,True,True
435445,True,True,True,True
435452,True,True,True,True
435554,True,True,True,True
435562,False,False,False,False
435569,True,True,True,True
435573,False,True,True,True
435620,False,True,False,False
435653,True,True,True,True
435664,False,False,False,False
435673,True,True,True,True
435682,True,True,True,False
435690,False,False,True,False
435751,False,False,False,True
435755,False,False,False,False
435805,True,True,True,True
435809,False,False,False,False
435820,False,False,False,False
435855,False,False,False,False
435869,False,False,False,False
435889,True,False,False,False
435920,True,True,True,True
435929,False,False,False,False
435951,True,True,True,True
435986,True,False,False,True
436038,False,False,False,False
436056,True,True,True,True
436078,False,False,False,False
436117,False,True,False,True
436127,False,False,False,False
436130,False,False,False,False
436168,False,False,True,False
436185,False,False,True,True
436199,False,False,True,True
436218,False,False,False,False
436273,False,False,False,False
436287,False,True,True,True
436288,False,False,False,False
436295,False,True,True,False
436302,False,False,True,True
436306,False,True,True,True
436323,True,True,True,True
436349,False,False,False,False
436492,False,True,False,False
436504,False,False,False,False
436508,False,False,False,True
436519,True,True,True,True
436555,True,True,True,True
436626,False,True,False,True
436627,False,True,True,True
436722,False,True,False,False
436774,True,True,True,True
436791,True,True,True,True
436802,True,True,True,True
436835,True,True,True,True
436901,False,False,False,False
436918,True,True,True,True
436963,False,False,False,False
436990,False,False,True,True
437010,False,True,True,True
437082,False,False,False,False
437100,True,True,True,True
437102,False,False,False,False
437139,True,True,False,False
437282,False,False,True,True
437297,False,False,False,False
437303,True,False,False,False
437304,False,False,False,False
437325,True,True,True,True
437363,False,False,False,False
437373,False,False,False,False
437446,True,False,False,False
437452,True,True,True,True
437481,False,True,True,True
437510,True,True,True,True
437516,False,False,False,False
437518,False,False,True,True
437537,False,False,False,False
437543,True,True,True,True
437594,False,False,False,False
437732,True,True,True,True
437756,False,False,True,False
437783,False,False,False,False
437785,False,False,False,False
437862,False,False,False,False
437865,False,False,False,True
437895,False,True,False,True
437902,True,True,True,True
437904,False,False,False,False
437923,False,False,False,True
437944,False,False,False,False
437949,False,False,True,True
437964,False,False,False,False
438004,False,True,False,False
438045,False,False,True,False
438053,False,False,False,False
438059,True,False,False,False
438063,False,False,True,True
438073,False,False,False,False
438081,True,False,False,False
438101,True,True,False,True
438154,True,True,True,True
438167,False,True,True,False
438191,True,True,True,True
438267,False,True,True,True
438348,False,False,False,False
438349,False,False,False,False
438413,False,False,False,False
438453,False,False,False,False
438462,False,False,False,True
438477,True,True,True,True
438485,False,False,False,False
438500,True,True,True,True
438531,True,False,True,False
438560,False,True,True,True
438567,False,False,False,False
438575,False,False,False,False
438594,False,False,False,False
438619,False,False,False,False
438701,False,False,False,False
438734,False,True,True,True
438738,True,True,True,True
438769,True,True,True,True
438788,True,False,False,False
438811,False,False,False,False
438867,False,True,False,True
438905,False,False,False,True
438909,True,True,True,True
438978,True,True,True,True
438979,False,False,True,False
438985,True,True,True,True
438995,True,True,True,True
439084,False,False,False,False
439141,False,False,False,True
439185,False,True,True,True
439262,True,True,True,True
439268,True,True,True,True
439274,True,True,True,True
439306,False,False,False,False
439322,True,True,True,True
439333,False,False,False,True
439364,False,False,False,False
439386,True,True,True,True
439445,True,True,True,True
439463,False,False,True,True
439486,True,True,True,True
439518,False,False,False,True
439531,True,True,True,True
439650,True,True,True,True
439676,True,True,True,True
439777,True,True,True,True
439781,True,True,True,True
439817,False,True,True,False
439840,False,False,False,False
439855,False,True,False,False
439868,False,False,False,False
439906,False,False,False,False
439907,False,True,True,True
439932,True,True,True,True
439987,False,False,False,False
440002,False,False,False,False
440003,True,True,True,True
440037,False,False,False,False
440087,False,True,True,True
440105,False,True,True,True
440189,False,False,False,False
440244,False,False,False,False
440286,True,True,True,True
440313,False,False,False,True
440314,True,True,True,True
440329,False,False,False,False
440352,True,True,True,True
440372,False,False,False,True
440377,False,False,False,False
440460,True,False,False,False
440480,False,False,False,True
440522,False,True,False,True
440528,False,False,False,False
440539,True,True,True,True
440611,False,True,True,True
440663,False,True,False,False
440673,False,False,True,False
440707,False,False,False,False
440766,False,False,False,False
440769,True,True,True,True
440779,True,True,True,True
440783,True,True,True,True
440793,True,True,True,True
440822,False,False,False,False
440885,False,False,False,True
440891,False,True,True,True
440938,False,False,False,False
441054,True,True,True,True
441108,False,False,False,False
441169,True,True,True,True
441199,False,False,True,True
441240,True,True,True,True
441345,False,False,True,False
441385,True,False,False,True
441387,False,False,False,False
441411,False,True,True,False
441430,False,False,True,False
441461,False,False,False,False
441464,True,True,False,False
441500,False,True,False,False
441576,True,True,True,True
441652,True,True,True,True
441655,False,True,False,False
441714,False,False,False,True
441734,True,True,True,True
441816,False,False,False,False
441840,False,False,False,True
441856,False,False,False,False
441884,False,False,False,False
441906,True,True,True,True
441952,False,False,False,False
442001,False,False,False,False
442016,False,False,False,False
442043,False,True,False,True
442097,False,True,True,True
442099,False,True,True,True
442104,False,False,False,False
442106,False,False,False,False
442128,False,False,False,False
442136,False,False,False,False
442154,False,False,False,True
442225,False,False,False,True
442268,True,True,True,True
442298,False,False,False,False
442321,False,False,False,False
442348,False,True,True,True
442356,False,False,False,False
442367,False,True,False,False
442387,False,True,False,False
442414,False,False,False,False
442567,False,True,True,True
442572,False,True,True,True
442587,False,True,True,True
442603,False,True,True,False
442609,False,False,False,False
442682,True,True,True,True
442687,False,False,False,False
442725,False,False,False,False
442727,False,False,False,False
442774,False,False,False,True
442861,True,True,True,True
442874,False,False,True,True
442878,False,True,False,False
442886,False,False,False,True
442915,False,True,False,False
442926,False,False,False,False
442929,False,False,True,True
442945,False,False,False,False
442962,True,False,True,False
442982,False,False,False,False
443049,True,True,True,True
443065,True,True,True,True
443074,False,False,True,True
443082,True,True,True,True
443160,True,True,True,True
443169,True,True,True,True
443224,False,False,False,False
443240,False,False,False,False
443259,False,False,False,True
443296,False,False,False,True
443299,False,False,False,True
443301,False,True,True,True
443343,True,True,True,True
443349,False,False,False,True
443405,False,False,False,False
443427,False,False,False,True
443455,False,False,False,False
443465,False,True,True,True
443492,False,True,False,True
443496,True,False,True,False
443556,False,False,False,False
443599,False,False,False,True
443650,False,True,False,False
443667,False,False,False,False
443671,True,False,False,True
443673,True,True,True,True
443681,True,True,True,True
443718,False,False,False,False
443725,True,True,True,False
443727,True,True,True,True
443772,False,False,False,False
443805,False,False,False,True
443835,True,True,True,True
443868,True,True,True,True
443944,False,False,False,False
443964,False,False,False,False
443999,True,True,True,True
444010,False,False,False,False
444018,False,True,True,True
444036,False,False,False,False
444168,True,False,False,False
444214,False,False,True,False
444226,False,False,True,False
444236,False,False,False,True
444272,False,False,False,False
444280,True,True,True,False
444308,True,True,True,True
444315,False,True,False,False
444344,False,False,False,False
444382,False,False,False,False
444386,False,False,False,False
444390,False,False,True,False
444418,False,False,False,False
444467,False,False,False,True
444470,False,True,True,True
444503,False,False,False,False
444515,False,False,True,True
444568,False,True,True,True
444576,False,False,False,True
444582,True,True,True,False
444591,True,True,True,True
444626,False,False,True,False
444631,False,False,False,False
444691,False,False,False,False
444735,True,True,False,True
444744,False,False,False,False
444764,False,False,False,False
444769,True,True,True,False
444804,False,True,True,True
444880,True,True,True,True
444887,False,False,False,True
444888,False,False,False,False
444895,False,False,False,True
444916,False,False,False,False
444953,False,False,True,True
445002,False,False,False,False
445007,False,False,False,False
445019,False,False,False,False
445088,True,True,True,True
445091,True,True,True,True
445098,True,True,True,True
445111,False,False,False,False
445127,False,True,False,False
445156,False,True,False,True
445175,False,False,False,False
445216,True,True,True,True
445233,False,False,False,False
445244,True,True,True,True
445249,False,False,False,False
445250,True,True,True,False
445257,False,False,False,False
445263,False,False,False,True
445295,True,True,True,True
445309,False,True,True,True
445323,False,False,False,False
445338,False,False,False,False
445368,True,False,True,True
445392,True,True,True,True
445397,False,False,False,False
445405,True,True,True,True
445462,False,True,False,True
445556,False,False,False,False
445561,True,True,True,True
445567,False,False,False,False
445573,False,False,False,False
445592,False,False,False,False
445620,False,False,False,False
445670,False,True,False,False
445784,False,False,False,False
445785,False,False,False,False
445825,False,False,False,False
445853,False,False,False,False
445859,True,False,True,True
445893,True,True,True,True
445915,False,False,False,False
445950,False,False,True,True
445953,True,True,False,False
445965,True,False,True,True
446034,False,False,False,False
446106,True,True,True,True
446136,False,False,False,False
446199,False,False,False,False
446271,False,False,False,False
446303,False,False,False,False
446413,True,True,True,True
446421,False,False,False,False
446497,True,True,True,True
446506,False,True,False,True
446512,False,True,True,True
446517,False,True,True,True
446533,False,False,False,False
446557,False,True,True,True
446623,False,False,False,False
446677,False,False,False,False
446688,False,False,False,True
446733,True,True,True,True
446763,True,True,True,True
446813,False,False,False,False
446818,True,True,True,True
446819,True,True,True,True
446829,False,True,True,True
446834,False,False,False,False
446853,False,False,False,False
446863,True,True,True,True
446881,False,False,False,False
446882,True,True,True,True
446894,False,False,False,False
446899,False,False,False,False
446901,True,True,True,True
446935,True,True,True,True
446956,False,False,False,False
446971,False,False,True,True
446983,False,True,True,True
447037,False,False,False,False
447044,True,True,True,True
447065,True,True,True,True
447070,True,True,True,True
447075,False,False,False,False
447095,False,True,True,True
447119,False,False,True,True
447130,True,True,True,True
447147,True,True,False,True
447150,True,True,True,False
447182,True,True,True,True
447197,False,True,True,True
447204,False,True,True,True
447224,True,True,True,True
447302,False,False,False,False
447336,True,True,True,False
447345,False,False,False,False
447407,True,True,True,True
447432,False,True,False,True
447460,False,False,False,False
447479,False,False,True,True
447487,True,True,True,True
447510,False,True,True,True
447543,False,False,False,False
447558,False,True,True,True
447613,True,True,True,True
447623,False,False,False,False
447627,False,True,True,False
447663,True,True,True,True
447694,False,False,False,True
447714,True,True,True,True
447787,False,False,False,False
447795,False,False,False,False
447854,True,False,False,True
447862,False,False,False,False
447877,False,False,False,False
447885,False,False,False,True
447902,False,True,True,False
447913,False,False,False,True
447967,False,True,True,True
447991,False,False,False,False
447993,False,True,False,False
447994,False,False,False,False
448046,False,False,False,True
448061,False,False,False,False
448064,False,False,False,False
448078,False,False,False,False
448275,False,False,False,False
448288,False,False,False,False
448308,True,True,True,True
448317,False,False,False,False
448343,True,True,True,True
448351,True,True,True,False
448368,False,False,True,True
448509,False,False,False,False
448518,True,True,True,True
448555,True,False,False,True
448558,False,True,True,True
448560,False,False,False,False
448571,False,True,False,True
448653,False,False,False,False
448780,True,False,False,False
448801,False,False,False,False
448803,True,True,True,True
448849,False,False,False,False
448854,False,False,False,False
448871,True,True,True,True
448893,False,True,True,True
448930,False,False,False,False
449004,True,True,True,True
449031,True,False,True,True
449037,True,True,True,True
449066,False,False,False,True
449088,False,False,True,False
449102,True,True,True,True
449114,True,True,True,True
449150,True,False,True,True
449179,True,True,True,True
449197,False,False,False,False
449238,False,True,True,True
449302,False,False,False,False
449330,False,True,False,False
449369,False,False,False,True
449379,False,False,False,True
449400,True,True,True,True
449414,False,False,False,False
449422,False,False,True,False
449433,True,True,True,False
449462,False,False,False,False
449469,False,True,False,True
449471,True,False,False,False
449484,False,False,False,False
449522,False,True,False,False
449560,False,True,True,True
449573,False,True,False,True
449599,True,True,True,True
449613,False,True,True,True
449675,False,False,False,False
449676,True,True,True,True
449686,False,True,False,True
449712,True,True,True,True
449749,True,True,True,True
449778,False,False,False,False
449826,False,False,False,False
449844,True,False,False,False
449866,False,False,False,False
449879,False,False,False,False
449936,False,False,False,False
449939,True,True,True,True
449981,False,False,False,False
449990,True,False,True,True
450006,True,True,False,True
450102,True,True,True,True
450136,False,True,False,True
450173,False,False,False,False
450182,False,True,True,True
450194,False,True,True,True
450215,False,False,False,False
450263,False,False,False,False
450275,False,False,False,False
450313,True,False,True,True
450457,True,False,True,False
450493,True,False,False,False
450526,False,False,True,True
450570,True,True,True,True
450584,False,True,True,True
450590,True,True,True,True
450598,False,False,False,False
450608,True,True,True,True
450655,False,True,True,False
450672,False,True,False,True
450704,False,False,True,False
450747,False,False,True,True
450806,False,True,True,True
450845,False,False,False,False
450856,True,True,True,True
450860,True,True,True,True
450878,False,True,False,False
450889,False,False,False,False
450897,False,False,False,False
450904,False,False,False,False
450910,False,False,False,False
450993,False,True,False,True
451003,False,False,True,True
451012,True,True,True,True
451018,False,True,False,False
451053,True,False,False,False
451077,False,False,False,False
451095,True,False,True,True
451123,False,False,False,False
451154,False,False,False,True
451165,True,True,True,True
451178,True,True,True,True
451213,False,False,True,True
451234,False,False,False,False
451248,False,False,False,False
451278,False,False,False,False
451279,False,False,False,False
451284,False,False,False,True
451336,False,False,False,False
451352,False,True,True,True
451359,False,False,False,False
451364,False,False,False,False
451391,True,False,True,True
451406,False,False,False,False
451412,False,False,False,False
451449,False,False,False,True
451468,False,False,False,False
451496,True,True,True,True
451520,True,True,True,True
451574,False,False,True,False
451647,False,True,True,True
451680,True,True,True,True
451698,False,False,True,False
451703,True,True,True,True
451767,False,True,True,True
451818,False,False,False,False
451824,False,False,False,False
451834,True,True,True,False
451863,False,False,True,False
451902,False,False,False,False
451943,False,False,False,False
451990,True,True,True,True
452003,True,False,False,True
452022,True,True,True,True
452078,False,False,True,False
452113,False,False,False,False
452115,False,True,False,False
452170,True,False,True,False
452179,False,True,True,True
452236,False,False,False,False
452263,True,True,True,False
452302,True,True,True,True
452343,True,True,True,False
452382,False,False,False,False
452465,True,True,True,True
452471,True,True,True,True
452488,True,True,True,True
452597,False,True,True,True
452622,True,True,True,True
452638,True,True,True,True
452643,True,True,True,True
452674,True,True,True,True
452693,False,True,True,True
452696,True,False,False,True
452756,True,True,True,True
452759,False,False,True,True
452837,False,False,False,True
452852,False,False,False,True
452878,False,False,False,False
452892,False,True,True,True
452909,False,False,False,True
452912,False,False,False,False
452930,False,True,True,True
452938,False,True,True,True
452964,False,True,True,True
452966,False,False,False,False
452985,True,True,True,True
453010,False,False,False,True
453013,False,False,True,True
453016,False,False,True,False
453025,False,False,False,False
453065,False,False,False,False
453138,True,True,True,True
453140,False,True,True,True
453167,False,False,False,True
453219,False,True,True,True
453221,True,True,True,True
453250,True,True,True,False
453297,False,False,False,False
453299,False,True,False,False
453417,False,False,True,False
453496,True,True,True,True
453512,True,True,True,True
453582,False,False,False,False
453620,False,False,False,False
453643,False,False,False,False
453680,False,False,False,False
453704,True,True,True,True
453738,True,True,True,True
453755,False,False,False,False
453815,False,False,False,False
453853,False,False,False,False
453883,False,False,True,False
453895,False,False,False,False
453979,True,False,True,True
454002,True,True,True,True
454018,True,True,True,True
454068,False,False,False,False
454110,True,True,True,True
454144,False,False,False,False
454154,False,False,False,False
454199,False,False,False,True
454205,False,False,False,False
454210,True,True,True,True
454225,False,True,False,False
454253,True,True,True,True
454258,True,True,False,False
454282,False,True,True,True
454325,True,True,True,True
454348,False,True,True,True
454437,False,True,False,True
454449,False,True,True,True
454659,False,False,False,False
454725,True,True,True,True
454730,False,True,True,True
454731,True,True,True,True
454755,False,False,False,True
454769,True,True,True,True
454796,False,True,False,False
454863,True,True,True,True
454894,False,False,True,True
455004,True,True,True,True
455037,True,True,True,True
455081,False,False,False,False
455112,False,False,False,False
455156,False,False,False,False
455188,False,False,True,True
455210,True,True,True,True
455227,True,True,True,True
455275,False,False,False,True
455334,False,False,False,True
455358,False,False,False,False
455366,False,False,True,True
455374,False,False,False,False
455393,True,True,True,True
455427,False,False,False,False
455508,False,False,False,False
455532,False,False,True,False
455545,True,True,False,False
455632,True,True,True,True
455666,True,True,True,True
455672,False,True,True,True
455675,True,True,True,True
455735,False,False,False,False
455744,False,True,True,True
455756,False,True,False,True
455808,False,True,True,True
455832,True,True,False,True
455856,False,False,False,False
455948,True,True,True,True
455959,False,True,True,True
456012,False,True,False,True
456035,False,False,False,False
456064,True,True,False,False
456070,True,False,True,False
456076,False,False,True,False
456083,False,False,True,True
456113,False,False,True,True
456127,True,True,True,True
456155,True,True,True,True
456161,False,False,False,False
456191,True,True,True,True
456236,False,False,False,False
456254,False,False,False,False
456261,False,False,True,True
456323,False,False,False,False
456341,False,False,False,False
456356,False,False,False,False
456389,False,False,False,False
456422,False,True,False,False
456433,False,True,True,True
456436,True,True,True,True
456563,True,True,True,True
456565,False,False,False,False
456640,True,True,True,True
456658,False,False,False,False
456670,True,True,True,True
456678,False,True,True,True
456708,True,True,True,True
456750,False,False,False,False
456755,False,False,False,False
456782,False,False,False,False
456819,False,False,False,False
456827,False,True,True,True
456845,False,False,False,False
456936,False,False,False,True
456972,False,True,True,True
456991,False,False,False,False
457021,True,True,True,True
457041,True,True,False,True
457054,False,False,False,False
457067,True,True,True,True
457085,True,True,True,True
457086,False,True,True,True
457087,False,False,False,False
457123,True,True,True,True
457149,False,True,False,True
457204,False,False,True,True
457205,False,False,False,False
457217,False,False,False,False
457226,False,False,False,False
457229,True,True,True,True
457254,True,True,True,False
457268,False,True,True,True
457334,False,False,False,False
457344,True,True,True,True
457348,False,True,True,False
457373,True,True,True,True
457383,False,False,False,False
457400,False,False,False,False
457436,False,True,True,True
457453,False,False,False,False
457560,True,False,True,True
457581,False,False,False,False
457599,True,False,True,True
457631,False,True,True,True
457656,True,True,True,True
457660,False,False,False,False
457678,False,False,False,False
457691,False,False,False,False
457718,False,False,False,False
457766,False,False,True,True
457777,False,True,True,True
457791,False,False,False,False
457797,True,True,True,True
457805,True,True,True,True
457827,False,False,False,False
457834,False,False,False,False
457843,False,False,False,False
457861,True,True,True,True
457871,False,False,False,False
457926,False,False,True,True
457962,False,True,True,False
457976,True,True,True,True
457986,False,False,False,False
458016,False,False,True,True
458022,True,False,True,True
458027,False,False,True,True
458069,True,True,True,True
458082,False,False,False,False
458123,True,True,True,True
458132,False,False,False,False
458139,False,False,False,True
458175,True,True,True,True
458205,True,True,True,True
458248,True,True,True,True
458282,False,False,False,False
458286,False,False,False,False
458321,False,False,False,False
458323,True,True,True,True
458338,False,True,True,True
458361,True,True,True,True
458401,False,False,False,True
458413,True,True,True,True
458478,True,True,True,True
458522,True,False,True,True
458549,False,False,False,False
458583,False,False,False,True
458594,False,True,False,False
458598,True,True,True,True
458604,False,False,False,False
458668,False,False,False,True
458675,False,False,True,True
458727,False,False,False,False
458846,False,True,True,True
458857,False,False,False,False
458864,True,False,False,False
458891,True,True,True,True
458950,True,True,True,True
458960,True,True,True,True
459003,True,False,False,False
459018,False,False,False,True
459037,True,True,True,True
459082,False,False,False,False
459113,False,False,False,False
459152,False,True,True,True
459170,True,True,True,True
459176,True,True,True,True
459189,False,False,True,True
459203,False,False,False,True
459347,True,True,True,True
459349,True,True,True,True
459355,False,False,False,False
459401,True,True,True,True
459449,False,False,False,True
459659,False,False,False,False
459668,True,True,True,True
459694,True,True,True,True
459706,False,False,True,True
459733,False,True,True,True
459749,False,True,True,False
459755,False,False,False,False
459787,False,True,True,True
459793,False,False,True,False
459794,False,False,True,False
459799,False,True,True,True
459943,True,True,True,True
459959,False,False,False,True
459997,False,False,False,False
459999,False,False,False,True
460010,True,True,True,True
460022,False,False,False,False
460053,False,False,False,False
460131,False,False,False,False
460145,True,True,True,True
460149,True,True,True,True
460164,True,True,True,True
460228,False,False,False,False
460279,False,True,True,False
460287,True,True,True,True
460364,False,True,True,True
460370,False,False,False,False
460408,False,False,False,False
460448,True,True,True,True
460458,False,False,False,True
460491,False,False,False,False
460496,False,False,True,True
460503,False,True,False,False
460575,False,False,False,False
460576,True,False,False,False
460661,True,True,True,False
460665,True,False,True,True
460711,True,True,True,True
460739,False,False,False,False
460821,False,True,True,True
460896,False,False,True,False
460897,True,False,False,True
460903,True,False,True,True
460950,False,True,True,True
460962,False,False,False,False
460991,False,True,False,False
461002,True,True,True,True
461016,False,False,False,False
461027,True,True,True,True
461030,False,False,True,True
461110,True,True,True,True
461114,True,True,True,True
461124,False,False,True,True
461130,False,True,True,True
461221,False,False,False,False
461254,True,True,True,True
461255,False,True,True,True
461281,False,True,True,True
461371,True,True,True,True
461408,False,True,True,False
461414,False,False,False,False
461442,False,True,True,True
461447,False,False,True,False
461491,True,True,True,True
461494,True,True,True,True
461501,True,True,True,True
461505,True,True,True,True
461510,False,False,False,False
461572,False,False,False,True
461620,False,False,False,False
461650,True,True,True,False
461695,False,False,False,False
461715,False,False,False,False
461759,False,False,True,True
461805,True,True,False,True
461819,True,True,True,True
461826,True,True,True,True
461835,False,True,True,True
461836,True,True,True,True
461839,False,False,False,True
461868,True,True,True,True
461876,True,True,True,True
461908,False,False,False,False
461957,False,True,True,True
462011,False,False,False,False
462022,False,False,True,True
462023,False,False,False,False
462211,False,False,False,True
462261,True,True,True,True
462298,True,False,False,False
462341,False,True,True,True
462353,True,True,True,False
462381,False,True,False,True
462395,False,False,False,False
462477,False,False,False,False
462501,False,False,False,False
462549,False,False,False,True
462559,True,True,True,True
462599,False,False,True,True
462618,True,True,False,False
462773,True,True,True,True
462784,False,False,False,False
462791,False,False,False,False
462792,False,False,False,False
462809,False,True,True,True
462811,False,False,False,False
462813,False,False,False,False
462814,True,True,True,True
462819,False,False,False,False
462908,False,False,False,False
462928,False,False,False,False
462929,False,True,False,False
462968,True,True,True,False
462997,False,False,True,True
463021,True,True,True,True
463044,False,False,True,True
463066,True,True,True,True
463101,False,False,False,True
463120,True,True,True,False
463175,False,False,False,False
463176,False,False,False,False
463203,False,False,False,False
463222,True,True,True,True
463284,False,False,True,False
463290,False,False,False,False
463304,True,True,True,True
463308,False,False,False,False
463325,False,False,True,True
463347,False,False,False,False
463360,False,False,False,False
463388,False,False,False,True
463458,False,True,True,False
463464,False,False,False,False
463498,False,False,False,False
463557,False,False,False,False
463599,False,True,False,False
463616,False,False,True,True
463649,True,True,True,True
463669,False,False,False,False
463670,False,False,False,False
463695,False,True,False,False
463696,True,True,True,True
463699,True,True,True,True
463722,True,True,True,True
463732,False,False,False,True
463783,False,False,False,False
463825,True,True,True,True
463837,False,False,False,True
463844,True,False,False,False
463856,False,False,False,False
463859,True,True,False,True
463865,False,False,True,False
463883,True,True,True,True
463925,True,True,True,True
463932,True,False,False,False
463953,True,True,True,True
463984,True,True,True,True
464134,False,False,False,False
464183,True,True,True,True
464265,False,False,False,True
464271,False,False,False,True
464328,False,True,True,True
464340,False,False,False,False
464415,True,True,True,False
464490,False,False,False,False
464515,False,True,True,True
464519,False,False,True,True
464603,False,True,True,True
464650,False,False,False,False
464652,False,False,False,False
464692,True,True,False,True
464695,False,False,False,False
464732,True,True,True,True
464744,False,False,False,False
464766,False,False,False,True
464854,False,False,False,False
464857,False,False,False,False
464875,False,False,False,False
464888,False,False,False,False
464894,False,True,True,True
464902,False,True,True,True
464909,False,True,True,True
464921,True,True,True,True
464928,False,False,True,False
464937,True,True,True,True
465007,False,False,False,True
465017,False,False,False,False
465058,True,True,True,True
465074,False,True,True,False
465092,True,True,True,True
465101,False,False,False,False
465123,False,False,False,False
465124,True,True,True,True
465137,True,True,True,True
465204,False,False,True,True
465213,False,False,False,False
465265,False,False,False,False
465272,False,False,False,False
465333,False,True,True,True
465346,False,False,False,False
465360,True,True,True,False
465395,False,True,True,True
465418,False,True,True,True
465457,True,True,True,True
465466,False,False,False,False
465495,False,False,False,True
465507,False,False,False,False
465545,False,False,False,False
465552,False,False,False,False
465556,False,False,False,False
465595,False,False,False,False
465613,False,False,False,False
465638,False,False,False,False
465643,False,False,False,False
465692,False,True,False,True
465702,False,False,False,False
465734,False,False,False,True
465735,False,False,False,False
465740,True,True,True,True
465759,False,True,False,False
465776,True,True,True,True
465813,False,False,False,False
465854,False,False,False,False
465859,False,False,False,False
465874,True,True,True,True
465877,False,False,False,False
465973,True,True,False,True
466052,True,True,True,True
466196,False,False,False,False
466202,True,True,True,True
466229,False,True,False,False
466247,False,False,False,False
466273,False,False,False,False
466378,False,False,False,False
466410,True,False,True,True
466447,False,True,True,True
466466,False,True,True,True
466505,True,True,True,True
466519,False,False,False,False
466549,False,False,False,False
466557,False,False,False,False
466565,False,False,False,False
466570,True,True,True,True
466583,False,False,False,True
466608,False,False,False,False
466621,False,False,False,False
466627,False,True,True,True
466664,False,False,False,False
466680,True,True,True,True
466694,False,True,True,False
466730,False,False,False,False
466750,False,False,True,False
466752,True,False,False,True
466772,True,True,True,True
466774,True,True,True,True
466775,False,False,False,False
466789,False,False,True,True
466828,False,False,False,False
466882,False,False,False,False
466901,False,False,False,False
466949,False,False,True,False
466992,True,True,True,True
467022,False,False,False,False
467027,True,True,True,True
467037,True,True,False,True
467076,False,False,True,True
467081,True,True,True,True
467146,False,False,False,False
467151,False,True,True,True
467157,False,False,False,False
467223,True,True,True,True
467246,False,False,False,False
467252,False,True,True,True
467262,False,False,False,False
467334,False,False,False,False
467397,True,True,True,True
467411,False,False,False,False
467447,False,False,False,True
467460,True,True,True,True
467500,True,False,True,True
467512,False,False,False,False
467516,False,False,False,False
467528,False,False,False,False
467537,False,False,False,False
467572,False,False,False,False
467579,False,False,False,False
467604,True,True,True,True
467674,False,False,False,False
467675,True,True,True,True
467686,False,False,False,True
467696,False,False,False,False
467705,False,False,False,False
467738,False,False,True,False
467746,False,False,False,False
467752,True,True,True,True
467791,True,True,True,True
467809,True,True,True,True
467821,False,True,True,True
467840,False,False,False,False
467951,False,False,False,False
467956,False,True,True,True
468005,False,False,True,False
468061,True,True,True,True
468125,False,False,False,True
468162,False,False,False,False
468224,False,False,True,True
468249,True,True,True,True
468258,False,False,False,False
468373,True,True,True,True
468405,False,True,True,True
468408,True,False,True,True
468456,True,True,False,True
468465,False,False,False,False
468483,False,False,True,True
468541,False,True,True,True
468613,False,False,True,False
468615,False,True,True,True
468619,False,False,False,False
468670,True,True,True,True
468783,False,True,True,False
468792,False,False,False,True
468796,False,False,False,False
468798,False,False,True,True
468801,False,False,True,False
468846,False,False,False,False
468951,True,True,True,True
468966,False,True,True,True
468981,True,True,True,True
469014,False,False,False,False
469024,True,True,True,True
469026,True,False,False,True
469103,False,False,True,True
469139,False,False,False,False
469145,True,True,True,True
469203,False,False,False,False
469235,True,True,True,True
469248,False,False,False,False
469300,True,False,False,True
469356,False,False,False,False
469398,False,False,False,True
469405,False,True,True,True
469467,True,True,True,True
469471,True,True,False,False
469509,False,False,True,False
469545,True,True,True,True
469599,False,False,False,False
469638,False,False,False,False
469639,True,True,True,True
469671,False,False,False,False
469728,False,False,False,True
469834,True,True,True,True
469840,False,False,False,False
469859,False,False,False,False
469870,False,False,False,True
469878,True,True,True,True
469912,True,True,True,True
469914,False,False,False,False
469918,False,False,True,True
469921,False,False,False,False
469936,False,False,False,False
469982,False,True,True,True
469995,True,True,True,True
470005,False,True,True,True
470029,False,False,True,False
470053,True,True,True,True
470068,False,False,True,True
470073,False,False,False,False
470172,False,False,False,False
470174,False,False,False,True
470256,False,False,False,False
470284,True,True,True,True
470292,True,True,True,True
470300,True,True,True,True
470308,True,True,True,True
470310,True,False,False,False
470313,False,False,False,False
470364,False,False,False,False
470417,True,True,True,True
470487,False,False,False,False
470501,False,True,True,True
470516,False,False,False,True
470536,True,False,False,False
470604,True,True,True,True
470618,False,False,False,False
470642,False,False,True,True
470658,True,True,True,True
470691,False,False,False,False
470781,False,True,True,True
470797,False,True,False,True
470799,False,True,False,True
470811,False,False,False,False
470819,True,True,True,True
470871,True,True,True,True
470893,False,True,False,False
470932,False,False,False,False
470960,True,True,True,True
470976,False,False,False,False
470988,False,False,False,False
471064,False,False,False,True
471082,False,False,False,False
471097,True,True,True,True
471107,True,False,False,True
471182,False,False,False,False
471188,False,False,False,False
471202,False,True,True,True
471222,False,False,True,False
471238,False,False,False,False
471273,False,True,True,True
471309,True,True,True,True
471332,True,True,True,True
471345,False,False,False,False
471375,False,False,False,False
471446,False,False,False,False
471483,True,True,True,True
471513,False,False,False,False
471515,False,False,True,False
471558,False,False,False,False
471573,True,True,True,True
471599,False,False,True,True
471606,False,True,True,False
471654,True,False,True,True
471680,False,True,False,True
471686,False,False,False,False
471690,True,True,True,True
471697,True,True,True,True
471698,False,False,False,False
471731,False,False,False,False
471773,True,True,True,True
471788,True,True,True,True
471816,False,True,False,True
471842,False,False,False,False
471851,False,False,False,False
471900,False,False,False,False
471901,True,True,True,True
471929,True,True,True,True
471966,False,True,True,True
472026,False,False,False,False
472058,False,False,True,False
472097,False,False,False,False
472148,True,False,False,False
472173,False,False,True,True
472211,False,False,False,False
472246,True,True,True,True
472253,False,True,True,True
472293,True,True,True,True
472314,False,False,False,True
472318,False,False,False,False
472344,False,False,False,False
472364,False,False,False,False
472367,True,True,True,True
472399,True,True,True,True
472415,True,True,True,True
472439,False,False,False,False
472452,False,True,False,False
472519,False,False,False,False
472551,False,True,False,False
472552,False,False,False,False
472581,False,False,True,True
472727,True,True,True,True
472733,False,False,False,False
472772,False,False,False,False
472830,False,False,True,True
472831,False,False,False,False
472878,True,True,True,True
472880,False,True,True,True
472893,False,False,False,False
472942,False,False,True,True
473002,True,False,False,False
473040,False,False,False,True
473042,True,True,True,True
473050,True,True,True,True
473057,False,True,False,True
473072,False,False,False,False
473075,False,True,True,True
473082,False,False,True,True
473095,True,False,True,False
473102,False,False,False,True
473125,False,False,False,False
473131,False,False,False,False
473156,False,False,False,True
473206,False,True,True,True
473256,False,False,False,False
473318,True,False,False,False
473370,False,False,False,False
473373,False,False,True,False
473384,False,False,False,False
473391,False,True,False,False
473411,False,True,True,True
473508,False,False,False,False
473517,True,True,True,True
473549,False,True,True,True
473587,False,False,False,False
473604,False,False,False,False
473631,False,False,False,False
473632,True,True,True,True
473634,True,True,True,True
473641,True,True,True,True
473691,True,True,True,True
473723,False,True,True,True
473745,False,False,False,False
473762,False,False,False,False
473774,True,True,True,True
473779,False,False,False,True
473797,False,True,True,True
473815,False,False,False,False
473818,True,False,False,False
473839,True,True,True,True
473879,False,False,False,False
473910,True,True,True,True
473922,True,True,True,True
473935,True,True,True,True
473936,True,True,True,True
474004,False,False,False,False
474006,True,True,True,True
474012,False,False,False,False
474024,False,True,True,False
474031,False,False,False,False
474069,False,False,False,False
474075,False,False,False,False
474118,False,False,False,False
474237,True,False,False,False
474404,False,False,False,False
474419,True,True,True,True
474461,False,False,False,False
474499,False,False,False,False
474519,True,True,False,False
474554,False,False,False,True
474562,False,False,False,True
474571,True,True,True,True
474609,False,False,False,False
474667,True,True,True,True
474709,False,False,True,True
474720,True,True,True,True
474785,False,False,False,False
474868,True,False,True,True
474869,False,False,False,False
474906,True,True,True,True
475001,False,False,True,True
475024,False,False,False,True
475053,True,True,True,True
475146,False,False,False,False
475158,False,True,True,False
475244,False,False,False,False
475245,True,True,True,True
475258,False,False,False,False
475309,False,False,False,False
475313,True,True,True,True
475316,False,False,False,False
475330,False,True,False,True
475407,False,False,False,False
475415,False,False,False,False
475443,False,False,False,False
475466,True,True,False,False
475488,False,False,False,False
475527,False,False,False,False
475576,True,False,True,True
475580,False,False,False,False
475588,False,False,False,False
475656,True,True,True,True
475660,False,False,False,False
475692,True,False,False,False
475693,False,True,True,True
475763,False,False,False,True
475810,True,True,True,True
475839,True,True,True,True
475883,True,True,True,True
475889,False,False,False,False
475902,False,False,False,False
475947,False,False,False,False
475995,False,False,False,False
476065,False,False,False,False
476080,False,False,False,False
476093,False,False,False,False
476155,True,True,True,True
476175,False,True,False,True
476220,False,True,False,False
476230,False,False,False,False
476233,True,True,True,True
476235,False,False,False,False
476298,False,False,False,True
476335,False,False,False,False
476363,True,True,True,True
476398,False,False,False,False
476468,True,True,True,True
476493,False,False,False,False
476520,True,True,True,True
476531,True,True,True,True
476607,False,False,False,True
476642,True,True,True,True
476664,False,True,False,False
476681,False,False,False,True
476736,True,True,True,True
476738,False,False,False,False
476754,False,False,False,False
476767,True,True,True,True
476785,False,False,False,False
476851,True,False,False,False
476856,False,False,False,True
476881,True,True,True,False
476893,False,False,False,True
476936,True,True,True,True
476950,False,False,False,False
476965,False,False,False,False
477069,True,False,False,True
477120,False,False,False,False
477136,False,False,False,False
477143,True,True,True,True
477195,False,False,False,False
477243,False,False,False,False
477259,False,False,False,False
477263,False,True,False,False
477273,False,False,True,True
477336,False,False,True,True
477383,False,False,False,False
477398,False,False,False,False
477434,False,True,True,False
477468,False,False,False,False
477470,False,True,True,True
477473,False,False,True,True
477491,True,True,True,True
477497,False,False,False,False
477537,False,False,False,False
477643,False,False,False,True
477658,True,True,True,True
477673,False,True,False,True
477705,False,False,True,False
477741,True,True,True,True
477782,False,False,False,False
477797,False,True,True,True
477800,False,False,False,False
477853,True,True,True,True
477860,True,True,True,True
477911,False,False,False,False
477943,False,False,False,False
478005,True,True,True,True
478052,True,True,True,True
478099,False,False,False,False
478204,True,True,True,False
478260,True,False,True,True
478262,False,False,False,False
478287,True,True,True,True
478306,False,True,True,True
478344,True,True,True,True
478349,False,False,False,True
478351,False,False,True,True
478356,True,True,True,True
478380,False,True,False,False
478415,True,True,True,True
478445,False,True,True,True
478485,False,True,True,True
478499,False,False,False,False
478517,False,False,True,True
478518,False,False,False,False
478537,False,False,False,False
478550,True,False,False,False
478567,True,True,True,True
478597,False,False,False,False
478646,False,True,False,False
478652,False,False,False,False
478665,True,True,True,True
478670,True,True,True,True
478689,False,False,True,True
478712,False,False,False,True
478724,True,True,True,True
478726,False,True,True,True
478731,True,True,True,True
478736,True,True,True,True
478742,True,True,True,True
478785,False,False,False,False
478811,True,True,False,True
478817,False,True,True,True
478833,False,False,False,False
478835,False,False,False,False
478857,True,False,False,True
478927,False,False,False,False
478958,False,True,False,False
478985,True,True,True,True
478992,False,False,False,False
479067,False,False,False,False
479068,False,False,False,False
479075,False,False,False,True
479078,True,True,True,True
479095,False,False,False,False
479198,False,False,False,False
479202,False,True,True,True
479208,False,False,False,True
479213,False,False,False,True
479218,True,True,True,True
479292,True,True,True,True
479333,True,True,True,True
479350,False,False,False,True
479372,True,True,True,True
479387,False,False,False,False
479462,True,True,True,True
479501,False,False,False,False
479508,True,True,True,True
479563,False,False,True,True
479586,True,True,True,True
479591,False,True,True,True
479598,False,True,False,False
479629,False,False,False,False
479651,False,False,False,False
479670,False,False,False,False
479687,False,True,True,False
479721,False,False,False,False
479727,False,False,False,False
479729,False,False,False,False
479886,True,True,True,True
479899,True,False,False,True
479919,False,True,True,True
479938,False,False,True,True
480056,True,True,True,True
480088,True,False,True,True
480133,False,False,False,False
480140,False,False,False,False
480160,True,True,True,True
480181,False,False,False,False
480241,True,True,True,True
480243,False,False,False,False
480295,False,False,False,False
480333,True,True,True,True
480400,False,False,False,False
480412,False,False,False,False
480433,True,True,True,False
480437,True,False,False,True
480454,True,False,False,False
480482,True,True,True,True
480536,False,True,True,True
480652,False,False,False,False
480717,False,False,False,False
480723,False,False,False,False
480752,False,False,False,False
480797,False,False,False,False
480798,True,True,False,False
480839,True,True,True,True
480914,False,False,False,False
480917,False,False,False,False
480960,False,False,True,True
480979,False,False,True,True
480996,False,True,False,True
481002,True,False,False,False
481012,False,False,False,False
481036,False,True,True,True
481057,False,False,False,False
481120,False,False,False,False
481125,False,False,False,False
481147,True,False,True,True
481178,True,True,True,True
481185,False,False,False,False
481212,False,True,True,True
481214,False,True,True,False
481239,False,False,False,True
481254,False,False,True,True
481370,True,True,True,True
481398,True,True,True,True
481407,False,True,True,False
481415,False,False,False,True
481446,True,True,True,True
481549,False,False,False,False
481553,False,False,False,True
481565,True,True,False,True
481626,False,False,False,False
481710,False,False,False,False
481748,False,False,False,False
481773,False,False,False,False
481804,False,True,True,True
481819,False,False,False,False
481820,False,False,False,False
481866,False,False,False,False
481868,False,False,False,True
481996,False,False,False,True
482024,True,True,True,True
482091,True,True,True,True
482148,False,False,False,False
482160,True,True,True,True
482161,False,False,True,False
482201,False,False,False,True
482210,False,False,False,False
482234,False,False,False,False
482236,False,False,True,False
482237,True,True,True,False
482251,False,False,False,False
482310,False,True,True,True
482346,False,True,True,True
482367,False,False,False,True
482381,False,False,False,False
482393,False,False,False,False
482433,False,False,False,False
482451,False,False,False,False
482474,True,True,True,True
482507,True,True,True,True
482525,False,False,False,False
482561,False,False,True,True
482665,False,False,False,False
482733,False,True,True,True
482801,False,False,False,False
482829,True,True,True,True
482834,True,True,True,True
482912,True,True,True,True
482929,True,True,True,True
482951,True,True,True,True
483027,False,False,False,False
483033,False,True,True,True
483078,True,True,True,True
483154,True,True,True,True
483165,False,False,False,False
483175,True,True,True,True
483213,False,False,False,False
483234,True,True,True,True
483316,False,False,False,False
483328,True,True,True,True
483348,True,True,True,True
483368,True,False,True,True
483389,False,False,False,False
483418,False,False,False,False
483425,True,True,True,True
483432,False,False,False,False
483484,False,True,True,True
483534,True,True,True,True
483639,False,True,True,True
483677,False,False,False,True
483714,False,False,False,False
483760,True,False,True,True
483855,True,True,True,True
483867,False,False,False,False
483889,False,False,False,True
483956,False,False,False,False
483965,False,False,True,True
483976,False,False,False,False
483992,False,False,False,False
484013,True,True,False,True
484062,True,True,True,True
484080,False,False,False,True
484100,True,True,False,True
484215,False,False,False,True
484256,False,False,False,True
484273,False,False,False,False
484280,True,True,False,False
484331,False,False,False,False
484336,False,False,False,False
484338,False,False,False,False
484377,False,True,True,True
484401,False,True,True,True
484405,False,False,False,False
484414,False,False,False,False
484488,False,True,True,True
484500,False,False,True,True
484504,False,False,False,False
484531,False,True,True,True
484547,True,True,True,True
484549,False,False,False,False
484604,True,True,True,True
484617,False,False,False,False
484619,False,False,False,False
484636,False,False,False,False
484674,False,False,True,False
484790,False,False,False,False
484912,False,True,False,True
485002,False,False,False,False
485014,True,False,False,True
485080,True,True,True,True
485081,False,False,False,True
485090,True,False,True,False
485129,True,True,True,True
485139,False,True,True,True
485212,True,True,True,True
485234,False,False,True,False
485267,False,False,False,False
485294,False,False,False,False
485297,False,True,True,True
485317,False,False,False,False
485413,False,False,False,False
485419,False,True,True,True
485426,False,False,False,False
485440,False,False,False,True
485447,False,True,False,False
485481,False,False,False,True
485494,False,False,False,True
485506,False,False,False,False
485529,False,False,False,False
485602,False,True,True,False
485649,False,False,False,False
485731,False,False,False,False
485769,False,False,False,False
485822,False,False,True,True
485894,False,False,False,False
485931,False,False,True,False
485933,False,False,False,False
485984,False,True,False,True
485994,True,True,True,True
486005,True,True,True,True
486013,False,False,False,True
486018,False,False,False,True
486034,False,False,True,True
486045,False,False,False,False
486072,False,False,False,False
486123,False,False,False,True
486125,False,False,False,False
486154,False,False,False,False
486175,False,False,False,False
486186,True,True,True,True
486187,False,True,True,False
486240,True,True,True,True
486244,True,True,True,True
486298,False,False,False,False
486404,True,True,True,True
486415,False,False,True,True
486501,False,True,True,True
486506,False,False,False,False
486536,True,False,False,False
486543,False,False,False,False
486568,False,True,False,True
486581,True,True,False,False
486605,False,True,True,True
486609,True,False,False,False
486626,False,False,False,False
486627,False,False,True,True
486628,False,False,False,True
486644,False,False,False,False
486777,False,False,False,True
486789,False,False,False,True
486803,True,True,True,True
486847,False,True,False,False
486899,False,False,False,True
486912,False,False,False,False
486936,False,False,False,False
486983,True,True,True,True
486986,True,True,True,True
487002,False,False,False,False
487061,False,False,False,False
487112,False,True,True,True
487181,True,True,True,True
487192,False,False,False,False
487198,True,True,True,True
487217,False,False,False,False
487239,True,True,True,True
487256,False,False,False,True
487266,True,True,False,False
487269,True,True,True,True
487333,True,True,True,True
487338,False,False,False,False
487391,False,True,True,True
487418,False,False,False,False
487438,False,False,False,False
487507,False,False,False,False
487525,True,True,True,True
487539,True,True,True,True
487555,False,False,False,False
487571,False,False,False,False
487575,False,False,False,False
487589,False,True,True,True
487630,False,False,True,True
487631,True,True,True,True
487665,True,True,True,True
487685,False,False,False,False
487698,False,False,False,False
487722,True,True,True,False
487775,False,False,False,False
487796,False,False,False,False
487903,True,True,True,True
487957,False,True,True,True
487990,False,False,False,False
488011,True,True,False,False
488018,True,True,True,True
488086,False,False,False,False
488089,False,False,False,True
488135,True,True,True,True
488201,False,True,True,True
488215,False,True,True,False
488234,False,True,False,True
488363,False,True,True,True
488373,False,False,False,False
488375,False,False,False,False
488377,True,True,True,True
488396,True,True,True,True
488424,True,True,True,True
488440,False,True,True,True
488454,True,True,True,True
488522,False,False,False,False
488539,False,False,False,False
488563,False,False,False,False
488584,False,False,False,True
488686,False,False,False,False
488746,True,True,True,True
488768,True,False,True,True
488792,False,False,False,True
488796,True,True,True,True
488812,True,True,True,True
488857,False,False,True,False
488862,False,False,False,False
488866,False,False,False,False
488894,False,False,True,True
488932,False,True,False,True
488942,False,False,False,False
488960,False,True,False,True
488962,False,True,True,True
488965,True,True,True,True
489088,False,False,False,False
489093,False,False,False,False
489123,True,True,True,True
489140,False,False,False,False
489159,False,False,False,False
489195,False,False,False,False
489203,False,True,True,True
489255,False,False,False,False
489263,True,True,True,False
489333,False,False,True,True
489374,False,False,True,True
489407,False,False,False,False
489440,False,True,True,True
489452,True,False,False,True
489524,False,True,True,True
489622,False,False,False,False
489624,False,False,False,False
489723,False,True,True,True
489728,False,False,True,True
489733,False,False,False,True
489735,False,False,False,False
489778,False,False,False,False
489785,False,False,False,True
489798,False,False,False,False
489818,False,False,False,False
489838,False,False,False,False
489845,False,True,False,False
489856,False,False,False,False
489873,False,False,False,False
489879,True,True,True,True
489896,False,False,False,False
489899,True,True,True,True
489995,True,True,True,True
490012,True,True,True,True
490022,False,False,True,True
490031,True,False,False,True
490044,False,True,False,False
490081,True,True,True,True
490087,False,False,False,False
490099,False,False,False,False
490105,False,False,True,True
490117,False,False,True,True
490168,False,False,False,False
490221,False,True,False,True
490312,False,True,True,True
490320,False,False,False,False
490328,False,False,False,True
490356,False,True,False,False
490381,False,False,False,False
490400,False,True,False,False
490441,False,False,False,False
490471,False,True,True,True
490491,False,True,True,True
490529,False,False,False,False
490546,False,True,True,True
490555,False,False,False,False
490620,True,True,False,True
490648,False,False,False,False
490688,False,False,False,False
490701,False,False,False,True
490847,True,False,True,True
490869,False,False,False,False
490931,False,False,False,False
490952,True,True,True,True
490964,False,False,False,False
490993,False,False,False,False
491061,False,False,True,True
491118,True,True,True,True
491140,False,True,True,True
491211,True,True,True,True
491255,False,True,True,True
491272,False,True,True,True
491282,False,True,False,False
491302,False,True,True,True
491450,True,True,True,True
491474,False,False,False,False
491492,False,False,False,False
491494,True,True,True,True
491502,False,True,True,True
491556,False,True,False,True
491636,False,False,False,False
491659,False,False,False,False
491703,False,True,True,True
491830,False,False,False,True
491835,True,True,True,True
491851,False,False,False,False
491879,True,True,True,True
491902,False,False,False,False
491921,True,True,True,True
491942,True,True,True,True
491959,False,False,True,False
491976,True,True,True,True
491985,True,True,True,True
491999,True,True,True,True
492016,True,True,True,True
492020,False,False,False,False
492040,False,False,False,False
492060,False,False,False,False
492078,False,False,False,False
492079,False,False,False,False
492096,False,True,True,True
492125,True,True,False,False
492131,False,True,False,False
492164,False,False,False,False
492171,False,False,False,True
492243,True,True,True,True
492259,True,True,True,True
492267,False,True,True,True
492286,True,True,True,True
492325,False,True,True,True
492349,True,True,True,True
492368,False,True,False,True
492506,True,True,True,True
492524,True,True,True,True
492545,False,True,True,True
492654,False,True,True,False
492769,False,False,True,True
492810,False,False,False,False
492816,False,False,True,False
492882,False,False,False,False
492954,False,False,False,False
492974,False,False,False,False
492993,False,False,False,True
493000,False,False,False,False
493020,False,False,False,False
493022,False,True,True,True
493066,False,True,True,True
493114,False,False,False,False
493121,True,True,True,True
493187,True,True,True,True
493199,True,True,True,True
493202,False,False,False,True
493219,False,True,False,True
493252,False,False,False,False
493278,True,True,True,True
493294,False,False,False,False
493307,False,False,False,False
493339,False,False,False,False
493341,False,False,True,False
493416,False,False,False,False
493439,False,False,False,False
493526,True,False,True,True
493544,False,False,True,True
493552,False,True,True,True
493563,True,True,True,True
493570,False,True,True,True
493597,True,True,True,True
493618,True,False,True,True
493623,True,True,True,True
493626,False,True,True,True
493683,False,False,False,False
493699,False,False,False,False
493702,False,False,False,False
493724,False,False,False,False
493732,False,False,False,False
493751,False,False,True,True
493753,False,False,False,False
493774,True,False,False,True
493815,False,True,False,True
493822,False,False,False,False
493828,True,False,True,True
493840,False,True,True,True
493841,True,False,True,False
493873,True,False,False,False
493888,True,True,True,True
493941,False,False,False,True
493947,True,False,True,True
493952,False,False,False,False
493972,True,True,True,True
493983,False,False,False,False
494019,True,False,False,True
494049,True,True,True,True
494055,False,True,True,True
494079,False,False,False,False
494139,False,False,False,False
494154,False,False,False,True
494211,True,True,True,True
494257,False,True,False,False
494261,False,False,False,False
494273,False,False,True,False
494285,False,False,True,True
494297,False,False,False,False
494328,False,True,False,False
494330,False,False,True,True
494439,True,True,True,True
494446,False,False,False,False
494462,False,False,False,False
494480,True,True,True,True
494518,True,True,True,True
494528,False,False,False,False
494579,False,True,True,True
494594,False,False,True,False
494599,False,False,False,False
494620,True,True,True,True
494629,False,False,False,False
494680,False,False,False,False
494711,False,False,False,True
494780,False,True,True,True
494896,False,False,True,True
494900,True,True,True,True
494941,False,False,True,True
494970,False,True,False,True
494985,False,False,False,False
494998,True,True,True,True
495014,True,True,True,True
495022,True,True,True,True
495031,True,True,True,True
495077,False,False,True,True
495169,True,True,True,True
495171,False,True,True,True
495349,False,False,False,True
495395,True,True,True,True
495435,True,True,True,True
495477,False,False,False,True
495536,False,False,False,False
495557,True,False,True,True
495570,False,True,True,True
495580,False,True,True,True
495587,False,True,True,True
495610,True,True,True,True
495633,True,True,True,True
495677,True,True,False,True
495695,False,False,False,False
495731,False,False,False,False
495734,False,False,False,False
495750,False,False,True,True
495793,False,False,False,False
495875,False,False,False,False
495894,True,True,True,True
495902,True,True,True,True
495919,True,False,False,False
495929,True,False,False,False
495984,True,True,True,True
495988,True,True,True,True
495989,True,True,True,True
496031,False,True,True,False
496064,False,False,False,True
496089,False,False,False,False
496102,True,True,True,True
496106,False,True,True,True
496115,True,False,False,False
496160,False,False,False,False
496183,False,False,False,False
496192,False,True,True,True
496253,False,False,False,False
496300,True,True,True,True
496360,False,False,False,False
496373,True,True,True,True
496399,False,False,False,False
496402,False,False,True,True
496429,False,False,False,False
496509,False,False,False,True
496548,True,True,True,False
496554,True,True,True,True
496556,True,True,True,True
496605,False,True,True,True
496606,False,False,True,False
496657,True,True,True,True
496673,False,False,False,True
496678,False,False,False,False
496683,True,True,True,True
496687,True,True,True,True
496718,False,False,False,False
496732,False,False,False,False
496740,True,False,True,True
496783,False,False,True,False
496826,False,False,False,False
496829,False,False,True,True
496832,False,False,False,False
496839,False,False,False,False
496897,False,False,False,False
496902,False,False,False,False
496942,False,False,False,False
496959,True,True,True,True
496980,True,True,True,True
497032,True,True,False,True
497103,True,False,True,False
497141,True,True,True,True
497158,False,True,True,True
497194,True,True,True,True
497199,True,True,True,True
497227,True,False,False,False
497246,True,True,True,True
497273,False,False,False,False
497274,True,True,False,False
497297,True,True,True,True
497327,True,False,True,True
497335,True,True,True,True
497351,False,False,False,False
497375,False,False,False,False
497390,True,True,True,True
497438,False,False,False,False
497466,False,False,False,True
497476,False,True,True,True
497483,False,True,True,True
497494,False,False,False,False
497572,True,False,True,True
497593,False,False,False,False
497788,False,False,False,False
497819,False,True,False,False
497825,False,False,False,False
497826,False,False,False,False
497838,True,True,True,True
498015,False,True,True,True
498061,False,False,False,False
498082,True,True,True,True
498125,False,False,False,False
498137,True,True,True,True
498138,True,False,True,True
498218,True,True,False,True
498270,True,True,True,True
498280,False,True,False,True
498284,True,True,True,True
498346,True,True,True,True
498350,True,True,True,True
498418,True,False,True,False
498436,False,False,False,False
498508,False,False,True,True
498537,True,True,False,True
498541,False,False,True,True
498570,False,False,False,False
498587,True,True,True,True
498610,True,True,True,True
498651,True,True,True,True
498702,False,True,True,True
498721,False,False,False,False
498758,True,False,False,True
498769,True,True,True,True
498786,False,False,False,False
498840,True,True,True,True
498860,False,False,False,False
498918,False,False,False,False
498982,True,False,False,True
499026,False,False,True,True
499037,True,True,True,True
499177,True,True,True,True
499179,True,True,True,True
499210,False,True,True,True
499239,True,True,True,True
499267,False,True,True,True
499268,False,False,False,True
499274,False,True,True,True
499281,False,True,False,False
499300,False,True,True,True
499309,False,False,False,False
499369,False,False,False,False
499376,True,True,True,False
499391,True,True,True,True
499408,True,True,True,False
499423,True,True,True,True
499428,True,True,False,False
499451,False,False,True,True
499469,True,True,True,True
499480,True,False,False,True
499538,True,True,True,True
499615,False,False,False,False
499621,True,True,True,True
499627,False,True,True,True
499639,True,True,True,True
499672,True,True,True,True
499731,True,False,False,True
499760,False,False,False,False
499785,False,False,False,False
499865,False,False,False,True
499866,False,False,False,True
499884,True,True,True,True
499912,False,False,False,True
499952,False,True,True,False
499957,False,False,False,False
499966,False,False,False,False
499978,False,False,False,False
500018,False,False,False,True
500057,False,False,False,False
500060,False,True,True,True
500071,False,False,False,True
500084,True,True,True,True
500152,False,False,False,False
500165,False,False,False,False
500196,False,False,True,False
500226,True,True,True,True
500267,True,True,True,True
500324,False,True,True,True
500330,False,False,False,False
500400,False,False,False,False
500405,True,True,True,True
500408,True,True,True,True
500420,True,True,True,True
500467,False,False,True,False
500499,False,False,False,False
500531,True,True,True,False
500603,False,False,False,False
500612,False,False,False,False
500616,True,True,True,True
500662,True,True,True,True
500664,False,True,False,False
500679,False,False,False,False
500705,False,True,False,False
500740,False,True,True,True
500752,True,True,True,True
500761,False,True,True,True
500782,False,True,False,False
500822,False,False,False,False
500877,True,False,False,False
500891,False,False,True,True
500941,False,False,False,False
500945,True,True,True,True
500954,False,True,True,True
500977,True,True,True,True
500982,False,True,True,False
500991,False,False,False,False
501015,False,False,False,False
501026,True,True,True,True
501059,False,False,True,True
501067,True,True,True,True
501080,True,True,True,True
501085,True,False,False,True
501189,False,False,False,False
501204,False,True,True,True
501229,False,True,True,True
501260,False,False,False,True
501269,False,False,False,False
501278,False,True,True,True
501325,False,True,False,False
501348,False,False,True,False
501358,False,True,True,True
501377,True,True,True,True
501420,True,True,True,True
501442,True,False,False,False
501443,False,True,True,True
501506,False,True,False,False
501534,True,True,True,True
501614,True,True,True,True
501635,False,False,False,False
501647,False,True,True,True
501652,False,False,False,False
501665,False,False,False,False
501742,True,True,True,True
501835,True,True,True,True
501874,True,True,True,True
501875,False,False,False,False
501909,True,True,True,True
501957,False,True,True,False
501999,False,True,False,True
502091,False,True,False,False
502107,True,False,True,True
502114,False,True,True,True
502116,False,False,False,False
502117,True,True,True,True
502126,False,False,False,True
502134,False,False,False,False
502202,True,True,True,True
502212,True,True,False,True
502220,False,False,False,True
502275,True,True,False,True
502285,False,True,False,False
502286,False,False,False,True
502288,False,False,False,True
502300,True,False,False,False
502317,True,True,False,False
502321,False,False,False,False
502433,True,True,True,True
502493,True,True,True,True
502495,False,False,False,False
502517,False,False,False,False
502581,False,False,False,False
502604,False,False,True,False
502620,False,False,True,True
502670,False,False,False,False
502749,False,False,False,False
502857,True,False,False,True
502877,False,True,True,True
502884,False,False,True,True
502894,False,False,False,False
502895,False,False,True,True
502935,True,True,True,True
502963,False,False,False,False
502971,True,True,True,True
502984,True,True,False,False
503074,False,False,False,False
503081,False,False,True,False
503099,False,True,False,False
503148,False,False,True,False
503149,False,True,True,True
503178,True,True,True,True
503321,False,False,False,True
503332,True,True,True,True
503404,True,True,True,True
503412,False,False,False,False
503416,False,False,False,False
503479,False,False,False,False
503502,True,True,True,True
503518,True,False,False,False
503535,False,True,True,True
503536,False,True,True,True
503557,False,False,False,False
503606,False,True,True,False
503674,False,True,False,True
503683,True,True,False,True
503687,True,True,True,True
503707,True,True,True,True
503717,True,True,True,True
503734,False,False,False,True
503765,False,False,False,False
503772,False,False,False,False
503799,False,False,True,False
503875,True,True,True,True
503906,False,False,True,True
503928,False,False,False,False
503943,True,False,False,False
504065,False,False,True,False
504069,False,True,False,True
504091,False,False,False,False
504122,True,True,True,True
504125,False,False,False,False
504130,False,False,True,False
504154,False,False,False,False
504159,False,False,True,False
504178,False,False,True,True
504211,True,True,True,True
504224,False,False,False,False
504235,True,True,True,True
504257,False,False,False,False
504259,True,True,True,True
504287,True,True,True,True
504289,True,True,True,True
504293,False,True,True,True
504298,True,True,True,True
504318,True,True,True,True
504493,True,True,True,True
504500,True,True,True,True
504531,False,False,False,False
504599,False,False,False,False
504620,True,True,True,True
504639,True,True,True,True
504732,False,True,True,True
504861,False,True,True,True
504878,False,True,True,True
504958,False,False,False,False
504987,False,False,True,True
504988,False,False,True,True
505020,True,True,True,True
505028,True,True,True,True
505033,False,False,False,False
505104,False,False,False,False
505111,False,False,True,False
505113,True,True,True,True
505152,False,False,False,False
505226,False,True,True,True
505279,True,True,True,True
505375,False,True,True,True
505384,False,False,False,False
505477,False,True,True,True
505492,False,False,False,False
505501,False,True,True,True
505516,False,False,False,False
505520,False,False,True,True
505542,False,False,False,False
505552,False,False,False,False
505553,False,False,False,False
505579,True,True,False,True
505622,True,True,True,True
505627,True,True,True,True
505645,False,False,False,False
505666,True,True,True,True
505709,False,False,False,False
505728,False,False,False,False
505729,False,False,False,False
505750,True,True,True,True
505768,False,False,False,False
505792,True,True,True,True
505796,True,True,True,True
505814,True,True,True,True
505876,True,True,True,True
505885,False,False,False,False
505898,True,True,True,True
505899,True,True,True,True
505903,False,False,False,False
505933,False,False,False,False
505962,False,True,True,True
505967,False,False,False,False
506030,False,False,False,False
506039,True,True,True,True
506095,False,False,False,False
506126,True,True,True,True
506141,False,False,True,True
506151,False,False,True,False
506172,False,False,False,False
506224,True,True,True,True
506270,True,True,True,True
506296,False,False,False,False
506322,True,True,True,True
506327,False,False,False,True
506372,False,False,False,False
506401,False,False,False,False
506414,True,True,True,True
506417,True,True,True,True
506441,False,True,False,True
506458,False,True,True,True
506470,False,False,False,False
506576,False,False,False,True
506582,False,False,False,False
506598,False,True,False,False
506628,True,True,True,True
506640,True,True,True,True
506659,True,True,True,True
506691,True,True,True,True
506699,True,False,True,True
506723,True,True,True,True
506751,False,True,True,False
506792,False,False,True,True
506799,True,True,True,True
506862,False,True,False,False
506874,False,False,True,False
506880,True,True,True,True
506890,False,False,True,True
506919,False,True,True,True
506920,False,False,False,True
506964,False,False,False,False
506979,True,False,True,True
507136,False,False,True,False
507154,False,False,False,False
507168,True,False,False,False
507196,False,False,False,False
507317,False,False,False,False
507384,False,True,True,True
507385,False,True,True,True
507438,False,False,False,False
507460,True,True,False,False
507516,True,True,True,True
507532,True,True,True,True
507570,False,False,False,False
507665,False,False,False,False
507744,False,False,False,False
507750,True,True,True,True
507812,False,True,True,False
507826,False,False,False,False
507833,False,True,True,True
507875,False,True,False,False
507927,False,False,False,True
507952,False,False,False,False
507972,True,False,True,True
508006,False,False,False,False
508017,True,True,True,True
508025,False,False,True,True
508045,False,True,True,True
508115,False,False,False,False
508147,False,True,True,True
508167,False,True,True,True
508202,False,False,False,False
508220,True,True,False,True
508230,True,True,True,True
508269,True,True,True,True
508278,False,False,True,False
508288,True,True,True,True
508292,False,False,False,False
508354,True,True,True,True
508403,False,False,False,False
508485,False,False,True,True
508548,True,True,True,True
508561,False,False,False,False
508577,True,True,True,True
508592,False,False,False,False
508606,False,False,False,False
508710,True,True,True,True
508724,False,False,False,False
508725,False,False,False,False
508741,False,True,False,False
508822,False,True,False,False
508931,False,True,True,True
508962,False,True,True,True
508990,False,True,False,True
509005,False,False,True,True
509020,False,False,False,False
509034,False,False,False,False
509039,False,True,True,True
509129,False,True,True,True
509244,False,False,False,False
509339,True,True,False,True
509416,False,False,False,False
509442,False,False,False,False
509485,False,False,False,False
509514,False,False,False,False
509526,False,False,False,False
509555,False,False,False,False
509589,False,False,False,False
509607,False,False,False,False
509620,False,False,False,False
509626,False,True,True,False
509718,False,False,False,False
509749,True,True,True,True
509772,False,False,False,False
509786,False,False,False,False
509800,False,True,True,True
509859,False,False,False,True
509870,False,False,False,False
509971,False,True,True,True
509986,True,True,True,True
510117,False,False,False,False
510141,False,False,False,False
510169,False,False,False,True
510211,False,True,True,True
510290,False,False,False,False
510313,False,False,False,False
510391,False,False,False,False
510399,False,False,False,False
510414,False,False,False,False
510434,True,True,True,True
510519,False,True,True,True
510536,False,False,False,True
510552,False,False,False,False
510593,True,True,True,True
510596,False,False,False,True
510616,False,True,False,False
510636,False,False,False,False
510642,False,False,False,True
510643,False,False,True,False
510652,False,True,False,False
510665,False,False,True,False
510681,False,False,False,False
510707,False,False,True,True
510730,False,False,False,False
510734,False,False,False,False
510798,True,True,True,True
510820,False,False,False,False
510827,False,False,False,False
510857,True,True,True,True
510860,False,False,False,False
510914,True,True,True,True
510942,True,True,True,True
510949,False,False,True,False
510992,False,True,False,True
511036,False,False,False,False
511050,False,True,False,False
511053,False,False,False,False
511056,True,True,True,True
511179,False,False,False,False
511200,False,False,False,False
511271,False,False,False,False
511324,False,False,False,False
511328,False,False,False,True
511345,False,False,False,False
511402,False,True,True,True
511406,True,True,True,True
511407,False,False,False,False
511410,False,True,True,True
511425,False,False,False,False
511446,True,True,True,True
511455,True,True,True,True
511463,False,False,False,True
511508,True,False,True,True
511550,False,False,False,False
511572,False,False,True,True
511642,False,False,False,False
511644,True,True,True,True
511670,False,False,False,False
511674,False,False,False,False
511763,True,True,True,True
511777,False,False,False,False
511789,False,False,False,False
511866,True,True,True,True
511869,False,True,True,False
511930,False,False,False,False
512007,False,False,False,False
512070,True,True,True,True
512112,True,True,True,True
512118,False,False,True,True
512123,False,True,False,True
512143,True,True,True,True
512182,False,False,False,False
512206,True,True,True,True
512217,False,True,False,False
512282,False,False,False,False
512292,False,False,False,False
512298,True,True,True,False
512316,True,True,True,True
512390,True,True,True,True
512394,False,False,False,False
512416,False,False,True,True
512418,False,True,True,True
512419,False,False,True,True
512421,True,True,True,True
512515,True,True,True,True
512533,True,True,True,True
512561,False,True,False,False
512644,True,True,True,True
512787,False,False,False,True
512829,False,True,True,True
512872,False,False,False,False
512902,False,False,True,True
512944,True,True,True,True
512968,True,True,False,True
512995,False,False,False,True
513016,False,False,False,True
513027,True,True,True,True
513042,False,False,False,False
513054,False,True,True,True
513096,True,True,False,False
513124,False,False,False,True
513174,True,False,True,True
513188,True,True,True,True
513189,True,True,True,True
513280,False,True,True,True
513282,True,True,True,True
513298,False,False,True,False
513381,False,False,False,True
513451,False,False,False,True
513703,True,True,True,True
513704,True,True,True,True
513708,False,False,False,False
513727,False,False,False,False
513748,True,True,True,True
513765,False,True,False,True
513795,False,False,True,True
513796,False,False,True,False
513863,True,False,False,False
513881,False,True,True,True
513891,False,False,False,False
513899,False,True,True,False
513917,True,True,True,True
513933,True,True,True,True
513936,False,True,True,True
513965,False,False,False,False
513966,False,False,False,False
514016,False,False,False,False
514049,False,False,False,False
514099,True,False,True,False
514127,False,True,False,False
514191,False,False,False,False
514207,False,False,False,False
514245,False,False,False,False
514249,False,False,False,False
514280,True,True,True,True
514294,False,False,False,False
514295,True,True,True,True
514296,True,False,True,True
514346,False,False,False,False
514362,True,True,True,True
514393,True,True,True,True
514402,True,True,True,True
514440,False,True,False,False
514525,False,False,False,True
514553,True,True,True,True
514559,True,False,True,True
514563,False,True,True,True
514598,True,True,True,True
514600,True,True,True,True
514605,False,False,False,False
514619,False,False,True,False
514622,False,True,False,True
514628,False,True,True,True
514676,False,False,False,False
514685,False,True,True,False
514773,False,False,False,False
514806,False,True,False,True
514864,False,False,False,True
514881,False,False,False,False
514988,False,False,False,True
514990,True,False,False,False
514997,False,False,False,False
515102,True,True,True,True
515125,True,True,False,False
515126,False,True,False,True
515158,True,True,False,True
515186,False,False,False,True
515191,False,False,False,False
515206,False,False,False,False
515224,False,False,True,True
515240,False,False,False,False
515249,False,False,False,False
515333,True,True,True,True
515360,False,False,False,False
515376,True,True,True,True
515377,False,False,False,False
515392,True,True,True,True
515401,True,False,False,True
515430,False,False,False,False
515464,True,True,True,True
515623,True,True,False,True
515642,False,True,True,True
515710,False,False,False,False
515716,False,False,False,False
515728,False,True,False,False
515754,False,True,False,False
515796,True,True,True,True
515871,True,True,True,True
515876,False,False,False,False
515893,False,False,False,False
515899,False,False,True,False
515916,False,False,False,False
515998,False,True,True,True
516043,False,True,True,False
516124,True,True,True,True
516190,True,True,True,True
516212,False,False,False,False
516224,True,True,True,True
516248,False,True,True,True
516261,True,False,False,False
516273,True,True,False,True
516297,False,True,False,True
516313,False,True,True,False
516328,False,False,True,True
516329,True,False,True,True
516352,False,False,False,False
516416,False,False,False,True
516417,False,True,True,True
516432,True,True,True,False
516458,True,True,True,True
516471,False,False,False,False
516476,False,False,False,False
516503,True,False,True,False
516517,True,True,True,True
516535,False,False,False,False
516553,False,False,False,False
516587,True,False,True,True
516624,False,False,False,False
516625,False,False,False,False
516633,False,False,False,False
516641,False,False,False,False
516655,False,False,False,False
516668,False,False,False,False
516774,False,False,False,False
516798,True,True,False,True
516799,True,True,True,True
516834,False,False,False,False
516849,True,True,True,True
516856,False,False,False,False
516875,False,True,True,True
516895,False,True,True,True
516902,True,True,True,True
516913,False,True,False,False
517018,False,True,False,True
517029,True,True,True,True
517045,True,True,True,True
517049,False,False,False,False
517068,True,False,False,False
517086,False,True,True,True
517101,False,True,True,True
517113,False,False,False,False
517140,False,False,False,False
517246,False,True,False,False
517296,False,False,False,False
517305,False,False,True,False
517313,False,True,False,False
517315,False,True,True,True
517321,False,False,False,False
517326,False,False,True,False
517340,True,True,False,True
517382,True,True,True,True
517438,False,True,False,True
517455,False,False,False,False
517460,False,False,True,True
517484,False,False,False,False
517515,False,False,False,False
517521,False,False,False,False
517522,True,True,True,True
517534,False,True,True,True
517570,True,True,True,True
517579,False,False,False,False
517603,False,False,True,False
517652,False,True,False,False
517702,True,True,True,True
517737,True,True,True,True
517755,False,False,False,False
517807,False,False,False,False
517819,True,True,True,True
517851,True,True,True,True
517861,False,True,True,True
517878,False,False,False,False
517899,False,False,False,False
517906,False,False,False,False
517909,True,True,True,True
517945,False,False,False,False
517972,False,False,True,False
517983,False,False,False,False
517985,False,False,False,False
518026,False,True,True,False
518109,False,False,False,False
518122,True,True,True,True
518127,False,True,True,True
518133,False,True,False,False
518139,True,True,True,True
518182,True,False,True,True
518203,False,False,False,False
518242,False,False,False,False
518249,False,False,False,False
518266,False,False,False,True
518290,True,True,True,True
518351,False,False,False,False
518359,True,True,True,True
518410,False,False,False,True
518451,False,False,False,True
518455,False,False,False,False
518473,False,False,False,True
518499,False,False,False,False
518509,False,False,True,False
518510,True,False,False,False
518524,False,False,False,False
518546,True,True,True,True
518555,True,True,True,True
518601,False,False,True,True
518604,True,True,True,True
518659,True,True,True,True
518667,False,True,False,False
518685,False,False,False,False
518701,False,True,True,False
518721,False,False,False,False
518725,True,False,True,True
518755,False,False,False,False
518814,True,True,True,True
518829,False,False,False,False
518853,False,True,True,True
518858,False,False,False,False
518873,False,False,True,False
518883,False,False,False,False
518889,False,False,False,False
518916,True,True,True,True
518918,False,True,True,False
518932,False,False,False,False
518941,False,True,True,True
518951,False,False,False,False
518966,False,True,True,True
519053,False,False,False,False
519055,False,False,False,True
519076,True,True,False,True
519105,True,True,True,True
519112,True,True,True,True
519124,False,True,True,True
519275,True,True,True,True
519287,True,True,True,True
519299,True,True,True,True
519319,False,False,False,False
519351,False,True,True,True
519387,False,False,False,False
519398,False,False,False,False
519405,False,True,True,True
519407,True,True,True,True
519431,True,True,True,True
519471,False,False,False,False
519489,True,True,True,True
519493,False,True,False,False
519494,False,True,True,True
519510,False,False,False,False
519541,False,False,False,False
519552,False,True,False,True
519558,False,True,True,True
519579,False,False,True,True
519607,False,False,False,False
519635,False,False,False,False
519649,False,False,False,False
519723,True,True,True,True
519783,False,False,False,False
519784,False,False,False,False
519815,False,False,False,False
519838,True,False,False,True
519939,False,True,True,True
519985,False,False,True,True
520039,False,False,False,False
520041,True,True,False,False
520049,True,False,True,True
520094,False,False,False,False
520124,False,False,False,False
520150,False,False,False,False
520199,False,False,False,False
520229,False,False,True,True
520251,False,False,False,False
520259,True,True,False,True
520278,False,True,False,False
520430,True,True,True,True
520435,True,True,True,True
520449,False,True,True,True
520475,True,True,True,True
520519,False,False,False,True
520546,True,True,True,False
520561,True,True,True,True
520569,False,False,False,False
520637,False,False,False,False
520683,True,True,True,True
520694,False,True,True,True
520703,False,True,True,True
520727,True,True,True,True
520736,True,True,False,False
520781,False,True,False,True
520808,False,False,False,False
520831,True,True,True,True
520852,False,True,True,False
520862,False,False,False,False
520873,False,True,True,True
520879,False,False,True,True
520940,True,True,True,True
520941,True,True,True,True
520975,True,False,False,False
520976,True,True,True,True
521003,False,False,False,False
521004,False,False,True,True
521071,True,True,True,True
521196,True,True,True,True
521205,True,True,True,True
521210,False,False,False,False
521218,False,False,False,False
521225,True,True,True,True
521232,False,True,True,True
521266,True,True,True,True
521269,False,False,False,False
521281,True,True,True,True
521288,True,True,True,True
521296,True,True,True,False
521334,False,False,False,False
521355,True,True,True,False
521404,True,True,True,True
521452,True,True,True,True
521465,True,True,True,True
521543,True,True,True,True
521555,True,True,True,True
521570,False,True,True,False
521613,True,True,False,False
521619,False,True,True,True
521620,False,False,False,True
521652,False,False,False,False
521679,True,True,True,True
521726,False,True,False,False
521729,False,True,True,True
521732,False,False,False,False
521775,False,False,False,False
521824,True,True,True,True
521872,False,False,False,False
521906,False,False,True,True
521972,False,False,False,False
521978,True,True,True,True
521982,False,False,False,False
522069,False,False,False,False
522119,False,False,False,True
522129,True,True,True,False
522160,False,True,True,True
522235,False,True,False,False
522338,True,True,False,False
522339,False,False,False,False
522362,False,True,True,True
522425,True,True,True,True
522427,False,False,False,False
522443,False,False,True,True
522452,False,False,True,False
522461,False,False,False,False
522489,False,False,False,False
522491,False,False,False,True
522492,True,False,False,False
522574,True,True,True,True
522579,True,False,False,False
522616,False,False,False,False
522620,False,False,False,False
522665,True,True,True,True
522704,False,True,True,True
522782,False,False,False,False
522788,True,True,True,True
522813,False,False,False,False
522862,False,True,True,True
522930,False,False,False,False
522938,False,False,False,False
522952,True,True,True,True
522959,False,False,True,False
523025,False,True,True,False
523034,True,True,True,True
523037,False,False,False,False
523055,False,False,False,False
523098,False,True,True,True
523137,True,True,True,True
523186,False,False,True,False
523199,False,False,False,False
523211,False,False,False,False
523212,False,False,False,False
523225,False,False,False,False
523230,False,False,True,False
523236,True,True,True,True
523281,False,False,False,False
523314,False,True,True,False
523334,True,True,True,True
523371,False,False,False,False
523390,False,True,False,False
523436,False,True,False,True
523466,False,False,False,False
523487,False,True,True,True
523494,False,False,False,False
523546,False,False,False,True
523608,True,True,True,True
523637,False,False,False,True
523641,False,False,False,False
523677,False,True,True,True
523718,True,True,True,True
523735,False,True,True,True
523869,False,False,True,False
523871,False,True,True,False
523893,True,True,True,True
523988,False,True,True,True
524064,True,True,True,True
524068,False,False,False,False
524167,True,True,False,True
524173,True,True,True,True
524249,False,True,True,True
524282,False,False,False,True
524361,False,False,True,False
524366,True,True,True,False
524373,False,False,True,True
524386,False,False,False,False
524387,False,False,False,True
524428,False,True,True,True
524450,False,False,True,False
524453,True,True,False,False
524470,False,False,False,False
524476,False,False,False,False
524486,False,False,False,False
524507,False,True,True,True
524522,False,False,False,False
524535,False,True,True,True
524572,True,False,False,False
524611,False,False,False,False
524625,True,True,False,False
524662,True,False,True,True
524677,True,True,True,True
524690,True,True,True,False
524695,False,False,False,False
524730,False,True,True,True
524786,False,False,False,False
524790,False,False,False,True
524822,False,False,False,False
524838,True,False,False,True
524848,True,True,True,True
524929,False,False,False,False
524975,False,False,False,False
524992,False,True,True,True
525039,False,True,True,True
525104,False,True,True,True
525153,False,False,False,False
525179,False,False,False,False
525180,False,False,False,False
525223,False,False,False,False
525266,False,False,False,False
525382,True,False,True,True
525398,True,True,True,True
525405,False,False,True,True
525438,True,True,True,True
525529,True,False,False,False
525567,False,True,False,True
525572,False,False,False,False
525587,True,True,True,True
525668,False,False,True,True
525695,False,False,False,False
525709,True,True,True,True
525721,False,False,False,False
525762,True,True,True,True
525860,True,True,True,True
525880,False,True,False,True
525891,True,True,True,True
525898,False,False,True,True
525904,True,True,True,True
525939,True,True,False,True
525971,True,False,False,False
526028,False,False,False,False
526030,False,True,True,True
526043,False,False,False,False
526085,False,False,False,False
526225,False,True,True,False
526288,False,False,True,True
526295,False,False,False,False
526321,False,False,False,False
526341,True,True,True,True
526342,False,True,False,True
526359,False,False,False,False
526403,True,False,True,True
526432,False,False,False,False
526446,False,True,True,True
526467,True,False,True,False
526473,True,True,True,True
526522,True,False,True,False
526542,True,True,True,True
526552,False,False,False,False
526594,True,True,True,True
526597,False,False,False,False
526648,True,True,True,True
526675,False,False,False,False
526681,True,True,False,False
526713,True,True,True,True
526732,False,False,False,False
526737,False,False,False,False
526750,False,True,True,True
526762,False,False,False,False
526840,False,True,True,False
526861,False,True,False,False
526867,True,True,True,True
526874,False,False,False,False
526896,True,False,True,True
526953,False,True,True,False
527023,False,False,False,False
527102,False,False,False,False
527118,True,True,True,True
527139,False,False,False,False
527224,True,True,True,True
527229,False,False,False,False
527248,True,True,True,False
527277,False,True,True,True
527338,True,False,True,True
527344,False,False,False,False
527364,False,False,False,False
527375,False,False,False,False
527440,True,True,True,True
527445,False,True,True,True
527492,True,True,True,True
527507,False,True,True,False
527529,False,False,False,True
527533,True,False,True,False
527554,False,True,True,True
527578,False,False,False,False
527649,False,False,False,True
527704,False,False,False,False
527717,False,False,True,True
527733,False,True,True,False
527828,False,True,True,False
527885,False,False,False,False
527899,False,False,False,False
527935,False,False,False,True
527961,False,False,False,False
527970,False,True,True,True
528062,False,False,False,False
528074,False,True,True,True
528091,True,True,True,True
528098,True,True,True,True
528112,False,True,False,True
528147,False,False,False,False
528151,False,False,False,False
528176,False,False,False,False
528198,False,False,False,True
528213,False,False,False,False
528251,False,False,True,True
528305,True,True,False,True
528311,False,False,False,False
528341,False,False,False,False
528344,False,False,False,False
528345,False,False,False,False
528351,False,True,True,True
528355,True,True,False,True
528358,True,True,True,True
528386,True,True,True,True
528411,False,True,True,True
528446,False,True,True,True
528452,True,True,True,True
528465,True,True,True,True
528466,False,False,True,True
528493,True,True,True,True
528525,False,True,True,True
528527,False,True,True,True
528550,False,False,False,False
528555,False,True,True,True
528563,False,False,False,False
528579,False,False,False,False
528582,False,False,False,False
528591,True,True,True,True
528664,False,False,False,False
528667,False,False,False,False
528729,False,False,False,False
528782,False,False,False,False
528832,False,True,False,False
528851,False,False,False,False
528903,False,False,True,True
528906,True,True,True,True
528936,False,False,False,False
528966,True,True,True,True
528971,False,False,True,True
528994,True,True,True,True
529017,False,False,False,True
529019,False,True,True,True
529056,True,True,True,True
529083,False,False,False,False
529087,False,True,True,True
529097,False,True,False,True
529133,False,True,True,True
529140,False,False,False,False
529159,False,True,False,True
529166,False,True,True,True
529188,False,True,True,True
529311,False,False,False,False
529350,False,False,False,True
529376,False,False,True,False
529377,False,False,False,True
529389,False,False,False,False
529411,False,False,True,True
529447,True,True,True,True
529454,False,False,True,False
529470,False,True,True,False
529477,False,True,True,True
529494,True,True,True,True
529507,True,True,True,True
529515,True,True,True,True
529522,True,True,True,False
529524,False,False,True,True
529545,False,False,False,False
529562,False,False,False,False
529592,False,False,False,False
529676,False,False,False,False
529698,True,True,True,False
529715,False,False,True,False
529788,True,True,True,True
529804,True,True,True,True
529806,False,False,True,True
529850,False,False,False,False
529886,False,False,False,True
529910,True,True,True,True
529917,False,False,False,False
529944,False,True,True,False
529954,True,True,True,True
530013,False,False,False,False
530037,False,False,True,True
530059,True,True,True,True
530197,False,False,True,True
530265,False,False,False,False
530285,False,True,True,True
530286,False,False,False,False
530287,True,True,True,True
530377,True,True,True,True
530383,True,False,True,True
530407,False,True,True,True
530475,True,True,True,True
530494,True,True,True,True
530497,False,False,False,False
530500,False,False,False,False
530508,True,False,True,True
530509,True,True,True,True
530546,False,False,False,False
530599,True,False,False,False
530610,False,True,True,True
530636,False,True,False,False
530652,True,True,True,True
530653,True,True,True,True
530656,True,True,True,True
530670,True,True,True,True
530683,False,False,False,False
530730,True,True,True,True
530731,True,True,True,True
530743,False,True,True,True
530832,False,False,False,False
530860,True,True,True,True
530875,True,True,True,True
530899,False,False,False,False
530903,False,False,False,False
530912,True,True,True,True
530934,True,True,True,True
530945,True,True,True,True
530987,False,False,False,False
531016,False,False,False,False
531032,True,True,True,True
531033,False,False,False,False
531056,False,False,False,True
531086,False,False,True,True
531144,False,True,False,True
531179,False,False,False,False
531290,False,True,True,True
531337,True,True,False,False
531369,True,True,True,True
531374,False,False,False,False
531441,False,False,False,False
531459,True,True,True,False
531465,False,False,True,True
531515,True,True,True,True
531523,True,True,True,True
531575,True,True,True,True
531591,False,True,True,True
531614,False,True,True,True
531644,False,False,True,False
531658,False,True,True,True
531662,False,False,False,False
531697,False,False,False,True
531721,False,True,False,True
531735,False,False,False,False
531796,False,False,False,False
531831,False,False,False,False
531834,True,True,True,True
531852,False,False,False,False
531860,False,False,True,False
531883,False,True,True,True
531928,False,False,False,False
531937,False,False,False,False
531944,True,True,True,True
531958,True,True,True,True
531964,False,False,False,False
531970,True,True,True,True
531983,False,True,True,True
532030,False,False,False,False
532107,False,False,False,False
532128,True,True,False,True
532137,False,True,True,True
532188,True,True,True,False
532194,False,False,False,False
532211,False,False,False,False
532216,False,False,False,False
532239,False,False,False,False
532263,False,False,True,True
532335,True,False,True,True
532358,False,True,True,True
532390,False,False,False,False
532411,False,False,False,False
532449,False,False,False,True
532501,False,True,True,True
532504,False,True,False,False
532520,True,True,True,True
532535,False,False,False,False
532543,True,True,True,True
532559,False,False,False,False
532565,False,True,True,True
532571,False,False,False,False
532589,False,False,False,False
532595,False,True,False,False
532624,False,True,True,True
532631,True,True,True,True
532638,False,False,True,True
532695,False,True,False,True
532744,False,True,True,True
532747,False,False,False,False
532768,False,False,False,True
532775,False,False,False,False
532780,True,True,True,True
532793,True,True,True,True
532809,True,False,False,False
532877,True,True,True,True
532895,False,True,True,True
532941,True,True,True,True
532976,False,False,False,True
532979,False,False,False,False
532988,False,False,False,False
533045,False,False,True,True
533069,False,False,False,False
533159,True,True,True,True
533166,False,False,False,True
533197,False,False,False,False
533218,False,False,True,True
533228,False,False,False,True
533239,True,True,False,True
533283,True,True,True,True
533315,True,True,True,True
533378,False,False,True,False
533396,True,True,True,True
533408,False,False,True,True
533424,False,False,False,False
533451,False,False,False,False
533477,True,True,True,True
533488,True,True,True,True
533512,True,True,False,False
533529,True,True,True,True
533545,False,False,True,True
533550,False,True,True,True
533553,True,True,True,True
533603,False,True,True,True
533619,False,False,False,False
533803,True,True,True,True
533826,True,True,True,False
533827,False,False,False,False
533869,False,True,True,False
533872,True,True,True,True
533942,False,True,True,True
533957,False,True,False,False
533976,False,True,True,True
534036,True,True,True,True
534037,True,False,False,True
534048,False,False,False,False
534121,False,False,False,False
534166,True,False,True,False
534194,False,True,True,True
534267,True,True,True,True
534300,True,True,False,True
534323,False,False,False,False
534336,True,True,True,True
534377,False,False,False,True
534406,False,True,True,True
534412,True,True,True,True
534419,False,False,True,True
534443,False,False,False,False
534468,False,False,False,False
534564,False,True,True,True
534637,False,True,True,True
534733,False,False,False,False
534786,False,False,True,True
534849,True,True,True,True
534857,False,True,True,True
534889,True,True,True,True
534914,False,False,False,False
534915,True,True,True,True
534976,False,False,False,True
535037,True,False,True,True
535143,True,True,True,True
535145,False,False,False,False
535151,False,True,False,False
535160,False,True,True,False
535202,False,True,True,True
535234,True,True,True,True
535292,True,True,True,True
535327,False,True,False,True
535335,False,True,True,False
535358,False,False,True,True
535457,True,True,True,True
535460,False,False,False,False
535467,True,True,True,True
535468,True,False,False,True
535483,False,False,False,False
535506,False,False,False,False
535536,True,True,True,True
535563,False,True,True,True
535713,False,False,False,False
535732,False,True,True,True
535748,False,False,True,True
535753,False,False,False,False
535795,False,False,False,False
535811,False,True,True,True
535852,False,False,False,False
535933,False,False,False,False
536000,False,False,True,True
536039,True,True,True,False
536059,False,False,True,True
536078,False,False,False,False
536103,False,False,False,False
536112,False,False,True,True
536146,False,False,True,False
536149,True,True,True,True
536167,False,False,False,False
536233,True,False,True,True
536244,True,False,True,True
536292,True,True,True,True
536312,False,False,True,True
536370,True,True,True,True
536374,False,False,False,False
536416,True,True,True,True
536428,False,True,True,True
536509,True,True,True,True
536519,False,False,False,False
536570,True,True,True,True
536575,False,False,False,False
536609,False,False,False,False
536641,True,True,False,False
536656,True,False,False,False
536663,False,True,True,True
536707,False,False,False,False
536725,False,False,True,True
536730,True,True,True,True
536896,True,True,True,True
536920,True,True,True,True
536939,False,False,False,False
536960,False,True,False,True
536969,False,False,False,False
536990,False,False,False,True
537041,True,True,False,True
537069,False,False,False,False
537090,False,False,False,False
537127,False,False,True,True
537145,False,False,False,False
537152,False,False,False,False
537160,False,False,False,False
537246,False,False,False,True
537248,False,False,False,False
537293,False,False,False,True
537297,True,True,True,True
537326,False,True,True,True
537372,True,True,True,True
537376,False,False,False,False
537417,True,False,True,True
537479,False,False,True,True
537579,True,True,True,False
537589,False,True,True,True
537611,False,False,False,False
537667,False,True,False,False
537689,False,False,False,False
537710,False,True,True,True
537727,False,False,False,False
537770,True,True,True,True
537773,False,False,False,True
537780,True,True,True,True
537807,False,False,False,False
537875,True,False,True,True
537878,False,False,False,False
537879,False,False,False,False
537905,True,True,True,True
537909,False,True,False,False
537954,True,True,True,True
537982,False,False,False,True
538126,False,False,False,False
538167,True,True,True,False
538182,False,False,False,False
538198,False,True,True,True
538223,True,True,True,True
538233,True,True,True,True
538242,False,False,False,True
538255,False,False,False,False
538263,True,True,True,True
538285,True,True,False,True
538299,False,False,False,False
538320,False,False,False,False
538334,False,False,False,False
538336,False,False,True,True
538414,True,True,True,True
538420,False,False,False,False
538422,False,False,False,False
538518,False,True,True,False
538586,False,False,False,True
538604,False,False,False,False
538633,False,False,True,True
538640,False,False,False,False
538682,False,False,True,True
538686,True,True,True,True
538701,False,False,False,False
538744,False,False,False,False
538775,False,False,False,False
538822,True,False,False,True
538832,False,False,False,False
538838,True,False,False,False
538844,False,False,False,False
538859,False,False,False,True
538922,False,True,True,True
538963,False,True,True,True
538993,False,False,True,True
539023,False,True,True,False
539124,False,False,False,False
539140,False,False,False,False
539167,True,True,True,True
539180,False,False,False,False
539233,False,False,False,False
539235,True,True,True,True
539251,False,True,True,True
539270,True,True,True,True
539296,False,True,True,False
539310,False,True,True,True
539313,False,False,False,True
539386,True,True,True,True
539406,True,False,False,False
539423,False,True,False,False
539449,False,False,False,False
539566,False,True,True,True
539671,True,True,False,True
539682,False,False,False,False
539694,False,True,True,False
539738,False,False,False,True
539754,False,False,True,False
539793,False,False,False,False
539797,False,True,True,True
539851,False,False,False,False
539888,False,False,False,False
539891,True,False,False,False
539897,False,True,False,False
539906,False,True,True,True
539908,True,True,True,True
539915,False,False,False,False
539920,False,False,False,False
539926,False,False,False,False
539934,False,False,False,True
539937,True,True,True,True
539967,False,False,False,True
539977,False,False,False,True
540012,False,False,False,False
540030,False,False,False,True
540059,True,True,False,True
540098,True,True,True,True
540101,False,True,True,True
540106,True,True,True,True
540122,False,False,False,False
540135,True,False,True,True
540174,False,False,False,False
540176,False,False,True,False
540180,True,True,True,True
540196,False,False,False,True
540203,False,False,False,True
540264,False,False,True,True
540270,False,False,False,False
540285,True,True,True,True
540287,True,True,True,True
540321,False,False,False,False
540326,False,False,False,False
540378,True,True,False,True
540469,False,False,True,True
540495,True,True,True,True
540498,False,False,False,False
540520,True,True,True,True
540547,False,False,False,False
540561,False,False,False,False
540582,False,False,True,True
540669,True,False,False,False
540681,True,True,True,True
540682,False,False,False,False
540733,False,True,True,True
540753,True,True,True,True
540765,False,False,False,False
540769,True,True,True,True
540820,True,True,False,True
540868,False,False,True,True
540922,False,False,False,False
541010,False,False,True,False
541017,True,True,True,True
541018,False,False,False,False
541029,False,True,False,True
541053,False,False,False,True
541071,False,False,True,True
541109,False,False,True,True
541113,True,True,True,True
541117,False,True,False,True
541193,True,True,True,True
541212,False,False,False,False
541231,True,False,False,False
541258,False,True,True,True
541279,False,False,False,False
541288,True,True,True,True
541314,False,False,False,True
541343,False,False,False,False
541367,False,False,False,False
541374,False,True,True,True
541422,False,False,False,False
541450,False,False,False,False
541491,False,False,False,False
541493,True,False,True,True
541538,False,False,False,False
541591,True,False,False,False
541601,True,True,True,True
541643,True,True,True,True
541676,False,False,True,True
541687,False,False,False,True
541709,True,True,True,True
541767,False,True,True,False
541813,False,True,False,False
541823,False,False,False,False
541832,False,False,False,True
541879,False,False,False,False
541887,True,True,True,True
541898,False,True,False,False
541918,True,True,True,True
541938,False,False,False,True
541949,True,True,True,True
541950,False,False,False,False
542020,True,True,True,True
542024,False,True,True,True
542027,False,False,False,False
542035,False,True,True,False
542054,True,True,True,True
542060,False,True,False,True
542084,True,True,True,True
542145,False,False,False,False
542165,False,True,False,False
542173,True,True,True,True
542178,True,True,True,True
542186,False,False,False,True
542202,False,False,False,False
542231,False,False,True,True
542234,True,True,True,True
542255,False,False,False,False
542391,False,False,False,False
542426,False,False,False,False
542450,False,False,False,False
542452,False,False,False,False
542587,True,True,True,True
542640,True,True,True,True
542642,False,True,True,False
542643,False,False,False,False
542662,False,True,False,False
542678,False,False,False,False
542685,False,False,False,False
542713,False,False,False,False
542758,False,False,True,True
542799,False,True,True,True
542832,False,False,False,True
542853,False,True,False,True
542888,False,True,True,True
542959,False,False,False,False
542974,True,True,True,True
542984,False,False,False,False
543042,False,True,True,True
543057,True,True,False,True
543090,False,False,False,False
543118,False,False,False,False
543183,False,False,False,False
543194,False,False,False,False
543200,False,True,True,False
543217,False,False,False,False
543268,False,False,False,True
543272,False,True,True,False
543276,False,False,False,True
543289,True,True,True,True
543376,True,True,True,True
543378,False,False,True,False
543407,True,True,True,True
543409,True,True,True,True
543411,True,True,True,True
543490,False,False,True,True
543492,True,True,True,True
543515,False,True,False,False
543525,False,False,False,False
543585,False,True,False,False
543617,False,False,False,False
543635,True,False,False,True
543645,False,False,False,False
543684,False,False,False,False
543686,False,True,True,True
543719,False,False,False,False
543732,False,False,False,False
543782,True,True,True,True
543817,False,True,True,True
543833,False,False,False,True
543860,True,True,True,True
543881,True,True,True,True
543882,False,False,False,False
543930,True,True,True,True
543957,False,True,True,True
543992,False,False,False,True
544005,False,False,False,False
544018,False,True,True,True
544046,False,False,False,False
544117,False,False,False,False
544122,False,True,False,False
544150,True,False,False,False
544198,False,False,False,False
544222,False,True,True,True
544240,False,False,False,False
544264,False,True,True,True
544299,False,False,False,False
544414,True,True,True,True
544601,False,False,False,False
544655,False,False,False,True
544692,True,True,True,True
544705,False,False,False,False
544731,True,False,False,True
544732,True,True,True,True
544782,False,False,False,False
544876,False,False,True,True
544893,False,False,False,False
544956,False,True,True,True
545002,True,True,True,True
545039,False,True,True,True
545056,False,False,False,False
545082,False,False,False,False
545088,False,False,False,False
545114,False,False,False,False
545126,False,True,False,False
545128,False,True,True,True
545135,False,False,False,False
545160,False,False,False,False
545163,False,False,False,False
545181,False,True,True,True
545257,False,False,False,False
545275,False,False,False,True
545289,False,False,False,False
545308,True,True,False,True
545317,False,True,False,False
545325,False,True,True,True
545381,False,False,False,False
545411,True,True,False,False
545500,False,False,False,False
545525,True,True,True,True
545556,False,False,True,True
545566,False,False,False,False
545611,False,False,False,False
545632,False,False,False,False
545651,False,True,True,True
545673,False,False,False,False
545705,False,False,False,False
545735,False,True,True,True
545793,False,False,False,False
545832,True,True,True,False
545874,False,False,True,True
545919,False,False,False,False
545929,False,False,False,False
545944,False,True,False,True
545948,False,False,False,False
545953,False,True,False,False
545982,False,True,True,True
546002,True,True,True,True
546010,False,False,True,False
546018,False,True,True,True
546020,True,True,True,True
546052,False,False,True,False
546079,False,False,False,False
546091,False,False,False,False
546171,True,False,False,True
546193,True,True,True,True
546203,False,False,True,True
546218,True,True,True,True
546245,False,False,True,False
546285,False,True,False,False
546296,True,True,True,True
546366,True,True,True,False
546379,True,True,True,True
546401,False,False,False,False
546454,False,False,False,False
546473,True,False,True,True
546515,True,True,True,True
546538,False,True,True,True
546586,True,True,True,True
546594,False,False,False,False
546631,False,True,True,True
546646,False,False,False,True
546649,False,False,False,False
546651,True,False,False,True
546664,True,True,False,False
546674,False,False,False,False
546687,False,True,True,True
546702,False,True,True,True
546708,True,True,True,True
546730,False,False,True,True
546792,True,True,True,True
546800,False,False,False,False
546832,False,False,False,False
546846,True,True,True,True
546928,True,True,True,False
546952,False,False,False,False
546966,False,False,False,False
546983,False,False,False,False
547043,True,True,True,True
547066,False,False,True,True
547083,False,False,False,False
547135,True,True,True,True
547212,True,True,True,True
547222,False,False,False,False
547224,True,True,True,True
547293,False,False,False,False
547348,True,True,False,True
547352,False,True,True,True
547417,False,False,False,True
547439,True,True,True,False
547459,True,True,False,True
547475,False,False,False,False
547498,False,False,False,False
547504,False,False,False,False
547524,False,True,True,True
547630,True,True,True,True
547636,False,False,False,False
547644,True,True,True,True
547645,True,True,True,True
547675,False,False,False,True
547726,False,True,True,True
547738,True,False,True,True
547742,False,False,False,False
547783,True,True,True,True
547790,True,True,True,True
547797,False,False,False,False
547798,False,False,False,False
547839,False,True,True,True
547879,False,True,False,True
547979,True,True,True,True
548020,False,False,False,False
548029,False,False,False,False
548039,True,True,True,True
548095,False,True,True,True
548168,False,True,True,True
548175,False,False,False,False
548177,True,True,True,True
548240,False,True,True,True
548278,False,False,True,True
548296,False,False,False,False
548318,False,True,True,True
548363,False,False,False,False
548391,True,False,True,True
548471,False,False,False,False
548498,True,True,True,True
548515,True,True,True,True
548532,False,False,False,False
548537,True,True,True,True
548548,True,True,True,True
548670,False,True,False,False
548703,False,False,False,False
548773,True,True,True,True
548795,False,True,True,True
548824,False,False,False,False
548882,False,False,False,False
548943,True,True,True,True
548951,True,True,False,True
548964,False,False,True,False
548974,False,False,False,False
549044,False,False,False,True
549104,True,True,True,True
549112,False,True,False,True
549133,False,False,False,False
549171,False,True,True,True
549209,False,True,True,True
549216,False,False,False,False
549231,False,True,True,False
549236,False,False,True,True
549268,True,True,True,True
549301,False,False,True,True
549317,True,False,True,True
549347,False,False,False,False
549361,False,False,True,True
549378,False,False,False,False
549386,False,False,True,True
549394,True,True,True,True
549426,False,False,True,True
549454,False,False,False,False
549459,False,False,False,False
549496,False,False,False,False
549527,True,True,True,True
549539,False,False,False,False
549568,False,False,False,True
549599,False,False,False,True
549617,False,False,False,True
549626,False,False,False,False
549685,True,True,True,True
549713,False,False,False,False
549729,False,False,False,False
549754,True,True,True,True
549763,False,False,False,False
549789,False,False,False,True
549876,False,False,True,False
549910,False,False,True,False
549933,True,False,False,False
549978,True,True,True,True
550021,False,False,False,False
550023,False,False,False,False
550049,False,False,False,False
550112,False,False,True,True
550133,False,False,False,False
550206,False,False,False,False
550237,False,False,False,False
550239,False,False,False,False
550258,False,False,False,False
550287,False,True,True,True
550333,False,False,False,False
550392,True,True,True,False
550395,True,True,True,True
550400,False,True,True,True
550403,True,False,True,True
550405,False,False,False,True
550410,False,False,False,True
550432,True,True,True,True
550521,False,False,False,True
550532,False,False,False,False
550536,False,False,False,False
550545,False,False,False,False
550547,True,True,True,True
550610,False,False,False,False
550643,False,False,False,False
550655,False,False,False,False
550759,False,False,False,False
550783,False,True,False,False
550834,False,False,False,False
550845,False,False,False,False
550853,False,False,False,False
550874,True,True,True,False
550912,False,False,False,False
550995,True,False,True,True
551023,True,True,True,True
551036,False,False,True,True
551082,False,False,True,False
551107,False,True,False,False
551118,False,False,False,False
551169,False,False,False,False
551189,True,True,True,True
551194,True,False,True,True
551267,False,False,False,False
551275,False,False,False,True
551285,False,True,True,True
551303,False,False,False,False
551383,False,False,False,False
551413,False,False,False,False
551427,False,False,False,False
551441,False,True,True,True
551472,False,False,False,True
551481,True,True,True,True
551533,True,False,False,True
551553,True,True,True,True
551571,False,False,False,False
551581,False,False,False,False
551590,False,True,True,True
551595,True,True,True,True
551630,False,False,False,False
551648,False,False,False,False
551701,False,False,False,False
551733,False,False,False,False
551791,False,False,True,True
551795,False,False,False,False
551814,True,True,True,True
551823,False,False,False,False
551888,False,False,True,True
551907,False,False,False,False
551934,True,True,True,True
551936,False,False,False,False
551952,False,False,True,False
551957,True,True,True,False
551959,True,True,True,True
551963,False,False,False,False
551983,False,False,False,False
552028,False,False,False,False
552054,False,False,False,False
552061,False,False,False,False
552068,False,False,True,True
552093,True,True,True,True
552148,True,True,True,True
552163,True,True,True,True
552167,True,True,True,True
552186,False,False,False,False
552221,False,False,False,False
552222,False,False,False,False
552247,False,True,True,False
552304,False,False,True,True
552364,False,False,False,False
552377,False,False,False,True
552380,True,True,True,True
552392,True,True,True,True
552440,True,True,True,True
552441,True,True,True,True
552446,False,False,True,True
552467,False,False,False,False
552502,False,False,False,False
552503,False,True,False,False
552520,False,False,False,False
552553,False,True,True,True
552563,False,False,False,False
552569,False,False,False,False
552575,False,True,True,True
552623,False,False,False,True
552630,False,False,False,False
552717,False,False,False,False
552744,True,True,True,True
552752,False,False,True,True
552832,False,False,False,False
552866,False,True,True,True
552880,True,True,True,True
552938,True,True,True,True
552942,True,True,True,True
552945,False,False,False,False
553000,False,False,True,True
553021,False,True,True,False
553067,True,True,False,False
553079,False,False,False,False
553118,False,True,True,True
553129,False,False,False,False
553224,False,True,False,True
553232,True,True,True,True
553267,False,True,True,False
553326,False,False,False,False
553353,False,True,True,True
553373,False,False,False,False
553413,False,False,False,True
553503,False,False,False,False
553505,False,True,True,False
553528,False,True,True,True
553531,True,True,True,True
553609,True,True,True,True
553667,False,True,True,False
553735,True,True,False,False
553736,False,False,False,False
553774,True,False,False,False
553847,False,False,True,True
553852,True,True,True,True
553859,True,True,True,True
553865,False,False,False,False
553872,True,True,True,True
553913,False,False,True,True
553918,False,True,True,True
553942,True,True,True,True
553998,True,True,True,True
554059,True,True,True,False
554070,True,False,True,True
554083,False,False,True,True
554104,False,False,False,False
554125,False,False,False,False
554138,False,True,True,True
554152,False,False,False,False
554217,False,True,False,True
554232,True,True,True,True
554285,False,False,True,True
554348,False,False,True,True
554364,False,True,True,True
554392,False,False,False,False
554408,False,False,True,True
554445,False,False,False,False
554471,False,False,False,False
554490,False,True,True,True
554523,False,False,False,False
554541,False,False,False,True
554556,True,True,True,False
554598,False,False,False,False
554617,True,True,True,True
554618,False,True,True,True
554665,False,False,False,False
554674,True,True,True,True
554689,False,False,False,False
554698,False,False,False,False
554706,False,False,True,True
554727,True,True,True,True
554743,False,True,True,True
554744,False,True,True,True
554852,False,False,True,True
554854,False,False,False,True
554855,False,False,True,False
554863,False,False,True,False
554866,True,True,True,True
554891,False,False,False,False
554920,False,False,True,True
554958,True,True,False,True
554980,False,False,False,True
555015,False,True,True,True
555038,False,False,False,False
555080,False,False,False,False
555088,False,False,True,True
555101,False,False,False,False
555102,True,True,True,True
555118,False,False,False,False
555206,False,False,True,False
555230,True,True,True,True
555271,False,False,False,False
555298,False,False,False,False
555299,True,True,True,True
555516,False,False,False,False
555574,False,False,False,False
555582,False,False,False,True
555622,False,False,False,False
555658,True,True,True,True
555722,False,False,True,True
555743,True,True,True,True
555755,False,False,False,False
555800,False,False,False,False
555808,False,False,False,False
555848,True,False,False,False
555898,False,False,False,False
555905,False,False,False,False
555906,True,False,True,True
555956,True,True,True,True
555974,False,True,False,False
555976,True,True,True,True
556012,False,True,True,True
556025,False,False,False,False
556065,True,True,True,True
556101,False,True,False,False
556143,False,False,False,False
556145,False,True,True,True
556192,True,True,True,True
556202,True,True,True,True
556222,True,True,True,True
556230,False,False,False,False
556246,False,False,False,False
556341,True,True,True,True
556349,False,False,False,False
556372,True,True,False,False
556399,False,True,False,True
556409,True,True,True,True
556453,True,True,True,True
556458,True,True,True,True
556461,True,True,True,True
556462,False,False,False,False
556472,False,True,False,True
556473,True,True,True,True
556478,False,False,False,True
556485,False,True,True,True
556512,True,True,True,True
556516,False,False,False,False
556518,True,True,True,True
556542,True,True,True,True
556569,False,False,False,False
556637,False,False,True,True
556683,True,True,True,True
556698,False,False,False,False
556745,True,False,False,False
556748,False,False,False,False
556763,False,False,True,True
556775,False,False,False,False
556822,True,True,True,True
556823,False,False,False,False
556855,False,False,False,False
556901,False,False,False,False
556955,True,False,True,True
556956,False,False,False,True
556986,False,False,False,False
557021,False,False,False,False
557023,False,False,False,False
557155,False,False,False,False
557163,False,False,False,False
557187,True,True,True,True
557188,False,False,False,False
557251,False,True,True,True
557321,False,False,False,True
557343,False,False,False,False
557355,False,False,False,False
557467,False,False,False,False
557507,False,False,True,True
557514,False,False,False,False
557517,True,True,True,True
557527,False,False,False,False
557548,False,False,True,False
557552,False,True,True,True
557595,False,True,True,False
557648,False,False,False,False
557677,False,False,False,False
557685,False,False,False,True
557725,True,True,True,True
557746,False,False,False,False
557780,False,False,False,False
557829,True,True,True,False
557830,False,False,False,False
557869,True,False,False,False
557875,False,False,False,False
557922,False,False,False,True
557985,False,True,False,False
558013,False,False,False,False
558113,True,True,True,True
558127,False,False,True,True
558134,False,False,True,True
558137,False,False,False,False
558166,False,False,False,False
558169,False,False,False,True
558221,False,True,False,True
558248,True,True,True,True
558274,False,True,False,False
558286,False,False,False,False
558291,False,True,False,True
558294,True,True,True,True
558318,False,False,True,True
558396,False,True,True,True
558405,False,True,True,True
558406,False,False,False,False
558424,True,True,False,True
558426,False,False,False,False
558436,True,True,True,True
558454,True,True,True,True
558524,True,True,True,True
558577,False,True,True,True
558602,False,False,False,False
558608,True,True,True,True
558615,False,False,False,False
558616,False,False,False,False
558671,False,False,False,False
558673,False,False,False,False
558700,False,False,True,False
558741,True,True,True,True
558748,False,True,True,False
558798,False,False,False,False
558808,False,False,True,True
558826,False,False,False,False
558834,True,True,True,True
558836,False,False,False,False
558860,True,True,False,False
558876,False,False,False,False
558915,False,True,True,True
558966,False,True,True,True
559073,False,True,True,True
559079,False,False,False,False
559101,False,False,False,False
559113,False,False,True,True
559127,False,True,True,True
559132,True,True,True,True
559136,True,True,True,True
559195,False,False,False,False
559261,True,True,True,True
559356,False,False,False,False
559395,False,False,False,False
559416,False,False,False,True
559438,True,True,True,True
559442,False,True,True,True
559463,False,True,False,False
559470,False,False,True,True
559511,True,True,True,True
559550,False,False,False,False
559651,False,True,True,False
559665,False,False,False,False
559747,True,True,True,True
559778,False,False,False,False
559821,True,True,True,True
559873,True,True,True,True
559877,False,False,False,False
559907,False,False,False,False
559949,False,False,False,False
560009,False,False,False,False
560018,True,True,True,True
560055,True,True,False,True
560087,False,True,True,True
560148,False,True,False,True
560152,True,False,True,True
560158,False,False,False,False
560173,False,False,False,False
560204,True,True,True,True
560235,True,True,True,True
560254,True,False,True,False
560260,False,False,False,False
560262,False,True,False,True
560270,False,True,True,True
560282,False,False,True,False
560311,False,True,False,True
560325,False,True,False,True
560365,False,True,False,False
560391,False,False,False,False
560422,False,False,False,False
560427,False,False,False,True
560431,False,False,True,False
560463,True,True,True,True
560489,False,True,False,True
560505,True,True,True,True
560511,True,True,True,False
560525,True,True,True,True
560561,False,True,True,True
560581,False,False,True,False
560591,True,True,True,True
560604,False,False,False,False
560691,False,False,False,False
560726,False,False,False,False
560797,False,False,False,False
560804,True,True,True,True
560850,False,False,False,False
560879,False,False,False,False
560885,True,True,True,True
560891,False,False,False,False
560943,False,False,False,False
560967,True,True,True,True
560969,False,True,True,False
560997,False,True,True,False
561013,False,False,False,False
561066,True,True,True,True
561069,False,False,False,True
561082,False,False,False,False
561106,False,False,True,True
561131,True,False,True,True
561145,False,False,False,True
561156,False,True,True,True
561176,True,True,True,True
561190,False,False,False,False
561346,False,False,False,False
561382,True,True,False,False
561386,True,True,True,True
561399,True,True,True,True
561411,False,False,False,True
561437,False,True,True,True
561453,False,True,True,True
561479,False,True,True,True
561514,False,True,False,False
561517,False,True,True,True
561565,True,True,True,True
561570,False,False,False,True
561622,False,False,True,True
561624,False,False,False,False
561635,False,True,True,True
561636,True,True,True,True
561724,False,True,False,True
561729,False,False,False,True
561794,True,True,True,True
561818,True,True,True,True
561821,False,False,True,False
561842,True,True,True,True
561865,False,False,False,True
561894,True,True,True,True
561953,True,True,True,True
561962,False,True,True,True
562045,False,True,False,True
562082,False,True,True,True
562101,True,False,False,True
562106,False,True,True,True
562124,True,True,True,True
562150,False,True,True,True
562157,False,True,True,True
562171,True,False,True,True
562192,False,False,True,True
562222,True,True,True,True
562305,False,True,True,True
562308,False,True,True,True
562335,False,False,False,False
562388,False,False,False,True
562394,False,False,False,False
562428,True,True,False,True
562485,False,False,True,True
562507,False,False,False,False
562516,False,False,False,False
562556,True,True,True,True
562573,True,False,False,True
562602,False,False,False,False
562614,True,True,True,True
562623,False,False,False,False
562628,False,False,False,False
562632,False,False,False,False
562645,False,False,False,False
562650,True,True,True,True
562664,False,False,False,False
562735,False,False,False,True
562740,False,True,True,True
562745,True,True,True,True
562766,False,False,False,True
562777,False,False,False,False
562805,False,True,True,True
562819,False,False,False,False
562835,False,False,False,False
562848,True,True,True,True
562870,False,True,False,False
562897,False,False,True,True
562904,False,True,True,True
562911,False,False,True,True
562960,True,False,False,True
562973,False,False,False,True
563065,True,True,True,True
563122,True,True,True,True
563164,False,False,True,True
563170,True,False,True,True
563177,False,False,False,False
563208,False,True,False,False
563340,False,False,False,False
563355,False,False,False,False
563396,False,False,True,True
563411,True,True,True,True
563447,False,False,False,False
563511,False,True,False,True
563535,True,True,True,True
563542,False,True,True,True
563625,False,True,True,True
563680,True,True,True,True
563711,False,False,False,False
563717,True,True,True,True
563730,False,False,False,False
563771,False,False,False,False
563803,False,False,False,False
563870,True,True,True,True
563871,False,False,False,False
563885,False,False,False,False
563926,False,False,False,False
563935,False,False,False,False
563945,False,True,True,True
563948,False,True,True,True
563999,False,False,True,True
564088,True,True,False,False
564109,True,True,True,True
564132,False,False,False,False
564185,False,False,False,False
564197,False,False,False,True
564232,False,True,True,True
564264,True,True,True,True
564267,False,False,False,False
564270,False,False,True,True
564271,False,False,False,False
564283,False,False,False,True
564302,False,False,False,False
564304,True,True,True,True
564339,False,False,False,False
564348,False,False,False,True
564366,False,False,False,False
564418,True,True,True,True
564545,True,True,False,True
564557,False,False,False,False
564573,False,False,False,False
564589,False,False,False,False
564599,True,True,True,True
564611,False,True,True,True
564781,False,False,False,False
564799,True,False,True,True
564822,False,True,True,True
564830,False,False,False,False
564865,False,False,False,True
564915,False,False,False,False
564931,False,False,True,True
564933,False,True,True,True
564951,True,True,True,True
565110,True,True,True,True
565117,False,True,True,True
565194,False,False,False,False
565233,False,False,False,False
565248,True,True,True,False
565258,False,True,True,True
565303,False,False,False,True
565312,False,False,True,False
565313,False,True,False,True
565341,False,False,False,False
565387,True,False,False,True
565424,False,False,False,False
565438,False,False,False,False
565479,True,True,True,True
565582,False,False,False,False
565595,False,True,True,False
565612,False,False,False,False
565683,True,True,True,True
565740,False,False,False,False
565781,True,True,False,True
565799,False,False,False,True
565869,True,True,False,False
565870,False,False,True,True
565875,False,False,False,True
565886,False,False,False,False
565921,True,True,True,True
565954,True,True,True,True
565986,False,False,False,False
566021,False,False,False,False
566032,False,False,True,True
566054,False,True,True,False
566096,True,True,True,True
566105,True,True,True,False
566145,True,True,True,True
566159,True,True,True,True
566173,True,False,False,False
566188,False,False,False,False
566234,True,True,True,True
566264,False,False,False,True
566319,False,False,False,False
566321,False,False,True,True
566346,True,True,False,False
566357,False,True,True,True
566432,False,True,False,True
566448,True,True,True,True
566450,False,False,False,False
566488,False,True,True,True
566514,False,False,False,False
566568,False,False,False,False
566584,False,False,True,True
566642,True,True,True,True
566644,False,False,False,False
566651,False,False,False,True
566687,False,False,False,True
566704,False,True,True,True
566713,False,False,False,False
566717,False,False,False,False
566743,False,True,True,False
566746,False,False,True,False
566762,True,True,True,True
566876,False,False,True,True
566931,True,True,True,True
566935,True,True,True,True
566969,True,True,True,True
566984,False,True,True,True
567000,False,False,False,False
567008,False,False,False,False
567013,True,False,False,False
567018,False,False,False,False
567076,False,False,False,True
567082,False,False,True,True
567085,False,True,False,False
567106,False,True,True,True
567121,False,False,False,False
567142,False,False,False,False
567145,False,True,False,False
567161,False,True,False,True
567208,False,False,False,False
567219,False,False,False,True
567252,True,False,False,False
567254,False,False,False,False
567304,False,False,False,False
567308,False,False,False,False
567320,False,True,False,True
567346,False,False,False,False
567363,False,True,True,True
567407,True,True,True,True
567416,False,False,True,False
567448,True,True,True,True
567535,False,False,True,False
567565,True,True,True,True
567627,False,False,True,True
567637,False,True,True,True
567652,True,True,True,True
567665,False,False,False,False
567683,False,False,False,False
567693,True,True,True,True
567706,False,False,False,False
567730,True,True,True,True
567764,False,False,False,False
567768,True,True,True,True
567780,True,True,True,True
567812,True,True,True,True
567944,False,False,False,True
567989,True,True,True,True
568000,False,True,True,True
568004,False,False,False,False
568050,False,False,False,False
568076,False,False,False,False
568090,False,True,False,True
568098,False,False,False,False
568113,False,False,False,False
568115,False,True,True,True
568117,True,False,False,True
568143,False,False,False,False
568148,False,True,True,True
568240,False,False,False,False
568265,False,False,False,False
568272,True,True,True,True
568358,False,True,False,False
568367,False,False,False,True
568369,False,False,False,False
568393,True,True,False,False
568454,True,True,True,True
568462,False,False,False,False
568471,True,True,True,True
568492,False,False,False,False
568507,False,False,False,False
568559,False,False,True,False
568587,False,True,False,False
568623,False,True,True,True
568668,False,False,False,False
568677,False,False,False,False
568687,True,True,True,False
568725,True,True,True,True
568765,True,True,True,True
568790,True,True,True,True
568840,True,True,True,True
568848,False,False,False,True
568854,False,False,False,False
568878,True,True,True,True
568879,True,True,True,True
568880,False,False,False,False
568925,False,False,False,False
568927,True,True,True,True
568956,False,True,True,False
568962,False,False,False,False
568963,False,False,False,False
569037,False,False,False,False
569158,False,False,True,True
569188,False,False,False,False
569190,False,True,True,True
569223,False,False,False,False
569289,True,True,False,False
569308,False,False,False,False
569319,False,False,False,False
569415,True,True,True,True
569484,False,False,False,False
569505,False,True,True,True
569511,True,True,True,True
569530,False,True,True,True
569535,False,False,False,False
569550,True,True,True,True
569560,True,True,True,True
569584,False,True,True,True
569697,True,True,True,True
569723,False,False,False,False
569742,False,False,False,False
569767,True,True,True,True
569769,False,False,False,False
569839,False,True,True,True
569872,True,True,True,True
569900,False,True,True,True
569958,False,True,True,True
569988,False,False,True,True
569989,False,False,False,False
570022,False,True,False,True
570107,False,False,False,False
570115,True,True,False,True
570141,False,False,False,False
570196,False,False,False,True
570203,False,False,False,False
570215,False,True,True,True
570225,True,True,True,True
570295,True,True,True,True
570338,True,True,True,True
570351,True,True,True,True
570353,False,True,False,True
570390,True,False,False,False
570406,False,False,False,False
570440,True,True,True,True
570518,False,False,False,False
570528,True,True,True,True
570548,False,False,True,False
570567,True,True,True,True
570568,True,False,True,True
570574,False,False,False,False
570588,True,True,True,True
570608,False,False,False,False
570656,False,False,False,False
570660,True,True,True,False
570680,False,True,True,False
570705,False,False,False,False
570741,False,False,True,False
570768,False,True,True,True
570786,True,True,True,True
570810,False,False,False,False
570848,False,False,False,False
570879,True,True,False,True
570942,False,False,False,False
570978,True,True,True,True
570981,False,False,False,False
571038,False,False,False,False
571059,False,False,False,True
571146,False,False,False,True
571157,False,False,False,False
571236,True,True,True,True
571357,True,True,True,True
571364,True,False,False,False
571384,False,True,True,True
571407,False,True,True,True
571451,True,True,True,True
571499,True,False,False,True
571544,False,False,False,False
571554,False,True,True,True
571563,False,False,False,False
571573,False,True,True,True
571584,False,False,False,False
571585,False,True,False,False
571627,False,True,False,True
571644,False,False,False,False
571654,False,False,False,False
571658,True,True,False,False
571673,True,True,True,True
571683,True,True,True,False
571721,False,False,True,False
571737,True,False,False,False
571768,True,False,False,False
571786,True,False,False,False
571791,False,False,False,True
571847,False,False,False,False
571885,False,False,False,False
571887,True,True,True,True
571920,False,True,True,False
571946,True,False,False,False
571990,True,True,True,True
572001,False,False,False,True
572042,True,True,True,True
572061,False,True,True,True
572063,False,True,True,True
572081,False,False,False,False
572110,False,False,False,False
572181,True,True,True,True
572252,True,True,True,True
572295,False,False,False,False
572296,False,True,True,True
572304,False,False,False,False
572326,True,True,True,False
572353,True,True,True,True
572362,True,True,True,True
572370,False,True,True,True
572391,True,True,True,True
572427,False,False,False,False
572469,False,False,False,False
572477,False,True,True,True
572487,True,True,True,True
572499,False,True,True,False
572554,False,False,False,True
572561,True,True,True,True
572584,False,False,False,False
572586,True,True,True,True
572602,False,False,False,False
572754,False,False,False,True
572786,False,True,True,True
572826,False,True,True,True
572897,False,False,False,False
572978,False,False,True,True
573085,False,False,False,False
573087,False,False,False,False
573132,False,False,False,True
573142,True,True,False,True
573146,True,False,False,False
573169,True,True,True,True
573196,False,False,False,False
573206,False,False,False,False
573209,False,True,False,False
573214,False,True,True,True
573252,True,False,True,True
573337,False,True,True,True
573341,False,False,False,False
573357,False,False,False,False
573482,False,False,True,True
573536,False,False,False,False
573570,False,False,False,False
573572,True,True,True,True
573584,False,False,False,False
573635,False,False,False,True
573647,False,False,False,False
573670,False,False,False,False
573732,True,True,True,True
573749,False,True,True,True
573759,True,True,True,True
573775,False,False,False,False
573784,False,False,False,False
573786,False,False,False,True
573819,True,True,False,False
573823,True,True,True,True
573825,True,True,True,True
573829,False,False,False,False
573841,True,True,True,True
573882,False,False,False,False
573896,True,True,True,True
573898,False,False,False,False
573913,True,True,True,True
573930,False,True,True,False
573935,False,False,False,True
573941,True,True,True,True
573954,True,True,True,True
573963,False,False,False,False
573980,True,True,True,True
574028,False,False,False,False
574034,True,True,True,True
574037,True,True,True,True
574052,True,True,True,True
574077,False,False,False,False
574095,False,True,True,True
574103,False,False,False,True
574106,True,True,True,True
574114,True,True,True,True
574130,True,True,True,True
574132,True,False,True,False
574140,False,True,False,False
574154,True,True,True,True
574166,True,True,True,True
574203,False,False,False,False
574215,False,False,True,True
574218,True,True,True,True
574227,False,True,True,True
574232,False,True,True,True
574277,False,False,False,True
574280,True,False,False,True
574281,True,True,True,True
574299,False,False,False,False
574308,False,True,True,True
574402,True,True,True,True
574419,True,True,True,True
574455,True,True,True,True
574462,False,True,False,True
574476,False,False,False,False
574487,False,False,False,False
574506,False,True,True,True
574525,True,True,True,True
574541,False,False,False,False
574590,False,True,False,True
574672,False,False,True,True
574673,True,True,True,True
574755,False,False,False,False
574760,False,False,False,True
574796,False,True,False,False
574804,False,False,False,False
574825,False,False,False,False
574837,False,False,False,False
574908,False,True,True,True
574953,True,True,True,True
574961,False,False,False,False
575005,False,True,True,True
575018,False,False,False,False
575040,False,False,False,False
575121,True,True,True,True
575128,False,True,True,True
575202,True,True,True,True
575206,False,False,False,False
575209,True,True,True,True
575222,True,True,True,True
575273,False,True,False,False
575287,False,False,False,False
575303,True,True,True,True
575307,False,False,False,False
575331,False,False,True,True
575349,False,False,False,False
575354,True,True,False,False
575361,False,False,False,False
575391,False,True,True,True
575406,False,False,False,False
575417,True,True,False,True
575428,False,False,False,False
575535,False,False,False,True
575594,False,False,False,False
575610,False,False,False,False
575649,False,False,False,True
575701,False,True,True,True
575702,False,False,False,False
575719,False,False,False,False
575734,True,True,True,True
575743,True,True,True,True
575751,False,False,False,False
575754,True,True,True,True
575755,False,False,False,False
575786,False,False,False,False
575857,True,True,True,True
575867,False,False,False,False
575904,False,False,True,True
575978,True,True,True,True
576015,False,False,False,False
576040,False,False,False,False
576045,False,False,False,False
576047,False,False,False,False
576070,False,True,True,True
576085,False,True,True,True
576138,False,False,False,False
576158,False,True,True,False
576187,False,False,True,True
576206,True,True,True,True
576214,True,True,True,False
576219,True,True,True,True
576225,False,False,False,False
576247,False,False,False,False
576248,True,False,True,True
576369,False,False,False,True
576386,False,False,True,True
576397,False,False,False,False
576500,False,True,True,False
576598,False,False,True,True
576612,False,False,False,False
576629,True,True,True,True
576630,True,True,True,True
576638,False,False,False,False
576684,False,False,False,False
576700,False,False,False,False
576714,True,True,True,True
576732,False,False,False,False
576752,False,False,False,True
576789,False,True,True,True
576801,True,True,True,True
576849,True,True,True,True
576855,False,False,False,False
576973,False,True,True,True
576987,True,True,True,True
577030,True,True,True,True
577052,False,False,False,False
577072,True,True,True,True
577077,False,False,True,True
577083,False,False,False,False
577122,False,True,False,True
577146,False,False,False,False
577160,False,False,False,False
577169,False,False,False,False
577219,False,False,True,True
577265,True,True,True,True
577310,False,False,False,False
577358,False,False,False,False
577378,False,False,False,False
577380,True,True,True,True
577488,False,True,True,False
577513,False,False,False,False
577527,False,True,True,True
577532,True,True,True,True
577651,False,False,False,False
577653,False,False,False,False
577654,False,False,False,False
577669,False,False,False,False
577718,False,False,False,False
577725,False,False,False,False
577738,False,False,False,False
577762,False,True,False,False
577887,False,False,False,True
577891,True,True,True,True
577912,False,False,False,False
577924,False,False,False,False
577995,False,False,False,True
578002,False,False,False,False
578019,False,False,False,False
578103,True,True,True,True
578108,False,False,True,True
578137,False,False,True,False
578174,False,False,False,False
578184,False,False,False,False
578193,True,False,True,True
578197,True,True,True,True
578250,False,False,False,False
578255,True,True,True,True
578261,False,False,False,False
578295,False,True,True,True
578308,False,False,False,False
578324,True,True,True,True
578330,False,False,True,True
578331,False,False,False,False
578341,True,True,True,True
578347,False,False,False,False
578350,True,True,True,True
578356,False,True,True,True
578369,False,False,False,False
578454,False,True,True,True
578459,False,False,False,False
578467,True,True,True,True
578493,True,True,True,True
578506,False,False,False,True
578523,False,False,False,False
578533,False,False,False,False
578553,False,False,False,False
578594,False,False,False,False
578597,False,True,False,True
578620,True,True,True,True
578698,True,False,True,True
578752,False,False,False,False
578770,True,True,True,True
578808,False,True,True,True
578813,False,False,False,False
578836,True,True,True,True
578848,False,False,False,False
578849,True,True,True,True
578861,False,False,False,False
578902,True,True,True,True
578903,False,False,False,False
578915,False,False,False,True
578950,False,True,False,True
578993,True,True,True,True
579042,False,True,True,True
579051,False,False,False,False
579056,False,True,True,True
579057,True,True,True,True
579060,True,True,True,True
579134,True,True,True,True
579137,True,True,False,True
579145,True,True,True,True
579170,True,True,True,True
579186,False,False,False,False
579188,False,False,False,False
579201,False,False,True,True
579299,False,False,True,True
579312,False,False,True,True
579404,True,True,True,True
579418,True,True,True,True
579440,True,True,False,True
579446,False,False,False,False
579466,False,False,False,True
579487,True,True,True,True
579534,False,True,False,False
579543,True,False,False,True
579567,True,True,True,True
579666,False,False,False,False
579673,False,False,False,True
579680,True,True,True,True
579735,False,False,False,False
579785,True,False,False,False
579815,False,False,False,True
579846,False,False,True,False
579906,True,True,True,True
579926,False,False,False,False
580051,False,False,False,False
580191,False,True,True,True
580257,False,False,False,False
580274,False,True,False,True
580396,False,False,False,False
580408,False,False,True,True
580414,False,False,False,False
580461,True,True,True,True
580511,False,True,True,True
580541,False,True,False,False
580542,False,False,True,False
580586,False,True,True,True
580591,True,True,True,True
580620,False,False,False,True
580629,False,False,False,True
580651,False,False,False,False
580693,True,True,True,True
580735,True,True,True,True
580741,False,False,False,True
580765,False,True,True,False
580778,True,True,True,True
580781,False,False,False,False
580785,False,False,False,False
580837,True,True,True,True
580843,False,True,False,False
580847,False,False,False,False
580856,False,False,False,False
580930,True,True,True,True
580942,False,False,False,True
580979,True,False,True,True
581010,False,True,True,True
581036,False,False,False,True
581097,False,False,False,False
581108,False,True,True,True
581136,False,False,False,False
581199,False,False,False,False
581283,False,False,False,False
581332,True,True,True,True
581394,False,False,False,False
581415,False,False,False,False
581422,False,False,False,False
581629,False,False,False,False
581637,False,False,False,False
581662,False,False,False,False
581686,False,True,True,True
581697,False,False,False,False
581715,False,False,False,False
581726,False,True,True,True
581732,False,False,False,False
581829,True,True,False,False
581839,True,True,True,True
581863,False,True,True,True
581904,False,False,False,True
581921,True,True,True,True
