image_id,yolov8n.pt,yolov8s.pt,yolov8m.pt,yolov8l.pt
61,False,True,True,True
64,False,True,True,True
71,False,False,False,False
72,True,True,True,True
86,False,True,True,True
133,False,False,True,True
136,True,True,True,True
164,False,True,True,True
192,True,True,True,True
241,True,True,True,True
260,True,True,True,True
349,True,True,True,True
360,False,True,True,True
438,True,True,True,True
474,True,True,True,True
491,True,True,True,True
532,False,True,True,True
540,False,False,False,False
612,True,True,True,True
625,True,True,True,True
715,False,False,False,True
723,False,True,True,True
764,True,True,True,True
839,False,False,False,False
897,True,True,True,True
977,True,True,True,True
987,True,True,True,True
1011,False,True,True,True
1107,True,True,True,True
1146,True,True,True,True
1164,True,True,True,True
1180,False,False,True,True
1237,True,True,True,True
1261,False,True,True,True
1264,False,False,True,True
1271,False,False,True,True
1308,True,True,True,True
1311,False,False,False,False
1401,False,False,False,False
1431,False,True,True,True
1518,False,True,True,True
1526,False,False,False,False
1548,True,True,True,True
1558,True,True,True,True
1586,False,True,True,True
1596,True,True,True,True
1625,True,True,True,True
1667,False,False,False,True
1756,True,True,True,True
1757,True,True,True,True
1786,True,True,True,True
1815,True,True,True,True
1837,True,True,True,True
1903,False,True,False,False
1915,True,True,True,True
1947,False,True,True,True
1966,False,False,False,True
1999,True,True,True,True
2056,True,True,True,True
2083,False,True,True,True
2089,True,True,True,True
2135,False,True,True,True
2193,False,False,False,False
2232,True,True,True,True
2270,False,False,False,True
2296,False,False,True,False
2315,True,True,True,True
2411,False,True,True,True
2434,False,False,False,True
2444,False,True,True,True
2451,True,True,True,True
2536,True,True,True,True
2560,False,False,True,True
2570,False,True,True,True
2575,False,False,False,False
2606,False,False,False,False
2754,False,True,True,True
2774,False,True,True,True
2776,True,True,True,True
2822,False,False,False,False
2886,True,True,True,True
2894,True,True,True,True
2963,True,True,True,True
2983,False,True,True,True
2989,False,False,True,True
3067,False,True,True,True
3103,False,False,False,False
3124,False,False,True,True
3134,False,True,False,False
3192,True,True,True,True
3209,True,True,True,True
3259,False,False,True,True
3353,False,True,True,True
3378,True,True,True,True
3382,False,False,False,True
3461,True,True,True,True
3488,True,True,True,True
3493,True,False,False,False
3532,False,False,False,True
3535,False,True,True,False
3580,True,True,True,True
3602,False,False,True,True
3637,True,True,True,True
3690,True,True,True,True
3703,False,True,True,True
3716,False,False,False,True
3751,False,True,True,True
3793,False,False,False,True
3862,False,False,True,False
3867,True,True,True,True
3870,False,False,False,False
3911,False,True,True,True
3917,True,True,True,True
3938,False,False,False,True
3964,False,True,True,True
4020,True,True,True,True
4065,True,True,True,True
4125,True,True,True,True
4139,True,True,True,True
4211,True,True,True,True
4239,False,False,True,True
4282,True,True,True,True
4286,True,True,True,True
4360,False,True,False,False
4375,False,True,True,True
4376,False,False,False,True
4426,True,True,True,True
4441,True,True,True,True
4462,True,True,True,True
4527,True,True,True,True
4578,False,True,True,True
4620,True,True,True,True
4622,False,True,False,True
4642,False,True,True,True
4719,True,True,True,True
4736,False,True,True,True
4785,True,True,True,True
4820,False,False,False,True
4823,False,False,True,True
4830,True,True,True,True
4843,False,False,True,True
4859,True,True,True,True
4903,False,False,False,False
4904,False,True,True,True
4979,False,True,True,True
4980,True,True,True,True
4981,True,True,True,True
4984,True,True,True,True
5046,True,True,True,True
5064,False,False,False,False
5076,False,False,False,True
5094,False,False,False,False
5105,False,False,False,False
5115,False,False,True,False
5152,False,False,False,True
5156,True,True,True,True
5198,False,False,False,False
5355,True,True,True,True
5385,False,True,False,True
5424,False,True,True,True
5469,True,True,True,True
5483,False,False,False,False
5486,False,False,True,True
5508,False,True,True,True
5513,True,True,True,True
5557,True,True,True,True
5587,False,True,True,False
5595,False,False,True,False
5620,False,False,True,False
5632,False,False,True,True
5644,False,True,False,True
5667,False,True,True,True
5688,True,False,True,True
5728,False,False,False,False
5769,False,False,True,True
5802,False,False,False,False
5804,False,True,True,True
5916,True,True,True,True
5991,True,True,True,True
6004,False,False,False,False
6010,False,False,True,True
6031,True,True,True,True
6068,True,True,True,True
6074,True,True,True,True
6107,False,False,False,False
6140,False,True,True,True
6189,False,False,True,True
6216,False,True,True,True
6220,False,False,False,True
6241,False,False,False,True
6379,True,True,True,True
6406,False,True,True,True
6518,False,True,False,True
6522,False,False,False,False
6603,True,True,True,True
6651,False,True,True,True
6658,False,True,True,True
6672,False,False,False,False
6701,False,False,False,True
6710,True,True,True,True
6720,False,False,False,False
6790,True,True,True,True
6842,False,True,True,True
6846,True,True,True,True
6870,True,True,True,True
6874,True,True,True,True
6901,False,False,True,True
6906,True,True,True,True
6935,False,False,True,False
6981,False,False,False,False
6996,True,True,True,True
7035,False,True,True,True
7072,False,False,True,True
7104,False,False,True,True
7107,True,True,True,True
7123,True,True,True,True
7124,False,True,True,True
7145,True,True,True,True
7167,False,True,False,False
7221,False,True,True,True
7267,True,True,True,True
7276,False,True,True,True
7277,False,False,True,True
7298,True,True,True,True
7318,True,True,True,True
7325,False,False,True,True
7355,True,True,True,True
7361,True,True,True,True
7367,True,True,True,False
7393,True,True,True,True
7420,False,True,True,True
7424,True,True,True,True
7444,False,False,True,True
7584,True,True,True,True
7594,True,False,True,True
7603,False,False,False,False
7690,False,True,True,True
7722,True,True,True,True
7757,True,True,True,True
7819,True,True,True,True
7856,False,True,False,True
7921,True,True,True,True
7945,False,False,False,False
7961,False,False,False,False
8024,False,False,False,True
8043,False,True,True,True
8114,False,False,False,False
8119,True,True,True,True
8170,True,True,True,True
8191,True,True,True,True
8228,True,True,True,True
8238,True,False,True,True
8245,False,False,True,True
8350,False,True,True,True
8383,False,True,True,True
8394,True,True,True,True
8457,True,True,True,True
8469,True,True,True,True
8519,False,True,True,True
8536,False,False,False,False
8568,False,True,True,True
8581,False,True,True,True
8647,False,False,False,False
8718,True,True,True,True
8773,True,True,True,True
8787,False,False,False,False
8836,True,True,True,True
8848,False,False,False,False
8856,True,True,True,True
8909,True,True,True,True
8933,False,False,False,False
8965,True,True,True,True
8981,True,True,True,True
9002,False,False,True,False
9018,True,True,True,True
9038,False,False,False,True
9077,True,True,True,True
9095,False,True,True,True
9112,True,True,True,True
9138,False,False,False,False
9156,True,True,True,True
9174,True,False,False,False
9175,False,False,False,False
9180,True,True,True,True
9199,False,False,False,False
9203,False,True,True,True
9253,False,False,False,True
9275,True,True,True,True
9372,False,False,True,True
9379,False,False,False,True
9409,False,False,False,False
9446,False,True,True,True
9452,True,True,True,True
9462,True,True,True,True
9517,True,True,True,True
9608,True,True,True,True
9648,True,True,True,True
9651,False,True,True,True
9708,False,True,True,True
9723,False,True,True,True
9738,True,True,True,True
9789,False,False,True,True
9801,False,False,True,True
9830,False,True,True,True
9872,True,True,True,True
9878,True,True,True,True
9904,True,True,True,True
9910,False,False,True,True
9929,False,True,True,True
9935,True,True,True,True
9983,False,False,True,True
10014,False,False,False,False
10073,False,True,True,True
10084,True,True,True,True
10123,False,False,True,True
10130,True,True,True,True
10149,False,True,True,False
10175,False,True,True,True
10216,False,True,True,True
10230,False,False,True,True
10239,False,False,False,False
10249,False,True,True,True
10281,True,True,True,True
10324,False,False,False,False
10386,True,True,True,True
10393,False,False,True,True
10434,True,True,True,True
10463,True,True,True,True
10526,False,False,False,False
10560,False,False,True,True
10613,False,False,False,False
10615,True,True,True,True
10644,False,False,False,False
10646,False,False,False,False
10701,False,True,False,True
10705,False,True,True,False
10711,False,False,True,True
10719,True,True,True,True
10779,False,True,True,True
10871,False,True,True,True
10877,True,True,True,True
10907,False,False,False,False
10909,False,False,False,True
10925,False,True,True,True
10986,False,False,False,False
11004,False,False,False,False
11015,True,True,True,True
11029,False,True,True,True
11147,True,True,True,True
11168,True,True,True,True
11181,True,True,True,True
11241,False,True,True,True
11262,True,True,True,True
11269,True,True,True,True
11271,False,False,True,True
11288,True,True,True,True
11358,True,True,True,True
11401,False,True,True,True
11411,False,False,True,True
11422,True,True,True,True
11426,False,False,True,True
11449,True,True,True,True
11485,False,False,False,False
11496,True,True,True,True
11506,False,False,True,True
11519,True,True,True,True
11605,True,True,True,True
11613,False,False,False,True
11619,False,True,True,True
11661,True,True,True,True
11690,True,True,True,True
11696,False,False,True,True
11754,False,False,False,True
11775,True,True,True,True
11794,False,False,False,False
11831,False,True,True,True
11849,True,True,True,True
11877,False,False,False,True
11931,False,False,False,False
11968,False,False,False,True
11990,False,False,False,False
12014,True,True,True,True
12044,True,False,True,True
12069,False,False,False,False
12079,True,True,False,True
12081,True,True,True,True
12093,True,True,True,True
12102,True,True,True,True
12131,False,False,True,True
12146,False,True,False,False
12154,True,True,False,False
12192,False,False,False,False
12224,False,True,True,True
12240,False,False,False,True
12268,False,True,True,True
12315,False,True,True,True
12326,False,False,False,False
12370,True,True,True,True
12377,True,True,True,True
12418,True,True,True,True
12428,True,True,True,True
12448,True,True,True,True
12484,False,False,False,False
12552,False,True,True,True
12570,False,False,True,True
12574,False,True,True,True
12612,False,False,False,False
12650,False,True,True,True
12669,False,False,True,True
12698,False,False,False,False
12700,False,False,True,False
12711,True,True,True,True
12741,True,True,True,True
12805,True,True,True,True
12839,False,True,True,True
12876,True,True,True,True
12884,True,True,True,True
12887,True,True,True,True
12892,False,True,True,True
12979,True,True,True,True
13061,True,True,True,True
13076,False,True,True,True
13106,False,True,True,True
13129,False,False,False,False
13144,False,False,False,False
13159,True,True,True,True
13172,False,False,False,False
13267,True,True,True,True
13285,False,False,False,False
13292,False,True,True,True
13302,False,False,False,True
13318,True,True,True,True
13355,False,False,False,False
13383,True,True,True,True
13465,True,True,True,True
13471,True,True,True,True
13506,False,False,True,True
13540,True,True,True,True
13550,False,False,False,False
13576,False,False,False,True
13603,True,True,True,True
13650,False,False,False,True
13662,False,True,True,True
13671,False,True,True,True
13678,False,False,False,False
13719,True,True,True,True
13721,False,True,True,True
13802,True,True,True,True
13835,True,True,True,True
13867,False,False,True,True
13868,False,True,False,False
13892,True,True,True,True
13904,True,True,True,True
13909,False,False,False,False
13920,True,True,True,True
13922,False,False,False,False
13965,True,False,False,False
13969,False,False,False,True
13985,True,False,True,True
13995,False,True,False,False
14004,False,False,True,True
14041,False,False,True,True
14056,False,False,True,True
14160,True,True,True,True
14180,False,True,True,True
14219,False,False,False,False
14253,False,False,False,True
14261,True,True,True,True
14281,False,True,True,True
14352,False,False,False,False
14367,True,False,True,True
14392,False,False,True,True
14450,True,True,True,True
14453,True,True,True,True
14502,False,False,True,True
14543,True,True,True,True
14547,False,False,False,False
14557,True,True,True,True
14562,False,True,True,True
14591,True,True,True,True
14635,False,False,True,True
14676,True,True,True,True
14723,False,False,False,False
14756,False,True,True,True
14766,False,True,True,True
14773,False,False,True,True
14807,True,True,True,True
14819,True,True,True,True
14835,True,True,True,True
14883,True,True,True,True
14886,False,False,False,True
14892,True,True,True,True
14940,True,True,True,True
14970,False,True,True,True
14975,False,True,False,True
14990,False,True,True,True
15050,True,True,True,True
15062,False,False,True,True
15074,True,True,True,True
15117,False,True,False,False
15140,False,True,False,True
15148,True,True,True,True
15151,False,False,True,True
15156,False,True,True,True
15174,True,True,True,True
15249,True,True,True,True
15266,True,True,True,True
15268,True,True,True,True
15269,False,False,True,False
15276,False,True,True,True
15289,False,False,False,False
15307,False,True,True,True
15347,True,True,False,True
15391,False,True,True,True
15409,False,False,True,True
15451,True,True,True,True
15472,False,False,False,False
15486,False,True,True,True
15542,True,True,True,True
15567,False,True,True,True
15610,True,True,True,True
15678,False,False,True,False
15725,False,True,True,False
15726,False,True,True,True
15738,True,True,True,True
15794,False,False,False,False
15816,True,True,True,True
15851,False,False,False,False
15859,True,False,False,False
15915,False,False,True,True
15919,True,True,True,True
15930,True,True,True,True
15947,False,False,False,False
15968,True,True,True,True
15976,False,False,False,False
15978,False,False,False,False
16009,True,True,True,True
16038,True,True,True,True
16039,True,True,True,True
16056,False,False,False,True
16060,True,True,True,True
16080,False,True,True,True
16237,False,True,True,True
16243,False,True,True,True
16251,True,False,True,False
16254,True,True,True,False
16257,True,True,True,True
16285,True,True,True,True
16297,False,False,True,True
16308,True,True,True,True
16314,True,True,True,True
16327,False,False,False,False
16346,True,True,True,True
16355,True,True,True,True
16356,True,False,False,True
16360,False,False,False,False
16361,False,False,False,False
16418,True,True,True,True
16468,True,True,True,True
16523,False,False,False,False
16525,False,False,True,False
16546,False,True,False,True
16578,False,False,False,False
16616,True,True,True,True
16670,True,True,True,True
16677,False,True,True,True
16775,False,False,True,True
16776,True,True,True,True
16823,True,True,True,True
16897,True,True,True,True
16963,False,True,True,True
17057,True,True,True,True
17095,True,True,True,True
17108,False,False,True,True
17192,False,False,False,False
17198,False,False,False,True
17267,False,False,False,True
17301,True,True,True,True
17308,True,True,True,True
17312,False,True,True,True
17350,False,True,True,True
17451,True,True,True,True
17553,True,True,True,True
17586,False,True,True,True
17590,False,True,True,True
17629,True,True,True,True
17644,True,True,True,True
17655,False,False,False,False
17697,False,False,False,False
17751,False,False,False,False
17776,False,True,True,False
17791,False,True,True,True
17859,False,False,False,False
17909,False,True,True,True
17944,False,False,False,False
17954,False,False,False,False
17967,True,True,True,True
18000,False,False,False,False
18020,False,True,True,True
18090,False,False,False,False
18179,False,True,True,True
18217,True,True,True,True
18224,True,True,True,True
18244,False,True,True,True
18267,True,True,True,True
18293,True,True,True,True
18294,False,True,True,True
18336,False,True,True,True
18359,False,True,False,True
18401,False,True,True,True
18426,True,True,True,True
18439,True,True,True,True
18442,True,True,True,True
18460,False,True,False,False
18462,True,True,True,True
18475,True,True,True,True
18496,True,True,True,True
18513,True,True,True,True
18530,True,True,True,True
18542,False,True,True,True
18555,True,True,True,True
18559,False,False,False,False
18571,False,True,False,True
18614,False,False,False,True
18656,False,False,False,False
18658,False,False,False,True
18683,True,True,True,True
18771,False,False,False,False
18809,True,True,True,True
18839,False,False,False,True
18935,True,True,True,True
18957,False,False,True,True
18973,False,True,True,True
19013,True,False,True,True
19032,True,True,True,True
19037,False,True,True,True
19090,True,True,True,True
19096,True,True,True,True
19136,True,True,True,True
19146,False,False,True,True
19176,False,False,False,False
19185,True,True,True,True
19322,False,False,False,False
19333,True,True,True,True
19374,False,False,True,True
19397,False,False,True,True
19404,True,True,True,True
19413,True,True,True,True
19441,False,True,True,True
19446,False,False,False,False
19544,False,True,True,True
19552,False,False,False,True
19589,False,False,False,False
19609,True,True,True,True
19637,False,False,False,False
19681,True,True,True,True
19695,False,True,True,False
19714,True,True,True,True
19759,True,True,True,True
19767,False,False,False,False
19769,False,False,False,False
19828,False,True,True,True
19838,False,False,False,False
19918,True,True,True,True
19926,False,True,True,True
20001,False,True,True,True
20004,True,True,True,True
20018,True,True,True,True
20030,False,True,True,True
20063,False,True,True,True
20136,False,True,True,True
20150,True,True,True,True
20156,True,True,True,True
20157,False,True,True,True
20175,False,False,True,True
20177,False,False,False,False
20184,True,True,True,True
20253,True,False,True,True
20273,False,True,True,True
20307,False,True,True,True
20367,True,True,True,True
20391,False,False,False,False
20436,False,True,True,True
20460,True,True,True,True
20464,False,False,False,False
20489,True,True,True,True
20513,True,True,True,True
20563,True,True,True,True
20570,True,True,True,True
20579,False,True,True,True
20583,True,True,True,True
20601,True,True,True,True
20632,False,False,True,True
20641,True,True,True,True
20650,True,True,True,True
20760,False,True,True,True
20769,False,False,True,True
20774,True,True,True,True
20781,False,True,True,True
20788,False,False,False,True
20794,True,True,True,True
20809,False,False,False,False
20849,True,True,True,True
20853,True,True,True,True
20906,True,True,True,True
20908,False,True,True,True
20935,False,False,False,True
20962,False,False,False,False
21003,False,False,True,True
21029,False,False,False,False
21088,True,True,True,True
21097,False,True,True,True
21136,True,True,True,True
21152,True,True,True,True
21161,False,False,False,True
21164,True,True,True,True
21194,True,True,True,True
21197,True,True,True,True
21212,True,True,True,True
21217,True,True,True,True
21240,True,True,True,True
21268,False,False,True,True
21280,False,True,True,False
21284,False,False,False,False
21327,True,True,True,True
21397,True,True,True,True
21400,False,True,True,True
21417,False,False,False,False
21459,True,True,True,True
21462,True,False,True,True
21469,False,False,False,True
21534,False,True,True,True
21544,True,True,True,True
21599,True,True,True,True
21613,True,True,True,True
21622,False,True,True,True
21688,False,True,True,True
21711,True,True,True,True
21751,True,True,True,True
21764,True,True,True,True
21811,True,True,True,True
21826,True,True,True,True
21905,True,True,True,True
21968,False,False,False,False
22008,True,True,True,True
22012,False,False,False,False
22071,False,False,True,True
22102,True,True,True,True
22112,False,False,False,False
22129,True,True,True,True
22149,True,True,True,True
22158,True,True,True,True
22180,True,True,True,True
22195,False,True,True,True
22196,True,True,True,True
22208,False,False,True,False
22355,False,True,True,True
22427,False,False,True,False
22446,False,True,False,False
22451,True,True,True,False
22461,True,False,True,False
22474,True,True,True,True
22492,True,True,True,True
22500,False,True,False,False
22624,True,True,True,True
22636,False,True,True,True
22656,False,True,True,True
22690,True,True,True,True
22691,True,False,True,True
22708,True,True,True,False
22710,False,False,True,True
22759,True,True,True,True
22796,True,True,True,True
22802,False,True,True,True
22880,False,True,True,True
22928,False,False,False,False
23050,True,True,True,True
23098,True,True,True,True
23100,False,False,True,True
23117,False,True,True,False
23201,True,True,True,True
23203,False,False,True,True
23280,True,True,True,True
23287,False,False,False,False
23311,False,False,False,True
23355,False,False,False,False
23387,True,True,True,True
23392,False,False,True,True
23405,True,True,True,True
23413,False,False,True,False
23429,True,True,False,True
23434,False,True,True,True
23447,False,False,True,True
23451,True,True,True,True
23479,False,False,True,False
23551,False,True,False,False
23570,True,True,True,True
23594,False,False,False,True
23718,False,False,False,True
23731,False,False,False,True
23821,False,False,True,True
23840,True,True,True,True
23914,False,True,True,True
23984,True,True,True,True
23991,True,True,True,True
24026,True,True,True,True
24100,False,False,False,False
24103,True,True,True,True
24104,True,True,True,True
24105,False,False,False,False
24150,False,False,False,False
24154,True,True,True,True
24159,False,True,True,True
24204,False,True,False,True
24239,False,False,False,False
24242,True,True,True,True
24253,False,True,True,True
24260,True,True,True,True
24264,True,True,True,True
24296,True,True,True,True
24319,True,True,True,True
24352,True,True,True,True
24386,False,False,True,True
24391,False,False,False,False
24402,False,True,True,True
24428,False,True,True,True
24433,False,True,False,True
24436,True,True,True,True
24515,False,True,True,True
24520,False,False,False,True
24552,True,True,True,True
24563,False,True,True,True
24672,False,False,False,False
24714,False,False,False,False
24842,True,True,True,True
24849,False,False,False,True
24859,False,False,False,False
24972,False,True,True,True
25009,False,True,True,True
25034,True,True,True,True
25121,True,True,True,True
25145,True,True,True,True
25193,False,False,False,False
25230,False,True,False,False
25245,False,False,False,True
25274,False,False,False,False
25282,False,True,True,True
25286,True,True,True,True
25325,False,True,False,False
25352,True,True,True,True
25385,True,True,True,True
25430,True,True,True,True
25453,False,False,False,False
25470,False,False,False,False
25550,False,True,True,True
25675,True,True,True,True
25722,False,True,False,True
25727,True,True,True,True
25746,True,True,True,True
25747,True,True,True,True
25807,False,False,True,True
25853,False,True,True,True
25860,True,True,True,True
25870,False,False,True,True
26010,False,False,False,False
26068,False,False,False,False
26069,True,True,True,True
26072,False,False,True,True
26105,False,True,True,True
26132,False,False,False,False
26172,True,True,True,True
26221,False,False,False,False
26297,True,True,True,True
26304,True,True,True,True
26310,False,False,False,False
26359,True,True,True,True
26393,False,False,True,True
26445,True,True,True,True
26466,False,True,True,True
26578,True,True,True,True
26584,True,True,True,True
26602,True,True,True,True
26611,True,True,True,True
26622,True,True,True,True
26625,False,False,False,False
26655,True,True,True,True
26764,True,True,True,True
26782,False,True,True,True
26818,False,True,True,True
26833,False,False,False,False
26865,True,True,True,True
26893,False,True,True,True
26905,False,False,False,True
26907,False,False,True,True
26924,True,True,True,True
26928,False,True,True,True
26932,True,True,True,True
26978,False,False,False,True
26982,True,True,True,True
27012,False,False,True,True
27037,True,True,True,True
27046,True,True,True,True
27109,True,True,True,True
27136,True,True,True,True
27159,True,True,True,True
27162,True,True,True,True
27190,False,False,True,True
27215,True,True,True,True
27285,False,False,False,False
27330,False,False,True,True
27374,True,True,True,True
27388,True,True,True,True
27471,True,True,True,True
27486,False,False,False,False
27493,False,True,True,True
27510,False,True,True,True
27524,True,True,True,True
27534,False,True,True,True
27540,True,True,True,True
27564,True,True,True,True
27569,False,True,True,True
27674,True,True,True,True
27718,False,True,True,True
27756,True,True,True,True
27764,False,False,True,True
27776,True,True,True,True
27778,True,True,True,True
27789,True,True,True,True
27826,True,True,True,True
27859,False,True,True,True
27902,False,False,False,True
27907,False,False,False,False
27946,True,True,True,True
27950,True,True,True,True
27975,True,True,True,True
27977,True,True,True,True
28010,False,False,False,False
28085,False,True,False,False
28109,True,True,True,True
28114,False,True,True,True
28116,True,True,True,True
28127,True,True,True,True
28214,False,False,False,True
28251,False,False,False,False
28333,False,False,False,True
28335,False,True,False,True
28343,True,True,True,True
28451,True,True,True,True
28463,False,False,False,False
28506,False,True,True,True
28518,True,True,True,True
28540,False,True,False,False
28547,True,True,True,True
28555,True,True,True,True
28582,False,True,True,True
28674,False,True,True,True
28682,True,True,True,True
28714,False,False,False,False
28802,False,True,True,True
28820,False,False,False,True
28824,False,True,True,True
28835,False,False,False,True
28855,False,False,True,True
28924,True,True,True,True
28930,True,True,True,True
28981,False,False,False,True
28988,True,True,True,True
28995,False,False,False,False
29018,False,False,False,True
29080,False,False,False,False
29085,True,True,True,True
29091,True,True,True,True
29114,True,True,True,True
29116,True,True,True,True
29140,True,True,True,True
29155,False,False,False,False
29176,True,True,True,True
29288,True,True,True,True
29320,False,True,True,True
29345,True,True,True,True
29370,True,True,True,True
29377,False,False,True,True
29431,True,True,True,True
29444,True,True,True,True
29473,False,False,True,True
29575,False,False,False,False
29587,False,True,True,True
29592,False,True,True,True
29601,True,True,True,True
29622,True,True,True,True
29639,False,False,True,True
29706,True,True,True,True
29711,False,False,False,False
29730,True,True,True,True
29801,True,True,True,True
29838,False,True,True,True
29875,False,False,False,False
29879,True,True,True,True
29915,True,True,True,True
29931,False,False,False,False
29934,True,True,True,True
30000,True,True,True,True
30034,False,False,False,False
30055,False,True,True,True
30067,True,True,True,True
30139,False,False,False,False
30163,False,False,False,False
30239,False,False,False,True
30254,True,True,True,True
30255,True,True,True,True
30261,False,False,False,False
30276,True,True,True,True
30288,False,True,True,True
30321,True,True,True,True
30353,False,False,False,False
30409,False,True,True,True
30413,False,False,False,True
30429,False,True,True,True
30434,True,True,True,True
30437,False,False,False,False
30443,True,True,True,True
30449,False,True,False,False
30457,False,False,False,True
30488,True,True,True,True
30526,False,False,False,True
30529,False,True,True,True
30534,False,False,False,False
30548,True,True,True,True
30569,False,True,True,True
30630,False,True,False,True
30646,True,True,True,True
30657,True,True,True,True
30681,False,False,False,False
30711,False,False,False,False
30752,False,True,True,True
30791,True,True,True,True
30820,False,False,False,True
30836,True,True,False,True
30855,True,True,True,True
30871,False,False,False,False
30954,True,True,True,True
30960,False,True,False,True
30962,True,True,True,True
30997,False,True,False,False
30998,False,False,False,False
31016,False,True,True,True
31043,True,False,True,True
31061,False,True,True,True
31090,True,True,True,True
31092,True,True,True,True
31135,True,True,True,True
31151,True,True,True,True
31188,False,False,True,True
31230,True,True,True,True
31273,False,False,False,False
31376,True,True,True,True
31382,True,True,True,True
31391,True,True,True,True
31392,False,False,True,True
31393,True,True,True,True
31396,True,True,True,True
31418,True,True,True,True
31521,True,True,True,True
31569,True,True,True,True
31582,False,False,False,False
31621,False,False,True,True
31667,True,True,True,True
31733,False,False,False,False
31765,True,True,True,True
31773,True,True,True,True
31812,False,True,True,True
31813,False,True,False,True
31938,True,True,True,True
31943,True,True,True,True
31948,True,True,True,True
31979,False,False,False,False
31984,True,True,True,True
31993,True,True,True,True
32044,False,True,True,True
32060,False,False,False,False
32074,False,False,False,False
32095,True,True,True,True
32147,False,False,False,False
32176,True,True,True,True
32289,True,True,True,True
32295,False,False,False,True
32339,False,True,True,True
32413,True,True,True,True
32442,False,False,False,False
32455,False,False,False,False
32471,False,True,True,True
32566,True,True,True,True
32577,True,True,True,True
32578,True,True,True,True
32627,False,False,False,True
32644,True,True,True,True
32674,False,False,False,True
32675,False,False,True,True
32677,False,True,False,True
32679,True,True,True,True
32720,True,True,True,True
32739,False,True,True,True
32751,True,True,True,True
32787,True,True,True,True
32829,False,False,False,False
32850,True,True,True,True
32932,False,False,True,True
32944,False,True,False,True
32985,False,False,False,True
32986,True,True,True,True
32990,True,True,True,True
33006,True,False,True,True
33017,False,True,True,True
33068,True,True,True,True
33073,False,False,False,False
33093,False,False,False,False
33204,True,True,True,True
33208,False,False,True,False
33240,False,True,True,True
33300,True,True,True,True
33315,False,True,True,True
33341,False,True,True,True
33417,True,True,True,True
33431,False,False,False,True
33476,False,True,True,True
33499,True,True,True,True
33505,False,False,False,False
33572,False,True,False,True
33601,False,False,False,False
33629,True,True,True,True
33634,True,True,True,True
33642,False,False,True,True
33659,True,True,True,True
33698,False,False,False,False
33731,True,True,True,True
33732,True,True,True,True
33743,True,True,True,True
33761,False,False,False,False
33764,True,False,True,True
33815,True,True,True,True
33828,True,True,True,True
33835,False,False,True,True
33845,False,False,True,False
33861,False,False,False,True
33871,False,False,True,False
33958,True,True,True,True
33994,True,True,True,True
34038,False,True,True,True
34061,False,False,False,False
34080,True,True,True,True
34086,False,False,False,True
34115,False,True,True,True
34121,False,True,False,True
34196,True,True,True,True
34212,False,False,True,True
34222,True,True,True,True
34235,True,True,True,True
34277,True,True,True,True
34299,False,True,True,True
34301,True,True,True,True
34333,True,True,True,True
34356,False,False,False,False
34372,True,True,True,True
34387,False,False,True,False
34415,False,True,False,True
34439,False,False,False,False
34445,False,False,True,True
34475,False,True,True,True
34482,False,False,False,False
34491,False,False,True,True
34500,False,True,True,True
34524,True,True,True,True
34570,False,False,True,True
34579,False,False,False,False
34645,True,True,True,True
34674,True,True,True,True
34680,False,False,False,False
34757,False,True,True,True
34773,False,False,False,False
34795,False,False,False,False
34808,True,True,True,True
34816,True,True,True,True
34828,True,True,True,True
34831,False,False,False,False
34874,True,True,True,True
34882,True,True,True,True
34900,True,True,True,True
34904,True,True,True,True
34993,False,True,True,True
35032,True,True,True,True
35033,True,True,True,True
35094,True,True,True,True
35105,True,True,True,True
35107,True,True,True,True
35127,False,False,False,True
35150,True,True,True,True
35160,False,False,False,False
35176,False,True,True,False
35210,True,True,True,True
35211,False,False,True,True
35222,False,False,False,False
35228,False,False,False,False
35303,True,True,True,True
35328,False,True,True,True
35367,True,True,True,True
35368,False,True,True,True
35434,True,True,True,True
35436,False,False,True,True
35508,False,True,True,True
35514,True,True,True,True
35551,True,True,True,True
35552,True,True,True,True
35642,False,True,True,True
35664,False,False,False,True
35677,True,True,True,True
35705,True,True,True,True
35707,True,True,True,True
35726,False,True,True,True
35738,True,True,True,True
35768,False,True,True,True
35769,True,True,True,True
35857,True,True,True,True
35884,True,True,True,True
35964,True,True,True,True
36049,False,True,False,True
36113,True,True,True,True
36123,True,True,True,True
36197,True,True,True,True
36204,True,True,True,True
36222,True,True,True,True
36226,False,False,False,False
36230,False,True,True,True
36278,True,True,False,True
36414,True,True,True,True
36417,True,True,True,True
36447,False,False,False,False
36448,False,False,True,True
36450,True,True,True,True
36459,True,True,True,True
36460,False,False,True,True
36492,True,True,True,True
36500,False,False,False,False
36522,True,False,True,True
36557,False,True,True,True
36563,True,True,True,False
36574,True,True,True,True
36633,True,True,True,True
36658,False,True,True,True
36661,False,False,False,False
36663,False,False,False,False
36725,False,False,False,False
36739,True,True,True,True
36761,True,True,True,True
36805,False,False,True,True
36810,False,True,True,True
36811,True,False,True,True
36823,True,True,True,True
36827,True,True,True,True
36841,False,False,True,True
36903,True,True,True,True
36908,False,False,False,True
36939,True,False,True,True
36968,False,False,False,False
36996,True,True,True,True
37001,False,False,False,True
37024,False,True,True,True
37038,False,True,True,True
37039,False,True,True,True
37059,True,False,True,True
37062,False,False,False,False
37076,True,True,True,True
37126,False,True,True,True
37149,True,True,True,True
37158,False,True,True,True
37193,True,True,True,True
37198,False,False,False,False
37210,True,True,True,True
37222,False,True,True,True
37291,False,False,False,False
37326,False,False,False,False
37367,False,False,True,True
37396,False,True,True,True
37579,True,True,True,True
37655,False,False,True,False
37671,False,True,True,True
37719,False,False,True,True
37727,False,False,False,False
37743,False,False,True,False
37771,True,True,True,True
37790,False,True,False,True
37800,True,True,True,True
37862,False,True,True,True
37863,False,True,True,True
37905,True,True,True,True
37931,False,True,True,True
37932,False,True,True,True
37944,False,True,True,True
37945,False,True,True,True
37979,True,True,True,True
37986,False,False,True,True
37999,False,False,False,True
38034,True,True,True,True
38117,True,True,True,True
38152,True,True,True,True
38190,True,True,True,True
38266,True,True,True,False
38274,False,False,False,True
38296,False,True,True,True
38350,False,False,True,True
38402,True,True,True,True
38449,True,True,True,True
38477,False,False,True,True
38490,False,True,True,True
38561,False,False,False,False
38622,True,True,True,True
38628,True,True,True,True
38645,False,True,False,True
38652,False,True,True,True
38681,True,True,True,True
38693,True,False,False,False
38701,False,False,False,True
38730,False,True,True,True
38791,True,True,True,True
38798,True,True,True,True
38840,False,False,True,True
38865,True,True,True,True
38890,True,True,True,True
38934,False,True,True,True
38938,True,True,True,True
38963,False,False,True,False
39000,True,True,True,True
39004,False,True,True,True
39065,False,False,True,True
39113,True,True,True,True
39131,False,False,False,False
39159,False,True,False,True
39171,False,False,True,True
39185,True,True,True,True
39202,False,False,True,False
39203,False,True,False,True
39225,True,True,True,True
39301,False,True,True,True
39312,True,True,True,True
39321,False,True,True,True
39322,False,True,True,True
39357,False,True,True,True
39399,False,False,False,False
39430,True,True,True,True
39434,True,True,True,True
39456,False,False,False,True
39464,False,False,True,True
39495,True,True,True,True
39528,True,True,False,False
39540,True,True,True,True
39548,False,True,True,False
39597,False,True,True,True
39656,True,True,True,True
39663,True,True,True,True
39698,False,False,False,True
39705,False,True,True,True
39708,True,True,True,True
39711,True,True,True,True
39716,True,True,True,True
39718,False,False,False,True
39726,False,False,False,False
39779,False,True,True,True
39844,False,True,True,True
39865,True,True,True,True
39925,True,True,True,True
40018,False,False,False,False
40056,False,False,False,False
40100,False,False,False,False
40103,True,True,True,True
40108,True,True,True,True
40205,False,False,False,False
40286,True,True,True,True
40317,False,False,True,True
40325,False,True,True,True
40342,True,True,True,True
40346,False,True,False,True
40351,True,True,True,True
40399,True,True,True,True
40404,True,True,True,True
40407,False,True,True,True
40414,False,False,False,True
40446,False,False,True,False
40449,True,True,True,True
40466,False,False,True,True
40497,False,False,False,False
40602,False,True,True,True
40675,False,False,False,False
40686,False,False,False,False
40708,True,True,True,True
40737,True,True,True,True
40779,True,True,True,True
40795,True,True,True,True
40830,False,False,False,False
40838,True,True,True,True
40874,False,False,False,False
40902,True,True,True,True
40906,True,True,True,True
40911,False,True,False,False
40923,False,False,False,True
40924,False,False,True,True
40971,True,True,True,True
40986,True,True,True,True
40987,True,True,True,True
40988,False,True,True,True
41001,True,True,True,True
41079,False,True,True,True
41110,False,False,False,True
41123,False,False,False,False
41147,True,True,True,True
41152,False,False,False,True
41155,True,True,True,True
41199,True,True,True,True
41200,True,True,True,True
41225,False,False,False,False
41233,True,True,True,True
41247,False,False,False,False
41259,False,False,True,True
41273,False,False,True,False
41279,True,True,True,True
41311,False,False,False,False
41331,True,True,True,True
41340,False,False,True,False
41345,False,False,False,True
41398,True,True,True,True
41404,False,True,True,True
41413,True,True,True,True
41437,True,True,True,True
41453,True,True,True,True
41478,False,True,False,True
41505,True,True,True,True
41507,True,True,True,True
41577,False,False,False,False
41645,True,True,True,True
41658,True,True,True,True
41671,True,True,True,True
41678,False,True,True,True
41728,False,False,False,False
41742,True,True,True,True
41756,True,True,True,True
41776,False,False,False,False
41826,False,False,False,True
41839,True,False,True,True
41840,True,True,True,True
41846,True,True,True,True
41867,True,True,True,True
41920,True,True,True,True
41923,True,True,True,True
41924,False,False,False,False
41939,True,True,True,True
41952,False,False,False,False
41959,True,True,True,True
41998,True,True,False,False
42024,True,False,True,False
42042,True,True,True,True
42069,False,False,False,False
42089,True,True,True,True
42091,False,False,True,True
42124,False,False,False,True
42196,False,False,False,False
42201,True,True,True,True
42215,False,True,True,True
42297,False,True,True,True
42347,True,True,True,True
42366,True,True,True,True
42384,True,True,True,True
42421,True,True,True,True
42427,True,True,True,True
42429,True,True,True,True
42441,True,True,True,True
42458,True,False,False,True
42472,False,True,True,True
42482,False,False,True,True
42492,False,False,False,False
42529,True,True,True,True
42540,False,True,True,True
42584,False,False,True,True
42585,False,True,True,True
42634,False,True,False,True
42667,False,False,False,False
42675,True,True,True,True
42683,False,False,False,True
42741,True,True,True,True
42743,True,True,True,True
42790,True,True,True,True
42810,False,True,True,True
42834,False,False,False,False
42947,True,True,True,True
42953,False,True,True,True
42960,True,True,True,True
43011,True,True,True,True
43077,False,False,False,False
43098,True,True,True,True
43161,True,True,True,True
43163,True,True,True,True
43193,False,True,True,True
43232,True,True,True,True
43243,False,False,False,False
43251,True,True,True,True
43269,False,True,True,True
43340,False,True,True,True
43393,True,True,True,True
43417,False,False,False,True
43433,False,True,True,True
43444,False,True,True,True
43513,True,True,True,True
43522,True,True,True,True
43555,True,True,True,True
43629,True,True,True,True
43635,False,True,False,True
43673,True,True,True,True
43712,True,True,True,True
43739,False,False,True,True
43742,False,True,False,True
43771,True,True,True,True
43774,False,False,False,True
43778,True,True,True,True
43795,False,True,True,True
43813,False,False,True,True
43854,False,False,False,False
43892,True,False,False,True
43917,True,True,True,True
43936,False,False,False,True
43957,False,False,False,False
43960,False,False,True,False
43961,False,False,False,True
43997,True,True,True,True
44045,True,True,True,True
44054,False,False,True,True
44061,True,True,True,True
44171,False,True,True,True
44209,True,True,True,True
44227,True,True,True,True
44244,False,True,True,False
44327,False,True,True,True
44337,True,True,True,True
44360,True,True,True,True
44425,False,False,True,True
44432,False,True,True,False
44471,False,True,True,True
44474,True,True,True,True
44488,False,False,True,False
44491,False,True,True,True
44569,False,False,False,True
44575,False,True,True,True
44670,True,True,True,True
44704,True,True,True,True
44723,True,True,True,True
44724,False,False,False,False
44734,False,False,True,True
44751,True,True,True,True
44780,True,True,True,True
44782,False,True,True,True
44801,True,True,True,True
44802,False,True,True,False
44825,False,False,True,True
44839,False,True,True,True
44950,False,False,False,False
44952,True,True,True,True
44953,False,True,True,True
44958,False,False,False,False
44960,False,False,False,False
44995,False,True,True,True
45016,True,True,True,True
45026,False,False,False,False
45053,True,True,True,True
45058,True,True,True,True
45059,True,True,True,True
45197,True,True,True,True
45215,False,True,True,True
45222,True,True,True,True
45226,True,True,True,True
45292,False,False,False,False
45306,False,False,False,False
45339,True,True,True,True
45422,False,True,True,True
45455,False,False,False,False
45459,True,True,True,True
45467,True,True,True,True
45487,True,True,True,True
45526,True,True,True,True
45587,True,True,True,True
45622,False,False,False,True
45626,False,False,True,False
45659,False,False,False,False
45771,False,False,True,True
45785,True,True,True,True
45840,True,True,True,True
45923,True,False,False,True
45959,False,True,True,True
46014,False,True,True,True
46023,False,False,True,True
46171,True,True,True,True
46303,True,True,True,True
46310,True,True,True,True
46320,False,False,False,False
46353,False,False,False,False
46356,False,True,True,True
46372,True,True,True,True
46385,True,True,True,True
46422,False,True,False,False
46438,True,True,True,True
46460,True,True,True,True
46519,False,False,False,False
46524,False,False,True,True
46526,False,False,False,False
46545,True,True,True,True
46686,False,True,True,True
46729,False,False,False,False
46737,True,True,True,True
46743,True,True,True,True
46749,True,True,True,True
46760,False,True,True,True
46761,False,True,True,True
46869,False,False,False,False
46883,True,True,True,True
46893,False,False,False,True
46941,False,False,False,False
46942,True,True,True,True
46981,True,True,True,True
46990,False,True,False,True
47022,True,True,True,True
47055,False,False,False,False
47189,False,True,True,True
47202,False,True,True,True
47285,False,False,False,False
47295,False,False,False,False
47372,False,True,True,True
47387,True,True,True,True
47406,False,True,True,True
47511,True,True,True,True
47512,True,True,True,True
47570,False,False,False,True
47588,True,True,True,True
47621,True,True,True,True
47631,False,False,False,True
47639,False,False,False,True
47640,True,True,True,True
47648,True,False,True,True
47658,True,False,True,True
47680,False,False,False,False
47687,True,True,True,True
47713,False,True,True,True
47735,True,True,True,True
47767,True,True,True,True
47848,True,True,True,True
47873,True,True,True,True
47877,True,True,True,True
47882,False,False,False,False
47886,False,False,True,True
47928,True,True,True,True
47949,False,False,False,False
47992,False,False,False,False
48047,False,False,False,False
48066,False,False,False,True
48067,True,True,True,True
48101,False,True,True,True
48130,False,False,True,True
48150,True,True,True,True
48160,False,False,False,False
48169,True,True,True,True
48189,True,True,True,True
48196,True,True,True,True
48220,False,True,True,True
48257,True,True,True,True
48267,True,True,True,True
48281,False,True,True,True
48340,False,True,False,True
48354,True,False,False,False
48408,True,True,True,True
48428,True,True,True,True
48432,False,False,False,True
48548,False,False,True,False
48575,True,True,True,True
48595,False,False,False,True
48609,False,False,True,False
48616,True,True,True,True
48617,False,False,True,True
48630,True,True,True,True
48708,False,True,True,True
48711,True,True,True,True
48728,False,False,False,False
48756,True,True,True,True
48759,False,False,False,False
48824,True,True,True,True
48848,False,True,True,True
48870,False,False,False,True
48882,False,True,True,True
48931,True,True,True,True
48939,True,False,True,True
48974,False,False,False,False
49006,False,False,False,False
49022,True,True,True,True
49048,False,False,False,True
49079,True,True,True,True
49119,False,False,False,True
49135,True,True,True,True
49165,True,True,True,True
49175,False,False,False,False
49240,False,False,True,True
49258,False,False,False,True
49309,False,True,False,True
49331,True,True,True,True
49363,False,False,False,False
49378,True,True,True,True
49382,True,True,True,True
49384,False,True,True,True
49402,True,True,True,True
49408,False,False,False,False
49413,False,False,False,True
49424,False,False,True,True
49444,False,True,False,False
49458,False,True,True,True
49460,True,True,True,True
49553,True,True,True,True
49554,False,False,False,False
49640,False,False,False,False
49643,False,True,True,True
49648,True,True,True,True
49682,True,True,True,True
49683,True,True,True,True
49731,False,False,False,True
49746,False,False,True,True
49796,False,False,False,False
49851,False,False,False,False
49901,True,True,True,True
49933,True,True,True,True
49977,True,True,True,True
49988,False,False,False,False
50013,False,True,True,True
50018,False,False,False,False
50054,False,True,True,True
50061,False,False,True,False
50106,False,False,False,True
50134,False,True,True,True
50222,True,True,True,True
50244,True,True,True,True
50256,True,True,True,True
50261,False,False,True,True
50276,True,True,True,True
50305,False,False,False,False
50366,False,False,False,True
50372,True,True,True,True
50403,True,True,False,True
50434,True,True,True,True
50461,False,True,True,True
50463,False,True,True,False
50470,False,False,False,True
50518,False,True,True,True
50556,False,False,True,False
50561,False,False,False,False
50563,False,False,False,False
50576,False,True,True,True
50583,False,False,True,True
50627,True,True,True,True
50667,False,False,False,True
50686,False,False,True,True
50767,False,True,True,True
50791,False,False,True,True
50820,True,True,True,True
50849,False,False,False,False
50913,True,True,True,True
50926,True,True,True,True
50956,True,True,True,True
50960,True,True,True,True
50962,True,True,True,True
50980,False,False,False,False
51052,True,False,True,True
51124,False,False,False,False
51143,False,False,False,False
51156,True,True,True,True
51157,True,True,True,True
51168,True,True,True,True
51191,False,True,True,False
51260,True,True,True,True
51304,True,True,True,True
51376,True,True,True,True
51390,False,True,True,True
51478,False,False,True,True
51500,False,False,False,False
51540,True,True,False,False
51555,False,False,True,False
51618,True,True,True,True
51631,True,True,True,True
51639,False,False,False,True
51644,True,True,True,True
51704,False,True,True,True
51706,True,True,True,True
51777,True,True,True,True
51799,True,True,True,True
51829,False,True,True,True
51871,True,False,False,True
51920,True,True,True,True
51928,True,True,True,True
51946,True,True,True,True
51985,False,False,False,False
52005,True,True,True,True
52036,False,True,True,True
52037,True,True,True,True
52038,False,False,False,False
52086,False,False,True,False
52112,True,True,True,True
52128,True,False,True,True
52153,False,False,False,False
52183,False,False,True,True
52231,False,True,True,True
52259,True,True,True,True
52347,False,False,False,False
52348,True,True,True,True
52357,True,True,True,True
52406,True,True,True,True
52425,False,False,False,True
52435,False,False,False,False
52448,True,True,True,True
52472,True,False,True,True
52497,False,False,True,True
52503,True,True,True,True
52516,False,False,False,True
52562,False,False,False,False
52609,True,True,True,True
52638,False,False,False,True
52661,True,True,True,True
52693,True,True,True,True
52700,False,True,True,True
52756,False,True,True,True
52790,True,True,True,True
52847,False,False,False,True
52929,True,True,True,True
52943,False,False,False,False
52956,True,True,True,True
53015,True,True,True,True
53058,False,False,False,False
53088,False,False,False,True
53091,False,False,False,False
53108,False,True,True,True
53143,False,False,False,False
53145,True,True,True,True
53147,False,False,False,False
53157,False,False,True,True
53183,False,False,False,True
53315,False,False,False,True
53347,True,True,True,True
53351,True,True,True,True
53361,False,False,True,False
53364,True,True,True,True
53370,True,True,True,True
53406,False,False,True,True
53450,True,True,True,True
53455,False,False,False,False
53464,False,True,True,True
53465,False,True,True,True
53474,True,True,True,True
53479,False,True,True,True
53490,True,True,True,True
53491,True,True,True,True
53532,True,True,True,True
53591,True,True,True,True
53643,True,True,True,True
53644,True,True,True,True
53660,False,False,False,True
53740,False,True,True,True
53744,False,False,False,True
53752,True,True,True,True
53756,False,True,True,True
53823,False,False,False,False
53825,False,False,False,False
53900,False,True,True,False
53928,True,False,True,True
53929,False,False,False,False
53989,True,False,True,True
53990,False,False,True,True
54003,False,False,False,False
54037,True,True,True,True
54092,False,True,True,True
54111,True,True,True,True
54118,True,True,True,True
54121,False,False,False,False
54160,False,True,True,True
54194,False,False,False,True
54204,False,True,False,False
54244,False,True,False,True
54245,False,False,False,False
54282,False,False,True,True
54295,True,True,True,True
54318,False,False,False,False
54337,True,True,True,True
54344,False,False,True,True
54354,True,True,True,True
54399,False,False,True,True
54425,True,True,True,True
54452,True,True,True,True
54490,True,True,True,True
54517,True,True,True,True
54520,False,False,True,True
54555,False,False,False,False
54563,True,True,True,True
54589,True,True,True,True
54692,False,False,False,False
54717,False,True,True,True
54738,True,True,True,True
54743,False,True,True,False
54749,False,False,False,True
54758,True,False,False,False
54868,False,False,False,False
54874,False,True,False,True
54918,True,True,True,True
54953,False,False,False,False
54955,True,True,True,True
54959,True,True,True,True
54976,False,False,True,True
54989,False,True,False,True
55050,True,True,True,True
55118,True,True,True,True
55166,True,True,True,True
55199,False,False,False,False
55202,True,True,True,True
55221,True,True,True,True
55223,True,True,True,True
55226,True,True,True,True
55237,False,False,False,True
55288,True,False,True,True
55301,True,True,True,True
55318,True,True,True,True
55323,True,True,True,True
55344,False,False,False,False
55375,False,True,False,True
55389,False,True,True,True
55398,False,False,False,False
55458,False,True,True,True
55478,True,True,True,True
55630,True,True,True,True
55668,True,True,True,True
55689,True,True,True,True
55780,False,True,True,True
55857,False,False,False,False
55859,True,True,True,True
55860,True,True,True,True
55947,True,True,True,True
55966,False,False,False,False
56005,True,True,True,True
56006,True,True,True,True
56007,True,True,True,True
56104,True,True,True,True
56109,False,True,False,True
56126,False,True,True,True
56158,True,True,True,True
56161,False,False,True,False
56206,True,True,True,True
56212,True,True,True,True
56250,False,False,True,True
56283,False,False,False,True
56292,False,False,False,False
56326,False,False,False,False
56332,True,True,True,True
56364,False,True,True,True
56432,True,True,True,True
56433,False,True,True,True
56504,False,False,False,False
56549,False,True,True,True
56562,True,True,True,True
56580,True,True,True,True
56608,True,True,True,True
56644,False,False,False,False
56651,False,False,True,True
56738,True,True,True,True
56753,False,False,False,False
56786,True,True,True,True
56849,False,True,True,True
56865,True,True,True,True
56877,True,True,False,True
56896,False,False,False,False
56960,False,False,False,False
57023,True,True,True,True
57072,True,True,True,True
57075,False,True,True,True
57100,False,False,True,True
57185,True,True,True,True
57249,False,True,True,True
57264,False,True,False,False
57283,False,True,True,True
57306,False,False,False,True
57323,True,True,True,True
57353,False,True,True,True
57381,False,False,False,True
57427,False,True,True,True
57498,False,False,False,True
57523,True,True,True,True
57535,False,False,False,True
57579,False,True,True,True
57614,False,False,False,False
57702,False,False,False,False
57767,True,True,True,True
57801,False,False,False,False
57812,True,True,True,True
57814,True,True,True,True
57828,False,False,False,False
57849,True,True,True,True
57868,True,True,True,True
57879,False,False,False,False
57940,True,False,True,True
58021,False,True,True,True
58102,False,True,False,False
58134,True,True,True,True
58143,False,True,True,True
58179,True,True,True,True
58232,False,False,True,True
58245,True,True,True,True
58248,True,True,True,True
58268,True,True,True,True
58270,True,True,True,True
58281,True,True,True,True
58316,True,True,True,True
58335,True,True,True,True
58403,False,False,False,False
58406,True,True,True,True
58425,False,True,True,True
58435,True,True,False,True
58517,True,True,True,False
58569,False,False,False,False
58572,False,True,True,True
58595,True,True,True,True
58597,True,True,True,True
58619,True,True,True,True
58647,True,True,True,True
58654,True,True,True,True
58658,False,True,True,True
58735,True,True,True,True
58753,False,False,True,True
58758,False,True,True,True
58765,True,True,True,True
58796,True,True,True,True
58815,True,True,True,True
58857,False,False,True,True
58861,False,True,True,False
58867,True,True,True,True
58873,False,False,False,True
58928,True,True,True,True
58929,True,True,True,True
59015,False,False,False,False
59024,True,True,True,True
59075,False,False,True,True
59116,True,True,True,True
59142,True,True,True,True
59157,True,True,True,True
59167,False,False,False,False
59207,False,True,True,True
59229,False,False,False,False
59237,True,True,True,True
59319,False,False,False,False
59327,False,False,True,True
59328,False,False,True,True
59383,False,False,True,True
59384,True,True,True,True
59442,True,True,True,True
59451,True,True,True,True
59471,True,True,True,True
59526,False,True,True,True
59552,True,True,True,True
59556,False,False,True,True
59571,False,True,True,True
59573,False,True,True,True
59584,True,True,True,True
59593,True,True,True,True
59622,True,True,True,True
59660,False,False,False,False
59708,False,True,True,True
59741,True,True,True,True
59874,False,True,True,True
59933,False,True,True,True
59972,False,True,True,True
60018,True,True,True,True
60040,True,True,True,True
60041,False,False,False,True
60046,True,True,True,True
60060,True,True,True,True
60069,True,True,True,True
60081,True,True,True,True
60120,True,True,True,True
60126,True,True,False,False
60145,True,True,True,True
60155,True,True,True,True
60170,False,False,False,False
60177,False,True,True,True
60182,True,True,True,True
60240,True,True,True,True
60245,True,True,True,True
60246,False,True,True,True
60278,False,False,False,True
60320,False,False,True,True
60332,True,True,False,True
60350,False,False,True,True
60387,True,True,True,True
60402,False,True,True,True
60403,True,True,True,True
60415,True,True,True,True
60437,False,True,True,True
60448,False,True,True,True
60554,True,True,True,True
60567,False,True,True,True
60593,True,True,True,True
60641,False,True,True,True
60690,True,True,True,True
60730,False,False,False,True
60737,False,True,True,True
60828,True,True,True,True
60881,True,True,True,True
60890,False,True,True,True
60892,False,False,False,False
60970,True,True,True,True
61007,False,False,False,False
61101,False,True,True,True
61203,True,True,True,True
61207,True,True,True,True
61217,False,False,True,False
61266,True,True,True,True
61288,False,False,False,True
61315,True,True,True,True
61316,False,True,True,True
61328,True,False,False,False
61354,True,True,True,True
61375,True,True,True,True
61403,True,True,True,True
61414,False,False,False,True
61452,False,True,True,True
61459,True,True,True,True
61460,False,False,False,False
61478,False,False,False,False
61492,False,False,True,True
61498,False,False,False,True
61503,True,True,True,True
61512,False,True,True,False
61524,True,True,True,True
61624,False,False,True,True
61642,False,False,False,False
61647,False,True,False,True
61648,False,True,True,True
61674,False,True,True,True
61676,True,True,True,True
61683,False,False,False,False
61698,True,True,True,True
61735,True,True,True,True
61773,False,False,True,True
61830,False,False,False,False
61832,False,True,False,True
61843,False,False,False,True
61854,True,True,True,True
61865,True,True,True,True
61945,False,True,True,True
61953,True,True,True,True
61966,True,True,True,True
61982,True,False,False,True
62029,False,True,True,True
62031,True,True,True,True
62038,True,True,True,True
62048,False,True,True,True
62053,True,True,True,True
62057,False,True,False,False
62075,False,True,True,True
62109,False,False,False,False
62175,False,True,True,False
62200,True,True,True,True
62210,False,True,True,True
62219,True,True,True,True
62230,False,False,False,False
62251,True,False,True,True
62279,True,True,True,True
62293,True,True,True,True
62313,True,True,True,True
62324,False,True,True,True
62336,False,True,True,True
62344,False,True,False,True
62348,True,True,True,True
62440,True,True,True,True
62480,True,True,True,True
62510,False,False,False,False
62543,True,True,True,True
62558,True,True,True,True
62574,True,True,True,True
62604,True,True,True,True
62617,True,True,True,True
62687,False,True,True,True
62706,False,False,False,False
62716,False,False,False,False
62726,True,True,True,True
62778,False,True,True,True
62819,False,False,False,True
62858,True,True,True,True
62923,False,True,True,True
63036,True,True,True,True
63049,False,False,False,True
63075,False,False,True,True
63081,False,False,True,False
63109,True,False,True,True
63166,True,True,True,True
63185,True,True,True,True
63275,True,False,False,True
63325,False,False,False,False
63328,False,True,True,True
63378,False,True,True,True
63414,True,True,True,True
63485,False,True,True,True
63521,False,False,False,True
63556,False,False,False,False
63558,False,False,False,True
63566,True,True,True,True
63595,True,True,True,True
63619,False,True,True,True
63647,False,False,False,False
63661,True,True,True,True
63777,True,True,True,True
63795,True,True,True,True
63848,True,True,True,True
63875,True,True,True,True
63888,False,True,True,True
63893,True,True,True,True
63900,True,True,True,True
63959,True,False,False,True
64001,True,True,True,True
64059,True,True,True,True
64093,True,True,True,True
64098,False,False,False,False
64146,False,True,True,True
64155,False,False,False,False
64183,False,False,True,True
64244,False,True,True,True
64256,True,True,True,True
64263,True,True,True,True
64310,False,True,True,True
64357,True,True,True,True
64431,False,False,False,False
64460,True,True,True,True
64492,False,True,False,True
64562,True,True,True,True
64593,False,True,True,True
64602,True,True,True,True
64605,False,True,True,True
64619,True,True,True,True
64684,True,True,True,True
64694,True,True,True,True
64733,True,True,True,True
64750,True,True,True,True
64779,True,True,True,True
64824,True,True,True,True
64836,True,True,True,True
64870,False,True,True,True
64948,False,False,True,True
64954,False,False,True,True
65011,False,False,True,False
65012,False,True,False,True
65051,True,True,True,True
65063,False,False,False,True
65095,True,True,True,True
65139,True,True,True,True
65153,False,False,False,False
65156,True,True,True,True
65161,True,True,True,True
65162,True,True,True,True
65182,False,True,True,True
65191,False,True,True,True
65218,False,True,False,True
65258,False,True,True,True
65280,False,True,True,True
65358,False,False,False,True
65371,True,True,True,True
65415,True,True,True,True
65430,True,True,True,True
65447,True,True,True,True
65509,True,True,True,True
65533,True,True,True,True
65588,True,True,True,True
65594,True,True,True,True
65610,False,False,False,True
65655,False,True,True,True
65732,True,True,True,True
65773,False,True,True,True
65776,False,False,True,True
65806,True,True,True,True
65835,True,True,True,True
65836,False,True,True,True
65841,False,False,False,False
65859,False,True,True,True
65896,True,True,True,True
65898,False,True,True,True
65948,True,True,True,True
65962,False,True,True,True
65969,True,True,True,True
65984,False,False,False,True
65986,True,True,True,True
65993,False,False,True,False
66085,False,True,False,True
66129,True,True,True,True
66181,True,True,True,True
66190,False,False,False,False
66192,True,True,True,True
66241,True,True,True,True
66243,True,True,True,True
66273,True,True,True,True
66292,False,True,True,True
66320,True,True,True,True
66347,True,True,True,True
66351,True,True,True,True
66360,False,False,True,True
66369,False,True,True,True
66376,True,True,True,True
66389,False,False,False,False
66397,True,True,True,True
66420,True,True,True,True
66444,False,True,True,True
66507,False,False,True,True
66647,False,False,True,True
66717,False,False,False,False
66746,False,True,True,True
66800,True,True,True,True
66827,False,True,True,True
66883,False,True,True,True
67046,False,True,True,True
67052,False,False,False,False
67057,True,True,True,True
67065,False,True,True,True
67077,False,False,True,False
67085,False,True,True,True
67090,False,False,True,False
67116,False,False,True,True
67117,True,True,True,True
67126,False,True,True,True
67200,True,True,True,True
67207,False,True,True,True
67208,False,True,True,True
67220,False,True,True,True
67241,True,True,True,True
67248,False,False,False,False
67252,True,True,True,True
67255,True,True,True,True
67261,True,True,True,True
67297,False,False,True,True
67307,False,True,True,True
67339,False,True,False,True
67373,False,False,False,True
67396,False,False,False,False
67427,True,True,True,True
67443,True,True,True,True
67446,True,True,True,True
67496,True,True,False,False
67560,False,False,True,True
67565,False,True,True,True
67577,False,False,False,False
67598,True,True,True,True
67631,False,False,False,False
67656,True,True,True,True
67660,False,False,False,True
67663,True,True,True,True
67674,False,True,True,True
67749,False,True,False,True
67765,False,False,True,True
67785,False,True,True,True
67871,True,True,True,True
67888,True,True,True,True
67935,True,True,True,True
67966,False,False,False,False
67972,False,True,False,False
67974,True,True,True,True
67985,True,True,True,True
68021,False,False,False,False
68041,True,True,True,True
68082,True,True,True,True
68155,False,False,True,True
68158,True,True,True,True
68287,True,True,True,True
68331,False,True,False,False
68377,False,False,False,False
68385,True,True,True,True
68397,True,True,True,True
68422,False,True,True,True
68444,True,True,True,True
68457,False,False,False,False
68490,True,True,True,True
68633,True,True,True,True
68636,False,True,False,False
68637,False,True,True,True
68648,True,True,True,True
68650,False,False,False,True
68688,True,True,True,True
68701,True,True,True,True
68712,False,False,False,False
68717,False,False,False,False
68740,True,True,True,True
68743,True,True,True,True
68749,True,True,True,True
68763,True,True,True,True
68801,False,False,False,False
68814,True,True,True,True
68878,True,True,True,True
68914,False,True,True,True
68974,False,False,True,True
69043,True,True,True,True
69048,False,False,True,True
69169,False,False,True,True
69182,True,True,True,True
69188,True,True,True,True
69196,False,True,True,True
69215,True,True,True,True
69220,True,True,True,True
69223,False,False,False,False
69226,True,True,True,True
69229,True,True,True,True
69256,False,False,False,True
69325,False,True,True,True
69340,False,False,False,False
69355,True,True,True,True
69366,True,True,True,True
69383,True,False,True,True
69405,False,True,True,True
69410,True,False,True,True
69428,False,False,False,False
69504,True,True,True,True
69512,False,True,True,True
69569,True,True,True,True
69587,False,False,True,True
69729,False,False,False,False
69839,False,True,True,True
70011,False,True,True,True
70020,True,True,True,True
70059,True,False,True,True
70097,True,True,True,True
70133,True,True,True,True
70159,False,True,True,False
70190,False,True,False,False
70201,False,True,True,True
70236,False,False,True,True
70240,False,True,False,False
70256,True,True,True,True
70280,True,True,True,True
70288,True,True,True,True
70297,True,True,True,True
70309,False,False,False,False
70321,False,True,True,True
70333,False,True,True,True
70344,False,False,False,True
70380,False,True,True,True
70402,True,True,True,True
70426,True,True,True,True
70459,False,True,True,True
70470,True,True,True,True
70487,True,True,True,True
70491,False,True,True,True
70600,False,False,False,False
70603,True,True,True,True
70619,True,True,True,True
70626,False,True,True,True
70629,True,True,True,True
70642,False,False,True,False
70652,False,False,False,False
70702,True,True,True,True
70718,True,True,True,True
70727,False,False,False,False
70733,True,True,True,True
70744,False,False,False,False
70769,True,True,True,True
70787,True,True,True,True
70788,False,False,True,True
70812,True,True,True,True
70815,False,True,True,True
70827,True,True,True,True
70856,True,True,True,True
70870,True,True,True,True
70896,True,True,True,True
70910,False,False,False,False
70945,True,True,False,True
70952,False,False,False,True
71004,True,True,True,True
71011,False,True,True,True
71021,False,True,True,True
71023,False,True,False,False
71044,False,False,False,False
71155,True,True,True,True
71223,True,True,True,True
71256,True,True,True,True
71265,False,True,True,True
71271,False,False,True,True
71301,False,False,False,False
71313,True,True,True,True
71322,False,False,True,False
71346,True,True,True,True
71371,False,False,False,False
71399,False,True,True,True
71434,False,False,False,False
71552,False,False,False,False
71563,True,True,True,True
71597,True,True,True,True
71601,False,True,True,True
71651,True,True,True,True
71677,True,True,True,True
71687,True,True,True,True
71699,True,True,True,True
71713,True,True,True,True
71724,False,True,True,True
71738,True,True,True,True
71784,True,True,True,True
71914,False,True,True,True
71936,False,True,True,True
71970,True,True,True,True
71984,False,False,True,False
71986,True,True,True,True
72000,False,False,False,False
72041,False,False,False,False
72052,False,False,False,False
72098,False,True,True,True
72120,False,True,False,False
72126,True,True,True,True
72155,True,True,True,True
72165,True,True,True,True
72233,False,True,True,True
72266,True,True,True,True
72368,True,True,True,True
72428,False,True,True,True
72430,True,True,True,True
72550,False,False,False,False
72573,True,True,True,True
72575,True,True,True,True
72583,False,False,True,True
72602,True,True,True,True
72637,False,False,False,False
72657,False,True,True,True
72701,True,True,True,True
72740,False,True,True,True
72753,True,True,True,True
72770,False,True,True,True
72792,False,False,True,True
72800,True,True,True,True
72833,True,True,True,True
72845,False,False,True,True
72850,True,True,True,True
72883,False,False,True,True
72888,False,True,True,True
72910,True,True,True,True
72969,False,False,False,False
72984,False,False,False,False
72989,False,True,True,True
72993,False,True,True,True
73020,True,False,False,False
73039,False,False,True,True
73066,False,False,False,False
73096,False,False,True,True
73162,False,True,True,True
73163,False,False,False,True
73192,False,False,True,False
73196,False,True,True,False
73212,True,True,True,True
73361,False,False,False,False
73418,True,False,False,False
73453,False,True,True,True
73496,False,False,False,False
73513,True,False,False,False
73536,True,True,True,True
73610,False,False,False,True
73626,False,False,True,True
73688,True,True,True,True
73707,True,True,True,True
73733,True,True,True,True
73786,True,True,True,True
73824,False,False,True,True
73832,False,True,True,True
73857,False,False,True,True
73860,True,True,True,True
73861,False,False,False,True
73892,False,False,False,False
73973,False,False,False,False
73974,False,False,False,False
73976,False,False,False,False
74035,True,True,True,True
74037,False,False,False,False
74088,True,True,True,True
74114,True,True,True,True
74120,False,False,False,False
74127,False,True,True,True
74166,False,False,False,False
74176,True,True,True,True
74177,True,True,True,True
74206,False,False,True,True
74299,True,True,True,True
74302,True,True,True,True
74309,True,True,True,True
74316,False,True,True,True
74335,False,False,True,False
74365,False,True,True,True
74407,False,False,True,True
74411,True,True,True,True
74431,False,False,False,True
74434,True,True,True,True
74462,True,True,True,True
74478,True,True,True,True
74492,True,True,True,True
74515,False,False,False,False
74583,False,False,False,False
74603,False,False,False,False
74638,False,True,True,True
74704,True,True,True,True
74820,True,True,True,True
74863,True,True,True,True
74875,False,False,False,False
74894,True,True,True,True
74902,False,False,False,False
74923,False,True,True,True
74925,False,False,False,True
74927,False,False,False,True
74942,False,True,True,True
74945,False,False,False,True
75046,True,True,True,True
75052,True,True,True,True
75119,True,True,True,True
75120,True,True,True,True
75133,False,True,True,True
75174,True,True,True,True
75179,False,True,True,True
75199,True,True,True,True
75212,True,True,True,True
75230,False,True,True,True
75243,False,False,False,False
75266,False,True,True,True
75270,False,False,False,False
75305,False,True,True,True
75308,False,True,True,True
75311,False,False,True,False
75427,False,True,True,True
75487,False,True,True,True
75494,True,True,True,True
75496,False,True,True,True
75509,True,True,True,True
75522,True,True,True,True
75546,False,True,True,True
75563,False,True,True,True
75587,True,True,True,True
75590,False,False,False,False
75595,True,True,True,True
75637,True,True,True,True
75682,True,True,True,True
75697,True,True,True,True
75708,False,True,True,True
75723,True,True,True,True
75753,True,True,True,True
75783,True,True,True,True
75818,False,True,True,True
75842,False,False,True,True
75883,True,True,True,True
75906,False,True,True,True
75963,True,True,True,True
75976,False,True,True,True
76082,True,True,True,True
76111,False,False,False,False
76179,False,False,True,True
76195,True,True,True,True
76213,True,True,True,True
76245,True,True,True,True
76246,True,True,True,True
76268,False,True,True,False
76292,False,True,True,True
76310,True,True,True,True
76313,False,False,False,False
76334,True,True,True,True
76476,False,True,True,True
76491,True,True,True,True
76541,False,True,True,True
76583,False,False,True,True
76588,False,True,True,True
76607,False,True,False,False
76738,False,True,True,True
76802,True,True,True,True
76912,True,True,True,True
76956,False,True,True,True
77012,True,True,True,True
77018,True,True,True,True
77061,False,False,False,False
77067,False,False,False,False
77072,False,False,True,True
77118,True,True,True,True
77155,True,True,True,True
77174,False,False,False,False
77195,True,True,True,True
77351,False,False,False,True
77481,False,False,True,False
77517,False,True,True,True
77533,True,True,True,True
77542,True,True,True,True
77556,True,True,True,True
77557,True,True,True,True
77615,True,True,True,True
77643,False,True,True,True
77649,True,True,True,True
77689,False,False,False,False
77697,False,False,False,False
77699,True,True,True,True
77750,True,True,True,True
77811,False,True,False,True
77816,True,True,True,True
77851,False,True,True,True
77870,False,True,False,True
77931,False,False,True,True
77936,False,False,False,True
77973,True,True,True,True
77980,False,False,False,False
77981,False,True,True,True
78053,True,True,True,True
78065,False,False,False,False
78085,True,True,True,True
78137,True,True,True,True
78196,False,True,True,True
78320,True,True,True,True
78342,True,True,True,True
78413,False,True,True,False
78488,False,False,True,True
78522,True,True,True,True
78546,False,False,False,False
78555,True,True,True,True
78638,True,True,True,True
78695,True,True,True,True
78738,True,True,True,True
78771,False,False,False,False
78803,True,True,True,True
78813,True,True,True,True
78836,False,False,True,True
78838,False,True,True,True
78909,True,True,True,True
78982,True,True,True,True
79076,True,True,True,True
79083,False,False,False,False
79106,True,True,True,True
79139,False,False,False,True
79152,False,False,False,False
79170,True,True,True,True
79191,False,False,False,True
79224,False,True,True,True
79236,True,True,True,True
79286,False,True,True,True
79313,False,False,False,False
79338,True,True,True,True
79367,False,False,False,False
79392,False,False,False,False
79460,False,True,True,True
79465,False,True,True,True
79469,False,False,False,False
79490,True,True,True,True
79554,True,True,True,True
79634,True,True,True,True
79680,False,True,True,True
79684,False,True,True,True
79686,False,True,True,True
79762,True,True,True,True
79783,True,True,True,True
79860,True,True,True,True
79869,True,True,True,True
79949,True,True,True,True
79968,True,True,True,True
79975,False,True,False,False
80010,False,False,True,True
80065,False,True,False,True
80077,False,True,True,True
80168,True,True,True,True
80172,False,True,True,True
80208,True,True,True,True
80231,True,True,True,True
80293,False,False,False,False
80300,True,True,False,False
80336,True,True,True,True
80341,True,True,True,True
80367,False,False,False,True
80369,False,False,True,True
80406,False,False,True,False
80428,True,True,True,True
80431,True,True,True,True
80434,False,False,True,True
80554,True,True,True,True
80609,True,True,True,True
80624,False,False,False,True
80634,True,True,True,True
80720,False,False,False,False
80725,False,False,False,False
80733,False,False,False,True
80756,False,False,False,False
80757,True,True,True,True
80771,False,True,True,True
80864,True,True,True,True
80895,False,True,True,True
80928,True,True,True,True
80952,True,True,True,True
80969,False,False,False,False
81009,False,False,True,True
81012,True,True,True,True
81054,False,True,False,False
81074,True,True,True,True
81084,False,False,True,True
81103,False,False,True,True
81105,True,True,True,True
81188,True,True,True,True
81239,True,True,True,True
81274,False,False,True,True
81283,True,True,True,True
81284,True,True,True,True
81287,False,False,False,False
81296,False,False,True,False
81299,True,True,True,True
81361,True,True,True,True
81481,False,False,False,False
81484,False,False,False,False
81561,True,True,True,True
81571,False,True,False,True
81585,False,False,False,True
81620,False,True,True,True
81704,False,True,True,True
81743,True,True,True,True
81782,False,False,True,True
81784,False,False,False,False
81798,True,True,True,True
81812,False,True,True,True
81930,False,False,True,True
82031,True,True,True,True
82039,False,True,True,True
82091,False,True,True,True
82118,False,False,False,False
82135,True,True,True,True
82174,False,False,False,True
82191,False,True,True,True
82198,False,False,True,True
82255,False,False,False,True
82287,True,True,True,False
82301,False,True,True,True
82312,True,True,True,True
82327,True,True,True,True
82359,True,True,True,True
82438,False,True,True,True
82456,True,True,True,True
82548,True,True,True,True
82565,False,False,False,False
82585,True,True,True,True
82604,False,True,False,True
82668,True,True,True,True
82697,False,False,False,False
82704,True,True,True,True
82705,False,True,True,True
82735,True,True,True,True
82787,False,False,False,False
82796,False,False,True,True
82802,True,True,True,True
82826,False,True,False,False
82833,False,False,True,True
82834,True,True,True,True
82844,True,True,True,True
82858,True,True,True,True
82879,True,True,True,True
82889,True,True,True,True
82920,True,True,True,True
82921,True,True,True,True
82933,True,True,True,True
82957,True,False,False,False
82969,True,True,True,True
82990,False,True,True,True
83013,True,True,True,True
83036,True,True,True,True
83097,True,True,True,True
83102,False,False,True,True
83134,False,False,True,False
83153,False,False,False,True
83155,False,True,True,True
83176,False,True,False,True
83256,False,False,False,True
83268,False,False,False,True
83332,False,False,False,False
83393,False,True,False,False
83408,True,True,True,True
83477,False,False,False,True
83481,True,True,True,True
83516,False,True,True,True
83565,False,False,False,True
83573,False,True,True,True
83587,True,True,True,True
83613,False,False,False,False
83614,True,True,True,True
83624,False,False,False,False
83625,True,True,False,True
83670,False,False,True,True
83755,False,True,True,True
83878,False,False,True,True
83914,False,False,True,True
83968,False,True,True,True
84000,False,False,False,False
84004,True,True,True,True
84147,True,True,True,True
84174,True,True,True,True
84183,False,False,False,False
84202,False,True,True,True
84214,True,True,True,True
84218,False,True,True,True
84222,False,True,True,False
84238,True,True,True,True
84258,True,True,True,True
84259,True,True,True,True
84268,False,True,True,True
84273,True,True,True,True
84276,True,True,True,True
84313,False,True,True,True
84389,True,True,True,True
84396,False,False,True,True
84415,False,False,False,False
84442,False,False,True,True
84498,True,True,True,True
84529,True,True,True,True
84540,False,False,False,False
84561,False,True,True,True
84585,True,True,True,True
84594,False,False,True,True
84603,True,True,True,True
84648,False,True,True,True
84677,False,False,False,False
84689,False,False,False,False
84694,True,True,True,True
84800,False,False,True,True
84829,False,False,False,False
84833,True,True,True,True
84840,False,False,False,True
84845,False,True,True,False
84890,True,True,True,True
84959,False,False,True,True
84964,False,False,True,True
84996,False,True,True,True
85007,True,True,True,True
85092,True,True,True,True
85160,True,True,True,True
85171,False,True,False,True
85183,False,True,True,True
85235,False,False,False,False
85320,False,True,True,True
85328,False,False,False,False
85397,True,True,True,True
85404,False,False,True,True
85407,True,True,True,True
85452,True,True,True,True
85462,False,True,True,True
85483,True,True,True,True
85491,False,False,True,True
85531,False,False,False,False
85556,True,True,True,True
85564,False,False,False,False
85568,False,False,False,False
85623,False,False,True,True
85626,True,True,True,True
85670,False,True,False,False
85674,False,False,False,False
85747,True,True,True,True
85759,True,True,True,True
85816,True,True,True,True
85846,True,True,True,True
85852,True,True,True,True
85865,False,False,True,False
85902,True,True,True,True
85904,False,False,False,True
85913,True,True,True,True
85933,True,False,False,True
86031,False,True,True,True
86065,False,False,True,True
86107,True,True,True,True
86147,False,True,True,True
86169,False,True,True,True
86205,False,True,True,True
86210,True,True,True,True
86215,False,True,True,True
86216,True,True,True,True
86243,True,True,True,True
86248,True,True,True,True
86249,False,False,True,True
86320,True,True,True,True
86366,True,True,False,True
86393,True,True,True,True
86399,False,False,False,False
86409,False,False,False,True
86432,False,False,True,False
86459,True,True,True,True
86464,False,True,True,True
86476,False,False,False,True
86526,True,True,True,True
86569,True,True,True,True
86625,True,True,True,True
86655,True,True,True,True
86668,False,False,False,True
86678,True,True,True,True
86840,True,True,True,True
86845,True,True,True,True
86861,True,True,True,True
86907,False,True,True,True
86934,False,False,False,False
87000,True,False,True,False
87064,False,False,False,True
87078,True,True,True,True
87096,False,True,True,True
87105,False,False,True,True
87113,False,False,False,False
87125,False,False,False,True
87126,False,False,True,True
87141,False,False,True,True
87146,True,True,True,True
87204,False,False,False,False
87207,True,True,True,True
87208,True,True,True,True
87213,False,True,True,True
87219,False,True,True,True
87285,True,True,True,True
87382,True,True,True,True
87409,True,True,True,True
87450,False,True,True,True
87481,False,True,True,True
87518,False,True,True,True
87553,False,False,False,True
87569,False,False,False,False
87604,True,True,True,True
87607,False,False,True,True
87612,True,True,True,True
87642,True,True,True,True
87681,False,False,False,False
87743,False,False,False,False
87792,True,True,True,True
87813,False,True,True,True
87850,True,True,True,True
87851,False,False,False,True
87862,True,True,True,True
87864,True,True,True,True
87865,False,False,False,False
87871,True,True,True,True
87885,False,True,False,True
87912,True,True,True,True
87980,True,True,True,True
87986,True,True,True,True
88034,True,True,True,True
88047,True,False,True,True
88087,True,True,True,True
88102,False,True,True,True
88117,False,True,False,True
88123,False,False,False,False
88146,False,False,True,True
88229,False,False,False,True
88315,True,False,False,False
88349,False,False,False,False
88401,False,True,False,True
88433,False,False,True,True
88455,True,True,True,True
88487,True,True,True,True
88513,True,True,True,True
88540,False,True,True,True
88613,True,True,True,True
88671,False,True,True,True
88682,True,True,True,True
88720,False,False,False,False
88730,True,True,True,True
88757,False,True,True,True
88802,False,False,True,False
88825,False,True,False,True
88845,True,True,True,True
88875,False,True,True,True
88895,False,False,True,False
88913,True,True,True,True
88914,False,True,False,False
88956,False,False,False,False
89005,True,True,True,True
89032,False,False,False,True
89033,False,True,True,True
89062,False,False,False,True
89119,False,False,True,True
89147,False,False,False,False
89150,False,False,True,True
89158,False,False,False,False
89221,True,True,True,True
89228,False,True,True,True
89248,False,True,True,True
89253,True,True,True,True
89266,False,True,True,True
89273,False,False,True,True
89281,False,True,True,True
89322,True,True,True,True
89350,False,True,True,True
89407,False,True,True,True
89430,True,True,True,True
89436,True,True,True,True
89446,False,False,False,True
89555,True,True,True,True
89696,False,True,True,True
89735,True,True,True,True
89790,False,False,False,False
89804,True,True,True,True
89848,False,True,True,True
89881,False,False,False,True
89882,False,False,False,True
89894,False,False,False,False
89898,True,True,True,True
89902,False,False,False,False
89992,True,True,True,True
90040,False,False,False,False
90051,True,True,True,True
90075,True,True,True,True
90122,False,False,False,True
90138,False,False,True,True
90139,True,True,False,True
90145,True,True,True,True
90173,True,True,True,True
90251,False,False,False,False
90255,False,False,False,False
90293,False,False,False,True
90310,True,True,True,True
90324,False,False,False,False
90331,True,True,True,True
90442,False,False,False,True
90519,True,False,False,False
90679,True,True,True,True
90724,False,True,True,True
90744,False,False,True,True
90754,False,False,True,True
90782,True,True,True,True
90793,True,True,True,True
90882,False,True,True,True
90912,True,True,True,True
90983,True,True,True,True
90994,True,True,True,True
91040,False,True,False,True
91055,False,True,True,True
91056,True,True,True,True
91104,True,True,True,True
91120,True,True,True,True
91130,False,True,True,True
91257,False,True,True,True
91283,True,True,True,True
91285,True,True,True,True
91295,True,True,True,True
91301,False,False,False,False
91310,False,False,False,True
91326,False,False,True,True
91337,False,False,False,False
91353,False,False,False,False
91371,True,True,True,True
91411,True,True,True,False
91416,False,False,False,False
91440,False,True,True,True
91508,True,True,True,True
91527,False,False,True,True
91558,True,True,True,True
91576,False,False,True,False
91604,False,False,True,True
91636,False,True,True,True
91696,True,True,True,True
91795,True,True,True,True
91796,False,True,False,True
91841,True,False,True,True
91852,False,True,True,True
91868,False,False,False,False
91902,True,True,True,True
91933,True,True,True,True
91952,False,False,True,True
91954,False,False,False,False
91966,True,True,True,True
91996,True,True,True,True
91998,False,True,True,True
92041,False,True,False,True
92089,True,False,False,False
92098,True,True,True,True
92115,False,False,False,False
92134,True,True,True,True
92206,False,False,True,True
92216,False,False,False,False
92217,True,True,True,True
92288,False,True,True,True
92338,False,True,True,True
92377,True,True,True,True
92415,True,True,True,True
92420,False,True,True,True
92614,True,True,True,True
92631,False,False,False,False
92646,False,False,False,False
92675,False,False,False,False
92685,True,True,True,True
92710,False,False,False,True
92747,True,True,True,True
92761,True,True,True,True
92840,False,False,False,False
92879,False,True,True,True
92894,False,True,False,False
92910,False,False,False,False
92916,True,True,True,True
92951,True,True,True,True
92957,True,True,True,True
92975,False,False,False,True
93000,False,True,True,True
93007,True,True,False,True
93120,False,True,True,True
93139,True,True,True,True
93140,False,True,True,True
93183,False,False,False,True
93243,False,True,True,True
93247,False,False,False,False
93288,False,True,False,False
93297,False,False,False,False
93298,False,True,True,True
93332,True,True,True,True
93378,False,False,False,False
93384,True,True,True,True
93424,False,False,False,True
93435,False,True,True,True
93441,True,True,True,True
93531,True,True,True,True
93553,False,False,False,False
93576,False,False,False,False
93579,False,True,True,True
93580,False,True,True,True
93587,False,False,False,True
93599,False,False,False,False
93600,False,True,True,True
93620,False,True,True,True
93644,False,False,False,False
93655,False,False,False,False
93670,True,True,True,True
93673,False,True,True,True
93791,False,True,True,True
93842,False,False,False,False
93893,False,True,True,True
93923,False,True,True,True
93946,True,True,True,True
93985,True,True,True,True
94010,False,True,True,True
94012,True,True,True,True
94015,False,False,False,False
94046,True,True,True,False
94059,True,True,True,True
94061,True,True,True,False
94084,False,True,True,False
94092,False,False,False,False
94121,True,True,True,True
94201,False,True,False,False
94261,True,True,True,True
94300,False,True,False,False
94317,False,False,False,False
94318,True,True,True,True
94334,False,True,False,True
94355,True,True,True,True
94390,False,False,False,True
94392,True,True,True,True
94412,False,True,True,True
94419,False,False,True,False
94420,True,True,True,True
94455,False,False,False,False
94485,False,False,False,False
94514,True,True,True,True
94518,False,True,True,False
94536,True,True,True,True
94549,True,True,True,True
94569,True,True,True,True
94590,False,False,False,True
94678,False,False,False,False
94723,True,True,True,True
94841,True,False,False,True
94859,True,True,True,True
94863,False,False,False,False
94922,True,True,True,True
95027,True,True,True,True
95034,True,True,True,True
95039,False,False,False,True
95063,True,True,True,True
95085,True,False,True,True
95210,False,False,False,True
95281,False,False,False,True
95283,True,True,True,True
95297,False,False,False,False
95329,True,True,True,True
95349,True,True,True,True
95380,False,False,True,True
95409,False,False,False,False
95410,True,True,True,True
95412,True,True,True,True
95418,True,True,True,True
95430,False,False,False,False
95482,True,True,True,True
95506,True,True,True,True
95520,False,False,True,True
95612,True,True,True,True
95633,True,True,True,True
95674,True,True,True,True
95744,False,False,False,False
95867,True,True,True,True
95873,False,True,False,True
95879,False,False,False,False
95902,True,True,True,True
95953,False,True,True,True
95959,True,True,True,True
96006,True,True,True,True
96008,False,True,True,True
96043,False,True,True,True
96046,False,True,True,True
96048,False,False,True,True
96082,False,True,True,True
96107,False,True,True,False
96111,False,False,True,True
96132,False,False,True,True
96161,True,True,True,True
96306,False,False,False,False
96338,True,True,True,True
96450,True,True,True,True
96458,True,True,True,True
96475,True,True,True,True
96497,False,False,False,False
96505,True,True,True,True
96526,True,True,True,True
96573,False,False,False,False
96582,True,True,True,True
96622,True,False,True,True
96625,False,False,False,True
96628,True,True,True,True
96640,True,True,True,True
96664,True,True,True,True
96693,False,True,True,True
96732,True,True,True,True
96737,False,False,True,False
96804,False,False,True,True
96969,True,True,True,True
97023,False,False,True,True
97065,True,True,True,True
97165,True,True,True,True
97195,True,True,True,True
97264,False,True,True,True
97272,True,True,True,True
97283,False,True,True,True
97296,False,False,False,True
97330,False,False,False,False
97371,False,False,True,True
97376,True,True,True,True
97391,False,False,False,False
97502,False,False,False,False
97514,False,False,True,False
97526,True,True,True,True
97589,True,True,True,True
97598,False,True,True,True
97599,True,True,True,True
97614,False,True,True,False
97661,True,True,True,True
97672,False,True,True,True
97685,False,False,True,True
97696,True,True,True,True
97724,False,False,True,True
97747,True,True,True,True
97759,False,True,True,False
97778,False,False,True,True
97806,False,False,True,True
97809,False,True,True,True
97825,False,False,False,False
97841,False,True,True,True
97849,False,True,True,True
97857,False,False,True,False
97858,True,True,True,True
97864,True,True,True,True
97868,False,True,False,True
97914,False,True,True,True
97916,True,False,False,False
97936,True,True,True,True
97939,False,False,False,False
97951,True,True,True,True
97964,False,False,True,True
98029,False,False,True,True
98064,False,True,True,True
98127,True,True,True,True
98131,False,False,False,False
98141,False,True,True,True
98182,True,True,True,True
98213,False,False,False,False
98233,False,False,True,True
98276,False,False,False,False
98283,True,True,True,True
98434,False,False,True,True
98439,False,False,False,False
98476,True,True,True,True
98523,False,False,False,True
98531,True,True,True,True
98560,False,False,True,True
98590,True,True,True,True
98636,False,False,False,False
98739,False,False,False,False
98773,True,True,True,True
98785,False,False,False,False
98836,False,False,False,False
98841,False,False,False,True
98878,True,True,True,False
98881,True,True,True,True
98944,False,True,True,True
99026,True,True,True,True
99040,True,True,True,True
99046,True,True,True,True
99067,True,True,True,True
99073,False,False,False,True
99081,True,True,True,True
99112,True,True,True,True
99115,False,True,True,True
99135,False,True,True,True
99180,False,True,True,False
99308,False,True,True,True
99316,True,True,True,True
99336,False,False,False,False
99349,False,False,False,False
99363,True,True,True,True
99372,True,True,True,True
99398,False,False,True,False
99466,True,True,True,True
99522,False,True,True,True
99539,False,False,True,True
99540,True,True,True,True
99580,True,True,True,True
99599,False,False,True,True
99626,False,True,True,True
99628,True,True,True,True
99645,False,True,False,True
99676,False,False,False,False
99728,True,True,True,True
99734,True,True,True,True
99785,True,True,True,True
99888,True,True,True,True
99907,True,True,True,True
99937,True,True,True,True
99997,True,True,True,True
100001,True,True,True,True
100006,False,False,False,False
100010,True,True,True,True
100078,False,True,True,True
100098,True,True,True,True
100207,True,True,True,True
100222,True,True,True,True
100223,False,False,False,False
100253,True,True,True,True
100316,True,True,True,True
100331,False,False,False,False
100343,True,True,True,True
100354,True,True,True,True
100378,False,True,True,True
100503,False,False,True,True
100517,True,True,True,True
100523,True,True,True,True
100542,False,True,True,True
100543,True,True,True,True
100563,False,True,True,True
100581,False,False,False,False
100586,False,False,True,True
100603,True,True,True,True
100611,True,True,True,True
100638,False,True,True,True
100647,False,True,False,False
100667,True,True,True,True
100689,False,False,False,True
100753,True,True,True,True
100848,False,False,False,False
100853,True,True,True,True
100863,True,True,True,True
100959,True,True,True,False
100974,False,False,True,True
100975,False,False,True,True
101014,True,True,True,True
101038,True,True,True,True
101090,False,False,False,False
101100,True,True,True,True
101132,False,True,True,False
101172,False,False,False,True
101215,True,True,True,True
101249,True,True,True,True
101312,False,False,False,False
101328,True,True,True,True
101426,False,True,True,True
101468,True,True,True,True
101479,True,True,True,True
101485,True,True,True,True
101503,False,False,False,True
101530,True,True,True,True
101531,False,False,False,False
101548,True,True,True,True
101564,True,True,True,True
101569,False,False,False,True
101581,True,True,True,True
101588,True,True,True,True
101630,False,True,True,True
101632,False,True,True,True
101656,True,True,True,True
101692,True,True,True,True
101697,False,False,True,True
101715,False,False,False,False
101752,True,True,True,True
101781,False,False,False,False
101820,True,True,True,True
101877,True,True,True,True
101919,True,True,True,True
101951,True,True,True,True
101979,True,True,True,True
102010,False,True,True,True
102037,False,True,True,True
102059,True,True,True,True
102111,False,False,False,False
102133,False,False,True,False
102202,False,True,True,True
102223,False,True,False,True
102240,False,False,False,False
102256,False,False,False,False
102290,False,True,True,True
102315,False,True,True,True
102319,False,True,True,True
102377,True,True,True,True
102387,True,True,True,True
102421,False,False,False,False
102437,True,True,True,True
102459,False,True,True,True
102460,True,True,True,True
102473,False,False,False,False
102488,False,True,True,True
102517,True,True,True,True
102550,False,True,False,False
102568,True,True,True,True
102577,False,False,True,True
102607,False,True,True,True
102655,False,False,False,False
102662,True,True,True,True
102672,False,True,True,True
102684,False,False,False,False
102704,False,True,False,False
102734,True,True,True,True
102766,False,True,True,True
102837,False,False,False,False
102851,True,True,True,True
102863,True,False,False,False
102877,True,True,True,True
102904,False,True,True,True
102910,False,False,False,False
102929,False,False,False,True
102947,False,False,True,True
102974,False,False,True,True
103030,False,True,True,True
103058,True,True,True,True
103108,True,True,True,True
103114,False,False,True,False
103122,True,True,True,True
103127,True,True,True,True
103161,False,False,True,False
103166,True,True,True,True
103219,False,True,True,True
103251,False,True,True,True
103274,False,True,True,True
103287,True,True,True,True
103318,False,True,True,True
103332,False,True,True,True
103338,True,True,True,True
103356,False,True,True,True
103375,False,False,True,True
103427,False,True,True,True
103437,False,False,False,False
103447,True,True,True,True
103465,False,False,False,False
103485,False,False,False,False
103538,True,True,True,True
103547,False,True,True,True
103556,True,True,True,True
103575,False,False,False,False
103578,True,True,True,True
103603,False,False,False,False
103642,False,True,True,True
103687,True,True,True,True
103722,True,True,True,True
103726,True,True,True,True
103759,False,False,True,True
103775,True,True,True,True
103804,True,True,True,True
103815,False,True,True,True
103839,True,True,True,True
103861,True,True,True,True
103863,False,False,False,True
103890,False,False,False,False
103978,True,True,True,True
104044,True,True,True,True
104053,False,True,False,True
104098,True,True,True,True
104112,False,False,False,True
104126,False,True,False,True
104185,True,True,True,True
104188,False,True,True,False
104248,True,True,True,True
104255,True,True,True,True
104290,True,True,True,True
104349,False,True,True,True
104368,True,True,True,True
104381,True,True,True,True
104395,True,True,True,True
104400,True,True,True,True
104403,True,True,True,True
104425,True,True,True,True
104453,False,True,True,True
104466,True,True,True,True
104485,False,True,False,False
104537,False,False,False,True
104550,True,True,True,True
104556,True,True,True,True
104559,True,True,True,True
104563,True,True,True,True
104568,False,False,True,True
104592,False,False,False,False
104602,True,True,True,True
104610,True,True,True,True
104625,False,False,False,False
104689,False,True,True,True
104691,True,True,True,True
104724,False,True,True,True
104734,True,True,True,True
104747,False,False,True,True
104751,True,True,True,True
104752,False,True,True,True
104796,False,False,True,True
104821,True,False,True,True
104825,False,True,True,True
104842,True,True,True,True
104891,True,True,True,True
104893,False,True,False,True
104930,False,True,True,True
104965,False,False,False,False
104999,False,True,False,True
105015,True,True,True,True
105055,True,True,True,True
105058,True,True,True,True
105066,True,True,True,True
105079,True,True,True,True
105114,False,False,False,True
105139,False,True,True,True
105192,False,True,True,True
105195,True,True,True,True
105257,True,True,True,True
105293,False,False,True,True
105358,False,False,True,True
105374,True,True,True,True
105418,False,False,False,False
105426,False,True,True,True
105444,False,True,True,True
105478,True,True,True,True
105480,False,True,True,True
105511,True,False,False,False
105538,False,True,True,True
105546,False,True,True,True
105561,True,True,True,True
105564,False,False,False,False
105576,True,True,True,True
105590,False,True,True,True
105594,True,True,True,True
105611,False,False,False,True
105622,False,False,False,False
105633,False,False,True,False
105660,True,True,True,True
105666,False,True,True,True
105689,True,True,True,True
105708,False,False,True,True
105711,True,True,True,True
105719,True,True,True,True
105737,True,True,True,True
105767,True,True,True,True
105783,True,True,True,True
105786,False,True,False,True
105825,False,False,False,False
105888,True,True,True,True
105901,False,True,True,True
105909,False,True,True,True
105921,False,False,True,True
105952,False,False,False,False
105974,True,True,True,True
105998,False,False,False,True
106096,False,False,True,True
106119,False,False,False,False
106165,True,True,True,True
106166,False,True,True,True
106191,True,True,True,True
106199,True,True,True,True
106222,True,True,True,True
106228,False,False,True,True
106269,False,False,False,True
106287,True,True,True,True
106296,True,True,True,True
106338,False,True,True,True
106339,False,False,False,False
106364,True,True,True,True
106375,True,True,True,True
106383,True,True,True,True
106392,False,False,True,True
106470,False,False,False,False
106508,True,True,True,True
106624,False,True,True,True
106638,False,False,False,False
106652,True,True,True,True
106712,True,True,True,True
106722,False,False,False,False
106748,False,False,False,True
106794,True,True,False,True
106849,False,True,True,True
106851,True,True,True,True
106964,False,False,False,False
107051,True,True,True,True
107073,False,False,False,False
107129,False,True,True,True
107148,True,False,True,True
107175,True,True,True,True
107204,True,True,True,True
107212,True,True,True,True
107305,False,True,False,True
107313,True,False,True,True
107340,False,True,True,True
107376,False,True,True,True
107384,False,True,True,True
107394,False,True,True,True
107421,True,True,True,True
107425,True,True,True,False
107428,False,True,True,True
107516,False,True,True,True
107541,True,True,True,True
107564,True,True,True,True
107633,False,False,False,False
107638,True,True,True,True
107664,True,False,True,True
107766,False,False,False,False
107767,True,True,True,True
107770,True,True,True,True
107797,True,True,True,True
107839,False,True,False,True
107964,True,True,True,True
108000,True,True,True,True
108019,True,True,True,True
108020,True,True,True,True
108049,True,True,True,True
108101,True,True,True,True
108111,False,False,False,False
108140,False,False,False,False
108155,True,True,True,True
108208,True,True,True,True
108238,False,False,False,False
108240,True,True,True,True
108242,True,True,True,True
108266,True,True,True,True
108282,True,True,True,True
108327,False,True,True,True
108395,False,True,False,True
108442,True,True,False,True
108451,True,True,True,True
108505,False,True,True,True
108556,False,True,True,True
108617,False,True,True,True
108620,False,False,False,True
108677,False,False,False,False
108708,False,False,False,False
108725,False,False,False,False
108751,False,False,True,True
108762,True,True,True,True
108769,True,True,True,True
108803,True,True,True,True
108835,False,True,True,True
108879,True,True,True,True
108897,False,True,True,True
108898,True,True,True,True
108923,False,False,True,False
108987,True,True,True,True
108991,False,True,True,True
109010,True,True,True,True
109041,False,True,True,True
109061,False,False,False,False
109141,True,True,True,True
109174,True,True,True,True
109199,False,False,False,True
109216,False,False,False,True
109229,False,True,True,True
109231,False,False,False,True
109281,False,False,True,False
109351,True,True,True,True
109403,True,True,True,True
109412,True,True,True,True
109414,True,True,True,True
109417,False,False,False,True
109427,True,True,True,True
109444,False,True,True,True
109483,True,True,True,True
109487,False,False,True,True
109503,True,True,True,True
109513,True,True,True,True
109522,True,True,True,True
109591,True,True,True,True
109600,False,False,False,True
109602,False,True,True,True
109629,False,True,True,True
109654,True,True,True,True
109730,True,True,True,True
109778,False,False,False,True
109823,False,False,True,True
109826,False,False,True,True
109838,True,True,True,True
109848,False,False,True,True
109889,True,True,True,True
109908,False,False,False,False
109921,False,True,False,True
109924,False,False,True,True
109937,False,True,True,True
109950,True,True,True,True
109973,True,True,True,True
109986,False,True,True,True
110030,True,True,True,True
110060,True,True,True,True
110092,True,True,True,True
110136,True,True,True,True
110175,False,False,False,False
110200,False,False,False,False
110233,False,False,False,True
110265,False,True,True,True
110269,True,False,False,True
110298,True,True,True,True
110325,False,False,False,False
110415,False,True,True,True
110431,False,True,True,True
110435,False,False,False,True
110473,False,False,False,False
110484,False,False,True,True
110488,False,False,False,False
110490,False,False,False,False
110500,False,False,False,False
110547,True,True,True,True
110559,True,True,True,True
110606,True,True,True,True
110681,True,True,True,True
110693,False,True,True,True
110697,True,True,True,True
110710,False,False,True,True
110735,False,False,True,True
110759,True,True,True,True
110780,True,True,True,True
110792,False,False,False,False
110794,True,True,True,True
110798,True,True,True,True
110800,True,True,True,True
110821,True,True,True,True
110829,True,True,True,True
110881,False,False,False,True
111017,True,True,True,True
111024,True,True,True,True
111121,False,False,False,False
111142,False,True,True,True
111157,False,False,False,False
111165,True,True,True,True
111180,True,True,True,True
111189,False,True,True,True
111195,False,False,True,True
111244,False,True,True,True
111322,False,False,False,False
111338,False,True,True,True
111369,False,False,True,False
111432,False,False,False,True
111448,False,False,False,False
111455,False,False,False,True
111489,True,True,True,True
111543,True,True,True,True
111547,False,False,True,True
111556,True,True,True,True
111568,False,False,True,True
111591,True,True,True,True
111593,True,True,True,True
111612,True,True,True,True
111629,False,False,False,False
111644,True,True,True,True
111694,True,True,True,True
111702,False,False,False,True
111756,True,True,True,True
111759,False,True,True,True
111768,False,False,False,True
111819,False,False,True,True
111820,False,False,True,True
111867,True,True,True,True
111874,True,True,True,True
111907,True,True,True,False
111933,False,False,True,True
112022,False,False,False,True
112065,False,True,True,True
112093,False,False,False,False
112122,True,True,True,True
112126,True,True,True,True
112207,False,True,True,True
112226,False,True,True,True
112272,False,False,True,True
112320,False,True,False,True
112362,False,True,True,True
112385,True,True,True,True
112443,True,True,True,True
112444,False,False,False,False
112478,False,False,True,True
112486,True,True,True,True
112562,True,True,True,True
112574,True,True,True,True
112586,False,False,True,True
112591,False,True,True,True
112688,False,True,True,True
112698,False,False,False,True
112751,True,True,True,True
112769,False,False,False,False
112816,True,True,True,True
112845,True,True,True,True
112882,False,False,False,False
112992,False,True,True,True
113019,False,False,False,True
113054,True,True,True,True
113058,False,False,True,True
113123,True,True,True,True
113126,False,True,True,True
113139,True,True,True,True
113142,False,False,True,True
113144,True,True,True,True
113205,False,True,True,True
113233,True,True,True,True
113315,False,True,True,True
113333,False,False,False,False
113367,False,True,True,True
113391,False,False,False,True
113397,False,True,True,True
113461,False,True,True,True
113473,False,False,False,True
113501,True,True,True,True
113556,True,True,True,True
113571,False,False,False,False
113590,False,False,False,False
113598,False,False,False,False
113606,False,False,False,False
113672,True,True,True,True
113700,True,True,True,True
113701,False,True,True,True
113722,False,False,True,True
113724,False,True,True,True
113725,True,True,True,True
113756,True,True,True,True
113772,False,True,False,True
113801,False,False,True,True
113810,False,False,False,False
113828,True,True,True,True
113851,True,True,True,True
113857,True,True,True,True
113935,False,False,True,True
113998,False,False,True,True
114024,True,True,True,True
114153,False,False,False,True
114187,True,True,True,True
114229,False,False,False,False
114256,True,True,True,True
114269,False,True,False,True
114286,True,True,True,True
114303,False,False,False,False
114316,False,False,False,False
114340,False,True,True,True
114348,False,False,True,True
114375,False,True,True,True
114421,False,False,False,False
114500,False,False,False,False
114504,False,True,True,True
114510,False,True,True,True
114535,True,True,True,True
114541,False,False,False,False
114549,True,True,True,True
114598,True,True,True,True
114673,True,True,True,True
114674,True,True,True,True
114705,False,False,False,True
114717,True,True,True,True
114784,True,True,True,True
114807,False,True,True,True
114861,False,True,False,False
114869,True,True,True,True
114880,True,True,True,True
114886,True,True,True,True
114917,False,False,False,True
114920,True,True,True,True
114954,False,False,False,False
115006,True,True,True,True
115018,False,False,True,True
115056,False,False,False,False
115086,False,False,False,False
115117,False,False,True,True
115126,False,False,False,False
115145,False,False,False,False
115226,True,True,True,True
115251,True,True,True,True
115260,False,True,True,True
115292,True,True,True,True
115296,True,True,True,True
115300,True,True,True,True
115319,True,True,True,True
115374,True,True,True,True
115400,False,False,True,False
115442,True,True,True,True
115481,False,True,True,True
115518,False,False,False,False
115519,False,False,False,False
115604,True,True,True,True
115619,False,False,False,True
115636,True,True,True,True
115637,False,True,True,True
115642,True,True,True,True
115645,True,True,True,True
115649,True,True,True,True
115721,False,False,False,False
115765,False,True,True,True
115845,False,False,True,False
115866,True,True,True,True
115893,True,True,True,True
115924,True,True,True,True
115928,False,False,True,True
115950,False,False,True,True
115967,False,True,False,True
115970,True,True,True,True
115992,False,False,False,True
116010,True,True,True,True
116037,False,False,True,True
116046,False,False,False,False
116132,True,True,True,True
116133,False,True,True,True
116141,False,False,True,True
116149,True,True,True,True
116171,True,True,True,True
116185,False,False,False,False
116223,True,True,True,True
116224,False,False,False,False
116252,True,True,True,True
116268,True,True,True,True
116270,True,True,True,True
116272,False,False,False,True
116326,True,True,True,True
116336,False,True,False,False
116353,False,True,True,True
116356,False,True,True,True
116397,False,False,False,False
116402,True,False,False,True
116431,True,True,True,True
116444,True,True,True,True
116502,False,False,True,True
116503,False,False,False,True
116556,False,False,True,False
116557,True,True,True,True
116601,False,True,False,False
116618,True,True,True,True
116625,True,True,True,True
116650,True,True,True,True
116663,False,False,False,True
116735,False,True,True,True
116831,True,True,True,True
116851,True,True,True,True
116854,True,True,True,True
116861,False,False,True,True
116882,True,True,True,True
116951,True,True,True,True
117015,True,True,True,True
117016,False,True,True,True
117034,True,True,True,True
117037,False,True,False,True
117119,True,True,True,True
117125,False,False,True,False
117157,True,True,True,True
117178,False,False,False,False
117201,False,False,False,False
117230,False,True,True,True
117302,False,False,True,True
117304,True,True,True,True
117327,True,True,True,True
117352,False,True,True,True
117403,False,False,True,True
117428,False,False,False,False
117454,True,True,True,True
117466,False,False,False,True
117471,False,True,False,True
117512,True,True,True,True
117514,True,True,True,True
117528,True,True,True,True
117535,True,True,True,True
117555,False,True,True,True
117601,True,True,True,True
117644,False,True,True,True
117676,True,True,True,True
117679,False,True,True,True
117764,False,False,False,False
117788,False,True,True,True
117796,True,True,True,True
117821,True,True,True,True
117836,True,True,True,True
117867,False,False,False,False
117939,False,False,False,False
117961,True,True,True,True
117973,False,False,False,True
117998,False,False,True,True
118019,False,True,True,True
118022,True,True,True,True
118027,True,True,True,True
118065,False,False,False,False
118069,True,True,True,True
118081,True,True,True,True
118113,False,False,False,False
118207,True,True,True,True
118278,False,False,False,False
118342,True,True,True,True
118343,True,True,True,True
118344,False,True,True,True
118347,False,True,True,True
118356,True,True,True,True
118386,True,True,True,True
118417,False,True,True,True
118457,True,True,True,True
118477,True,True,True,True
118544,False,False,False,True
118546,False,False,False,False
118625,False,False,False,True
118673,False,False,False,False
118674,False,False,True,False
118680,True,True,True,True
118726,False,True,False,True
118764,False,False,False,False
118771,True,True,True,True
118788,False,True,True,True
118794,False,False,False,False
118837,False,False,False,False
118866,False,False,False,False
118867,True,False,True,True
118870,True,True,True,False
118934,True,True,True,True
118974,False,False,False,False
118994,True,True,True,True
119002,False,False,False,False
119016,True,True,True,True
119034,False,True,True,True
119065,True,True,True,True
119101,False,True,True,True
119115,True,True,True,True
119129,False,False,True,True
119141,True,True,True,True
119169,False,True,True,True
119195,False,False,False,False
119292,True,True,True,True
119297,False,True,True,True
119320,True,True,True,True
119414,True,True,True,True
119488,False,False,False,False
119513,False,False,False,False
119540,True,True,True,True
119551,False,False,False,False
119571,False,True,False,True
119581,True,True,True,True
119693,False,True,True,True
119695,True,True,True,True
119729,False,False,False,False
119761,False,True,True,True
119787,False,False,False,True
119799,False,False,False,False
119805,False,True,True,True
119834,True,True,True,True
119837,True,True,True,True
119854,False,True,True,True
119876,False,False,True,True
119882,False,False,False,False
119922,True,True,True,True
119923,False,True,True,True
119953,False,True,True,True
119979,False,False,False,False
120007,False,True,True,True
120037,True,True,True,True
120052,False,True,True,True
120120,True,True,True,True
120125,True,True,False,True
120178,True,True,True,True
120188,True,True,True,True
120224,True,True,True,True
120276,True,True,True,True
120333,False,True,False,True
120356,False,False,False,False
120360,False,False,False,False
120369,True,True,True,True
120399,False,False,False,True
120407,False,False,False,False
120475,False,False,False,False
120490,False,False,False,False
120524,True,True,True,True
120566,True,True,True,True
120592,False,False,False,False
120643,False,False,True,True
120718,False,False,False,True
120737,True,True,True,True
120743,False,True,True,True
120745,False,False,True,True
120771,True,True,True,True
120778,False,True,True,True
120882,True,True,True,True
120907,True,True,True,True
120961,True,True,True,True
121001,True,False,True,True
121018,False,False,True,True
121046,False,False,False,False
121106,True,True,True,True
121110,False,True,True,True
121143,False,False,False,False
121167,True,True,True,True
121211,True,True,True,True
121219,False,False,False,False
121237,False,False,True,True
121318,False,False,True,True
121326,True,True,True,True
121446,False,False,False,True
121461,True,True,True,True
121525,True,True,True,True
121560,False,True,True,True
121611,False,False,False,False
121644,False,False,False,True
121659,True,True,True,True
121666,True,True,True,True
121683,True,False,False,True
121709,False,False,True,True
121716,True,True,True,True
121720,False,False,False,True
121749,True,True,True,True
121762,True,True,True,True
121769,False,False,False,False
121778,True,True,True,True
121779,False,False,False,False
121857,False,False,True,False
121869,True,True,True,True
121943,False,False,False,True
121989,False,False,False,False
121997,False,True,True,True
122007,True,True,True,True
122017,True,True,True,True
122029,False,False,False,False
122040,True,True,True,True
122047,True,True,True,True
122093,False,False,False,False
122118,True,True,True,True
122172,True,True,True,True
122194,True,True,True,True
122229,True,True,True,True
122314,False,False,False,False
122350,True,True,True,True
122352,True,True,True,True
122382,False,True,True,True
122394,True,True,True,True
122418,True,True,True,True
122436,True,True,False,True
122457,False,False,True,True
122459,True,True,True,True
122467,False,True,True,True
122480,True,True,True,True
122535,True,True,True,True
122582,False,True,True,True
122586,False,True,True,True
122704,True,True,True,True
122724,True,True,True,True
122731,False,False,False,True
122776,True,True,True,True
122786,True,True,True,True
122798,True,True,True,True
122811,True,True,True,True
122861,True,True,True,True
122863,False,True,True,False
122869,False,True,True,True
122902,True,True,True,True
122916,False,True,True,True
122981,False,False,False,True
122996,True,True,True,True
123041,False,False,True,True
123127,False,True,False,False
123155,True,True,True,True
123201,False,True,False,False
123214,False,False,False,False
123260,False,True,True,True
123262,True,True,True,True
123298,True,True,True,True
123306,True,True,True,True
123312,True,True,True,True
123378,False,True,True,True
123389,True,True,True,True
123444,True,True,True,True
123445,False,False,False,False
123453,False,False,False,False
123469,True,True,True,True
123473,False,True,True,True
123512,True,True,True,True
123514,True,True,True,True
123523,False,False,False,False
123552,False,False,False,True
123582,False,False,False,False
123643,True,True,True,True
123646,False,True,True,True
123647,False,True,True,True
123692,False,False,False,False
123697,False,True,True,True
123721,False,True,True,False
123753,False,True,True,True
123757,False,True,True,True
123762,False,False,True,True
123770,False,True,True,True
123836,True,True,True,True
123837,True,True,True,True
123849,False,True,True,True
123878,True,True,True,True
123921,True,True,True,True
123935,False,False,True,True
123944,True,True,True,True
123949,False,True,True,True
123967,True,True,True,True
123968,True,True,True,True
123974,True,True,True,True
124028,False,False,False,False
124030,False,True,True,True
124052,True,True,True,True
124067,False,True,True,True
124101,False,True,True,True
124128,False,True,True,True
124135,False,True,True,True
124167,True,True,True,True
124188,False,False,False,False
124190,True,True,True,True
124202,False,True,True,True
124210,True,False,False,True
124246,True,True,True,True
124262,True,False,True,True
124279,False,True,True,True
124280,False,True,True,True
124316,False,True,True,True
124325,True,True,True,True
124349,True,True,True,True
124360,False,True,True,True
124367,False,True,True,True
124466,True,True,False,False
124599,True,True,True,True
124601,False,False,True,True
124620,True,True,True,True
124622,True,True,True,True
124627,False,False,False,False
124703,True,True,True,True
124711,True,True,True,True
124712,False,False,False,False
124723,True,False,True,True
124736,False,True,True,True
124751,True,True,True,True
124764,False,True,True,True
124832,True,True,True,True
124873,False,False,False,False
124874,True,True,False,False
124876,False,False,False,False
124903,False,True,True,True
124914,False,True,False,True
124927,True,True,True,True
124930,False,False,False,False
124949,False,True,False,True
124952,True,True,True,True
125085,True,True,True,False
125091,False,True,True,True
125107,False,True,True,True
125128,True,True,True,True
125135,False,False,False,False
125180,True,True,True,True
125188,False,False,False,False
125213,True,True,True,True
125218,False,False,True,True
125228,False,True,False,True
125242,False,True,True,True
125244,True,True,True,True
125259,True,True,True,True
125266,False,False,False,False
125286,True,True,True,True
125314,True,True,True,True
125316,True,True,True,True
125322,False,False,True,True
125341,True,True,True,True
125380,False,False,False,False
125390,True,True,True,True
125404,True,True,True,True
125466,False,True,True,True
125468,True,True,True,True
125527,False,True,True,True
125547,True,True,True,True
125575,False,True,False,True
125597,True,True,True,True
125626,False,False,False,False
125632,True,True,True,True
125635,True,True,True,True
125656,False,True,True,False
125683,False,True,True,True
125687,True,True,True,True
125707,False,False,True,False
125711,True,True,True,True
125718,False,False,True,True
125725,True,True,True,True
125746,False,False,True,False
125814,False,False,False,True
125822,False,True,True,True
125829,True,True,True,True
125836,True,True,True,True
125848,False,False,False,False
125908,True,True,True,True
125909,False,True,True,True
125910,False,False,True,True
125998,False,True,True,True
126024,True,True,True,True
126059,True,True,True,True
126135,False,True,True,True
126145,False,True,True,True
126163,False,True,True,False
126180,False,False,False,False
126230,True,True,True,True
126238,True,True,True,True
126253,False,False,True,True
126257,True,True,True,True
126281,True,True,True,True
126388,False,False,True,True
126437,False,False,True,True
126447,True,False,False,True
126495,True,True,True,True
126583,True,True,True,True
126590,False,False,True,True
126709,True,True,True,True
126714,False,False,False,False
126737,False,False,True,True
126757,True,True,True,True
126832,True,True,True,True
126914,False,False,False,True
126915,False,True,False,False
126959,False,False,True,True
126964,True,True,True,True
126967,True,False,True,True
126983,True,True,True,True
126992,False,False,False,True
127037,True,True,True,True
127055,True,True,True,True
127120,False,False,True,True
127129,True,True,True,True
127170,True,True,True,True
127204,True,True,True,True
127229,False,False,False,False
127235,False,False,False,False
127256,False,True,True,True
127278,False,True,True,True
127284,False,False,False,True
127296,True,True,True,True
127324,True,True,True,True
127388,False,False,False,False
127393,False,True,True,True
127451,True,True,True,True
127491,False,False,False,False
127520,True,True,True,True
127522,True,True,True,True
127555,False,True,True,True
127586,True,True,True,True
127596,True,True,True,True
127657,True,True,True,True
127659,False,False,True,True
127750,False,False,True,True
127760,False,True,True,True
127832,True,True,True,True
127834,False,True,True,True
127873,False,False,True,False
127905,True,True,True,True
127910,False,False,False,True
127921,False,True,True,True
127967,False,False,False,False
127971,True,True,True,True
127990,True,True,True,True
127997,False,True,True,True
128002,True,True,True,True
128093,False,False,False,True
128110,True,True,False,True
128135,False,True,True,True
128170,True,True,True,True
128245,False,False,False,False
128254,False,False,False,True
128256,False,True,True,True
128264,False,True,True,True
128282,False,False,False,False
128300,True,True,True,True
128334,False,False,False,False
128351,True,True,True,True
128387,True,True,True,True
128462,True,True,True,True
128463,True,True,True,True
128468,False,True,True,True
128512,False,False,False,False
128539,False,True,True,True
128560,False,False,False,False
128612,False,False,False,True
128644,False,True,False,True
128667,True,True,True,True
128691,False,False,True,True
128706,True,True,True,True
128715,False,False,False,True
128756,False,False,False,False
128826,True,True,True,True
128833,False,True,True,True
128912,False,False,True,False
128921,True,True,True,True
128942,True,True,True,True
128955,True,True,True,True
129037,False,False,True,True
129064,True,True,True,True
129065,False,False,False,True
129071,True,True,True,True
129117,False,True,True,True
129139,False,True,False,False
129166,True,True,True,True
129187,False,False,False,True
129254,False,False,False,False
129293,True,True,True,True
129359,True,True,True,True
129407,True,True,True,True
129433,True,True,True,True
129437,True,True,True,True
129440,True,True,True,True
129510,False,True,True,True
129511,True,True,True,True
129544,True,True,True,True
129546,True,True,True,True
129551,True,True,True,True
129566,False,False,False,True
129576,True,True,True,True
129613,True,True,True,True
129658,False,True,True,True
129663,True,True,True,True
129672,False,True,True,True
129675,False,True,True,True
129700,True,True,True,True
129735,False,True,True,False
129737,True,True,True,True
129758,True,True,True,True
129781,False,True,True,True
129784,False,True,True,True
129801,True,True,True,True
129813,True,True,True,True
129821,True,True,True,True
129925,True,True,True,True
129942,True,True,True,True
130017,True,True,True,True
130030,False,False,False,True
130037,True,True,True,True
130047,True,True,False,True
130074,True,True,True,True
130081,False,False,False,False
130099,False,False,True,True
130142,False,False,False,False
130163,False,True,True,True
130215,True,True,True,True
130245,False,False,False,False
130269,True,True,True,True
130286,True,True,True,True
130328,True,True,True,True
130357,False,True,True,True
130394,False,False,False,False
130411,True,False,False,False
130419,False,False,True,True
130456,True,True,True,True
130458,False,False,True,False
130506,False,False,False,True
130534,False,True,True,True
130540,True,True,True,True
130581,False,False,False,False
130598,True,True,True,True
130624,False,True,True,True
130706,True,True,True,True
130735,False,False,True,True
130757,True,True,True,True
130768,True,True,True,True
130778,False,True,True,True
130834,True,True,True,True
130839,True,True,True,True
130851,False,True,True,True
130908,False,False,False,False
130921,False,True,True,True
130955,True,True,True,True
130967,False,False,False,True
130973,False,True,True,True
130992,True,True,True,True
130993,False,False,False,True
131018,False,True,True,True
131063,False,True,True,True
131074,False,False,False,False
131093,True,True,True,True
131127,True,True,True,True
131160,True,True,True,True
131211,True,True,True,True
131215,False,False,True,True
131225,False,False,True,True
131277,False,True,True,True
131280,False,False,True,True
131312,False,False,False,False
131342,True,True,True,True
131343,True,True,True,True
131364,False,True,True,True
131415,True,True,True,True
131416,False,False,True,True
131539,False,True,False,True
131572,True,True,True,True
131611,False,True,True,True
131621,False,True,True,True
131674,False,False,False,True
131721,True,True,True,True
131743,False,False,False,False
131764,False,True,True,True
131840,False,False,False,False
131902,False,True,True,True
131909,False,False,False,True
131927,False,True,True,True
132024,False,True,True,True
132038,True,True,True,True
132099,True,True,True,True
132141,True,True,True,True
132170,False,True,True,True
132183,True,True,True,True
132196,False,False,False,False
132265,True,True,True,True
132310,False,False,True,True
132317,False,False,False,True
132336,True,True,True,True
132385,False,True,True,True
132386,False,False,False,False
132415,True,True,True,True
132422,False,False,False,True
132453,True,True,True,True
132509,False,False,False,False
132516,True,True,True,True
132564,True,True,True,True
132571,False,False,False,True
132573,False,True,True,True
132576,False,True,True,True
132591,True,True,True,True
132626,True,True,True,True
132644,True,True,True,False
132668,False,True,True,True
132670,True,True,True,True
132789,False,True,True,True
132901,True,True,True,True
132913,False,True,True,True
132944,True,True,True,True
132973,False,True,True,True
132997,False,True,True,True
133013,False,False,False,False
133060,True,True,True,True
133125,True,True,True,True
133142,False,True,True,True
133167,True,True,True,True
133175,False,True,True,False
133229,False,True,True,True
133257,False,True,True,True
133369,True,True,True,True
133467,False,False,True,True
133482,True,True,True,True
133515,True,True,True,True
133517,False,True,False,True
133532,True,True,True,True
133571,False,True,True,True
133573,True,True,True,True
133594,False,True,True,True
133596,True,True,True,True
133622,False,False,False,True
133641,True,True,True,True
133679,False,False,False,False
133688,False,True,True,True
133697,True,True,True,True
133698,True,True,True,True
133707,True,True,True,True
133821,False,True,True,True
133835,False,False,False,False
133845,False,True,True,True
133869,True,True,True,True
133876,False,False,True,False
133883,True,True,True,True
133927,True,True,True,True
133963,False,False,False,True
133994,False,True,True,True
134028,True,True,True,True
134037,False,False,True,True
134053,False,True,True,True
134072,False,True,False,False
134077,False,True,True,True
134081,True,True,True,True
134137,True,True,True,True
134176,False,True,True,True
134233,False,False,True,False
134240,True,True,True,True
134285,True,True,True,True
134286,True,True,True,True
134294,False,False,False,False
134302,True,True,True,True
134309,True,True,True,True
134324,True,True,True,True
134334,True,True,True,True
134375,True,True,True,True
134389,True,True,True,True
134459,True,True,True,True
134460,False,False,False,True
134518,True,True,True,True
134574,True,True,True,True
134589,True,True,True,True
134599,False,True,True,True
134620,True,True,True,True
134643,False,True,True,True
134644,True,True,True,True
134657,False,False,False,False
134717,True,True,True,True
134721,False,True,True,True
134747,True,True,True,True
134754,True,True,True,True
134799,True,True,True,True
134815,False,False,False,False
134818,True,True,True,True
134819,True,True,True,True
134849,False,False,True,True
134858,True,True,True,True
134888,False,False,False,False
134907,True,True,True,True
134912,True,True,True,True
134918,True,True,True,True
134924,False,False,False,False
135015,False,True,True,True
135029,True,True,True,True
135135,False,True,True,True
135155,True,True,True,True
135171,True,True,True,True
135237,False,True,True,True
135338,True,True,True,True
135344,False,False,False,True
135397,True,True,True,True
135424,True,True,True,True
135453,False,True,True,True
135459,True,True,True,True
135478,True,True,True,True
135513,True,True,True,True
135524,True,True,True,True
135620,True,True,True,True
135626,False,False,False,False
135638,False,False,True,True
135671,False,False,True,True
135683,True,True,True,True
135694,False,False,True,True
135744,True,True,True,True
135749,True,True,True,True
135756,False,True,True,True
135759,False,True,True,True
135794,True,True,True,True
135846,True,True,True,True
135966,True,True,True,True
135975,False,False,False,True
135989,True,True,True,True
136026,True,True,True,True
136070,False,False,False,True
136077,True,True,True,True
136088,True,True,True,True
136092,False,False,True,True
136184,True,True,True,True
136217,True,True,True,True
136227,False,False,False,False
136230,True,True,True,True
136245,False,False,True,True
136300,True,True,True,True
136310,False,False,True,True
136384,False,False,False,True
136396,False,True,True,True
136445,True,True,True,True
136512,False,True,True,True
136572,True,True,True,True
136661,True,True,True,True
136664,True,True,True,True
136670,False,False,False,True
136680,False,False,True,True
136687,False,False,True,True
136699,False,False,True,True
136718,False,True,False,True
136720,True,True,True,True
136721,True,True,True,True
136734,True,True,True,True
136790,False,False,False,False
136795,True,True,True,True
136820,True,True,True,True
136835,False,True,True,False
136841,True,True,True,True
136908,True,True,True,True
136962,False,False,False,False
136970,False,False,False,False
136979,True,True,True,True
137072,True,True,True,True
137100,True,True,True,True
137115,True,True,True,True
137118,False,False,True,True
137140,False,False,False,False
137181,True,True,True,True
137220,False,False,False,True
137230,False,True,True,True
137297,False,False,False,False
137315,True,True,True,True
137339,False,True,False,True
137365,False,True,True,True
137385,True,True,True,True
137387,True,True,True,True
137395,False,False,False,False
137402,False,False,True,True
137406,False,False,True,True
137407,False,False,False,True
137507,True,True,True,True
137538,True,True,True,True
137552,False,True,False,True
137560,False,True,True,True
137622,True,True,True,True
137666,True,True,True,True
137690,True,True,True,True
137694,False,True,True,True
137704,True,True,True,True
137711,False,True,True,True
137715,True,True,True,True
137803,True,True,True,True
137808,False,False,False,True
137829,False,True,True,True
137890,True,True,True,True
137931,True,True,True,True
137953,False,False,False,True
137964,True,True,True,True
137967,False,False,True,True
138022,False,True,True,True
138070,False,False,False,True
138075,False,False,True,True
138124,True,True,True,True
138127,True,True,True,True
138134,True,True,True,True
138179,False,False,True,True
138195,False,True,True,True
138196,True,True,True,True
138200,True,True,True,True
138207,False,False,False,False
138271,False,False,True,False
138288,False,True,True,True
138435,False,False,False,False
138549,False,True,True,True
138553,True,True,True,True
138572,True,True,True,True
138595,False,False,True,False
138629,False,False,True,False
138699,True,True,True,True
138713,True,True,True,True
138780,False,False,False,False
138790,False,False,True,False
138805,True,True,True,True
138834,True,True,True,False
138851,True,True,True,True
138890,False,True,True,True
138975,False,False,False,False
138999,True,True,True,True
139004,False,False,False,True
139009,False,True,True,True
139130,True,True,True,True
139147,True,True,True,True
139163,False,False,False,False
139237,False,False,True,True
139258,False,False,True,True
139263,True,True,True,True
139276,True,True,True,True
139327,True,True,True,True
139345,False,True,True,True
139359,False,True,True,True
139372,False,False,True,True
139380,True,True,True,True
139389,False,False,False,False
139394,False,True,False,True
139468,False,True,True,False
139472,True,True,True,True
139500,False,True,True,True
139595,False,False,False,True
139598,False,True,True,True
139604,False,False,False,False
139612,True,True,True,True
139614,True,True,True,True
139625,False,False,False,False
139637,True,True,True,True
139679,False,True,True,True
139686,True,True,True,True
139696,True,True,True,True
139734,False,False,False,False
139740,True,True,True,True
139763,True,True,True,True
139781,False,True,True,True
139787,True,True,True,True
139789,False,False,False,False
139856,False,False,True,True
139915,False,True,True,True
139930,False,True,True,True
139952,False,False,True,True
139958,True,True,True,True
139967,False,False,False,True
139969,False,False,False,False
139982,False,True,True,False
139983,False,False,False,True
139984,False,False,False,True
139994,False,True,True,True
140021,True,True,True,True
140044,True,True,True,True
140065,True,True,True,True
140068,False,False,False,False
140074,False,False,False,False
140087,False,False,False,True
140108,False,True,True,True
140114,True,True,True,True
140115,False,False,True,True
140167,True,True,True,True
140209,False,False,True,True
140243,False,True,True,True
140263,False,False,False,False
140284,False,False,True,True
140332,True,True,True,True
140349,True,True,True,True
140435,False,True,True,True
140450,True,True,True,True
140454,False,False,False,False
140500,True,True,True,True
140542,True,True,True,True
140548,True,True,True,True
140623,False,False,False,True
140655,False,False,False,False
140671,True,True,True,True
140761,True,True,True,True
140762,False,True,True,True
140797,False,False,False,True
140826,False,False,True,True
140865,True,True,True,True
140935,False,False,True,False
140936,True,True,True,True
140984,False,False,False,False
140988,False,False,False,True
140999,False,False,True,False
141056,True,True,True,True
141065,False,False,True,True
141135,True,True,True,True
141200,True,True,True,True
141205,False,True,True,False
141224,False,False,False,True
141229,True,True,True,True
141247,True,True,True,True
141278,False,False,False,True
141302,False,False,False,False
141342,False,False,False,False
141372,True,True,True,True
141413,False,False,False,True
141426,False,False,False,False
141492,True,True,True,True
141532,False,True,True,True
141543,False,True,True,True
141557,True,True,True,True
141581,False,True,True,True
141587,True,True,True,True
141608,True,True,True,True
141654,True,True,True,True
141711,False,True,True,True
141779,False,True,True,True
141807,False,False,False,False
141855,True,True,True,True
141879,False,False,False,False
141920,False,False,False,True
141923,False,False,False,True
142056,False,True,True,True
142129,True,True,True,True
142168,True,True,True,True
142177,False,True,True,True
142191,False,False,False,False
142225,True,True,True,True
142240,False,False,True,False
142246,False,False,False,False
142280,True,True,True,True
142291,True,True,True,True
142321,True,True,True,True
142350,True,True,True,True
142352,False,False,True,False
142364,False,True,True,True
142428,True,True,True,True
142440,False,True,True,True
142470,False,False,False,False
142487,True,True,True,True
142557,True,True,True,True
142564,False,True,True,True
142565,True,True,True,True
142574,True,True,True,True
142587,True,True,True,True
142672,True,True,True,True
142698,True,True,True,True
142726,False,True,False,True
142741,False,True,True,True
142779,True,True,True,True
142803,False,True,True,True
142804,False,False,True,True
142806,True,True,True,False
142815,True,False,True,True
142879,True,True,True,True
142934,False,True,True,True
142958,False,True,True,True
143003,True,True,True,True
143006,True,True,True,True
143030,True,True,True,True
143119,True,True,True,True
143125,False,True,True,True
143215,True,True,True,True
143234,True,True,True,True
143258,True,True,True,True
143320,True,True,True,True
143334,False,True,True,True
143342,True,True,True,True
143359,False,False,False,False
143379,False,False,False,False
143382,False,True,True,True
143420,True,True,True,True
143445,True,True,True,True
143483,False,False,True,True
143510,True,True,True,True
143522,True,True,True,True
143526,False,True,True,True
143532,False,False,True,True
143578,False,False,False,False
143621,True,True,True,True
143629,False,True,True,True
143636,False,True,True,True
143653,True,True,True,True
143664,False,False,False,False
143749,True,True,True,True
143789,False,False,False,False
143876,True,True,True,True
143904,False,True,True,True
143929,False,True,True,True
143941,False,True,True,True
143948,False,False,False,False
143965,False,False,False,False
143974,False,True,True,True
144022,False,False,False,False
144027,False,False,False,False
144033,False,False,True,True
144139,True,True,True,True
144176,False,True,True,True
144178,True,True,True,True
144180,False,False,False,False
144251,False,True,True,True
144252,False,False,True,False
144259,False,False,False,False
144275,True,True,True,True
144283,True,True,True,True
144298,True,True,True,True
144320,True,True,True,True
144353,False,False,True,True
144357,True,True,True,True
144372,False,False,True,True
144391,False,False,False,True
144453,True,True,True,True
144486,False,True,True,True
144492,True,True,True,True
144522,False,False,False,True
144534,True,True,True,True
144561,False,False,False,False
144580,False,True,True,True
144582,False,True,True,True
144586,True,True,True,True
144599,False,False,True,True
144620,False,False,False,False
144683,False,False,False,False
144734,True,True,True,True
144746,False,False,True,True
144804,False,False,False,False
144817,False,False,True,True
144863,False,False,False,False
144906,False,False,True,True
144925,True,True,True,True
144938,False,False,False,False
144959,True,True,True,True
144992,False,True,True,True
145047,False,False,True,True
145048,True,True,True,True
145129,True,True,True,True
145139,True,True,False,False
145140,False,True,False,True
145163,True,True,True,True
145186,True,True,True,True
145188,True,True,True,True
145192,False,True,True,True
145212,True,True,True,True
145231,False,False,False,False
145241,True,True,True,True
145311,False,False,False,True
145343,True,True,True,True
145351,True,True,True,True
145360,True,True,True,True
145502,False,False,True,True
145523,False,True,True,True
145567,False,False,False,False
145623,True,True,True,True
145631,False,True,True,True
145666,False,True,True,True
145718,False,False,False,False
145736,True,True,True,True
145747,False,True,True,True
145751,False,False,True,False
145793,True,True,True,True
145820,True,True,True,True
145843,True,True,True,True
145849,True,True,True,True
145855,True,True,True,True
145873,True,True,True,True
145903,False,True,True,True
145935,False,True,True,True
145945,False,False,False,True
145956,True,True,True,True
145978,False,False,True,True
146030,False,True,False,True
146096,True,True,True,True
146150,True,True,True,True
146151,False,True,True,True
146202,True,True,True,True
146215,False,False,True,True
146237,True,True,True,True
146294,False,False,False,False
146313,False,True,True,True
146315,True,True,True,True
146332,False,True,True,True
146401,True,False,False,False
146504,False,True,True,True
146510,True,True,True,True
146511,True,True,True,True
146568,False,False,False,False
146570,False,False,False,True
146584,False,False,False,False
146591,True,True,True,True
146602,True,True,True,True
146611,False,True,False,False
146638,True,True,True,False
146645,False,False,True,True
146649,False,True,False,False
146676,False,True,True,True
146705,True,True,True,True
146723,True,True,True,True
146830,False,False,False,False
146837,False,False,True,True
146881,False,True,True,True
146961,False,False,False,False
147058,False,True,True,True
147088,False,True,True,True
147092,False,False,False,False
147094,False,True,True,True
147108,True,True,True,True
147128,False,False,False,False
147154,False,False,False,True
147165,False,False,False,False
147178,False,False,True,True
147211,True,True,True,True
147250,True,True,True,True
147259,True,True,True,True
147283,True,True,True,True
147311,True,True,True,True
147333,True,True,True,True
147366,True,True,True,True
147371,True,True,True,True
147392,False,False,False,False
147398,True,True,True,True
147539,False,False,False,True
147545,False,False,False,False
147551,False,False,False,False
147569,True,True,True,True
147591,False,False,True,True
147597,True,True,True,True
147659,False,True,True,True
147674,False,True,False,False
147681,False,False,False,False
147685,False,False,True,True
147694,False,False,False,False
147718,True,True,False,True
147753,False,False,False,False
147762,False,False,True,True
147775,True,True,True,True
147846,True,True,True,True
147873,False,False,False,True
147896,True,True,True,True
147924,True,True,True,True
147930,True,True,False,True
147971,False,False,False,False
147980,True,True,True,True
148019,True,True,True,True
148024,False,False,False,False
148042,True,True,True,True
148047,True,True,True,True
148055,False,False,True,True
148101,True,True,True,True
148128,True,True,True,True
148208,True,True,True,True
148272,False,False,False,False
148282,False,False,False,False
148301,False,True,True,False
148373,True,True,True,True
148409,True,True,True,True
148415,True,True,True,False
148422,True,True,True,True
148427,True,True,True,True
148540,True,True,True,True
148551,False,False,False,False
148587,False,False,False,False
148646,True,True,True,True
148655,False,False,True,True
148668,False,True,True,True
148810,False,True,True,True
148824,True,True,True,True
148830,True,True,False,True
148852,True,True,True,True
148871,False,False,False,True
148908,False,False,True,True
148924,False,False,True,True
148937,False,False,False,False
148938,True,True,True,True
149030,False,True,True,True
149078,False,True,False,False
149091,False,True,True,True
149123,False,True,False,True
149150,False,False,True,True
149185,False,True,True,True
149192,True,True,True,True
149196,True,True,True,True
149221,True,True,True,True
149250,True,True,True,True
149263,True,True,True,True
149268,False,False,False,True
149320,False,True,True,True
149371,False,False,False,False
149394,False,True,True,True
149442,False,True,True,True
149464,True,True,True,True
149470,False,False,False,False
149500,False,True,True,True
149554,False,False,False,False
149555,True,True,True,True
149592,False,True,True,True
149645,False,False,False,True
149726,True,True,True,True
149737,False,False,False,True
149739,True,True,True,True
149755,False,False,False,False
149810,False,True,True,True
149812,True,True,True,True
149833,False,False,False,False
149834,False,False,True,True
149878,True,True,True,True
149881,False,True,True,True
149884,False,False,False,False
149921,False,False,False,False
149964,False,False,True,True
149996,False,False,False,False
150032,True,True,True,True
150037,True,True,False,True
150040,True,True,True,True
150151,False,False,True,True
150192,True,True,True,True
150195,False,False,False,True
150276,True,True,True,True
150286,True,True,True,True
150300,False,False,False,False
150354,False,False,False,False
150358,False,True,False,True
150480,False,False,False,True
150546,False,False,False,False
150639,False,False,False,False
150646,False,False,False,False
150650,True,True,True,True
150671,True,True,True,True
150769,False,True,True,True
150772,False,False,True,True
150787,True,True,True,True
150788,True,True,True,True
150830,False,True,True,True
150874,False,True,True,True
150877,True,True,True,True
150943,True,True,True,True
150981,False,True,False,True
150999,True,True,True,True
151016,False,True,True,False
151112,True,True,True,True
151159,True,True,True,True
151178,True,True,True,True
151192,False,False,False,False
151200,False,False,True,True
151214,False,True,True,True
151236,True,True,True,True
151291,False,False,True,True
151299,True,True,True,True
151327,False,True,True,False
151382,True,True,True,True
151406,True,True,True,True
151458,True,True,True,True
151466,True,True,True,True
151486,False,True,False,True
151493,False,True,False,True
151497,False,False,False,True
151523,False,True,True,True
151575,True,True,True,True
151587,True,False,True,True
151599,True,True,True,True
151671,False,True,True,True
151704,False,False,True,True
151756,False,False,True,True
151781,True,True,True,True
151783,True,True,True,True
151822,False,False,True,False
151833,True,True,True,True
151854,True,True,True,True
151864,True,True,True,True
151954,False,False,False,False
151959,False,True,False,True
152003,True,True,True,True
152036,False,True,True,True
152038,True,True,True,True
152048,False,False,False,False
152056,False,False,False,False
152103,False,False,False,False
152108,True,True,True,True
152162,True,True,True,True
152273,True,True,True,True
152281,False,False,False,False
152360,False,True,True,True
152397,True,True,True,True
152472,False,False,False,True
152479,False,False,False,False
152499,True,True,True,True
152530,True,True,True,True
152543,False,False,False,True
152556,False,False,True,True
152598,True,True,True,True
152657,False,False,False,True
152693,False,False,False,False
152746,False,True,True,True
152795,True,True,True,True
152871,False,False,True,True
152933,False,True,True,True
152946,True,False,True,True
152962,True,True,True,True
153036,False,False,True,False
153040,False,True,True,True
153042,False,True,True,True
153052,False,False,False,False
153136,True,True,True,True
153167,True,True,True,True
153184,False,True,True,True
153202,False,False,False,True
153205,False,False,False,False
153224,True,True,True,True
153262,True,True,True,True
153270,False,False,False,False
153290,False,True,True,True
153300,False,True,True,True
153368,False,False,False,False
153380,False,True,True,True
153394,True,True,True,True
153445,False,True,True,True
153462,True,True,True,True
153475,True,False,False,False
153486,False,True,False,True
153495,False,False,False,False
153520,False,False,False,False
153542,True,True,True,True
153559,False,False,False,False
153578,False,False,False,False
153604,False,False,True,True
153616,True,True,True,True
153631,False,False,False,False
153734,True,True,True,True
153736,False,False,False,False
153827,False,True,True,True
153847,False,False,False,True
153865,False,False,True,True
153871,False,False,True,True
153931,False,False,False,True
153956,True,True,True,True
153997,True,True,True,True
154057,True,True,True,True
154071,False,False,True,False
154107,True,True,True,True
154123,False,True,True,True
154145,True,True,True,True
154193,False,True,True,True
154202,True,True,True,True
154220,True,True,True,True
154244,True,True,True,True
154245,True,True,True,True
154254,False,True,True,True
154329,True,True,True,True
154343,False,False,False,False
154345,False,True,True,True
154354,False,True,True,True
154377,True,True,True,True
154382,False,False,False,False
154419,False,False,True,False
154530,False,True,True,True
154590,False,False,True,True
154597,False,False,False,False
154621,False,True,True,True
154689,True,True,True,True
154701,True,True,True,True
154772,True,True,True,True
154801,True,True,True,True
154880,False,False,True,True
154884,False,True,True,True
154898,False,True,True,True
154931,True,True,True,True
154955,False,False,False,True
154971,False,False,False,False
154987,False,True,True,False
155009,True,True,True,True
155035,True,True,True,True
155106,True,True,True,True
155125,True,True,True,True
155142,False,True,True,True
155162,False,True,True,True
155167,True,True,True,True
155172,True,False,False,True
155192,True,True,True,True
155198,False,False,True,True
155245,False,False,True,True
155268,True,True,True,True
155299,True,True,True,True
155344,False,False,True,True
155356,False,False,True,True
155373,True,True,True,True
155380,True,True,True,True
155417,True,True,True,True
155448,False,True,True,True
155449,False,False,False,True
155461,True,True,True,True
155540,True,True,True,True
155582,False,False,False,False
155591,True,True,True,True
155666,True,True,True,True
155774,False,False,False,True
155775,True,True,True,True
155793,True,False,False,True
155861,False,True,True,True
155897,True,True,True,True
155912,True,True,True,True
155937,False,False,False,False
155942,True,True,True,True
156020,True,True,True,True
156042,False,False,False,False
156060,False,False,False,True
156090,False,False,False,False
156156,False,False,False,False
156221,False,False,False,False
156301,False,True,True,True
156308,True,True,True,True
156320,False,False,False,False
156406,True,True,True,True
156448,True,True,True,True
156471,True,True,True,True
156480,True,True,True,True
156500,True,True,True,True
156511,False,False,False,False
156527,True,True,True,True
156534,True,True,True,True
156543,False,True,True,True
156604,True,True,True,True
156609,True,True,True,True
156700,True,True,True,True
156823,True,True,True,True
156833,True,True,True,True
156836,False,True,True,True
156869,False,False,False,False
156904,False,False,False,True
156977,True,True,True,True
157049,False,True,True,True
157085,False,False,False,False
157194,False,True,True,True
157202,True,True,True,True
157249,False,False,False,True
157283,False,False,False,False
157321,False,True,True,True
157358,False,False,True,True
157416,False,False,True,True
157462,True,True,True,True
157526,True,True,True,True
157539,False,False,False,False
157586,False,False,False,False
157592,True,True,True,True
157593,False,False,True,True
157621,False,False,True,True
157636,False,True,True,True
157656,True,True,True,True
157657,False,False,False,False
157696,False,True,True,True
157700,False,False,True,False
157744,False,False,False,False
157834,False,False,False,False
157866,True,True,True,True
157876,False,True,True,True
157883,True,False,True,False
157918,False,True,True,True
157926,False,False,True,False
157933,False,True,True,True
157942,False,False,True,False
157955,False,True,True,True
157961,True,True,True,True
157989,False,True,True,True
158031,False,True,True,True
158053,True,True,True,True
158058,False,False,True,True
158105,False,False,True,True
158122,True,True,True,True
158127,False,True,True,True
158198,False,True,True,True
158225,False,False,False,False
158272,False,True,True,True
158277,False,True,True,True
158299,True,True,True,True
158322,False,True,True,True
158326,False,True,True,True
158334,True,True,True,True
158344,True,True,True,True
158345,True,True,True,True
158501,False,False,True,False
158514,False,False,False,False
158555,False,True,True,True
158563,True,True,True,True
158602,False,False,False,False
158607,True,True,True,True
158676,False,False,False,False
158713,False,False,False,True
158718,True,True,True,True
158726,True,True,True,True
158729,False,False,False,False
158841,True,True,True,True
158853,True,True,True,True
158914,True,True,True,True
158989,True,True,True,True
159103,True,True,True,True
159109,False,False,False,True
159128,False,True,False,False
159133,False,True,True,True
159250,True,True,True,True
159296,True,True,True,True
159309,False,True,False,False
159346,True,True,True,True
159356,True,True,True,True
159392,False,False,False,True
159402,False,True,True,True
159409,False,True,True,True
159424,False,False,True,False
159457,False,True,True,True
159465,True,True,True,True
159482,False,False,False,False
159723,False,False,True,True
159761,True,True,True,True
159763,False,False,False,True
159828,False,False,False,True
159850,False,False,True,True
159974,False,False,False,False
159983,True,True,True,True
160001,True,True,True,True
160004,True,True,True,True
160031,False,False,True,True
160057,True,True,True,True
160064,False,False,False,False
160101,False,True,True,True
160104,True,True,True,True
160106,True,True,True,True
160142,False,True,True,True
160152,False,True,True,True
160171,True,True,True,True
160186,False,False,False,False
160195,False,False,False,False
160201,False,True,True,True
160245,True,True,True,True
160247,True,True,True,True
160250,True,True,True,True
160264,True,True,True,True
160330,False,True,True,True
160351,True,True,True,True
160402,True,True,True,True
160420,False,False,True,False
160428,True,True,True,True
160459,False,False,False,True
160524,True,True,True,True
160531,False,True,True,True
160549,False,False,False,False
160560,False,False,True,True
160573,True,True,True,True
160580,True,True,True,True
160610,True,True,True,True
160628,True,True,True,True
160629,False,False,True,False
160658,True,True,True,True
160836,False,True,False,True
160855,True,True,True,True
160858,False,False,False,True
160890,False,True,True,True
160906,True,True,True,True
160913,False,True,True,False
160932,False,False,False,False
160940,True,True,True,True
160941,True,True,True,True
160967,False,True,True,True
160996,False,False,False,False
161015,True,True,True,True
161031,False,False,False,False
161033,False,False,False,False
161054,True,True,True,True
161071,False,True,True,True
161121,False,True,True,True
161193,False,False,False,True
161218,False,False,False,False
161227,False,True,True,True
161244,False,False,False,False
161287,False,False,True,False
161438,True,True,True,True
161447,True,True,True,True
161499,True,True,True,True
161510,False,False,True,True
161569,True,True,True,True
161664,True,True,True,True
161720,True,True,True,True
161757,True,True,True,True
161760,False,True,True,True
161762,True,True,True,True
161793,False,False,False,False
161814,True,True,True,True
161823,False,True,True,True
161843,False,False,False,False
161852,True,True,True,True
161873,True,True,True,True
161919,False,False,False,True
161927,True,True,True,True
161958,True,True,True,True
162021,True,True,True,True
162023,True,True,True,True
162032,True,True,True,True
162109,False,False,False,False
162161,False,True,True,True
162163,False,False,False,False
162199,False,False,True,True
162250,True,True,True,True
162322,False,True,True,True
162362,False,False,False,False
162445,False,True,True,True
162573,False,False,False,False
162579,False,False,True,True
162654,False,True,True,True
162685,True,True,True,True
162691,True,True,True,True
162735,False,True,True,False
162753,False,False,False,False
162769,False,False,False,False
162774,True,True,True,True
162861,True,True,True,True
162880,False,True,True,True
162996,True,True,True,True
163002,True,True,True,True
163010,True,True,True,True
163031,True,True,True,True
163047,False,False,False,True
163054,False,False,False,True
163084,True,True,True,True
163091,True,True,True,True
163101,False,False,False,True
163114,False,True,True,True
163128,False,True,True,True
163176,True,True,True,True
163180,True,True,True,True
163220,False,True,True,True
163289,True,True,True,True
163339,True,True,True,True
163358,True,True,True,True
163385,False,False,True,True
163444,False,True,True,True
163451,False,True,True,True
163478,False,False,False,True
163485,True,True,True,True
163514,False,False,False,False
163518,True,True,False,True
163528,True,True,True,True
163585,False,True,False,True
163591,False,True,True,True
163598,False,False,False,False
163660,True,True,True,True
163710,False,False,False,False
163715,True,True,True,True
163761,True,True,True,True
163775,False,False,True,True
163823,True,True,True,True
163828,True,True,False,True
163831,False,True,True,True
163908,False,True,True,True
163975,True,True,True,True
163999,True,True,True,True
164005,True,True,True,True
164006,False,False,False,True
164094,True,True,True,True
164114,False,False,False,False
164170,True,True,True,True
164179,True,True,True,True
164200,False,True,True,True
164205,False,False,False,True
164249,True,True,True,True
164250,False,True,True,True
164286,True,True,True,True
164290,False,False,True,True
164292,False,False,False,False
164348,False,True,False,True
164360,True,False,True,True
164386,True,True,True,True
164389,True,True,True,True
164439,False,True,True,True
164440,True,True,True,True
164485,False,True,False,True
164499,False,True,True,True
164534,True,True,True,True
164564,True,True,True,True
164587,True,True,True,True
164594,False,True,True,True
164598,False,True,True,True
164603,True,True,True,True
164634,False,True,True,True
164642,True,True,True,True
164683,False,False,False,False
164698,False,True,False,True
164710,True,True,True,True
164786,False,True,True,True
164856,False,True,True,True
164920,False,False,False,False
165012,True,True,True,True
165035,True,True,True,True
165063,True,True,True,True
165100,True,True,False,True
165160,True,False,False,True
165200,True,True,True,True
165229,True,True,True,True
165231,False,False,False,False
165298,True,True,True,True
165347,True,True,True,True
165373,False,False,False,False
165384,True,True,True,True
165436,True,True,True,True
165499,True,True,True,True
165531,False,False,False,False
165546,False,False,True,True
165547,True,True,True,True
165572,False,True,True,False
165606,False,False,False,True
165609,False,True,True,True
165671,True,True,True,True
165707,False,True,True,True
165770,True,True,True,True
165792,True,True,True,True
165799,True,True,True,True
165852,True,True,True,True
165854,False,True,True,True
165984,True,True,True,True
166009,True,True,True,True
166018,False,False,True,True
166056,True,True,True,True
166057,True,True,True,True
166073,True,True,True,True
166126,True,True,True,True
166141,True,True,True,True
166201,False,False,False,True
166207,False,True,True,True
166230,False,True,True,True
166275,True,True,True,True
166296,True,False,True,False
166303,False,False,False,False
166335,True,True,False,True
166386,False,False,True,True
166403,True,True,True,True
166468,False,True,True,False
166481,False,False,False,False
166499,True,True,True,True
166533,True,True,True,True
166551,False,True,True,True
166557,True,True,True,True
166631,True,True,False,False
166751,True,True,True,True
166766,False,True,False,True
166776,False,False,True,True
166805,True,True,True,True
166828,False,True,False,True
166840,False,False,False,False
166868,False,True,True,True
166871,False,False,True,True
166874,True,True,True,True
166880,True,True,True,True
166889,False,False,True,True
166926,False,True,False,True
167002,False,False,False,False
167026,True,True,True,False
167074,False,False,True,False
167082,True,True,True,True
167092,True,True,True,True
167095,True,True,True,True
167155,True,True,True,True
167169,False,False,False,False
167180,False,True,True,True
167206,True,True,True,True
167235,False,False,False,False
167243,False,False,False,False
167267,True,True,True,True
167295,True,True,True,True
167369,False,True,True,True
167452,True,True,True,True
167456,False,False,True,True
167482,False,False,False,False
167505,True,True,True,True
167525,True,True,True,True
167529,False,False,False,False
167544,True,True,True,True
167548,True,True,True,True
167549,True,True,True,True
167564,True,True,True,True
167593,True,True,True,True
167642,True,True,True,True
167813,True,True,True,True
167854,True,True,True,True
167913,True,True,True,True
167927,False,False,True,True
168022,False,False,False,False
168090,True,True,True,True
168096,True,False,False,True
168127,True,True,True,True
168141,False,True,True,True
168151,True,True,True,True
168178,True,True,True,True
168187,True,True,True,True
168207,True,True,True,True
168218,False,False,False,False
168225,False,False,False,False
168248,False,True,True,True
168259,False,True,True,True
168274,False,False,False,False
168356,False,False,True,True
168371,True,True,True,True
168377,True,True,True,True
168522,False,True,True,True
168542,True,True,True,True
168571,False,False,False,False
168583,False,True,True,True
168584,True,True,True,True
168609,True,True,True,True
168650,True,True,True,True
168662,True,True,True,True
168683,False,False,False,False
168686,True,True,True,True
168717,False,True,True,True
168779,False,True,True,True
168803,True,True,True,True
168812,False,False,False,False
168817,False,True,True,True
168832,False,False,False,False
168837,False,True,False,True
168903,True,True,True,True
168909,False,False,True,False
168948,False,False,False,True
168978,False,False,True,True
168998,False,False,False,False
169014,True,True,True,True
169032,False,True,True,True
169040,False,False,False,True
169054,True,True,True,True
169066,False,True,True,True
169095,False,False,False,True
169098,True,True,True,True
169152,True,True,True,True
169166,False,True,True,True
169204,False,False,False,False
169229,True,True,True,True
169243,True,True,True,True
169249,False,False,True,True
169330,False,False,False,False
169351,True,True,True,True
169352,True,True,True,True
169360,True,True,True,True
169438,True,True,True,True
169535,False,False,False,False
169539,False,True,True,True
169562,False,False,False,False
169607,True,True,True,True
169646,False,False,False,True
169700,True,True,True,True
169701,False,False,False,False
169718,True,True,True,True
169732,False,True,True,True
169826,False,False,False,False
169872,False,False,False,False
169883,False,True,True,True
169907,False,True,True,True
169937,False,True,True,True
169947,False,True,True,False
169991,False,True,True,True
170012,True,True,True,True
170041,False,False,False,False
170069,True,True,True,True
170077,False,False,True,True
170101,False,True,True,True
170107,False,True,True,True
170122,False,False,False,False
170127,True,True,True,True
170130,True,True,True,True
170178,False,False,False,False
170180,False,True,True,False
170190,False,False,False,False
170194,False,True,False,True
170312,False,False,False,True
170313,False,True,True,True
170340,False,False,False,False
170406,False,True,True,True
170442,False,False,False,False
170483,True,True,True,True
170512,False,True,True,True
170525,False,True,True,True
170602,False,False,False,False
170629,True,True,True,True
170683,True,True,True,True
170689,False,True,True,True
170706,True,True,True,True
170716,False,True,True,True
170784,False,False,False,False
170786,True,True,True,True
170846,False,False,True,True
170849,True,True,True,True
170885,False,False,True,True
170902,False,True,True,True
170931,True,True,True,True
170950,False,True,True,True
170992,True,True,True,True
171017,False,False,False,False
171053,False,False,True,True
171179,False,True,True,True
171201,True,True,True,True
171269,False,True,True,True
171289,False,True,True,True
171297,False,True,True,True
171363,True,True,True,True
171376,False,False,False,False
171378,False,False,False,False
171430,True,True,True,True
171435,True,True,True,True
171622,True,True,True,True
171649,True,True,True,True
171665,False,True,True,True
171736,False,False,True,True
171762,False,False,True,True
171805,True,True,True,True
171809,True,True,False,True
171819,True,True,True,True
171841,False,False,False,False
171940,False,False,True,True
171950,False,False,False,False
171967,False,False,False,False
171970,False,False,False,True
171997,True,True,True,True
172023,True,True,True,True
172059,False,True,True,False
172088,False,False,False,False
172121,False,True,True,True
172137,True,False,True,True
172151,False,False,True,True
172160,True,True,True,True
172196,False,False,False,False
172246,False,True,True,True
172264,True,True,True,True
172315,False,False,False,False
172319,False,False,False,True
172324,False,False,True,True
172327,False,True,False,False
172342,False,False,False,False
172369,False,True,False,False
172377,True,True,True,True
172392,True,True,True,True
172398,False,False,False,True
172463,True,True,True,True
172492,True,True,True,True
172506,False,False,False,False
172582,False,True,False,False
172608,False,True,False,False
172615,True,True,True,True
172616,True,True,True,True
172654,True,True,True,True
172669,True,True,True,True
172673,False,False,False,False
172784,True,True,True,True
172852,False,True,True,True
172913,True,True,True,True
172937,False,False,False,False
172952,False,True,True,True
172970,True,True,True,True
172979,False,True,True,False
173053,True,True,True,True
173068,True,True,True,True
173125,True,True,True,True
173130,True,True,True,True
173150,True,True,True,True
173208,False,False,False,False
173228,False,False,False,True
173288,False,True,False,True
173367,True,True,True,True
173400,False,True,True,True
173451,True,True,True,True
173464,False,False,False,False
173471,True,True,True,True
173482,True,True,True,True
173532,True,True,True,True
173598,False,False,False,False
173610,True,True,True,True
173742,False,False,True,False
173843,False,False,False,True
173856,False,True,True,True
173893,False,False,True,True
173909,True,True,True,True
173925,False,True,True,True
173968,False,False,False,False
173978,True,True,True,True
173997,False,False,True,True
174042,True,True,True,True
174097,True,True,True,True
174098,False,True,True,True
174336,False,True,True,True
174375,False,False,True,True
174399,True,True,True,True
174410,False,True,False,True
174427,True,True,True,True
174462,False,False,False,False
174474,True,True,True,True
174503,True,True,True,True
174511,True,True,True,True
174526,False,True,False,False
174527,False,True,True,True
174554,True,True,True,True
174605,False,True,True,True
174623,False,False,False,True
174627,False,True,True,True
174632,False,False,False,False
174671,True,True,True,True
174677,False,False,False,False
174690,True,True,True,True
174694,True,True,True,True
174718,True,True,True,True
174738,False,False,False,False
174740,False,True,True,True
174747,True,True,True,True
174749,False,False,True,False
174758,False,True,True,True
174866,True,True,True,True
174868,True,True,True,True
174909,False,False,False,False
174911,False,False,False,False
175020,False,False,True,False
175047,True,True,True,True
175102,False,False,False,True
175112,True,True,True,True
175116,True,True,True,True
175118,True,False,True,True
175136,True,True,True,True
175188,True,True,True,True
175197,True,True,True,True
175202,True,True,True,True
175227,True,True,True,True
175273,False,False,False,False
175277,True,True,True,True
175333,True,True,True,False
175359,False,False,True,True
175427,True,True,True,True
175462,True,True,True,True
175469,True,True,True,True
175470,True,True,True,True
175476,True,True,True,True
175484,True,True,True,True
175523,False,True,False,False
175540,True,True,True,True
175541,False,True,True,True
175570,True,True,True,True
175600,False,True,True,True
175653,False,True,True,True
175671,True,False,True,True
175672,False,False,False,False
175775,True,True,True,True
175798,False,False,False,False
175805,True,True,True,True
175847,True,True,True,True
175864,True,True,True,True
175878,False,False,False,False
175946,False,True,True,True
175978,True,True,True,True
176060,False,False,False,True
176086,False,True,True,True
176087,False,True,True,True
176113,False,False,True,True
176118,False,False,False,True
176120,False,False,False,False
176192,False,True,True,True
176222,True,True,True,True
176229,False,True,True,False
176249,False,True,False,False
176265,False,True,True,True
176280,False,False,False,True
176282,False,False,False,True
176312,False,False,False,False
176318,True,True,True,True
176321,False,False,True,True
176384,False,True,True,True
176466,False,False,False,False
176487,True,True,True,True
176542,True,True,True,True
176558,False,True,True,True
176568,True,True,True,True
176612,True,True,True,True
176683,True,True,True,True
176744,False,False,False,False
176765,True,True,True,True
176785,False,False,False,False
176841,False,True,True,True
176873,False,False,False,False
176906,False,False,True,True
176910,False,False,False,False
176923,False,False,False,False
176925,False,True,True,True
176945,False,True,True,True
176947,False,True,True,True
176969,False,True,True,True
176996,True,True,True,True
177011,True,True,True,True
177050,False,True,True,True
177064,True,True,True,True
177078,True,True,True,True
177090,False,False,False,False
177101,False,True,True,False
177107,True,True,True,False
177150,False,False,True,False
177207,True,True,True,True
177245,True,True,True,True
177246,False,True,True,True
177277,False,False,False,False
177349,False,False,False,False
177366,False,True,False,False
177468,False,False,False,False
177492,False,False,False,False
177571,True,True,True,True
177575,True,True,True,True
177705,True,True,True,True
177755,False,True,True,True
177762,True,True,True,True
177763,True,True,True,True
177775,False,False,False,False
177807,True,True,True,True
177824,False,False,True,True
177840,False,True,True,True
177858,False,True,True,True
177879,True,True,True,True
177889,True,True,True,True
177913,False,True,True,False
177941,False,False,True,True
177954,True,True,True,True
177976,False,True,True,True
177977,False,True,True,True
177994,True,True,True,True
178006,True,True,True,True
178016,True,True,True,True
178022,False,True,True,True
178064,False,False,False,False
178152,True,True,True,True
178156,True,True,True,True
178177,True,True,True,True
178193,True,True,True,True
178207,False,True,False,True
178208,False,False,False,False
178242,False,False,True,True
178268,True,True,True,True
178317,True,True,True,True
178337,True,True,True,True
178389,True,True,True,True
178421,False,True,True,True
178460,False,False,True,True
178485,False,True,True,True
178577,False,False,True,False
178616,True,True,True,True
178620,True,True,True,True
178625,False,True,True,True
178635,True,True,True,True
178647,True,True,True,True
178682,False,False,True,True
178692,True,True,True,True
178763,True,True,True,True
178771,True,True,True,True
178785,False,False,True,True
178798,False,True,False,False
178801,False,False,False,False
178812,True,False,True,True
178838,True,True,True,True
178840,True,True,True,True
178895,True,True,True,True
178901,False,False,False,False
178939,False,False,False,False
178941,True,True,True,True
178962,False,False,False,False
179031,True,True,True,True
179070,False,True,True,True
179094,False,True,True,True
179102,True,True,True,True
179122,False,True,True,True
179154,True,True,True,True
179170,True,True,True,True
179200,True,True,True,True
179229,False,False,True,False
179242,False,False,False,False
179245,True,True,True,True
179278,False,False,False,False
179302,True,True,True,True
179322,False,True,True,True
179408,False,False,False,False
179454,True,True,True,True
179460,False,True,True,True
179477,True,True,True,True
179526,False,False,False,True
179532,True,True,True,True
179553,True,True,True,True
179603,True,True,True,True
179696,True,True,True,True
179699,True,True,True,True
179711,True,True,True,True
179727,False,False,False,True
179758,True,True,True,True
179781,True,True,True,True
179808,False,False,False,False
179812,False,False,True,True
179814,True,False,True,True
179906,True,False,False,True
179934,True,True,True,True
179940,False,False,False,False
179961,False,True,True,True
179965,False,True,True,True
180013,False,False,False,False
180020,False,True,True,True
180045,False,False,False,True
180055,False,True,True,True
180087,False,True,True,True
180129,False,False,False,True
180139,True,True,True,True
180261,False,True,True,True
180373,False,True,False,True
180460,False,False,False,False
180480,False,True,True,True
180483,True,True,True,True
180488,True,True,True,True
180494,False,True,True,True
180503,False,True,True,True
180522,True,True,True,True
180563,True,True,True,True
180578,False,False,False,True
180588,True,True,True,True
180639,True,True,True,True
180653,False,False,False,False
180667,False,True,True,True
180682,True,True,True,True
180718,False,True,True,True
180721,True,True,True,True
180729,True,True,True,True
180764,True,True,True,True
180768,True,True,True,True
180778,True,True,True,True
180779,True,True,True,True
180794,False,False,False,False
180817,False,True,True,True
180827,True,True,True,True
180967,True,True,True,True
181009,False,False,False,False
181026,False,False,True,False
181053,False,False,False,False
181133,False,False,False,False
181136,False,False,True,True
181155,False,False,False,False
181217,False,True,True,True
181223,False,False,False,True
181260,True,True,True,True
181305,True,True,True,True
181367,False,False,False,False
181383,False,True,True,True
181403,True,True,True,True
181409,False,False,False,False
181438,False,False,False,False
181453,False,False,True,True
181466,False,True,True,True
181534,True,True,True,True
181554,True,True,True,True
181564,True,True,False,True
181576,True,True,True,True
181623,True,True,True,True
181649,True,True,True,True
181655,False,False,True,True
181677,True,True,True,True
181714,True,True,True,True
181766,False,True,True,True
181769,True,True,True,False
181837,True,True,True,True
181849,False,False,False,False
181860,False,True,False,False
181909,True,True,True,True
181947,False,False,False,False
181980,False,False,True,True
182032,False,False,False,False
182082,True,True,True,True
182096,False,True,True,True
182098,True,True,True,True
182121,True,True,True,True
182126,True,True,True,True
182201,False,False,True,True
182233,False,True,True,True
182240,True,True,True,True
182258,False,True,True,True
182281,True,True,True,True
182353,False,False,True,False
182362,False,False,False,False
182373,True,True,True,True
182379,False,True,True,True
182406,False,True,True,True
182411,True,True,True,True
182436,True,True,True,True
182454,True,True,True,True
182474,False,False,False,False
182497,False,False,True,True
182502,False,False,False,False
182516,True,True,True,True
182551,True,True,True,True
182593,False,False,False,False
182629,True,True,True,True
182642,True,True,True,True
182659,False,False,False,True
182673,False,False,True,True
182710,False,True,True,True
182775,True,True,True,True
182801,False,False,False,False
182837,False,True,True,True
182863,False,False,False,False
182897,False,False,False,False
182937,True,True,True,True
182947,False,False,True,True
182957,True,True,True,True
182967,False,True,True,True
182968,True,True,True,True
182984,False,False,False,True
182997,True,True,True,True
183040,False,True,True,True
183044,False,False,False,True
183048,False,False,False,False
183137,False,False,False,True
183181,False,False,False,False
183199,False,False,False,False
183205,False,True,True,True
183236,False,False,True,True
183244,True,True,True,True
183293,False,False,True,False
183336,True,True,True,True
183338,True,True,False,False
183348,True,True,True,True
183387,True,True,True,True
183393,False,True,True,True
183394,False,False,False,False
183448,True,True,True,True
183456,False,False,True,False
183554,True,True,True,True
183602,True,True,True,True
183645,True,True,True,True
183672,True,True,True,True
183715,False,True,True,True
183719,True,True,True,True
183740,True,True,True,True
183766,False,False,False,False
183785,True,True,True,True
183844,True,True,True,True
183953,False,False,False,False
184052,False,False,True,True
184116,False,True,True,True
184123,True,True,True,True
184159,True,True,True,True
184190,True,True,True,True
184369,False,False,True,True
184371,False,True,True,True
184377,False,False,False,False
184396,False,False,True,True
184416,True,True,True,True
184431,True,True,True,True
184477,False,False,False,False
184583,True,True,True,True
184589,False,True,True,True
184610,False,False,False,False
184621,False,False,True,True
184642,True,True,True,True
184654,True,True,True,True
184667,False,True,True,True
184672,True,True,True,True
184684,False,True,True,True
184697,True,True,True,True
184705,False,True,True,True
184751,True,True,True,True
184806,False,False,False,False
184820,False,False,False,True
184822,False,False,False,False
184828,False,True,True,True
184834,False,True,True,True
184858,True,True,True,True
184877,False,False,True,True
184916,True,True,True,True
184972,False,False,False,False
184994,False,False,False,False
185006,True,True,True,True
185041,False,True,True,True
185070,False,True,True,True
185153,False,True,True,True
185158,False,False,False,False
185160,True,True,True,True
185166,True,True,True,True
185168,False,False,False,True
185177,False,True,True,True
185221,False,True,True,True
185247,False,False,False,False
185262,False,False,False,False
185487,True,True,True,True
185502,True,True,True,True
185514,False,True,True,True
185519,False,False,False,True
185545,True,True,True,True
185559,False,True,True,True
185579,True,True,True,True
185614,False,True,True,True
185698,False,False,True,True
185777,False,False,False,True
185830,False,True,True,True
185834,False,False,False,False
185844,False,True,True,True
185862,True,True,True,True
185865,False,True,True,True
185884,False,False,False,False
185902,False,False,False,False
185904,False,False,False,False
185961,False,False,True,True
185983,False,True,True,True
186056,True,True,True,True
186109,False,False,False,False
186125,False,True,True,True
186130,False,True,False,True
186155,True,True,True,True
186177,True,True,True,True
186226,True,True,True,True
186227,True,True,True,True
186246,True,True,True,True
186266,True,True,True,True
186342,False,True,True,True
186427,False,False,False,False
186526,False,False,False,False
186563,True,False,True,False
186585,True,True,True,True
186587,False,True,True,True
186605,True,True,True,True
186606,False,False,True,True
186635,False,True,True,True
186646,True,True,True,True
186684,False,False,True,True
186711,True,True,True,True
186717,False,False,False,False
186816,False,True,True,True
186822,False,True,True,True
186950,True,True,True,True
186952,False,False,True,False
187001,False,True,False,True
187072,False,False,True,False
187095,False,False,False,False
187108,False,False,True,True
187125,True,True,True,True
187147,True,True,True,True
187153,False,True,True,True
187177,False,False,True,False
187199,False,False,False,True
187213,True,True,True,True
187230,False,False,False,False
187241,True,True,True,True
187282,True,True,True,True
187324,False,False,True,True
187349,False,False,False,False
187354,False,True,True,True
187396,True,True,True,True
187424,False,True,True,True
187427,True,True,True,True
187432,False,True,True,True
187447,True,True,True,True
187450,False,False,False,False
187464,False,True,True,True
187474,False,False,False,False
187502,True,True,True,True
187518,False,False,False,True
187541,False,False,False,True
187573,False,True,True,True
187592,True,True,True,True
187616,True,True,True,True
187624,False,False,False,False
187642,True,True,True,True
187647,False,False,True,True
187683,True,True,True,True
187801,False,False,False,False
187878,False,True,True,True
188009,False,True,True,True
188013,True,True,True,True
188040,True,True,True,True
188058,False,False,True,True
188062,True,True,True,True
188084,False,False,False,False
188130,True,True,True,True
188137,True,True,True,True
188148,True,True,True,True
188173,True,True,True,True
188181,False,True,True,True
188218,False,False,False,False
188287,True,True,True,True
188380,False,False,False,False
188414,True,True,True,True
188457,True,True,True,True
188478,False,False,False,False
188511,True,True,False,False
188529,True,True,True,True
188534,True,True,True,True
188546,False,True,True,True
188552,True,True,True,True
188587,False,True,True,False
188658,True,True,False,True
188693,False,False,False,True
188752,True,True,True,True
188787,True,True,True,True
188805,True,True,True,True
188815,False,True,True,True
188847,False,False,False,False
188854,False,True,False,True
188858,False,True,True,True
188866,False,False,False,True
188889,True,True,True,True
188935,True,True,True,True
188941,False,False,True,True
188945,True,True,True,True
188955,True,True,True,True
188965,False,False,False,False
188973,True,True,True,True
188992,False,True,True,True
189045,False,False,True,True
189052,False,False,False,False
189168,True,True,True,True
189182,True,True,True,True
189183,False,True,True,True
189187,True,True,True,True
189209,True,True,True,True
189212,False,False,True,True
189224,False,True,True,True
189244,False,True,True,True
189278,False,False,True,False
189280,True,True,True,True
189305,True,True,True,True
189345,False,True,True,True
189364,True,True,True,True
189365,True,True,True,True
189371,True,True,True,True
189376,False,False,False,False
189390,False,False,False,False
189565,False,False,False,False
189568,True,True,True,True
189588,True,True,True,True
189701,True,True,True,True
189744,True,True,True,True
189770,True,True,True,True
189773,True,True,True,True
189780,False,False,False,False
189789,False,True,True,True
189814,True,True,True,True
189839,True,True,True,True
189850,False,False,False,True
189855,True,True,True,True
189893,False,False,True,False
189903,True,True,True,True
189912,False,False,False,False
189922,False,False,False,False
189939,True,True,True,True
189951,False,True,False,True
189993,False,True,True,True
189997,True,True,True,True
190000,False,True,True,True
190002,True,True,True,True
190016,True,True,True,True
190035,True,True,True,True
190075,True,True,True,True
190097,True,True,True,True
190115,True,True,True,True
190156,False,False,False,True
190172,True,True,True,True
190229,True,True,True,True
190330,True,True,True,True
190334,False,False,True,True
190378,True,True,True,True
190387,False,True,True,True
190406,True,True,True,True
190469,True,False,False,True
190495,False,False,False,False
190521,False,False,False,False
190546,False,True,True,True
190580,True,True,True,True
190603,False,False,False,False
190645,True,False,True,True
190664,False,True,True,True
190705,False,True,True,True
190718,True,True,False,True
190788,True,True,True,True
190794,False,True,True,True
190805,False,True,True,True
190859,True,True,True,True
190914,False,True,True,False
190915,False,False,False,False
190921,False,False,False,False
190939,False,False,False,True
190942,False,False,True,True
190950,True,True,True,True
191054,False,False,True,False
191068,False,True,True,True
191095,False,False,False,False
191112,True,True,True,True
191265,False,False,False,False
191293,False,False,True,False
191314,False,False,False,True
191325,False,False,False,False
191327,False,False,False,True
191338,False,False,False,False
191363,False,False,False,False
191376,True,True,True,True
191382,False,True,True,True
191546,False,False,False,False
191561,True,True,True,True
191592,False,False,False,False
191632,False,False,False,False
191643,False,True,True,False
191648,True,True,True,True
191690,False,False,False,False
191724,True,True,True,True
191812,False,False,False,False
191854,True,True,True,True
191869,True,True,True,True
191874,False,False,True,True
191893,False,False,True,True
191945,True,True,True,True
191962,True,False,True,True
191972,False,False,False,False
191995,True,True,True,True
192001,True,True,True,True
192039,False,True,True,True
192079,False,False,False,False
192091,False,False,True,True
192114,False,True,True,True
192153,True,True,True,True
192164,True,True,True,True
192200,True,True,True,True
192221,True,True,True,True
192269,False,False,False,False
192295,True,True,True,False
192296,True,True,True,True
192298,False,True,True,True
192320,False,False,True,True
192327,False,True,True,True
192348,False,False,False,False
192394,False,False,True,True
192395,True,True,True,True
192406,False,True,True,True
192450,False,True,True,True
192457,True,True,True,True
192458,False,False,True,True
192513,False,True,True,True
192516,False,False,False,False
192531,True,True,True,True
192554,False,True,True,True
192560,True,True,True,True
192581,True,True,True,True
192616,False,False,False,True
192651,True,True,True,True
192656,False,False,False,True
192702,True,True,True,True
192710,False,False,False,False
192714,True,True,True,True
192798,False,True,True,True
192835,True,True,True,True
192838,True,True,True,True
192852,False,True,True,True
192858,True,False,False,True
192878,False,True,True,True
192953,False,False,False,False
192954,False,False,True,True
192982,True,True,True,True
192992,False,True,True,True
193031,True,True,True,True
193034,True,True,True,True
193112,False,False,False,False
193271,False,False,True,True
193293,True,True,True,True
193359,False,False,False,False
193380,False,False,False,True
193388,False,True,True,True
193401,True,True,True,True
193405,False,False,False,False
193506,False,True,True,True
193557,True,True,True,True
193578,False,True,True,True
193605,True,True,True,True
193617,False,True,True,True
193659,False,False,False,False
193673,False,False,False,False
193759,True,True,True,True
193798,False,True,True,True
193824,False,False,False,False
193875,True,True,True,True
193879,False,False,False,False
193880,False,False,False,False
193881,True,True,True,True
193901,False,True,True,True
193947,False,True,True,True
194045,True,True,True,True
194054,True,True,True,True
194089,True,True,True,True
194108,False,False,False,False
194153,False,True,True,True
194154,False,True,True,True
194158,False,False,True,True
194167,True,True,True,True
194194,True,True,True,True
194294,False,True,True,True
194299,True,True,True,True
194336,False,True,True,True
194346,False,False,True,True
194361,True,True,True,True
194362,True,True,True,True
194434,False,False,False,True
194448,True,True,True,True
194518,True,True,True,True
194527,True,False,True,True
194536,False,False,True,True
194538,True,True,True,True
194553,False,False,True,True
194595,False,True,False,True
194598,False,True,True,True
194620,False,False,False,False
194694,False,False,False,False
194700,False,True,True,True
194727,False,False,False,False
194738,True,True,True,True
194744,False,True,True,True
194756,False,False,True,False
194790,False,True,True,True
194851,False,False,False,False
194871,False,True,True,True
195079,True,True,True,True
195124,False,False,False,False
195333,True,True,True,True
195351,False,True,True,True
195437,False,True,True,True
195449,True,True,True,True
195506,False,False,True,True
195525,False,False,True,True
195531,True,True,True,True
195583,True,True,True,True
195649,True,True,True,True
195685,True,True,False,False
195696,False,True,True,True
195697,True,True,True,True
195772,True,False,True,True
195826,True,True,True,True
195837,True,True,True,True
195840,False,False,False,False
195852,False,True,True,True
195903,True,True,True,True
195917,True,True,True,True
195955,False,True,True,True
195974,True,True,True,True
195978,False,True,True,False
196002,False,True,True,True
196046,True,True,True,True
196082,False,True,True,True
196085,True,True,True,True
196098,True,True,True,True
196116,True,True,True,True
196119,False,True,True,True
196120,True,True,True,True
196156,True,True,True,True
196210,False,False,False,False
196294,True,True,True,True
196311,False,True,True,True
196313,False,False,False,True
196331,False,False,False,False
196413,False,True,True,True
196418,True,True,True,True
196453,False,False,False,False
196462,True,True,True,True
196490,True,True,True,True
196503,False,False,False,True
196518,True,True,True,True
196525,True,True,True,True
196545,False,True,True,True
196676,True,True,True,True
196688,False,False,False,True
196699,True,True,True,True
196715,False,False,True,False
196719,True,True,True,True
196789,True,True,True,True
196793,True,True,True,True
196815,True,True,True,True
196852,True,True,True,True
196912,True,True,True,True
196924,False,True,True,True
196944,False,False,True,True
196971,False,True,True,True
196990,False,False,False,True
197069,False,False,False,False
197193,True,True,True,True
197195,False,False,True,True
197199,True,True,True,True
197218,False,False,False,False
197219,False,True,True,True
197237,False,True,True,True
197251,True,True,True,True
197257,True,True,True,True
197265,True,True,True,True
197305,False,True,True,True
197307,False,True,True,True
197324,True,True,True,True
197351,False,False,False,False
197503,False,False,True,True
197525,False,True,True,True
197568,True,True,True,True
197570,True,True,True,True
197577,False,True,True,True
197583,True,True,True,True
197584,True,True,True,True
197599,True,True,True,True
197600,False,True,True,True
197624,True,True,True,True
197681,True,True,True,True
197739,False,True,False,True
197749,True,True,True,True
197780,True,True,True,True
197807,False,True,True,True
197851,False,True,False,False
197880,False,True,True,False
197886,False,True,True,True
197950,False,True,True,True
198001,True,True,True,True
198017,False,False,False,False
198027,False,False,False,False
198068,True,True,True,True
198120,True,True,True,True
198154,False,False,False,True
198352,True,True,True,True
198363,True,True,False,True
198396,False,False,True,True
198404,False,False,False,True
198423,True,True,True,True
198436,False,False,False,False
198437,True,True,True,True
198441,False,True,True,True
198464,True,True,True,True
198537,True,True,True,True
198546,True,True,True,True
198563,True,True,True,True
198604,True,True,True,True
198607,True,True,True,True
198610,True,True,True,True
198611,False,False,True,False
198658,True,False,True,True
198717,True,True,True,True
198733,False,False,False,False
198735,False,True,True,True
198751,False,False,False,False
198752,True,True,True,True
198761,True,True,True,True
198764,True,True,True,True
198785,True,True,True,True
198788,True,True,True,True
198796,True,True,True,True
198923,False,True,False,False
198936,True,True,True,True
198975,True,True,True,True
199047,True,True,True,True
199050,True,True,True,True
199072,True,True,True,True
199188,True,True,True,False
199318,True,True,True,True
199358,True,True,True,True
199387,False,False,True,False
199404,False,False,False,False
199408,True,True,True,True
199432,False,True,True,True
199449,True,True,True,True
199469,True,True,True,True
199484,True,True,True,True
199492,True,True,True,True
199539,False,True,False,True
199572,True,True,True,True
199610,True,True,True,True
199671,False,False,False,True
199695,False,True,True,True
199739,False,False,False,True
199819,True,True,True,True
199835,True,True,True,True
199841,True,True,True,True
199876,True,True,True,True
199908,True,True,True,True
199930,False,True,False,True
199940,False,True,True,True
199951,False,False,False,True
199952,False,False,False,True
199960,False,True,True,True
200003,True,True,True,True
200024,False,False,False,False
200056,False,False,False,True
200109,False,False,False,False
200133,False,False,False,False
200195,True,True,True,True
200200,True,True,True,True
200206,False,False,False,False
200250,False,False,False,False
200284,True,True,True,True
200305,False,True,True,True
200320,True,True,True,True
200471,True,True,True,True
200500,True,True,True,True
200597,False,False,True,False
200618,True,True,True,True
200653,True,True,True,True
200710,False,True,True,True
200728,False,True,True,True
200764,False,True,True,True
200775,True,True,True,True
200782,False,True,True,True
200788,False,False,False,False
200896,True,True,True,True
200946,False,True,True,True
200952,False,False,False,True
201004,False,False,False,False
201030,True,True,True,True
201032,True,True,True,True
201069,True,True,True,True
201074,True,True,True,True
201076,True,True,True,True
201111,False,True,True,True
201151,False,True,False,True
201188,True,True,True,True
201192,False,False,True,False
201236,False,False,True,True
201326,True,True,True,True
201342,True,True,True,True
201389,False,True,True,True
201409,True,True,True,True
201417,True,True,True,True
201431,True,True,True,True
201452,True,True,True,True
201496,True,True,True,True
201519,False,False,False,False
201561,True,True,True,True
201564,False,False,False,True
201628,False,False,False,True
201659,False,True,True,True
201662,False,False,False,True
201686,True,True,True,True
201726,False,False,False,True
201727,False,True,True,False
201732,False,False,False,False
201738,False,False,True,False
201765,True,True,True,True
201859,False,True,False,True
201897,True,False,True,True
201939,False,False,True,True
202067,True,True,True,True
202076,True,True,True,True
202112,False,False,True,True
202143,False,False,True,True
202171,True,True,True,False
202201,False,False,False,False
202275,False,False,False,False
202307,False,False,True,True
202364,True,True,True,True
202402,False,True,False,True
202470,False,True,True,True
202499,False,True,True,True
202522,True,True,True,True
202548,True,True,True,True
202656,True,True,True,True
202657,False,True,False,False
202772,False,False,False,False
202782,False,False,False,False
202832,True,True,True,True
202855,False,True,True,True
202861,True,True,True,True
202865,True,True,True,True
202913,False,True,True,True
202918,True,True,True,True
202926,True,True,True,True
202990,False,False,False,False
202991,False,False,False,True
203034,True,True,True,True
203054,True,True,True,True
203119,False,True,True,True
203128,False,False,True,True
203132,True,True,True,True
203138,False,True,True,True
203142,True,True,True,True
203160,False,True,True,True
203178,True,True,True,True
203179,False,False,False,True
203214,True,True,True,True
203273,False,True,True,True
203275,True,True,True,True
203304,False,True,True,True
203312,True,True,True,True
203336,True,True,True,True
203371,True,True,True,True
203372,True,True,True,True
203416,False,True,True,True
203438,True,True,True,True
203478,True,True,True,True
203479,False,False,True,True
203492,False,True,True,True
203497,False,False,False,False
203509,True,True,True,True
203511,False,False,True,True
203611,True,True,True,True
203655,True,True,True,True
203687,True,True,True,True
203705,False,True,True,True
203765,False,False,True,False
203847,True,True,True,True
203849,False,True,True,False
203865,False,True,True,True
203920,True,True,True,True
203937,True,True,True,True
203975,False,False,False,False
203989,True,True,True,True
204020,True,True,True,True
204036,False,True,True,True
204041,True,True,True,True
204044,False,True,False,True
204052,False,True,False,True
204059,True,True,True,True
204067,True,True,True,True
204074,False,False,False,False
204091,True,True,True,True
204098,True,True,True,True
204138,False,False,False,True
204217,False,True,True,True
204219,False,False,True,True
204225,False,False,True,True
204241,False,False,False,True
204256,False,True,True,True
204380,False,False,False,False
204407,True,True,True,True
204431,True,True,True,True
204463,True,True,True,True
204481,False,False,False,False
204489,False,False,False,False
204502,True,True,True,True
204525,False,False,True,True
204529,False,True,True,True
204549,True,True,True,True
204661,False,False,False,False
204700,False,False,False,False
204726,False,False,False,False
204732,True,True,True,True
204735,False,False,False,False
204777,True,True,True,True
204804,False,False,False,False
204821,True,True,True,True
204825,False,True,True,True
204837,False,True,True,True
204863,False,False,False,False
204887,True,True,True,True
204938,True,True,True,True
204940,True,True,True,True
204962,True,True,True,True
204969,False,True,True,True
204979,True,True,True,True
204981,False,False,False,False
204987,True,True,True,True
205007,True,True,True,True
205035,False,True,True,True
205047,False,False,False,False
205059,True,True,False,True
205101,False,True,True,True
205108,False,False,True,True
205114,True,True,True,True
205157,True,True,True,True
205223,True,True,True,True
205232,False,False,False,False
205247,True,True,True,True
205250,False,False,True,True
205258,True,True,True,True
205270,True,True,True,True
205280,True,True,True,True
205283,True,True,True,True
205297,True,True,True,True
205299,False,False,False,True
205308,False,True,True,False
205313,False,False,True,True
205344,True,False,True,True
205370,False,True,True,True
205424,True,True,True,True
205435,False,False,False,False
205443,False,True,True,True
205477,True,True,True,True
205513,False,False,False,True
205571,True,True,True,True
205585,True,True,True,True
205614,False,True,True,True
205620,False,True,True,False
205625,True,True,True,True
205631,False,True,True,True
205650,True,True,True,True
205676,False,True,True,True
205677,True,True,True,True
205707,False,False,False,False
205762,False,False,True,True
205846,False,True,True,True
205848,False,False,False,False
206066,False,False,True,True
206102,False,True,True,True
206107,True,True,True,True
206121,True,True,True,True
206247,True,True,True,True
206255,True,True,True,True
206268,True,True,True,True
206395,False,False,True,True
206400,False,True,True,True
206405,False,True,True,True
206413,False,False,False,False
206415,False,False,False,False
206435,True,True,True,True
206463,False,True,True,True
206489,False,False,False,False
206530,True,True,True,True
206539,True,True,True,True
206542,True,True,True,True
206583,False,True,True,True
206584,False,False,False,True
206620,False,False,False,False
206684,False,False,False,False
206701,True,True,True,True
206749,True,True,True,True
206751,True,True,True,True
206757,False,True,True,True
206784,False,False,False,True
206793,True,True,True,True
206806,True,True,True,True
206809,True,True,True,True
206871,False,False,True,True
206890,False,False,False,False
206926,False,True,True,True
206932,False,True,True,True
206956,True,True,True,True
207010,False,True,True,True
207026,True,True,True,True
207027,False,False,False,False
207048,False,True,True,True
207072,False,True,True,True
207083,False,True,True,True
207093,True,True,True,True
207094,True,True,True,True
207219,True,True,True,True
207223,False,True,True,True
207225,False,False,False,False
207231,False,False,True,False
207275,False,False,False,True
207331,False,True,True,True
207354,False,True,True,True
207454,False,False,False,False
207543,False,False,True,True
207595,True,True,True,True
207597,False,True,True,True
207668,False,True,True,True
207670,False,True,True,True
207733,True,True,True,True
207853,True,True,True,True
207932,True,True,True,True
208000,False,False,False,True
208012,False,False,False,False
208024,False,False,False,False
208043,True,True,True,True
208086,False,True,False,True
208145,False,True,True,True
208163,True,True,True,True
208172,False,True,True,True
208206,True,True,True,True
208220,True,True,True,True
208240,True,True,True,True
208347,False,True,True,True
208365,True,True,True,True
208381,False,True,True,True
208386,False,True,False,True
208396,False,True,False,True
208413,True,True,True,True
208450,False,False,True,True
208479,False,False,False,False
208517,False,False,False,True
208543,True,True,True,True
208623,False,False,False,True
208663,True,True,True,True
208669,True,True,True,True
208712,False,True,True,True
208731,True,True,True,True
208752,False,False,False,True
208754,False,False,True,True
208761,False,False,False,False
208773,True,True,True,True
208779,False,False,False,False
208782,True,True,True,True
208820,False,False,False,False
208821,False,False,False,False
208830,True,True,True,True
208886,False,False,False,True
208907,False,True,True,True
208910,True,True,True,True
208913,True,True,True,True
208945,False,False,False,False
208956,False,True,True,False
209007,False,True,True,True
209012,False,True,True,False
209048,False,False,False,False
209106,False,False,True,True
209126,False,False,True,False
209145,False,False,True,True
209166,False,True,True,True
209191,True,True,True,True
209253,False,False,False,True
209290,True,True,True,True
209304,False,True,False,False
209320,True,True,True,True
209353,True,True,True,True
209387,True,True,True,True
209428,False,False,False,False
209534,True,True,True,True
209537,False,True,False,True
209574,True,True,True,True
209603,False,True,True,True
209610,False,False,False,False
209654,True,True,True,True
209701,False,True,True,True
209718,False,True,True,True
209785,False,True,True,True
209802,False,False,False,False
209809,False,False,True,True
209835,False,True,True,True
209856,False,True,True,True
209875,True,True,True,True
209901,False,True,True,True
209904,False,False,False,False
209989,False,False,False,False
210012,False,False,False,False
210052,False,False,True,True
210065,False,False,True,True
210077,False,False,False,False
210134,True,True,True,True
210267,False,False,False,False
210271,False,False,False,False
210333,True,True,True,True
210346,True,True,True,True
210363,False,False,False,False
210395,False,True,False,True
210404,False,False,False,False
210442,True,True,True,True
210450,True,True,True,True
210451,False,False,True,True
210471,False,True,False,True
210642,True,True,True,True
210729,True,True,True,True
210749,False,False,False,True
210751,False,True,True,True
210782,False,True,True,True
210791,False,False,False,False
210810,True,True,True,True
210812,False,False,False,False
210839,False,False,True,True
210846,False,False,True,True
210847,True,True,True,True
210920,False,False,False,False
210932,False,False,True,True
210956,False,True,True,True
210973,True,True,True,True
210980,True,True,True,True
210983,False,False,True,True
211048,False,False,False,False
211079,True,True,True,True
211107,False,True,True,False
211108,True,False,False,False
211138,False,False,False,True
211163,False,False,False,False
211192,True,True,False,True
211198,False,True,True,True
211203,True,True,True,True
211216,False,False,False,True
211221,False,True,True,True
211255,True,True,True,True
211272,False,True,True,True
211281,False,True,True,True
211302,False,True,True,True
211312,True,True,True,True
211322,True,True,True,True
211327,False,False,True,True
211388,False,False,True,True
211402,True,True,True,True
211420,False,True,True,True
211433,False,True,True,True
211478,False,False,True,True
211527,False,True,True,True
211560,True,True,True,True
211631,False,False,True,False
211677,False,True,True,False
211703,True,True,True,True
211707,False,True,True,True
211725,False,False,True,True
211756,True,True,True,True
211760,True,True,True,True
211771,False,False,True,True
211788,True,True,True,True
211806,True,True,True,True
211819,False,False,False,False
211843,False,True,True,True
211844,False,True,False,False
211863,True,True,True,True
211913,False,False,True,False
211948,True,False,True,False
212025,False,True,True,True
212027,True,True,True,True
212077,True,True,True,True
212088,True,True,True,True
212091,False,False,True,True
212095,True,True,True,True
212112,False,False,False,True
212187,True,True,True,True
212227,False,True,True,True
212267,True,True,True,True
212276,False,False,True,True
212311,False,True,True,True
212321,False,True,True,True
212326,False,True,True,True
212351,True,True,True,True
212380,False,False,False,True
212382,True,True,True,True
212401,True,True,True,True
212421,True,True,True,True
212479,True,True,True,True
212514,True,True,True,True
212532,False,True,True,True
212533,True,True,True,True
212574,False,False,False,True
212591,True,True,True,True
212647,True,True,True,True
212672,False,False,False,False
212685,False,True,True,True
212695,True,True,True,True
212704,False,False,False,False
212714,True,True,True,True
212756,True,True,True,True
212757,True,True,True,True
212781,True,True,True,True
212787,False,True,True,True
212817,False,False,True,True
212834,True,True,True,True
212864,True,True,True,True
212903,True,True,True,True
212920,False,True,True,True
213003,False,True,False,True
213008,False,False,False,True
213009,False,True,True,False
213034,False,True,True,True
213048,False,True,True,True
213077,False,False,True,True
213095,False,False,True,True
213162,True,True,True,True
213357,True,True,True,True
213405,False,False,True,False
213421,False,False,False,False
213429,True,True,True,True
213436,True,True,True,True
213453,False,True,True,True
213457,False,False,False,False
213525,True,True,False,True
213529,True,True,True,True
213530,False,False,False,True
213537,True,True,True,True
213552,True,True,True,True
213577,False,False,False,False
213579,False,True,True,True
213592,True,True,True,True
213596,True,True,True,True
213602,False,False,True,False
213642,False,False,False,False
213649,False,False,False,False
213740,False,False,False,True
213753,False,False,False,True
213780,False,False,False,True
213799,False,True,True,True
213826,False,False,False,True
213827,True,True,True,True
213863,True,True,True,True
213881,True,True,True,True
213951,True,True,True,True
213970,True,True,True,True
214024,False,False,False,True
214124,True,True,True,True
214184,True,True,True,True
214204,False,True,True,True
214373,True,True,True,True
214388,True,True,True,True
214395,True,True,True,True
214421,True,True,True,True
214481,True,True,True,True
214489,True,True,True,True
214527,False,False,False,False
214634,True,True,True,True
214658,True,True,True,True
214699,True,True,True,True
214733,False,False,False,False
214759,True,True,True,True
214764,True,True,True,True
214777,True,True,True,True
214782,True,True,True,True
214856,False,False,False,False
214937,True,True,True,True
214955,False,True,True,True
214958,False,True,True,True
214961,False,True,True,True
214975,False,False,False,False
215002,False,True,True,True
215012,True,True,True,True
215023,False,False,False,False
215255,False,False,False,False
215298,False,False,True,True
215341,True,True,True,True
215376,True,True,False,True
215380,False,False,False,True
215428,True,True,True,True
215467,True,True,True,True
215523,True,True,True,True
215555,False,True,True,True
215564,False,True,True,True
215569,True,True,True,True
215577,True,True,True,True
215616,False,False,False,True
215738,False,False,False,True
215812,True,True,True,True
215819,True,True,True,True
215844,False,False,False,False
215878,False,False,True,True
215881,False,False,False,False
215884,False,False,False,False
215906,True,True,True,True
216015,False,True,True,True
216150,False,True,True,True
216160,False,False,False,True
216161,True,True,True,True
216194,True,True,True,True
216235,True,True,True,True
216250,True,True,True,True
216319,True,True,True,True
216325,True,True,True,True
216327,True,True,True,True
216333,False,True,True,True
216371,True,True,True,True
216387,True,True,True,True
216391,False,True,True,True
216393,False,False,False,False
216398,False,True,False,False
216406,False,False,True,False
216432,True,True,True,True
216462,True,True,True,True
216468,False,False,False,True
216469,True,True,True,True
216524,False,False,False,False
216528,False,True,True,True
216556,True,True,True,True
216581,False,False,False,False
216637,False,False,True,True
216649,True,True,True,True
216674,True,True,True,True
216685,False,True,True,True
216733,False,False,True,False
216778,True,True,True,True
216789,True,True,True,True
216802,False,False,False,False
216805,False,True,True,True
216822,True,True,True,True
216837,True,True,True,True
216851,False,False,False,False
216924,True,True,True,True
216930,False,False,False,False
216954,True,True,True,False
217007,True,True,True,True
217141,False,False,True,True
217151,True,True,True,True
217238,False,False,False,False
217268,True,False,True,True
217269,True,True,True,True
217289,False,False,False,False
217322,True,True,True,True
217323,True,True,True,True
217397,True,True,True,True
217449,True,True,False,True
217468,False,False,False,False
217471,False,False,False,True
217561,True,True,True,True
217571,True,True,True,True
217583,True,True,True,True
217623,False,False,True,False
217710,False,True,True,True
217769,True,True,True,True
217799,True,True,True,True
217856,True,True,True,True
217886,False,False,True,True
217895,True,True,True,True
217923,False,True,True,True
217929,False,False,False,False
218035,True,True,True,True
218057,True,True,True,True
218060,True,True,True,True
218116,False,True,True,True
218119,False,False,False,False
218147,True,True,True,True
218179,True,True,True,True
218205,True,True,True,True
218234,True,True,True,True
218284,True,True,True,True
218399,False,True,True,True
218404,False,True,True,True
218470,False,False,False,False
218482,True,True,True,True
218494,False,True,True,True
218539,False,True,False,True
218547,False,True,True,True
218574,False,True,True,True
218589,False,False,False,False
218608,True,True,True,True
218635,True,True,True,True
218648,False,True,True,True
218715,False,True,True,True
218759,False,False,True,True
218830,False,True,False,False
218832,False,False,False,False
218844,True,True,True,True
218846,True,True,True,True
218853,True,True,True,True
218855,True,True,True,True
218862,False,False,True,True
218868,False,True,False,True
218875,True,True,False,True
218956,False,True,True,True
219059,True,True,True,True
219063,True,True,True,True
219118,True,True,True,True
219141,False,False,False,False
219170,False,True,True,True
219173,True,True,True,True
219216,True,True,True,True
219217,True,True,True,True
219261,False,False,True,False
219269,False,False,False,True
219291,True,True,True,True
219357,False,False,True,False
219379,False,False,False,False
219409,False,False,False,False
219462,False,True,True,True
219474,False,False,True,True
219484,True,True,True,True
219492,True,True,True,True
219546,True,True,True,True
219565,True,True,True,True
219622,True,True,True,True
219647,False,False,False,True
219663,True,True,True,True
219687,False,True,True,True
219754,False,False,False,True
219762,False,False,False,False
219798,True,True,True,True
219802,True,True,True,True
219820,False,False,False,False
219832,False,True,False,True
219904,False,True,True,True
219909,False,False,False,False
219928,False,True,True,True
219966,True,True,True,True
220042,False,False,False,False
220045,True,True,True,True
220096,False,True,True,True
220109,False,False,False,False
220111,False,True,True,True
220216,False,False,False,False
220226,False,True,True,True
220234,False,False,False,False
220239,False,False,True,True
220289,False,False,False,False
220321,False,False,False,False
220348,True,True,True,True
220355,True,True,True,True
220367,True,True,True,True
220376,True,True,True,True
220377,False,True,True,True
220390,False,True,True,True
220399,True,True,True,True
220419,False,False,True,True
220464,False,True,True,True
220486,False,True,True,True
220518,False,False,True,True
220529,False,False,False,False
220605,True,True,True,True
220665,False,True,True,True
220690,True,True,True,True
220699,True,True,True,True
220736,False,True,False,False
220751,False,True,True,True
220793,False,False,True,True
220894,False,True,True,True
220896,False,True,True,True
220942,False,True,False,True
220948,True,True,True,True
220991,False,False,False,False
221000,False,False,True,True
221036,True,True,True,True
221095,False,False,False,False
221241,True,True,True,True
221243,True,True,True,True
221293,False,False,True,True
221328,False,False,False,False
221346,False,False,True,True
221379,True,True,True,True
221420,True,False,False,True
221433,False,True,True,True
221441,False,True,False,True
221505,True,True,True,True
221513,True,True,True,True
221524,False,True,True,True
221543,False,True,True,True
221554,False,True,True,True
221615,True,True,True,True
221616,False,False,False,True
221681,True,True,True,True
221725,True,True,True,True
221771,False,True,True,True
221785,True,True,True,True
221794,True,True,True,True
221856,True,True,True,True
221869,False,False,False,False
221893,False,False,True,True
221909,False,True,True,True
221932,True,True,True,True
221966,True,True,True,True
221973,True,True,True,True
222029,True,True,True,True
222037,True,True,False,True
222137,False,True,True,True
222140,True,True,True,True
222180,True,True,True,True
222266,False,False,False,False
222322,False,True,True,True
222346,True,True,True,True
222351,True,True,True,True
222361,True,True,True,True
222367,True,True,True,True
222395,False,False,True,True
222426,True,True,True,True
222430,True,True,True,True
222463,False,True,True,True
222492,True,True,True,True
222513,True,True,True,True
222527,True,True,True,True
222572,False,False,False,False
222588,False,False,True,True
222639,False,True,True,False
222681,True,True,True,True
222688,True,True,True,True
222695,False,True,True,True
222711,False,False,False,False
222828,False,False,False,False
222842,True,True,True,True
222908,False,False,False,True
222928,True,True,True,True
222961,False,False,False,False
222970,False,False,False,False
222987,True,True,True,True
223006,False,False,False,True
223030,False,True,True,True
223035,True,False,True,True
223068,False,True,True,True
223154,True,True,True,True
223283,True,True,True,True
223289,True,True,True,True
223295,False,False,False,True
223327,True,True,True,True
223348,True,True,True,True
223458,True,True,True,True
223461,False,True,True,True
223474,False,False,True,True
223526,False,True,True,True
223560,True,True,True,True
223587,False,False,False,False
223603,False,True,True,True
223648,False,True,True,True
223650,True,True,True,True
223664,False,True,True,True
223754,True,True,True,True
223833,True,True,True,True
223870,False,True,True,True
223874,False,False,False,False
223930,True,True,True,True
223984,False,False,False,False
224000,False,True,True,True
224017,True,True,True,True
224052,False,False,False,False
224111,False,False,False,False
224134,True,True,False,True
224138,False,True,True,True
224166,True,True,True,True
224187,True,True,True,True
224190,True,True,True,True
224197,False,True,True,True
224199,False,True,True,True
224241,False,False,False,False
224246,False,True,True,True
224272,False,False,True,True
224388,True,True,True,True
224419,False,False,False,True
224426,False,True,True,True
224468,True,True,True,True
224477,True,True,True,True
224509,False,True,True,True
224592,True,True,True,True
224610,True,True,True,True
224677,False,True,True,True
224693,True,True,True,True
224702,True,True,True,True
224734,False,False,True,True
224757,True,True,True,True
224772,True,True,True,True
224790,True,True,True,True
224794,False,True,True,True
224821,True,True,False,True
224850,True,True,True,True
224894,True,True,True,True
224905,False,False,True,True
224926,True,True,True,True
224928,False,False,True,True
224975,True,True,True,True
224989,False,True,True,True
224991,True,False,False,True
225036,True,True,True,True
225040,True,True,True,True
225044,False,True,False,True
225088,False,False,False,False
225104,True,True,True,True
225160,True,True,True,True
225175,False,True,True,True
225230,True,True,True,True
225281,False,False,False,False
225372,False,False,False,True
225479,False,True,True,True
225517,False,False,False,True
225530,True,True,True,True
225567,False,True,True,True
225599,True,True,True,True
225608,False,False,False,False
225700,False,False,False,True
225787,True,True,True,True
225878,False,True,True,True
225916,True,True,True,True
225923,False,True,True,True
225959,True,True,True,True
225963,False,False,False,False
225987,False,False,False,False
226034,True,True,True,True
226046,False,True,False,True
226075,True,True,True,True
226097,False,False,False,False
226102,False,False,True,True
226173,False,True,True,True
226267,False,False,True,True
226329,True,True,True,True
226343,False,True,True,True
226346,False,False,False,False
226348,True,True,True,True
226357,False,True,False,False
226383,True,True,True,True
226404,False,False,True,True
226412,True,True,True,True
226442,False,True,True,True
226460,False,True,True,True
226486,True,True,True,True
226502,False,False,False,False
226505,True,True,True,True
226517,True,True,True,True
226528,True,False,False,False
226536,True,True,True,True
226545,True,True,True,True
226579,True,True,True,True
226588,True,True,True,True
226597,False,True,True,True
226613,True,True,True,True
226654,True,True,True,True
226677,True,True,True,True
226681,False,False,False,False
226708,True,True,True,True
226734,True,True,True,True
226747,True,True,True,True
226812,True,True,True,True
226817,True,True,True,True
226821,True,True,True,True
226825,True,True,True,True
226872,True,True,True,True
226961,True,True,True,True
226966,False,False,False,False
226974,True,True,True,True
227000,True,True,True,True
227031,True,False,True,True
227073,False,False,False,False
227093,True,True,True,True
227117,False,False,True,True
227127,False,False,False,True
227137,False,False,True,True
227207,True,True,True,True
227222,False,False,False,False
227231,True,True,True,True
227242,False,False,False,True
227325,True,True,True,True
227326,False,False,False,True
227359,False,True,True,True
227422,True,True,False,True
227441,False,True,False,False
227451,True,True,True,True
227456,True,True,True,True
227517,True,True,True,True
227550,False,False,False,True
227577,False,False,True,True
227612,False,True,True,True
227675,False,False,True,True
227713,False,False,False,False
227730,False,True,True,True
227732,False,True,False,False
227742,False,True,True,True
227813,False,False,False,False
227845,False,False,False,True
227851,False,False,True,True
227852,False,False,True,True
227869,True,True,True,True
227879,False,False,False,False
227882,False,False,False,False
227884,True,True,True,True
227903,True,True,True,True
227935,False,True,True,True
227952,False,False,False,False
227959,False,False,False,False
227986,True,True,True,True
228000,False,True,True,True
228029,False,True,True,True
228042,False,False,True,True
228091,False,False,False,False
228197,True,True,True,True
228215,True,True,True,True
228246,True,True,True,True
228260,True,True,True,True
228261,False,True,True,True
228293,True,True,True,True
228340,False,False,False,False
228350,False,False,True,False
228392,False,False,False,True
228398,False,False,False,True
228418,False,False,True,True
228477,True,True,True,True
228478,False,True,True,True
228565,True,True,True,True
228647,False,False,True,False
228659,False,False,True,False
228669,False,True,True,True
228708,False,False,True,False
228732,True,True,True,True
228744,True,True,True,True
228825,False,True,True,True
228974,False,False,False,True
229020,True,True,True,True
229024,False,True,True,True
229035,False,True,True,True
229058,False,False,False,True
229114,True,True,True,True
229132,True,True,True,True
229134,True,True,True,True
229139,True,True,True,True
229158,False,True,True,True
229159,True,True,True,True
229172,False,True,True,True
229191,True,True,True,True
229208,True,True,True,True
229233,False,False,False,True
229241,False,True,True,True
229295,False,False,False,True
229350,True,True,True,True
229398,True,False,False,True
229468,True,True,True,True
229511,False,True,True,True
229529,False,True,True,True
229530,True,True,True,True
229622,False,False,True,True
229633,False,False,False,False
229643,True,True,True,True
229713,True,True,True,True
229724,True,True,True,True
229740,True,True,True,True
229779,True,True,True,True
229787,False,False,False,True
229821,True,True,True,True
229825,True,True,True,True
229936,True,True,True,True
229946,True,True,True,True
229949,False,False,False,False
229969,False,False,False,False
229976,True,True,True,True
230005,True,True,True,True
230007,True,True,True,True
230017,True,True,True,True
230096,False,True,False,True
230109,False,False,False,False
230127,True,True,True,True
230133,False,True,True,True
230135,False,True,True,True
230141,False,False,False,False
230150,False,True,True,True
230160,True,True,True,True
230175,True,True,True,True
230210,True,True,True,True
230214,False,False,True,True
230236,True,True,True,True
230296,True,True,True,True
230321,True,True,True,True
230334,False,False,False,False
230340,False,False,False,False
230360,True,False,False,True
230484,True,True,True,True
230503,True,True,True,True
230597,False,True,True,True
230610,True,True,True,True
230616,True,True,True,True
230619,True,True,True,True
230646,True,True,True,True
230650,True,True,True,True
230661,True,True,True,True
230665,True,True,True,True
230673,False,False,False,False
230700,False,True,True,True
230712,True,True,True,True
230769,False,False,True,True
230889,False,True,True,True
230892,True,True,True,True
230893,False,True,True,False
230898,True,True,True,True
230900,False,True,True,True
230916,False,False,True,True
230931,True,True,False,True
230932,False,False,False,True
230936,False,True,True,True
230987,True,True,True,True
230991,True,True,True,True
230995,False,False,False,False
230996,False,False,False,False
231017,True,True,True,True
231019,False,False,False,False
231047,False,False,False,True
231052,False,False,True,True
231071,True,True,True,True
231109,False,False,False,False
231131,False,False,False,True
231163,True,True,True,True
231194,True,True,True,True
231253,False,False,False,False
231282,True,True,True,True
231322,True,True,True,True
231349,True,True,True,True
231378,False,False,False,False
231387,False,False,False,False
231422,True,True,True,True
231521,False,False,False,False
231609,False,True,True,True
231617,True,True,True,True
231628,True,True,True,True
231645,True,True,True,True
231659,True,True,True,True
231705,True,True,True,True
231712,False,False,True,False
231748,False,True,True,True
231786,True,False,True,True
231851,False,True,True,True
231868,False,False,True,False
231907,False,False,True,True
231945,False,False,True,True
231978,False,False,True,True
232025,True,True,True,True
232051,True,True,True,True
232143,False,False,False,False
232160,True,True,True,True
232185,False,False,False,False
232231,False,True,True,True
232250,False,True,True,True
232262,False,False,True,True
232275,False,False,False,False
232302,False,True,True,True
232311,False,False,False,False
232338,False,True,False,False
232344,True,True,True,True
232357,False,False,False,False
232376,True,True,True,True
232377,False,True,False,True
232383,False,True,False,False
232417,True,True,True,True
232455,False,True,True,True
232483,False,True,True,True
232488,True,True,True,True
232551,True,True,True,True
232598,False,False,False,False
232612,True,True,True,True
232617,False,True,True,True
232625,True,True,True,True
232648,False,False,True,True
232675,False,True,True,True
232689,False,False,False,True
232717,False,False,True,True
232720,False,False,False,False
232781,False,False,True,True
232954,True,True,True,True
233007,False,True,True,True
233022,True,True,True,True
233124,False,True,True,True
233140,True,True,True,True
233164,True,True,True,True
233224,False,True,True,True
233272,True,True,True,True
233305,True,True,True,True
233348,True,True,True,True
233362,True,True,True,True
233434,False,True,True,True
233439,False,False,False,False
233453,True,True,True,True
233491,True,True,False,False
233528,False,True,True,True
233545,True,True,True,True
233558,True,True,True,True
233587,True,True,True,True
233617,False,False,False,True
233630,False,True,True,True
233642,False,False,True,True
233652,False,False,False,True
233703,False,False,False,False
233711,True,True,True,True
233744,False,True,True,True
233746,False,False,False,True
233804,True,True,True,True
233815,False,True,False,True
233833,True,True,True,True
233862,True,True,True,True
233863,False,False,False,False
233868,False,False,True,False
233878,False,True,True,True
233882,True,True,True,True
233888,False,True,True,True
233970,False,False,False,False
233975,True,True,True,True
233994,True,True,True,True
234023,True,True,True,True
234046,False,True,True,True
234124,False,False,True,True
234197,True,True,True,True
234210,False,True,True,True
234234,True,True,True,True
234236,False,True,True,True
234244,False,True,True,True
234277,False,False,False,False
234387,True,True,True,True
234391,True,True,True,True
234463,True,True,True,True
234470,False,False,False,False
234536,True,True,True,True
234555,True,True,True,True
234572,False,False,True,False
234614,True,True,True,True
234653,True,True,True,True
234655,True,True,True,True
234665,True,True,True,True
234671,False,True,True,True
234676,True,True,True,True
234679,False,True,True,True
234717,True,True,True,True
234745,True,True,True,True
234751,True,True,True,True
234781,True,True,False,True
234785,False,False,True,True
234889,False,True,True,True
234900,False,False,True,True
234916,False,False,False,True
234948,False,True,True,True
234967,True,True,True,True
234978,True,True,True,True
234986,False,True,True,True
235017,False,False,False,False
235031,False,True,True,True
235063,True,True,True,True
235069,False,False,True,True
235073,False,True,True,True
235081,False,True,True,True
235091,False,False,False,False
235147,False,True,True,True
235152,False,False,False,True
235187,False,True,True,True
235237,False,True,True,True
235242,True,True,True,True
235245,True,True,True,True
235276,False,True,True,True
235314,True,True,True,True
235319,True,True,True,True
235352,False,False,False,False
235409,True,True,True,True
235437,True,True,True,True
235446,False,False,True,True
235464,False,True,False,False
235468,True,True,True,True
235534,True,True,True,True
235699,True,True,True,True
235721,True,True,True,True
235744,False,False,True,True
235747,False,True,True,True
235759,True,True,True,True
235760,False,True,False,True
235795,False,False,True,True
235809,False,True,True,True
235843,False,False,False,False
235862,False,False,False,False
235864,False,True,True,True
235871,False,False,False,False
235905,True,True,True,True
235945,False,False,False,False
235949,False,True,True,True
235953,True,True,True,True
235987,True,True,True,True
236015,True,True,True,True
236031,True,True,True,True
236036,False,True,True,True
236052,False,False,False,False
236057,False,False,True,True
236060,False,True,True,True
236068,False,False,False,False
236074,True,True,True,True
236078,False,True,True,True
236125,False,False,True,True
236155,False,True,True,True
236177,False,False,True,True
236184,False,True,True,True
236245,True,True,True,True
236260,False,False,True,True
236262,False,True,True,True
236272,False,False,False,True
236316,True,True,True,True
236336,False,True,True,True
236375,False,True,True,True
236388,True,True,True,True
236397,True,True,True,True
236486,True,True,False,True
236516,False,False,False,True
236528,True,True,True,True
236530,False,False,False,False
236568,True,True,True,True
236596,True,True,True,True
236626,False,True,True,True
236661,True,True,True,True
236673,True,True,True,True
236674,True,True,True,True
236744,False,False,True,False
236767,True,True,True,True
236792,False,True,True,True
236866,False,True,True,False
236955,False,False,True,False
236961,False,True,True,True
236996,True,True,True,True
237034,True,True,True,True
237090,True,True,True,True
237111,False,False,True,True
237131,False,False,False,False
237192,False,False,False,False
237210,False,True,True,True
237215,True,True,True,True
237222,False,False,False,True
237277,True,True,True,True
237281,False,True,True,True
237286,True,True,False,True
237315,False,False,False,False
237324,True,False,False,False
237326,False,True,True,True
237355,False,False,False,False
237367,False,True,True,True
237385,False,False,False,False
237437,True,True,True,True
237495,True,True,True,True
237502,False,True,True,True
237568,False,False,False,False
237645,False,True,True,True
237735,True,True,True,True
237767,False,False,False,True
237781,False,True,False,False
237791,False,False,False,False
237831,True,True,True,True
237886,False,False,False,False
237944,False,False,False,True
237964,False,True,True,True
237988,True,True,True,True
238001,True,True,True,True
238004,True,True,True,True
238025,True,True,True,True
238048,False,False,False,False
238062,True,True,True,False
238125,False,False,False,False
238171,True,True,True,True
238196,True,True,True,True
238200,False,True,True,True
238212,True,True,True,True
238217,False,False,False,True
238228,False,False,False,False
238263,True,True,True,True
238286,True,True,True,True
238290,True,True,True,True
238304,False,False,False,False
238310,False,True,True,True
238316,True,True,True,True
238399,True,True,True,True
238404,True,True,True,True
238455,False,True,False,True
238488,True,True,True,True
238502,False,False,False,True
238816,False,False,False,False
238857,True,True,True,True
238860,False,False,True,True
238902,True,True,True,True
238989,True,True,True,True
239010,False,True,True,True
239013,False,True,True,True
239040,False,False,False,True
239120,True,True,True,True
239198,True,True,True,True
239243,True,True,True,True
239263,False,True,True,True
239307,True,True,True,True
239331,False,True,True,True
239338,True,True,True,True
239351,False,True,True,True
239395,False,True,False,False
239396,False,False,False,False
239400,True,True,True,True
239436,False,True,True,True
239448,True,True,True,False
239483,True,True,True,True
239492,True,True,True,True
239536,True,True,True,True
239559,True,True,True,True
239580,False,False,False,False
239591,True,True,True,True
239596,False,False,False,False
239657,True,True,True,True
239671,True,True,True,True
239676,False,False,False,False
239697,True,True,True,True
239736,True,True,True,True
239772,False,True,True,True
239801,True,True,True,True
239805,True,True,True,True
239808,True,True,True,True
239861,True,True,True,True
239884,False,True,True,True
239930,False,True,False,False
239975,True,True,False,False
239988,True,True,True,True
240046,False,False,True,True
240054,True,True,True,True
240062,False,True,False,True
240101,False,True,True,True
240102,True,True,True,True
240111,False,False,True,True
240137,True,True,True,True
240163,False,False,False,True
240196,True,True,True,True
240217,True,True,True,True
240227,True,True,True,True
240234,False,True,True,True
240243,True,True,True,True
240252,False,True,False,False
240340,True,True,True,True
240405,True,True,True,True
240407,True,True,True,True
240434,False,False,False,False
240455,False,False,False,False
240466,True,True,True,True
240490,True,True,True,True
240527,False,True,True,True
240605,True,True,True,True
240608,True,True,True,True
240618,True,False,True,True
240648,True,True,True,True
240691,False,False,False,False
240695,False,False,False,True
240755,True,True,True,True
240783,False,False,False,False
240784,True,True,True,True
240835,False,True,True,True
240841,False,True,True,True
240847,True,True,True,True
240867,True,True,True,True
240887,True,True,True,True
240915,False,False,True,False
241025,False,False,True,False
241058,False,True,True,True
241082,False,True,True,True
241161,False,False,False,True
241170,True,True,True,True
241178,True,True,True,True
241187,True,True,True,True
241236,True,True,True,True
241289,False,False,False,True
241294,True,True,True,True
241318,True,True,True,True
241369,True,True,True,True
241373,False,True,True,True
241396,False,False,True,True
241402,True,True,True,True
241421,False,True,True,True
241440,False,True,True,True
241458,False,True,True,True
241466,False,True,False,True
241490,False,False,False,False
241528,False,False,True,False
241530,True,True,True,True
241551,True,True,True,True
241599,True,True,True,True
241617,True,True,True,True
241623,True,True,True,True
241638,True,True,True,True
241720,False,False,True,True
241723,True,True,True,True
241747,False,False,False,False
241761,False,False,False,False
241779,True,True,True,True
241860,False,True,True,True
241880,True,True,True,True
241882,False,True,True,True
241911,False,False,False,False
241945,False,True,True,True
241971,True,True,True,True
241984,True,True,True,True
242001,True,True,True,True
242090,False,False,False,True
242103,True,True,True,True
242120,True,True,True,True
242138,False,False,False,False
242167,False,False,True,False
242193,False,True,True,True
242194,False,True,True,True
242202,True,True,True,True
242291,False,True,False,True
242350,True,True,True,True
242362,True,True,True,True
242365,False,False,False,True
242427,True,True,True,True
242467,True,True,True,True
242484,True,True,True,True
242529,False,True,True,True
242535,False,False,False,False
242543,False,True,True,True
242583,True,True,True,True
242611,False,False,False,True
242695,True,True,True,True
242731,True,True,True,True
242734,False,True,True,True
242762,False,True,True,True
242784,True,True,True,True
242832,True,True,True,True
242885,True,True,True,True
242900,False,True,True,True
242906,True,True,True,True
242907,True,True,True,True
242915,False,True,True,True
242931,False,False,True,True
242968,False,True,True,True
242998,False,False,True,False
243153,False,False,False,True
243205,False,True,True,True
243213,False,False,False,False
243283,True,True,True,True
243292,True,True,True,True
243304,True,True,True,True
243327,False,True,True,True
243333,False,False,True,True
243336,True,True,True,True
243384,True,True,True,True
243434,True,True,True,True
243443,False,False,False,True
243478,False,False,False,False
243504,False,False,False,False
243509,True,True,True,True
243600,False,False,True,True
243657,True,True,True,True
243699,True,True,True,True
243734,True,True,True,True
243823,True,True,True,True
243875,False,False,False,False
243909,True,True,True,True
243910,True,True,True,True
243938,True,True,True,True
243957,True,True,True,True
243964,False,False,False,True
243968,True,True,True,True
243980,True,True,True,True
243986,True,False,False,False
244014,False,True,True,True
244104,True,True,True,True
244122,False,False,False,True
244151,True,True,True,True
244157,True,True,True,True
244159,True,True,True,True
244197,True,True,True,True
244213,False,False,False,False
244227,True,True,True,True
244246,True,True,True,True
244284,True,True,True,True
244293,True,True,True,True
244326,False,True,True,True
244367,False,True,True,False
244428,True,True,True,True
244471,True,True,True,True
244476,True,True,True,True
244484,False,True,False,False
244504,False,True,True,True
244528,True,True,True,True
244540,False,False,False,False
244613,False,False,True,True
244635,False,True,True,True
244646,False,True,False,False
244659,False,False,False,False
244665,False,False,False,True
244671,True,True,True,True
244675,True,True,True,True
244715,True,True,True,True
244836,False,False,False,False
244857,True,True,True,True
244949,True,True,True,True
244983,False,True,True,False
244986,False,True,True,True
245062,True,True,True,True
245075,False,False,False,False
245202,True,True,True,True
245204,True,True,True,True
245272,True,True,True,True
245295,False,False,True,True
245304,False,True,True,True
245313,True,True,True,True
245336,False,False,False,False
245356,True,True,True,True
245371,True,True,True,True
245384,True,True,True,True
245411,True,True,True,True
245447,False,False,True,True
245451,True,True,True,True
245462,True,True,True,True
245483,True,True,True,True
245609,True,True,True,True
245638,True,True,True,True
245654,False,False,False,False
245683,False,False,False,False
245780,True,True,True,True
245817,True,True,True,True
245820,True,True,True,True
245835,False,False,False,False
245839,False,False,True,True
245842,False,False,False,False
245873,False,True,False,False
245874,False,True,True,True
245920,True,True,True,True
245946,False,False,False,False
245978,False,False,False,False
245997,True,True,True,True
246016,True,True,True,True
246032,True,True,True,True
246041,True,True,True,True
246053,False,False,False,True
246056,True,True,True,True
246074,False,False,False,False
246161,True,True,True,True
246181,False,True,True,True
246233,False,False,True,False
246270,False,True,True,True
246342,False,False,False,False
246345,False,False,False,True
246389,False,False,False,False
246411,False,False,True,True
246412,True,True,True,True
246423,False,False,False,False
246434,False,True,True,True
246456,True,True,True,True
246494,False,False,False,False
246549,True,False,False,False
246573,False,True,True,True
246587,False,True,True,True
246589,False,True,True,True
246590,False,True,True,True
246629,False,False,False,True
246677,True,True,True,True
246701,False,True,True,True
246729,False,True,True,True
246796,False,False,True,True
246831,False,False,True,False
246839,True,True,True,True
246852,False,True,True,True
246875,False,True,True,True
246932,False,False,False,False
246959,True,True,True,True
246980,False,False,True,True
247006,True,True,True,True
247052,False,True,True,True
247057,True,True,True,True
247068,True,True,True,True
247071,True,True,True,True
247126,False,True,False,False
247134,True,True,True,True
247136,False,True,True,True
247146,False,False,False,False
247166,True,True,True,True
247296,False,False,True,True
247333,True,True,True,True
247416,False,False,True,False
247428,False,True,True,True
247459,True,True,True,True
247474,True,True,True,True
247487,False,True,True,True
247521,False,False,False,True
247587,True,True,True,True
247597,False,False,False,False
247609,True,True,True,True
247692,False,False,False,False
247700,False,True,False,True
247703,True,True,True,True
247712,True,True,True,True
247718,True,True,True,True
247726,True,True,True,True
247786,False,False,False,True
247789,False,False,False,True
247840,False,False,True,True
247849,False,True,False,False
247858,True,True,True,True
247919,False,True,True,True
247951,True,True,True,True
247977,True,True,True,True
247979,False,True,True,True
248034,False,False,False,False
248052,False,False,False,False
248066,True,True,True,True
248069,True,True,True,True
248085,True,True,True,True
248118,False,True,False,True
248163,False,False,False,True
248167,False,True,False,True
248168,False,False,False,True
248169,True,True,True,True
248194,True,True,True,True
248203,False,True,True,True
248231,True,True,True,True
248268,True,True,True,True
248315,True,True,True,True
248363,True,True,True,True
248364,False,True,True,True
248402,False,True,True,True
248446,False,False,True,True
248478,False,True,True,True
248559,False,True,True,True
248564,False,False,True,False
248579,True,True,True,True
248603,True,True,True,True
248649,False,False,False,True
248678,True,True,True,True
248694,True,True,True,True
248745,True,True,True,True
248774,False,False,True,True
248786,True,False,True,True
248793,False,False,False,True
248830,False,False,True,True
248839,True,True,True,True
248856,True,True,True,False
248879,True,True,True,True
248910,True,True,True,True
248920,False,False,False,False
248924,True,True,True,True
248952,True,True,True,True
249125,True,True,True,True
249128,False,True,True,True
249131,False,True,True,True
249139,False,False,True,True
249145,True,True,True,True
249151,True,True,True,True
249184,False,False,False,False
249240,False,True,True,True
249246,True,True,True,True
249251,False,False,True,True
249256,True,True,True,True
249356,False,False,True,False
249371,True,True,True,True
249400,False,False,False,False
249418,False,False,False,True
249453,False,True,True,True
249534,True,True,False,True
249543,False,False,True,True
249672,False,False,True,True
249687,True,True,True,True
249727,False,False,False,False
249807,False,False,False,False
249813,True,True,True,True
249815,False,False,False,False
249817,True,True,True,True
249822,False,True,True,True
249825,False,False,False,False
249839,True,True,True,True
249882,True,True,True,True
249922,True,True,True,True
249936,True,True,True,True
249968,False,True,True,True
249969,True,True,True,True
249982,False,False,True,True
249983,True,False,False,False
250001,False,False,False,False
250008,False,False,False,False
250043,True,True,True,True
250066,True,True,True,True
250067,False,False,False,False
250083,True,True,True,True
250108,False,True,True,True
250136,True,True,True,True
250162,True,True,True,True
250194,False,True,False,True
250250,False,True,True,True
250344,False,True,True,True
250360,True,True,True,True
250401,False,True,True,True
250427,True,True,True,True
250517,True,True,True,True
250526,True,True,True,True
250533,False,True,False,False
250540,False,False,True,True
250588,True,True,True,True
250592,False,True,True,True
250594,True,True,True,True
250597,False,False,False,False
250599,True,True,True,True
250614,False,True,False,False
250630,False,True,True,True
250677,False,False,False,False
250680,True,True,True,True
250698,True,True,True,True
250711,True,True,True,True
250737,False,False,False,False
250827,False,True,True,True
250833,False,True,True,True
250868,True,True,True,True
250881,True,True,True,True
250922,False,True,True,True
250941,False,False,True,False
250954,False,True,True,True
250991,False,True,True,True
251016,True,True,True,True
251045,True,True,True,True
251072,True,True,True,True
251103,True,True,True,True
251113,False,True,True,True
251114,False,True,True,True
251121,True,True,True,True
251219,False,False,True,True
251229,True,True,True,True
251232,False,False,False,False
251242,False,True,True,True
251249,True,True,True,True
251277,False,False,True,True
251343,True,True,True,True
251365,False,False,False,False
251454,True,True,True,True
251466,False,False,False,True
251474,False,True,True,True
251496,False,False,False,True
251524,True,True,True,True
251531,True,True,True,True
251578,False,False,False,False
251646,True,True,True,True
251655,False,False,False,False
251663,False,False,False,False
251696,False,True,True,True
251702,False,True,True,True
251754,False,False,True,True
251768,True,True,True,True
251777,True,True,True,True
251804,True,True,True,True
251835,False,False,False,False
251842,False,False,False,False
251874,True,True,True,True
251888,True,True,True,True
251892,True,True,True,True
251899,False,True,True,True
251901,False,True,False,True
251936,True,True,True,True
251937,True,True,True,True
251974,False,True,True,True
252036,True,True,True,True
252038,True,True,True,True
252069,False,True,False,False
252091,True,True,True,True
252092,True,True,True,True
252105,False,True,True,True
252147,False,False,False,False
252162,True,True,True,True
252178,False,False,True,False
252198,False,True,True,True
252201,True,True,True,True
252212,True,True,True,True
252215,True,True,True,True
252272,False,True,True,True
252283,False,False,False,True
252311,False,True,True,True
252348,False,False,False,False
252373,False,False,False,True
252388,False,True,True,True
252391,False,True,True,True
252444,True,True,True,True
252525,True,True,True,True
252573,False,True,False,True
252602,True,True,True,True
252627,True,True,True,True
252639,False,False,False,False
252659,False,False,False,False
252724,True,True,True,True
252749,True,True,True,True
252779,False,True,True,True
252783,False,True,True,True
252829,True,True,True,True
252839,False,False,False,False
252846,False,False,False,False
252850,False,False,True,True
252905,True,True,True,True
252952,False,True,True,True
252966,False,False,False,False
252986,True,True,True,True
252998,False,False,False,False
253031,False,True,True,True
253032,True,True,True,True
253072,False,True,True,True
253122,True,True,True,True
253143,False,True,False,False
253170,False,True,True,True
253219,False,True,True,True
253236,True,True,True,True
253251,True,True,True,True
253260,False,True,True,True
253261,True,True,True,True
253263,True,True,True,True
253264,False,True,True,True
253265,True,True,True,True
253266,True,True,True,True
253408,False,False,True,True
253413,False,False,False,False
253421,False,True,True,True
253474,False,False,False,True
253513,True,True,True,True
253518,True,True,True,True
253532,False,True,True,True
253579,False,True,True,True
253630,True,True,True,True
253730,False,False,False,True
253757,False,True,True,True
253777,True,True,True,True
253828,True,True,True,True
253829,True,True,True,True
253860,False,True,True,True
253904,False,True,True,True
253940,True,True,True,True
253965,False,True,False,True
253967,False,True,True,True
253975,False,True,True,True
253988,True,True,True,True
254005,True,True,True,True
254079,False,False,False,False
254081,False,False,False,True
254096,False,False,False,False
254119,False,True,True,True
254138,False,True,True,True
254296,True,True,True,True
254356,False,True,False,True
254362,True,True,True,True
254392,True,True,True,True
254449,False,False,True,False
254510,False,False,True,True
254512,False,False,False,False
254520,False,False,False,True
254585,False,True,True,True
254600,True,True,True,True
254609,True,True,True,True
254632,False,True,True,True
254660,True,True,True,True
254732,True,True,True,True
254750,True,True,True,True
254787,True,True,True,True
254789,True,True,True,True
254795,True,True,True,True
254807,True,True,True,True
254850,True,True,True,True
254879,False,False,False,True
254882,False,False,False,False
254884,False,False,True,True
254917,False,False,False,True
254926,False,False,False,False
254948,False,False,False,True
254984,False,False,False,False
254989,False,False,False,True
255036,False,False,True,False
255045,True,True,True,True
255088,False,True,True,True
255124,False,False,True,True
255210,False,True,True,True
255213,False,False,False,True
255248,False,False,False,False
255271,False,False,False,False
255306,True,True,True,True
255326,True,True,True,True
255330,True,True,True,True
255399,False,False,False,False
255486,False,True,True,True
255500,False,True,True,True
255532,True,True,True,True
255550,True,True,True,True
255554,True,True,True,True
255577,True,True,True,True
255623,True,False,False,False
255631,True,True,True,True
255660,True,True,True,True
255691,False,True,False,True
255741,False,False,False,False
255769,True,True,True,True
255786,True,True,True,True
255827,True,True,True,True
255925,True,True,True,True
255941,True,True,True,False
255974,True,True,True,True
256013,False,False,False,False
256031,True,True,True,True
256035,True,True,True,True
256037,True,True,True,True
256081,False,False,False,True
256190,False,True,True,True
256250,False,True,False,False
256276,False,True,True,True
256341,True,True,True,True
256365,True,True,True,True
256380,True,True,True,True
256454,True,True,True,True
256455,True,True,True,True
256529,False,False,True,True
256533,False,False,False,True
256613,True,True,True,True
256630,False,True,True,True
256637,False,True,True,True
256648,True,False,False,True
256657,True,True,True,True
256683,False,False,True,True
256734,True,True,True,True
256742,False,True,True,True
256771,True,True,True,True
256778,True,True,True,True
256852,False,False,False,False
256899,True,True,True,True
256908,False,False,False,False
256938,False,False,False,False
256951,False,False,False,False
256983,False,False,True,False
257058,False,True,True,True
257060,True,True,True,True
257099,False,False,True,True
257136,False,False,False,False
257176,True,True,True,True
257178,True,True,True,True
257196,True,True,True,True
257232,False,True,True,True
257263,True,True,True,True
257308,True,True,True,True
257328,False,False,False,False
257407,False,False,False,False
257421,False,False,False,False
257426,True,True,True,True
257450,False,False,True,True
257470,True,True,True,True
257471,False,False,False,True
257489,True,True,True,True
257513,False,True,True,True
257537,True,True,True,True
257629,False,True,False,False
257669,False,True,True,True
257685,False,True,True,True
257813,True,True,True,True
257817,True,True,True,True
257858,False,True,True,True
257860,False,True,True,True
257897,True,True,True,True
257909,False,False,False,False
257923,True,True,True,True
257928,True,True,True,True
257943,False,False,False,False
257971,True,True,True,True
257993,False,False,False,False
257996,False,False,False,False
258006,True,True,True,True
258019,False,False,False,False
258020,False,True,True,True
258035,False,False,True,True
258040,True,True,True,True
258077,True,True,True,True
258089,False,True,True,True
258099,False,False,False,False
258155,False,False,True,True
258160,False,False,False,False
258226,False,False,False,False
258237,True,True,True,True
258249,True,True,True,True
258266,False,False,False,False
258288,True,True,True,True
258289,False,True,True,True
258304,False,False,False,True
258336,True,True,True,True
258364,False,False,False,False
258433,False,False,True,True
258517,False,True,True,True
258559,True,False,True,True
258635,True,True,True,True
258661,False,False,False,True
258705,False,True,True,True
258732,True,True,True,True
258761,False,False,False,False
258765,True,True,True,True
258792,True,True,True,True
258854,True,True,True,True
258856,True,True,True,True
258893,True,True,True,True
258905,False,False,False,False
258915,True,True,True,True
258925,True,True,True,True
258956,False,False,False,False
258985,True,True,True,True
259000,True,True,True,True
259029,True,True,True,True
259044,True,True,True,True
259087,True,True,True,True
259088,True,True,True,True
259120,False,True,False,True
259233,True,True,True,True
259249,False,False,False,False
259286,True,True,True,True
259336,True,True,True,True
259345,False,True,True,False
259422,False,True,True,True
259426,True,True,True,True
259431,False,False,False,False
259434,True,True,True,True
259452,True,True,True,True
259484,False,False,False,True
259497,False,True,True,True
259551,True,True,True,True
259585,True,True,True,True
259595,False,False,False,False
259614,True,True,True,True
259677,True,True,True,True
259687,False,False,False,False
259719,False,True,True,True
259721,True,True,True,True
259743,True,True,True,True
259755,True,True,True,True
259761,True,True,True,True
259952,False,True,True,True
259983,True,True,True,True
260036,False,True,True,True
260039,False,False,True,True
260040,False,True,True,True
260094,True,True,True,True
260150,False,True,True,True
260182,False,False,True,True
260292,True,True,True,True
260320,True,True,True,True
260330,True,True,True,True
260347,True,True,True,True
260360,False,True,True,True
260373,False,True,False,False
260415,False,True,True,True
260433,True,False,False,True
260443,False,False,False,False
260447,False,False,False,False
260519,False,False,True,True
260564,True,True,True,True
260566,False,False,True,False
260604,False,False,False,False
260695,False,False,False,False
260713,True,True,True,True
260729,True,True,True,True
260748,False,False,False,False
260772,False,False,False,False
260794,False,False,False,False
260852,True,True,True,True
260932,False,False,False,False
260969,False,False,False,False
261022,False,False,False,False
261050,False,True,True,True
261062,False,True,True,True
261151,True,True,True,True
261180,True,True,True,True
261182,True,True,True,True
261196,False,True,True,True
261225,False,True,True,True
261283,True,True,True,True
261323,False,False,False,False
261326,False,True,True,True
261342,False,True,True,True
261364,False,True,True,True
261453,True,True,True,True
261477,True,True,True,True
261487,False,True,True,True
261504,True,True,True,True
261558,False,False,False,False
261569,False,False,True,True
261648,False,False,True,True
261664,True,True,True,True
261669,True,True,True,True
261679,False,True,True,True
261742,True,True,True,True
261750,False,True,True,True
261774,False,True,True,True
261785,False,False,False,False
261879,True,True,True,True
261999,False,False,False,False
262003,True,True,True,True
262016,False,False,False,True
262054,True,False,True,True
262093,False,True,True,True
262260,True,True,True,True
262286,False,True,True,True
262299,False,False,True,False
262353,False,True,False,True
262391,False,False,True,True
262394,True,True,True,True
262446,False,False,True,False
262450,False,False,False,True
262528,False,True,True,True
262529,True,True,True,True
262594,False,False,False,False
262603,True,True,True,True
262605,False,True,True,True
262619,True,True,True,True
262626,False,False,False,False
262642,False,False,False,False
262677,True,True,True,True
262686,True,True,True,True
262727,True,True,True,True
262747,False,True,True,True
262848,False,False,False,True
262862,True,True,True,True
262925,False,True,True,True
262937,True,True,True,True
262940,False,False,True,False
262997,False,False,False,True
263002,True,True,True,True
263041,True,True,True,True
263047,True,True,True,True
263083,True,True,True,True
263094,True,True,True,True
263104,False,True,True,False
263136,True,True,True,True
263138,False,True,True,True
263178,True,True,True,True
263251,True,True,True,True
263261,False,False,False,False
263288,True,True,True,True
263292,False,False,False,False
263328,False,False,True,False
263381,False,False,False,False
263393,True,True,True,True
263406,True,True,True,True
263462,False,False,False,False
263482,True,True,True,True
263515,False,True,True,True
263603,False,False,True,True
263700,True,True,True,True
263703,False,True,True,True
263710,False,False,False,False
263760,True,True,True,True
263770,True,True,True,True
263810,False,False,True,True
263823,True,True,True,True
263828,True,True,True,True
263878,True,True,True,True
263883,False,True,True,True
263896,True,True,True,True
263924,False,False,False,True
263970,False,True,True,True
264058,True,True,True,True
264092,False,True,True,False
264128,True,True,True,True
264179,False,False,False,False
264241,False,False,False,False
264244,False,True,True,True
264279,True,True,True,True
264320,False,True,True,False
264322,False,False,False,False
264338,False,True,False,True
264347,False,True,False,False
264356,True,True,True,True
264363,False,False,False,False
264365,True,True,True,True
264382,False,False,False,False
264392,False,False,False,False
264423,True,True,True,True
264424,True,True,True,True
264489,False,False,False,False
264502,True,True,True,True
264504,False,False,False,True
264514,False,True,True,True
264532,True,True,True,True
264537,False,False,False,True
264539,True,True,True,True
264618,False,True,True,True
264620,False,False,True,True
264636,True,True,True,True
264654,False,False,False,False
264686,False,True,True,True
264712,False,False,True,True
264718,True,True,True,True
264733,False,False,False,True
264752,True,True,True,True
264819,False,False,False,False
264823,True,True,True,True
264961,False,True,True,True
265001,True,True,True,True
265020,True,True,True,True
265080,False,False,False,False
265100,False,False,False,False
265139,True,True,True,True
265167,True,True,True,True
265243,False,False,True,True
265253,False,False,False,True
265280,True,True,True,True
265315,False,False,False,False
265331,True,True,True,True
265382,True,True,True,True
265447,True,True,True,True
265451,True,True,True,True
265550,True,True,True,True
265552,False,True,True,False
265566,False,False,True,True
265584,True,True,True,True
265586,False,True,True,True
265589,True,True,True,True
265596,True,True,True,True
265622,True,True,True,True
265628,True,True,True,True
265636,True,True,True,True
265648,False,False,False,False
265719,False,False,True,True
265745,False,True,True,True
265771,False,False,False,False
265815,False,True,True,True
265831,True,True,True,True
265964,False,False,True,True
266043,True,True,True,True
266083,False,False,True,True
266117,False,False,False,False
266151,True,True,True,True
266200,False,True,True,True
266209,False,True,False,True
266217,False,False,False,False
266228,True,True,True,True
266250,False,True,False,True
266275,False,False,False,False
266299,False,False,False,False
266370,False,True,True,True
266379,False,True,True,True
266418,True,True,True,True
266437,True,True,True,True
266479,False,True,False,True
266503,True,True,True,True
266504,False,True,True,True
266533,False,False,True,False
266557,False,True,True,True
266563,False,False,False,False
266571,True,True,True,True
266586,True,True,True,True
266587,False,True,True,True
266600,False,True,True,True
266601,False,False,True,True
266618,False,False,True,True
266676,False,True,True,True
266715,False,False,False,True
266756,False,False,False,True
266805,False,False,True,True
266847,False,False,True,False
266885,False,True,True,True
266908,False,True,True,True
266912,True,True,True,True
266917,True,True,True,True
266963,True,True,True,True
267059,False,True,True,True
267064,False,True,True,True
267095,False,False,False,False
267123,True,True,True,True
267152,True,True,True,True
267175,True,True,True,True
267176,False,True,True,True
267200,False,False,True,True
267203,False,True,True,True
267224,True,True,True,True
267225,True,True,True,True
267324,False,True,True,True
267348,False,True,True,False
267349,True,True,True,True
267422,True,True,True,True
267555,False,False,False,False
267611,False,False,True,True
267647,True,True,True,True
267683,True,True,True,True
267704,False,False,False,True
267731,True,True,True,True
267779,True,True,True,True
267815,False,True,True,False
267831,True,True,True,True
267851,False,False,False,False
267861,True,True,True,True
267885,True,True,True,True
267932,False,True,True,True
267985,False,True,True,True
268014,False,True,True,True
268018,True,True,True,True
268043,False,True,True,True
268059,False,True,True,True
268129,True,True,True,True
268133,True,True,True,True
268141,False,True,True,True
268229,False,False,False,True
268247,True,True,True,True
268268,True,True,True,True
268322,True,True,True,False
268334,True,True,True,True
268340,True,True,True,True
268371,True,True,True,True
268390,False,False,False,True
268406,False,True,True,True
268413,False,False,False,True
268418,True,True,True,True
268428,False,False,False,False
268454,True,True,True,True
268478,False,False,False,False
268510,False,False,False,False
268569,True,True,True,True
268577,True,True,True,True
268592,False,False,False,False
268641,True,True,True,True
268668,True,True,True,True
268681,False,True,True,True
268715,False,True,True,True
268718,False,True,True,False
268734,False,False,False,False
268742,True,True,True,True
268745,False,False,False,True
268804,False,True,True,True
268845,False,True,True,True
268885,False,False,True,True
268900,True,True,True,True
268909,True,True,True,True
268940,False,False,False,False
268986,False,True,True,True
268987,False,False,True,True
269017,True,True,False,False
269022,False,False,True,True
269038,False,True,True,True
269058,False,False,False,False
269079,True,True,True,True
269088,False,False,False,False
269089,True,True,True,True
269091,False,False,False,False
269103,False,False,False,False
269183,True,True,True,True
269199,True,True,True,True
269229,True,True,True,True
269245,True,True,True,True
269254,False,False,False,True
269346,False,False,True,True
269381,False,True,True,True
269431,False,True,False,False
269450,False,False,True,True
269458,True,True,True,True
269477,False,False,False,True
269483,False,False,False,False
269493,False,False,True,True
269496,False,True,False,True
269541,True,True,True,True
269551,True,True,True,True
269566,False,False,True,True
269723,False,False,False,False
269784,True,True,True,True
269807,True,True,True,True
269831,True,False,True,True
269867,True,True,True,True
269871,True,True,True,True
269873,False,False,False,False
269886,True,True,True,True
269913,False,False,False,False
269949,True,True,True,True
269958,False,False,False,False
269975,False,False,False,False
270017,True,True,True,True
270024,True,True,False,False
270025,True,True,True,True
270070,False,True,False,True
270098,False,False,True,True
270179,False,False,True,True
270185,True,True,True,True
270202,True,True,False,True
270224,False,False,False,False
270270,False,True,True,True
270275,True,True,True,True
270373,True,True,True,True
270376,False,False,False,False
270443,True,True,True,True
270581,False,True,True,True
270604,True,True,True,True
270636,True,True,True,True
270639,True,True,True,True
270696,False,False,True,True
270716,False,False,False,True
270753,False,False,True,True
270789,False,False,True,True
270865,False,True,False,False
270893,True,True,True,True
271017,False,False,False,True
271034,False,True,False,False
271143,True,True,True,True
271157,True,True,True,True
271171,False,False,False,True
271195,True,True,True,True
271248,True,True,True,True
271282,True,True,True,True
271343,True,True,True,True
271357,False,True,True,True
271364,False,True,True,True
271388,False,True,True,True
271417,True,True,True,True
271424,True,True,True,True
271447,True,True,True,True
271542,False,False,False,False
271560,False,True,True,True
271604,False,True,True,True
271620,False,False,False,True
271622,True,True,True,True
271633,False,True,True,True
271696,False,False,False,False
271714,True,True,True,True
271741,True,True,True,True
271747,False,False,False,False
271753,True,True,True,True
271829,True,True,True,True
271852,True,True,True,True
271857,False,False,True,True
271862,False,False,True,True
271890,True,False,True,True
271930,False,False,False,False
271960,False,False,True,True
271999,False,False,True,True
272007,False,False,False,False
272026,True,True,True,True
272034,True,True,True,True
272080,True,True,True,True
272095,True,True,True,True
272097,False,False,True,True
272117,True,True,True,True
272157,True,True,True,True
272171,True,True,True,True
272203,False,True,True,True
272217,False,False,False,True
272228,False,False,False,False
272242,True,True,True,True
272253,True,True,True,True
272262,True,True,True,True
272282,False,True,True,True
272297,False,False,False,True
272309,True,True,True,True
272357,True,True,True,True
272396,True,True,True,True
272402,True,True,True,True
272481,True,True,True,True
272569,True,True,True,True
272603,True,True,True,True
272729,False,True,True,True
272741,False,False,True,True
272807,True,True,True,True
272832,True,True,True,True
272838,False,False,False,False
272846,False,False,False,True
272863,False,True,True,True
272866,True,True,True,True
272876,True,True,True,True
272877,False,True,True,True
272882,False,False,True,True
272940,False,False,False,True
272997,False,False,False,False
273001,True,True,True,True
273029,True,True,True,True
273088,False,True,True,True
273138,False,False,False,False
273147,False,True,False,True
273207,True,True,True,True
273316,False,False,True,False
273317,False,False,False,False
273329,False,True,True,False
273336,True,True,True,True
273369,True,True,True,True
273371,False,True,True,True
273403,False,False,True,False
273439,False,False,False,False
273442,False,True,False,True
273445,False,False,False,False
273560,True,True,True,True
273657,False,True,True,True
273677,True,True,True,True
273716,False,True,True,True
273729,False,False,False,False
273782,False,True,True,True
273784,False,False,False,True
273825,False,False,False,False
273840,True,True,True,True
273850,True,True,True,True
273855,False,False,False,True
273879,False,False,False,True
273886,True,True,True,True
273898,False,True,True,True
273904,True,True,True,True
273961,False,False,True,True
274014,True,True,True,True
274089,True,True,True,True
274105,False,False,True,True
274130,False,False,False,False
274134,False,False,True,True
274196,False,True,True,True
274209,True,True,False,True
274240,True,True,True,True
274262,False,False,True,True
274341,False,False,False,False
274376,True,True,True,True
274430,False,False,False,True
274474,True,True,True,True
274477,False,False,False,False
274494,False,True,False,False
274537,False,False,False,False
274547,False,True,True,True
274556,True,True,True,True
274562,False,False,False,False
274606,True,True,True,True
274642,False,False,False,True
274657,True,True,True,True
274736,True,True,True,True
274760,False,False,False,False
274763,False,True,True,True
274779,True,True,True,True
274784,False,False,False,True
274792,False,False,True,True
274815,False,False,False,True
274834,False,True,True,True
274864,False,False,True,True
274869,True,False,False,False
274888,False,True,True,True
274934,False,True,True,True
275014,False,True,True,True
275027,False,False,False,False
275028,True,True,True,True
275057,True,True,True,True
275088,True,True,True,True
275125,True,True,True,True
275161,True,True,True,True
275175,True,True,True,True
275202,True,True,True,True
275219,False,False,False,False
275237,False,True,True,True
275327,False,True,True,True
275332,False,True,True,True
275443,True,True,True,True
275450,False,False,False,False
275494,False,False,True,True
275608,False,False,True,False
275630,True,True,True,True
275656,True,True,True,True
275657,True,True,True,True
275661,True,True,True,True
275663,True,True,True,True
275685,True,True,True,True
275700,False,False,False,False
275718,False,True,True,True
275771,False,False,False,False
275781,False,True,True,True
275795,False,True,False,True
275895,True,True,True,True
275898,False,False,True,True
275900,True,True,True,True
275919,False,False,False,False
275929,True,True,True,True
275939,True,True,True,True
275982,True,True,True,True
275997,False,True,True,True
276006,False,True,True,True
276036,True,True,True,True
276037,True,True,True,True
276047,False,False,True,True
276057,False,True,True,True
276215,True,True,True,True
276260,True,True,True,True
276265,True,True,True,True
276317,False,False,False,False
276418,False,False,False,False
276514,False,True,True,True
276559,True,True,True,True
276565,True,True,True,True
276580,False,True,True,True
276582,False,False,False,False
276596,False,False,False,False
276621,False,True,True,True
276626,True,True,True,True
276666,True,True,True,True
276673,False,False,False,True
276693,False,True,True,True
276735,False,False,False,False
276739,False,True,True,True
276763,False,False,True,True
276768,True,True,True,True
276801,False,True,True,True
276806,True,False,True,True
276835,False,True,True,True
276853,True,True,True,True
276863,False,False,False,False
276870,True,True,True,True
276971,False,False,True,True
276975,True,True,True,True
277003,False,False,False,False
277073,False,True,True,True
277094,False,False,True,True
277141,False,False,False,True
277145,False,False,True,True
277172,False,True,True,True
277174,False,True,False,True
277289,False,True,True,True
277319,False,False,True,False
277326,True,True,True,True
277338,False,True,True,True
277341,True,True,True,True
277352,True,True,False,True
277375,False,True,True,True
277386,False,False,True,False
277389,True,True,True,True
277390,False,True,False,True
277396,True,True,True,True
277427,False,False,False,False
277431,True,True,True,True
277439,False,False,True,True
277440,False,False,True,True
277472,False,True,True,True
277479,True,True,True,True
277481,False,True,True,True
277496,False,False,False,True
277507,False,True,True,True
277587,False,True,True,True
277623,False,False,False,True
277625,True,True,True,True
277632,True,True,True,True
277688,False,False,False,True
277710,True,True,True,True
277738,True,True,True,True
277764,False,True,True,True
277775,False,False,True,True
277812,False,False,False,True
277848,False,True,True,True
277858,False,False,True,True
277869,False,False,True,True
277950,False,False,False,False
277991,False,False,False,False
278095,False,True,True,True
278134,False,True,True,True
278135,True,True,True,True
278168,True,True,True,True
278203,False,True,True,True
278204,False,False,False,False
278214,False,False,False,False
278219,False,False,False,False
278272,False,True,True,True
278303,False,False,True,True
278309,False,False,False,True
278335,False,False,False,False
278352,True,True,True,True
278418,False,True,True,True
278449,True,True,True,True
278462,True,True,True,True
278467,True,True,True,True
278496,False,True,True,True
278627,False,True,True,True
278636,True,True,True,True
278638,True,True,True,True
278714,False,True,True,True
278742,True,True,True,True
278796,False,True,True,True
278799,False,False,False,False
278829,False,False,False,True
278910,False,False,False,False
278921,False,False,False,False
278963,True,True,True,True
278977,True,True,True,True
278989,False,False,False,False
279022,False,True,True,True
279041,False,False,False,False
279047,True,False,True,True
279065,False,False,False,True
279073,False,False,False,False
279076,True,True,True,True
279083,False,False,False,True
279085,True,False,True,True
279129,False,False,True,False
279138,False,True,True,True
279149,False,False,False,False
279175,False,True,True,True
279197,True,True,True,True
279199,True,True,True,True
279222,True,False,False,False
279241,True,True,True,True
279288,False,False,False,False
279305,True,True,True,True
279377,False,True,True,True
279385,False,True,True,True
279391,True,True,True,True
279444,True,True,True,True
279490,True,False,False,True
279521,False,True,True,False
279563,True,True,True,True
279577,True,True,True,True
279584,False,True,True,True
279674,False,True,True,True
279716,True,True,True,True
279787,True,True,True,True
279803,False,False,False,True
279809,True,True,True,True
279829,False,False,True,True
279837,True,True,True,True
279882,False,False,False,False
279883,False,True,True,True
279939,False,False,True,True
279946,True,True,True,True
279984,True,True,True,True
279994,False,True,False,True
280018,True,True,True,True
280043,False,False,False,False
280094,True,True,True,True
280157,True,True,True,True
280177,True,True,True,True
280216,True,True,True,True
280242,True,True,False,True
280270,True,True,True,True
280293,False,True,True,True
280339,False,False,False,False
280347,True,True,True,True
280377,False,False,False,False
280540,True,True,True,True
280556,False,False,False,True
280674,False,False,True,True
280733,False,False,False,True
280765,False,False,False,False
280767,True,True,True,True
280804,True,True,True,True
280819,False,False,False,True
280839,False,True,True,True
280840,True,True,True,True
280857,False,False,False,False
280908,True,True,True,True
280941,False,True,True,True
280942,True,True,True,True
280971,False,True,False,True
280976,True,True,True,True
280990,True,True,True,True
281005,True,True,True,True
281052,False,False,False,False
281054,True,True,True,True
281103,True,True,True,True
281112,False,False,True,True
281123,False,True,True,True
281125,False,True,True,True
281127,False,False,False,True
281131,True,False,False,True
281208,False,True,True,True
281214,False,True,True,True
281230,True,True,True,True
281288,True,True,True,True
281351,False,False,True,True
281488,True,True,True,True
281495,True,True,True,True
281496,True,True,True,True
281498,True,True,True,True
281512,True,True,True,True
281563,False,False,False,False
281578,True,True,True,True
281591,True,True,True,True
281601,True,True,True,True
281646,True,True,True,True
281701,False,True,True,True
281718,True,True,True,True
281725,False,False,False,False
281756,False,True,True,True
281763,False,False,True,True
281782,True,True,True,True
281818,False,False,False,False
281853,False,True,True,True
281882,True,True,True,True
281888,False,False,False,False
281943,False,True,True,True
281957,True,True,True,True
281994,True,True,True,True
281997,False,True,True,True
282048,False,False,False,True
282062,False,True,True,True
282069,False,False,False,False
282131,False,False,True,True
282220,False,True,True,True
282228,True,True,True,True
282231,True,True,True,True
282264,True,True,True,True
282287,True,True,False,True
282339,True,True,True,True
282425,False,False,False,False
282437,True,True,True,True
282444,False,False,True,True
282485,True,True,True,True
282552,False,False,False,False
282553,False,False,False,False
282564,True,True,True,True
282566,True,True,True,True
282591,True,True,True,True
282671,False,False,False,False
282692,True,True,True,True
282694,True,True,True,False
282708,False,True,True,True
282720,False,True,True,True
282738,False,True,False,False
282789,False,True,True,True
282793,True,True,True,True
282868,True,True,True,True
282878,False,False,True,True
282883,True,True,True,True
282889,False,True,True,True
282940,True,True,True,True
282942,False,True,True,True
283028,True,True,True,True
283054,True,True,True,True
283059,False,True,False,True
283122,True,True,True,True
283170,True,True,True,True
283187,True,True,True,True
283267,True,True,True,True
283355,True,True,True,True
283382,True,True,True,True
283438,True,False,False,False
283448,True,True,True,True
283451,True,True,True,True
283471,False,True,False,True
283573,False,False,True,True
283617,False,False,False,False
283627,True,True,True,True
283632,True,True,True,True
283648,False,True,False,True
283682,True,True,True,True
283715,False,True,True,True
283720,False,True,True,True
283734,True,True,True,True
283803,True,True,True,True
283814,True,True,True,True
283896,False,True,True,True
283912,True,True,True,True
283913,True,True,True,True
283937,True,True,True,True
283956,True,False,True,True
284008,False,True,True,True
284021,True,True,True,True
284043,False,True,False,True
284143,True,True,True,True
284195,False,False,True,True
284218,True,True,True,True
284292,True,True,True,True
284297,True,True,True,True
284348,True,True,True,True
284349,True,True,True,True
284386,True,True,True,False
284464,False,True,True,True
284488,True,True,True,True
284509,True,True,True,True
284540,False,False,False,False
284681,True,False,True,False
284715,False,True,True,True
284770,False,False,True,True
284771,True,True,True,True
284772,False,False,True,True
284817,False,False,False,False
284824,True,True,True,True
284846,False,False,False,False
284851,True,True,True,True
284867,True,True,True,True
284873,False,False,False,False
284934,False,True,True,True
284940,False,True,True,True
284956,False,False,False,False
284987,False,True,True,True
284994,True,True,True,True
285007,False,False,True,True
285013,False,True,True,True
285019,False,True,True,True
285024,True,True,True,True
285045,False,False,True,True
285099,True,True,True,True
285120,True,True,True,True
285180,False,True,True,True
285236,False,False,True,True
285249,False,False,False,False
285253,False,False,False,True
285257,True,True,True,True
285260,True,True,True,True
285291,True,False,True,True
285358,True,True,True,True
285397,True,False,False,False
285433,True,True,True,True
285451,True,True,True,True
285470,True,True,True,True
285526,True,True,True,True
285548,True,True,True,True
285579,False,True,False,False
285603,False,False,True,True
285612,True,True,True,True
285634,False,True,True,True
285646,True,True,True,True
285647,False,False,True,True
285681,False,True,False,False
285686,True,True,True,True
285705,True,True,True,True
285742,False,True,True,True
285743,False,False,True,False
285808,True,True,True,True
285810,False,True,True,False
285826,True,True,True,True
285882,False,True,True,True
285897,True,True,True,True
285968,True,True,True,True
285990,False,False,True,False
286000,False,True,True,True
286013,True,True,True,True
286016,False,True,True,True
286033,True,True,True,True
286036,True,True,True,True
286044,False,True,True,True
286101,False,False,False,False
286119,True,True,True,True
286124,False,False,True,True
286137,False,False,True,True
286146,False,True,True,True
286157,True,True,True,True
286233,False,True,True,True
286234,True,True,True,True
286259,True,True,True,True
286342,True,True,True,True
286411,False,False,False,True
286425,True,True,True,True
286460,False,False,False,True
286480,True,True,True,True
286492,True,True,True,True
286511,False,True,True,True
286524,False,False,False,True
286525,True,True,True,True
286544,True,True,True,True
286575,False,False,True,True
286606,True,True,True,True
286619,True,True,True,True
286656,False,True,True,False
286698,False,True,False,False
286700,False,False,True,False
286704,False,True,True,True
286773,False,True,True,True
286870,False,False,False,False
286886,True,True,True,True
286899,False,False,False,False
286932,True,True,True,True
286961,False,False,True,True
287003,False,False,False,True
287084,True,True,True,True
287094,False,True,True,True
287098,False,True,True,True
287140,True,True,True,True
287171,False,False,True,True
287201,False,False,False,False
287221,False,True,True,True
287232,True,True,True,True
287233,False,True,True,True
287235,True,True,True,True
287249,False,True,True,True
287312,True,True,True,True
287341,False,True,True,True
287366,True,True,True,True
287387,False,True,True,True
287402,False,False,False,False
287422,False,True,True,True
287434,True,True,True,True
287466,True,True,True,True
287507,False,False,True,True
287512,True,True,True,True
287535,False,False,False,False
287541,True,True,True,True
287560,False,False,True,True
287718,True,True,True,True
287741,False,False,True,True
287781,False,True,True,True
287782,True,True,False,False
287833,True,True,True,True
287839,False,False,False,False
287841,False,False,False,True
287858,False,True,True,True
287904,True,True,True,True
287962,True,True,True,True
287967,True,True,True,True
288015,False,False,True,True
288127,True,True,True,True
288170,True,True,True,True
288174,True,True,True,True
288215,False,True,True,True
288224,False,True,True,True
288236,True,True,True,True
288259,True,True,True,True
288263,False,True,False,True
288283,False,True,True,True
288313,True,True,True,True
288317,True,True,True,True
288340,False,False,False,False
288486,True,True,True,True
288553,False,False,True,True
288556,True,True,True,True
288580,False,False,True,True
288599,False,False,True,True
288603,True,True,True,True
288639,False,False,False,False
288650,True,True,True,True
288721,False,True,False,False
288724,False,True,True,True
288739,True,True,True,True
288770,True,True,True,True
288825,True,True,True,True
288841,True,True,True,True
288880,False,True,True,True
288906,False,False,False,False
288921,False,False,False,False
288933,False,True,True,True
288948,False,False,False,False
289024,True,True,True,True
289058,False,False,False,False
289158,False,False,False,True
289194,False,False,False,False
289201,False,True,True,True
289213,True,True,True,True
289236,False,True,True,True
289242,True,True,True,True
289312,True,False,True,True
289326,False,False,True,False
289333,True,True,True,True
289400,False,False,False,False
289423,True,True,True,True
289425,True,True,True,True
289460,False,True,True,True
289469,True,True,True,True
289482,False,False,True,True
289510,False,True,True,True
289572,False,True,True,True
289573,False,False,False,False
289633,True,True,True,True
289640,False,True,True,True
289684,False,False,False,True
289751,True,True,True,True
289778,False,False,False,False
289807,False,False,False,False
289842,False,False,True,True
289845,True,False,False,True
289894,False,True,True,True
289915,True,True,True,True
290026,True,False,False,True
290093,False,False,True,True
290122,False,True,False,False
290153,False,False,False,False
290168,False,False,False,False
290224,True,True,True,True
290231,True,True,True,True
290262,False,False,False,True
290269,True,True,True,True
290354,True,True,True,True
290420,False,True,True,True
290425,False,False,True,True
290460,True,True,True,True
290477,True,True,True,True
290522,True,True,True,True
290563,True,True,True,True
290600,False,False,False,False
290656,False,False,True,True
290659,False,False,True,True
290676,False,True,False,True
290698,True,True,True,True
290705,False,True,True,True
290719,True,True,True,True
290750,False,False,False,False
290774,False,True,False,True
290846,False,True,True,True
290868,False,True,True,True
290946,True,True,True,True
290962,False,False,False,True
290974,False,True,True,True
290981,False,False,False,False
291009,True,True,True,True
291039,True,True,True,True
291048,True,True,True,True
291059,False,False,False,False
291201,False,False,True,False
291209,True,True,True,True
291262,False,True,True,True
291269,False,True,True,True
291345,False,True,False,True
291346,False,False,False,False
291347,True,True,True,True
291349,False,False,True,True
291475,False,True,True,True
291503,True,True,True,True
291506,False,False,False,False
291550,False,False,True,True
291592,False,False,False,True
291596,False,False,False,True
291606,True,True,True,True
291677,False,False,False,True
291717,False,False,False,True
291784,False,False,True,True
291786,True,True,True,True
291797,True,True,True,True
291822,True,True,True,True
291834,True,True,True,True
291911,False,True,True,True
291973,True,True,True,True
291981,False,True,True,True
292032,True,True,True,True
292120,False,True,True,True
292125,True,True,True,True
292156,False,False,False,False
292170,False,True,True,True
292171,True,True,True,True
292177,True,True,True,True
292188,False,False,False,False
292206,True,True,True,True
292209,True,True,True,True
292314,True,False,False,True
292416,False,False,False,False
292444,False,False,False,True
292463,True,True,True,True
292480,True,True,True,True
292537,False,True,True,True
292543,False,False,False,False
292602,False,True,True,True
292616,True,True,True,True
292617,False,False,False,False
292722,False,False,False,False
292805,True,True,True,True
292823,True,True,True,True
292893,False,True,True,True
292910,False,False,True,True
292931,False,False,False,False
292991,False,False,False,False
292999,True,True,True,True
293011,False,False,False,False
293061,True,True,True,True
293070,False,True,False,True
293072,False,True,True,True
293124,True,True,True,True
293169,False,True,True,True
293228,False,False,True,True
293254,True,True,True,True
293259,True,True,True,True
293275,True,True,True,True
293306,False,False,True,True
293319,True,True,True,True
293333,True,True,True,True
293353,False,False,True,False
293362,True,True,True,True
293374,False,False,False,False
293385,False,False,False,False
293514,True,True,True,True
293548,False,False,False,True
293554,True,True,True,True
293576,False,True,True,True
293592,True,True,True,True
293679,False,False,False,False
293716,True,True,True,True
293757,False,False,True,True
293763,False,True,True,True
293784,False,False,False,False
293811,False,True,False,False
293825,False,False,True,True
293853,False,True,True,True
293864,True,True,True,True
293880,True,True,True,True
293899,False,False,False,False
293949,False,False,True,True
294073,False,False,False,True
294108,True,True,True,True
294134,False,True,True,False
294209,False,True,True,True
294226,False,True,True,True
294228,True,True,True,True
294309,True,True,True,True
294323,True,True,True,True
294329,False,True,True,True
294330,False,True,True,True
294346,True,True,True,True
294348,False,False,False,False
294397,True,True,True,True
294409,False,False,True,True
294416,False,False,False,True
294475,True,True,True,True
294564,False,False,False,False
294565,False,False,False,False
294585,False,False,True,True
294615,True,True,True,True
294634,True,True,True,True
294652,True,True,True,True
294688,True,True,True,True
294698,False,False,False,False
294724,True,True,True,True
294734,True,True,True,True
294778,True,True,True,True
294811,True,True,True,True
294837,False,False,False,False
294853,False,False,True,True
294883,True,True,False,False
294892,True,True,True,True
294909,True,True,True,True
294912,True,True,True,True
294920,True,True,True,True
294933,False,False,True,True
294954,False,False,False,False
294958,True,True,True,True
294968,False,False,False,False
294974,True,True,True,True
294977,True,True,True,True
295006,True,True,True,True
295017,False,False,False,True
295053,False,False,True,True
295055,True,True,True,True
295082,False,False,True,True
295092,True,True,True,True
295097,False,True,True,True
295122,True,True,True,True
295134,False,False,True,True
295194,True,True,True,True
295308,True,True,True,True
295310,True,False,True,True
295340,True,True,True,True
295376,False,False,False,False
295440,False,True,True,True
295448,False,True,True,True
295524,False,False,False,True
295558,False,False,False,False
295574,False,False,True,True
295613,False,False,False,False
295628,False,False,False,True
295656,False,False,True,False
295683,True,True,True,True
295693,False,False,False,False
295716,True,True,True,True
295768,True,True,True,True
295782,True,True,True,True
295837,False,False,True,True
295850,True,True,True,True
295884,True,True,True,True
295889,False,False,False,False
295924,True,True,True,True
295952,True,True,True,True
295970,False,False,True,True
296012,False,True,True,True
296032,True,True,True,True
296046,False,True,True,False
296099,True,True,True,True
296153,False,False,True,False
296191,True,True,True,True
296289,False,True,True,True
296381,False,False,False,False
296410,True,True,True,True
296432,False,False,True,True
296433,False,False,False,False
296460,True,True,True,True
296474,True,True,True,True
296540,False,False,False,False
296564,False,True,True,True
296584,True,True,True,True
296635,True,True,True,True
296676,False,True,True,True
296684,True,True,True,True
296693,False,False,False,False
296698,False,False,False,False
296711,True,True,True,True
296735,False,False,True,False
296754,True,True,True,True
296755,True,True,True,True
296770,True,True,True,True
296775,False,False,False,False
296777,False,True,False,False
296790,False,False,False,True
296797,False,False,True,True
296832,True,True,True,True
296844,False,True,True,True
296846,True,True,True,True
296859,False,False,False,True
296868,True,True,True,True
296933,True,True,True,True
296978,True,True,True,True
296995,False,True,True,True
297019,False,True,True,True
297046,False,True,False,True
297049,True,True,True,True
297075,True,True,True,True
297126,True,True,True,True
297131,False,True,True,True
297159,True,True,True,True
297181,True,True,True,True
297210,True,True,True,True
297233,False,True,True,False
297277,False,False,False,False
297363,False,True,True,True
297380,True,True,True,True
297426,True,True,True,True
297442,False,False,False,True
297462,True,True,True,True
297540,False,False,False,False
297544,False,True,True,True
297639,False,False,False,False
297680,False,True,True,True
297683,True,True,True,True
297684,False,False,False,False
297699,True,True,True,True
297765,False,True,True,True
297811,True,True,True,True
297844,True,True,True,True
297880,False,False,False,False
297898,False,False,True,True
297907,True,True,True,True
297921,False,False,False,False
297944,False,False,False,True
297981,False,False,False,False
297995,False,False,False,False
298014,True,False,True,True
298065,True,True,True,True
298110,True,True,True,True
298141,True,True,True,True
298146,True,True,True,True
298170,True,True,True,True
298195,True,True,True,True
298287,False,False,False,False
298310,False,True,True,True
298322,False,True,True,True
298350,False,True,True,True
298354,True,True,True,True
298360,False,True,True,True
298403,True,True,True,True
298427,True,True,True,True
298483,False,True,True,True
298526,True,True,True,True
298547,False,False,False,False
298614,False,True,False,True
298658,False,False,True,True
298680,True,True,False,False
298699,False,True,True,True
298722,True,True,True,True
298827,True,True,True,True
298830,True,True,True,True
298868,True,True,True,True
298931,True,True,True,True
299001,False,False,False,True
299004,False,False,False,False
299026,False,True,True,True
299044,True,True,True,True
299067,False,False,True,True
299074,False,False,False,False
299116,True,True,True,True
299123,False,False,False,True
299134,True,True,True,True
299148,False,False,False,True
299163,True,True,True,True
299273,False,False,False,False
299305,True,True,True,True
299307,True,True,True,True
299325,False,False,True,False
299333,False,False,False,False
299357,True,True,True,True
299413,False,False,True,True
299443,True,True,True,True
299466,True,True,False,True
299481,True,True,True,True
299544,False,False,False,False
299593,True,True,True,True
299632,False,False,False,True
299712,True,True,True,True
299715,True,True,True,True
299738,False,False,False,False
299768,True,True,True,True
299769,False,True,True,True
299782,False,False,False,False
299785,False,True,True,True
300032,False,False,False,False
300067,False,False,False,False
300137,True,True,True,True
300159,True,True,True,True
300169,False,False,False,False
300280,False,False,True,False
300284,True,True,True,True
300324,False,True,True,True
300343,True,True,True,True
300353,True,True,True,True
300380,True,True,True,True
300383,False,False,False,False
300403,True,True,True,True
300413,False,True,True,False
300415,False,False,False,True
300444,False,True,True,True
300472,False,True,True,True
300542,False,False,False,False
300568,False,True,True,True
300571,True,True,True,True
300577,False,True,True,True
300631,False,False,False,False
300718,False,False,True,True
300732,True,True,True,True
300738,False,False,False,False
300786,True,True,True,True
300855,True,True,True,True
300903,False,True,True,True
300950,False,True,True,True
301110,False,True,True,True
301114,False,False,True,True
301187,False,False,True,True
301200,False,False,False,False
301221,True,True,True,True
301225,True,True,True,True
301238,True,True,True,True
301257,False,True,True,True
301273,False,True,False,True
301282,False,True,True,True
301334,True,True,True,True
301397,False,True,True,True
301403,True,True,True,True
301415,False,True,True,True
301432,True,True,True,True
301443,False,False,False,False
301457,True,True,True,True
301486,False,False,True,True
301491,True,True,True,True
301514,True,True,True,True
301527,True,True,True,True
301554,False,False,False,False
301631,False,True,False,True
301708,False,False,True,False
301712,True,True,True,True
301754,False,False,False,True
301764,False,True,True,True
301783,False,True,True,True
301799,False,True,False,True
301817,True,True,True,True
301827,False,True,True,True
301855,False,False,True,True
301874,False,True,True,True
301890,False,True,True,True
301916,False,False,False,False
301928,True,True,True,True
301992,True,True,True,True
302026,False,True,True,True
302038,False,False,False,False
302052,False,False,False,False
302094,True,False,False,False
302110,False,False,True,True
302116,False,False,True,True
302155,True,True,True,True
302159,False,False,False,False
302193,True,True,True,True
302230,False,False,True,True
302236,True,True,True,True
302240,False,True,True,True
302249,True,True,True,True
302292,False,True,True,True
302310,False,True,True,True
302332,False,False,True,True
302353,True,True,True,True
302354,True,True,True,True
302361,False,False,False,True
302375,False,True,True,True
302380,True,True,True,True
302383,False,False,True,True
302397,False,False,False,False
302497,True,True,True,True
302520,True,True,True,True
302538,False,True,True,True
302576,False,True,False,False
302599,True,True,True,True
302661,False,True,True,True
302666,True,True,True,True
302806,False,True,True,False
302885,False,False,False,False
302924,True,True,True,True
302932,True,True,True,True
303210,False,False,False,False
303258,True,True,True,True
303308,True,True,True,True
303318,True,True,True,True
303360,False,False,True,False
303389,False,True,True,True
303404,False,True,True,True
303408,False,True,True,True
303409,False,True,True,True
303429,True,True,True,True
303430,True,True,True,True
303431,True,True,True,True
303436,True,True,True,True
303453,False,False,False,False
303476,True,True,True,True
303495,False,False,False,False
303593,False,True,True,True
303597,False,False,False,False
303599,True,True,True,True
303611,False,True,True,True
303647,True,True,True,True
303650,False,False,False,False
303667,False,False,False,True
303718,False,True,True,True
303723,True,True,True,True
303743,True,True,True,True
303804,False,False,False,True
303815,False,True,True,True
303867,True,True,True,True
303872,True,True,True,True
303873,True,True,True,True
303891,False,False,False,False
303962,True,True,True,True
303964,False,True,True,True
303970,False,False,False,False
304047,True,True,True,True
304060,False,False,True,True
304065,True,True,True,True
304088,False,False,False,False
304091,True,True,True,True
304295,False,False,False,False
304315,True,True,True,True
304336,False,False,False,False
304361,True,True,True,True
304382,True,True,True,True
304389,False,False,False,False
304447,True,True,True,True
304518,False,False,False,False
304528,True,True,True,True
304570,False,False,False,True
304590,False,False,False,True
304689,False,False,False,True
304693,True,True,True,True
304741,False,False,False,False
304748,True,True,True,True
304757,False,False,True,False
304758,True,True,True,True
304759,False,False,True,True
304794,True,True,True,True
304841,True,True,True,True
304939,True,True,True,True
304941,True,True,True,False
305050,False,True,True,True
305076,True,True,True,True
305117,True,True,True,True
305168,False,False,False,True
305170,False,True,True,True
305191,False,True,False,True
305215,True,True,False,True
305315,True,True,True,True
305404,True,True,True,True
305409,True,True,True,True
305425,True,True,True,True
305427,True,True,True,True
305451,False,True,True,True
305480,False,False,False,False
305499,False,False,False,False
305517,True,True,True,True
305557,True,True,True,True
305564,False,False,True,True
305589,True,True,True,True
305632,False,False,False,True
305639,True,True,True,True
305661,True,True,True,True
305677,False,False,False,False
305685,False,True,True,True
305710,False,False,False,True
305732,False,False,True,True
305752,True,True,True,True
305760,False,True,True,True
305781,True,True,True,True
305813,False,True,True,True
305826,False,True,True,True
305853,False,True,True,True
305858,False,True,True,True
305916,True,True,True,True
305975,True,True,True,True
305978,False,False,False,False
305993,False,False,False,True
306031,True,True,True,True
306047,False,True,False,True
306049,False,False,False,False
306060,True,True,True,True
306069,False,False,True,True
306108,False,False,True,False
306219,True,True,True,True
306247,False,False,False,False
306264,True,True,True,True
306288,True,True,True,True
306305,True,True,True,True
306339,True,True,True,True
306361,False,False,True,True
306404,False,False,True,True
306420,False,False,False,False
306467,False,True,True,False
306506,True,True,True,True
306511,False,False,False,False
306516,False,False,False,False
306522,True,True,True,True
306525,False,False,False,False
306553,True,True,True,True
306557,False,True,True,True
306561,False,False,True,True
306581,True,False,True,True
306603,False,True,True,True
306632,False,False,True,True
306638,True,True,True,True
306661,False,False,True,False
306670,True,True,True,True
306703,False,False,False,False
306755,True,True,True,True
306812,True,True,True,True
306822,True,True,True,True
306824,False,True,True,True
306833,False,False,True,True
306866,False,False,True,True
306877,True,True,True,True
306878,True,True,True,True
306895,True,True,True,True
306908,False,False,True,False
306928,True,True,True,True
306972,False,False,False,False
307020,False,True,True,True
307025,False,True,False,False
307026,True,True,True,True
307032,True,True,True,True
307033,True,True,True,True
307034,False,False,True,True
307039,False,True,True,True
307048,False,True,True,True
307069,True,True,True,True
307113,True,True,True,True
307136,False,False,False,False
307174,True,True,True,True
307182,True,True,True,True
307194,False,True,True,True
307209,True,True,True,True
307262,False,False,False,False
307263,False,True,True,True
307270,True,True,True,True
307280,True,True,True,True
307292,False,True,True,True
307323,False,False,True,True
307364,True,False,True,True
307438,True,True,True,True
307442,False,False,False,False
307462,False,True,True,True
307497,True,True,True,True
307534,False,False,False,False
307552,False,True,True,True
307683,False,True,True,True
307686,True,True,True,True
307721,False,True,True,True
307751,True,True,True,True
307759,False,True,True,False
307784,False,True,False,False
307794,False,True,True,True
307803,False,False,False,False
307814,True,True,True,True
307916,True,True,True,True
308027,True,True,True,True
308079,False,False,True,False
308083,False,False,False,True
308121,True,True,True,True
308134,False,False,True,True
308160,True,True,True,True
308299,True,True,True,True
308310,False,True,True,True
308327,False,True,True,False
308372,True,True,True,True
308384,True,True,True,True
308399,False,False,False,False
308436,False,True,True,True
308468,False,True,True,True
308473,True,True,True,True
308475,True,True,True,True
308507,False,True,True,True
308509,True,True,True,True
308543,False,True,True,True
308598,True,True,True,True
308603,True,True,True,True
308610,True,True,True,True
308645,False,False,False,True
308677,True,True,True,True
308678,True,True,True,True
308686,False,True,True,True
308694,True,True,True,True
308735,True,True,True,True
308758,False,False,False,True
308772,False,True,True,True
308849,True,True,True,True
308900,False,False,False,False
308905,False,False,False,True
308919,True,True,True,True
308936,True,True,False,False
308947,True,True,True,True
308964,False,False,False,False
308996,False,False,True,True
309022,False,False,False,False
309044,True,True,True,True
309060,False,True,True,True
309135,True,True,True,True
309181,True,True,True,True
309314,False,False,False,True
309316,True,True,True,True
309323,True,False,True,True
309368,True,True,True,True
309403,True,True,True,True
309424,True,True,True,True
309492,False,False,True,True
309502,True,True,True,True
309511,False,True,True,True
309519,False,True,True,True
309531,False,True,True,True
309552,False,True,True,True
309553,False,True,False,True
309573,False,True,False,True
309598,True,True,True,True
309618,False,False,False,False
309633,False,False,False,False
309695,False,False,True,True
309706,False,False,False,True
309781,True,True,True,True
309813,False,True,False,True
309843,True,True,True,True
309872,True,True,True,True
309915,True,True,True,True
309937,True,True,True,True
309946,True,True,True,True
309948,True,True,True,True
309958,True,True,True,True
310047,False,False,False,False
310049,True,True,False,False
310053,False,False,False,False
310061,False,True,True,True
310071,False,True,True,True
310121,False,True,True,True
310131,False,False,False,False
310150,False,False,False,False
310278,False,True,True,True
310302,True,True,True,True
310331,False,False,True,False
310338,False,True,False,False
310364,False,True,False,True
310369,False,False,False,True
310473,False,False,True,False
310499,True,True,True,True
310538,False,False,False,False
310553,True,True,True,True
310558,False,True,False,True
310562,False,False,False,False
310633,True,True,True,True
310663,True,True,True,True
310671,False,True,True,True
310672,False,False,False,True
310685,False,True,True,True
310751,False,False,False,False
310770,False,True,False,False
310808,True,True,True,True
310858,True,True,True,True
310915,True,True,True,True
310981,True,True,True,True
311015,False,False,False,False
311031,True,True,True,True
311080,False,True,True,True
311109,True,True,True,True
311173,True,True,True,True
311179,False,False,False,True
311244,True,True,True,True
311254,False,True,True,True
311301,False,True,True,True
311324,True,True,True,True
311358,True,True,True,True
311374,False,False,True,False
311378,True,True,True,True
311385,False,True,True,True
311413,True,True,True,True
311416,False,False,False,False
311448,False,False,False,False
311465,True,True,True,True
311469,True,True,True,True
311511,True,True,True,True
311550,False,False,True,True
311564,True,True,True,True
311578,True,True,True,True
311641,True,True,True,True
311690,True,True,True,True
311706,False,True,True,True
311818,True,False,True,True
311827,True,True,True,True
311846,True,True,True,True
311868,False,True,True,True
311902,False,True,False,False
311925,True,True,True,True
311954,False,True,False,True
311999,False,False,True,True
312024,True,True,True,True
312076,False,True,True,True
312139,True,True,True,True
312141,False,True,True,True
312144,True,True,True,True
312167,True,True,True,True
312175,True,True,True,True
312199,False,False,True,False
312220,True,True,True,True
312343,True,True,True,True
312344,False,True,False,True
312346,False,False,True,True
312412,True,True,True,True
312433,False,False,True,True
312435,False,True,True,True
312524,True,True,True,True
312550,True,True,True,True
312577,True,True,True,True
312744,True,True,True,True
312760,True,True,True,True
312785,True,True,True,True
312828,False,True,True,True
312867,False,False,True,True
312876,True,True,True,True
312878,False,False,True,True
312889,True,True,True,True
312902,True,True,True,True
312937,True,True,True,True
312939,True,True,True,True
312960,False,False,False,True
312961,False,True,True,True
313002,True,True,True,True
313019,True,True,True,True
313055,False,False,True,True
313082,True,True,True,True
313213,True,True,True,True
313313,True,True,True,True
313341,False,False,False,True
313397,False,True,True,True
313434,False,False,True,False
313436,True,True,True,True
313437,False,False,True,False
313481,False,True,True,True
313508,True,True,True,True
313518,True,True,True,True
313526,True,True,True,True
313532,True,True,True,True
313541,True,True,True,True
313553,True,True,True,True
313570,False,False,False,True
313582,False,False,False,False
313599,False,False,False,False
313609,True,True,True,True
313617,False,True,True,True
313666,True,True,True,True
313696,False,True,True,True
313705,False,True,True,True
313712,True,True,True,True
313737,True,True,False,True
313768,True,True,True,True
313770,True,True,True,True
313786,False,False,False,True
313818,False,False,False,False
313846,True,True,True,True
313848,True,True,True,True
313861,True,True,True,True
313914,False,True,True,False
313921,False,True,True,True
313928,False,True,True,True
313946,True,True,True,True
313948,False,True,True,True
313979,True,True,True,True
313999,False,False,False,False
314023,True,True,True,True
314048,False,True,True,True
314050,True,True,True,True
314074,False,True,True,True
314093,True,True,True,True
314109,True,True,True,True
314125,True,True,True,True
314147,False,False,False,False
314167,False,False,False,True
314174,True,True,True,True
314179,False,False,False,False
314187,True,True,True,True
314194,True,True,True,True
314265,True,True,True,True
314285,True,True,True,True
314357,False,True,True,True
314408,False,False,False,True
314412,True,True,True,True
314436,False,False,False,False
314504,False,True,False,True
314530,False,True,False,True
314540,True,True,True,True
314672,True,True,True,True
314692,False,False,False,False
314779,True,True,True,True
314787,True,True,True,True
314812,True,True,True,True
314816,False,False,True,False
314844,False,True,True,True
314845,False,True,False,False
314855,True,True,True,True
314864,True,True,True,True
314879,True,True,True,True
314935,False,False,True,False
314944,False,True,False,True
314993,True,True,True,True
315005,False,True,True,True
315013,True,True,False,False
315018,True,True,True,True
315030,False,False,True,True
315065,False,False,True,True
315101,True,True,True,True
315178,False,True,True,True
315218,True,True,True,True
315278,True,True,True,True
315303,True,True,True,True
315319,False,True,True,True
315324,True,True,True,True
315378,True,True,True,True
315393,True,True,True,True
315423,True,True,False,True
315517,True,False,False,False
315564,False,False,False,True
315577,False,True,True,True
315581,True,True,True,True
315620,True,True,True,True
315660,False,False,False,True
315668,True,True,True,True
315696,False,False,False,False
315719,False,True,True,True
315728,False,False,False,False
315740,False,True,True,True
315742,False,True,False,True
315768,False,True,True,True
315790,True,True,True,True
315813,False,False,False,False
315827,True,True,True,True
315830,False,False,True,False
315895,True,True,True,True
315909,True,False,True,True
315974,True,True,True,True
315976,False,False,False,False
315986,False,False,False,False
315992,False,False,False,True
316026,True,True,True,True
316063,False,False,True,True
316075,True,True,True,True
316089,False,False,False,False
316170,True,True,True,True
316183,True,True,True,True
316342,False,True,True,True
316343,False,False,False,True
316365,False,True,True,True
316429,True,True,True,True
316471,True,True,True,True
316503,True,True,True,True
316571,False,False,True,False
316583,True,True,True,True
316585,True,True,True,True
316617,False,True,True,True
316622,False,False,False,False
316640,True,True,True,True
316648,True,False,True,True
316669,True,True,True,True
316700,True,True,False,True
316715,False,True,True,True
316727,False,False,True,True
316777,False,False,True,True
316867,False,True,True,True
316871,True,True,True,True
316912,False,False,False,False
316968,False,False,False,False
317018,False,True,True,False
317036,True,True,True,True
317054,False,True,True,True
317062,True,True,True,True
317105,True,True,True,True
317162,False,True,True,True
317227,True,True,True,True
317250,False,True,True,True
317357,True,True,True,True
317410,True,True,True,True
317448,True,True,True,True
317480,True,True,True,True
317521,False,True,True,True
317573,True,True,True,True
317659,False,True,True,True
317687,False,True,False,True
317781,True,True,True,True
317798,False,False,True,True
317806,True,True,True,True
317825,False,False,False,False
317873,True,True,True,True
317891,False,False,False,False
317939,False,True,True,True
317986,True,True,True,True
318066,False,True,False,True
318073,False,False,False,False
318087,True,True,True,True
318130,False,False,False,False
318164,True,True,True,True
318175,False,True,True,True
318179,False,True,True,True
318185,True,True,True,True
318189,False,False,False,False
318193,False,True,True,True
318200,False,True,True,True
318209,False,False,False,True
318241,False,False,False,False
318306,True,True,True,True
318361,False,True,True,True
318373,True,True,True,True
318382,False,False,False,True
318403,False,False,True,True
318476,False,False,True,True
318524,True,True,True,True
318550,False,False,False,False
318574,False,False,False,False
318598,False,False,False,False
318616,True,True,True,True
318618,False,False,True,True
318677,False,False,False,False
318706,False,True,True,True
318722,False,True,False,True
318733,False,False,True,True
318736,False,False,False,True
318763,False,False,False,False
318783,False,True,True,True
318785,True,True,True,True
318789,True,True,True,True
318807,False,True,True,True
318815,False,True,True,True
318854,False,False,False,False
318906,True,True,True,True
318974,False,False,False,False
318999,True,True,True,True
319031,True,True,True,True
319045,False,True,True,True
319051,False,False,True,True
319053,True,True,True,True
319105,True,True,True,True
319117,False,True,True,True
319122,False,False,False,False
319139,False,True,True,True
319161,False,False,False,False
319192,False,False,False,False
319221,False,True,True,True
319257,False,False,False,False
319283,True,True,True,True
319315,True,True,True,True
319332,True,True,True,True
319339,False,False,True,False
319342,True,True,True,True
319350,False,False,True,True
319391,True,True,True,True
319406,True,True,True,True
319427,False,False,True,True
319452,True,True,True,True
319469,False,True,True,False
319521,False,True,True,True
319541,False,True,True,True
319543,False,False,False,False
319647,True,True,True,True
319649,False,True,True,True
319685,True,True,True,True
319704,True,True,True,True
319706,False,False,False,False
319712,False,True,False,True
319726,False,False,False,False
319731,True,True,True,True
319735,False,False,False,True
319747,False,True,False,False
319768,False,True,False,False
319785,False,True,True,True
319818,False,False,True,False
319899,False,True,True,True
319996,True,True,True,True
320008,True,True,True,True
320059,False,True,True,True
320077,True,True,True,True
320085,False,False,False,False
320111,False,False,True,True
320112,False,False,True,True
320137,False,True,True,True
320246,False,False,False,False
320271,False,False,False,True
320282,True,True,True,True
320349,True,True,True,True
320399,True,True,True,True
320402,True,True,True,True
320432,False,True,True,True
320434,True,True,True,True
320436,False,True,True,True
320451,False,True,True,True
320483,False,False,False,False
320600,False,False,False,False
320609,True,True,True,True
320658,True,True,True,True
320685,False,True,True,True
320693,False,False,False,False
320715,False,False,True,True
320731,False,False,True,True
320763,True,True,True,True
320780,False,False,False,False
320808,True,True,True,True
320832,True,True,True,True
320835,True,True,True,True
320867,False,True,True,True
320872,True,True,True,True
320892,False,False,False,False
320901,True,True,True,True
320911,True,True,True,True
320929,False,True,True,True
320946,True,True,True,True
321064,False,False,False,False
321066,True,True,True,True
321182,True,True,True,True
321206,False,False,False,False
321223,False,False,False,False
321317,True,True,True,True
321363,True,True,True,True
321389,False,False,False,False
321422,True,True,True,True
321427,False,False,False,True
321438,True,True,True,True
321492,False,False,True,True
321522,False,False,False,False
321539,False,False,False,False
321550,False,True,True,True
321578,True,True,True,True
321588,False,False,False,False
321635,False,True,True,True
321679,False,True,True,True
321700,False,False,False,False
321701,False,True,True,True
321776,True,True,True,True
321804,False,False,False,False
321806,True,True,True,True
321831,True,True,True,True
321852,True,True,True,True
321860,False,True,True,True
321878,False,True,True,True
321938,False,True,False,True
321940,True,True,True,True
321942,False,False,False,False
321968,True,True,True,True
322051,False,True,True,True
322091,True,True,True,True
322094,False,False,False,False
322106,True,True,True,True
322174,False,True,True,False
322191,False,True,True,True
322327,False,False,False,False
322349,False,False,False,False
322398,True,True,True,True
322407,False,False,False,False
322445,True,False,False,False
322507,False,True,True,True
322509,False,False,True,True
322517,True,True,True,True
322562,True,True,True,True
322577,False,True,False,True
322594,False,False,False,False
322629,True,True,True,True
322827,True,True,True,True
322847,False,False,False,False
322892,True,True,True,True
322943,True,True,True,True
322979,False,True,True,False
323020,True,True,True,True
323054,True,True,True,True
323125,True,True,True,True
323186,True,False,False,False
323218,True,True,True,True
323249,False,False,False,False
323252,False,False,False,False
323334,False,True,True,True
323341,True,True,True,True
323360,True,True,True,True
323460,False,False,False,False
323467,True,True,True,True
323470,False,False,False,False
323499,False,False,False,True
323583,True,True,True,True
323668,False,False,False,False
323765,False,True,True,True
323790,True,True,True,True
323853,True,True,True,True
323888,True,True,True,True
323919,True,True,False,True
323951,True,True,True,True
324000,False,True,False,False
324006,False,True,True,True
324012,True,True,True,True
324018,False,False,False,False
324037,True,True,True,True
324051,True,True,True,True
324116,True,True,True,True
324135,True,True,True,True
324145,False,False,True,True
324156,True,True,True,True
324171,True,True,True,True
324225,False,True,True,True
324231,True,True,True,True
324253,True,True,True,True
324280,False,False,False,False
324315,False,False,True,True
324316,False,False,False,True
324340,False,True,True,True
324342,False,False,True,True
324365,False,True,True,True
324366,False,False,False,False
324413,True,True,True,True
324419,True,True,True,True
324427,False,True,True,True
324455,True,False,True,True
324521,False,False,False,True
324567,True,True,True,True
324580,True,True,True,True
324584,False,False,True,True
324588,False,True,True,True
324598,False,False,True,True
324650,False,False,False,False
324669,False,True,True,True
324677,False,False,True,True
324682,False,True,True,True
324689,False,True,True,True
324705,False,True,True,True
324717,False,False,False,False
324772,True,True,True,True
324829,True,True,True,True
324832,True,True,True,True
324837,False,True,True,True
324870,True,True,True,True
324871,False,False,False,False
324891,False,False,False,False
324894,False,False,False,False
324904,False,False,True,True
324924,False,True,True,True
324929,False,False,False,False
324940,False,False,False,False
324952,False,True,True,True
324979,False,False,False,False
324995,True,True,True,True
325022,True,True,True,True
325027,True,True,True,True
325040,True,True,True,True
325042,False,False,False,False
325055,False,True,True,True
325102,True,True,True,True
325126,True,True,True,True
325132,True,True,True,True
325184,True,True,True,True
325236,False,True,True,True
325261,True,True,True,True
325294,True,True,True,True
325328,True,True,True,True
325343,False,True,False,True
325366,True,True,True,True
325385,True,True,True,True
325389,False,True,True,True
325459,False,True,True,True
325503,True,True,True,True
325505,False,True,True,True
325570,True,True,True,True
325587,False,True,True,True
325590,False,True,True,True
325602,True,True,True,True
325682,False,False,False,True
325684,True,True,True,True
325693,False,False,True,True
325696,False,False,False,True
325720,True,True,True,True
325727,True,True,True,True
325758,False,False,False,True
325768,False,True,True,True
325781,True,True,True,True
325821,True,True,True,True
325831,False,True,True,True
325873,True,True,True,True
325891,False,False,False,True
325915,True,True,True,True
325919,True,True,True,True
325981,False,True,True,True
325986,True,True,True,True
325989,False,False,False,False
326064,True,True,True,True
326073,False,False,False,False
326075,False,False,False,False
326080,True,True,True,True
326081,True,True,True,True
326098,False,False,False,False
326108,True,True,True,True
326116,False,False,False,True
326210,True,True,True,True
326293,False,True,True,True
326299,True,True,True,True
326336,True,True,True,True
326428,False,True,True,False
326433,True,True,True,True
326480,True,True,True,True
326484,False,True,False,True
326493,False,False,False,False
326594,True,False,True,True
326601,True,True,True,True
326628,False,False,True,True
326666,False,False,False,True
326702,True,True,True,True
326814,False,True,True,True
326832,False,False,False,False
326836,False,False,True,True
326863,False,False,False,False
326903,True,True,True,True
326920,True,True,True,True
326925,False,True,True,True
326928,True,True,True,True
326935,True,True,True,True
326937,True,True,True,True
327131,True,True,True,True
327149,True,True,True,True
327174,True,True,True,True
327181,False,False,False,False
327241,False,False,False,False
327318,False,True,True,True
327330,True,True,True,True
327418,False,True,True,True
327455,False,False,False,True
327481,False,False,False,False
327490,False,False,False,True
327491,False,True,True,True
327530,True,True,True,True
327536,False,True,True,True
327567,True,True,True,True
327572,False,False,False,False
327576,True,True,True,True
327610,False,False,False,True
327616,False,True,True,True
327638,True,True,True,True
327675,True,True,True,True
327695,False,True,True,True
327768,False,False,True,True
327918,True,True,True,True
327970,True,True,True,True
328041,True,True,True,True
328066,False,False,False,False
328068,False,False,True,True
328106,True,True,True,True
328110,False,False,False,False
328124,False,False,False,False
328163,False,False,True,True
328189,True,True,True,True
328217,True,True,True,True
328271,True,True,True,True
328275,False,False,True,True
328284,False,True,True,True
328298,True,True,True,True
328412,True,True,True,True
328462,False,False,False,True
328487,True,True,True,True
328500,True,True,True,True
328522,True,True,True,True
328536,False,False,False,True
328581,False,True,True,True
328606,True,True,True,True
328651,False,True,True,True
328668,False,True,True,True
328732,False,True,True,True
328740,True,True,True,True
328791,True,True,True,True
328797,False,False,False,True
328812,False,False,False,False
328855,False,False,True,True
328906,True,True,True,True
328962,True,True,True,True
329016,False,True,True,False
329054,False,False,False,False
329090,True,True,True,True
329105,True,True,True,True
329139,False,False,True,True
329148,False,False,False,True
329150,False,False,True,True
329151,True,False,True,True
329254,True,True,True,True
329339,True,True,True,True
329351,False,False,False,False
329354,True,True,True,True
329368,False,True,True,True
329373,False,False,False,True
329386,False,False,True,True
329394,True,True,True,True
329475,False,False,False,False
329623,False,False,False,False
329652,True,True,True,True
329661,False,False,True,True
329717,False,True,True,True
329737,False,True,False,True
329756,False,True,True,True
329762,False,True,True,True
329782,True,True,True,True
329806,True,True,True,True
329847,True,True,True,True
329888,True,True,True,True
329903,True,True,True,True
329948,False,True,True,True
329957,False,False,True,True
330023,False,True,True,True
330053,True,False,True,True
330088,True,True,True,True
330100,False,True,True,True
330139,False,False,False,False
330140,False,False,False,False
330208,False,False,False,False
330220,False,False,False,True
330262,True,True,True,True
330292,True,True,True,True
330342,False,True,True,True
330376,False,False,False,False
330395,True,True,True,True
330410,True,True,True,False
330432,True,True,True,True
330435,True,True,True,True
330455,True,True,True,True
330513,False,True,True,True
330529,False,True,False,True
330572,False,True,True,True
330597,False,True,True,True
330660,False,True,True,True
330665,False,True,True,True
330671,True,True,True,True
330694,False,False,False,True
330712,False,False,False,False
330750,False,False,True,True
330752,False,True,True,True
330754,False,False,False,False
330785,True,True,True,True
330824,True,True,True,True
330878,True,True,True,True
330880,False,False,False,False
330897,True,True,True,True
330901,False,True,True,True
330907,False,True,True,True
330951,True,True,True,True
330959,False,True,True,True
330988,True,True,True,True
330990,False,True,True,True
331082,False,True,True,True
331133,False,False,False,False
331134,False,True,False,True
331201,False,True,True,True
331214,False,True,False,False
331229,False,False,False,False
331230,True,True,True,True
331249,True,True,True,True
331250,False,False,True,True
331264,True,True,True,True
331279,True,True,True,True
331289,True,True,True,True
331298,True,True,True,True
331326,False,True,True,True
331366,True,True,True,True
331417,False,True,True,True
331425,False,False,False,False
331426,True,True,True,True
331444,False,False,False,False
331457,False,False,False,False
331479,True,True,True,True
331492,True,True,True,True
331496,True,True,True,True
331523,True,False,True,True
331549,False,False,False,False
331551,True,True,True,True
331642,True,True,True,True
331670,True,True,True,True
331676,False,False,False,True
331680,True,True,True,True
331688,False,False,False,False
331740,True,False,False,True
331746,True,True,True,True
331822,False,True,True,True
331863,False,False,True,True
331871,False,False,True,False
331904,False,False,True,False
331937,False,False,True,True
331954,False,False,False,False
331998,False,False,True,True
332013,False,False,False,False
332015,False,False,False,False
332027,True,True,True,True
332031,False,True,True,True
332078,True,True,False,True
332122,False,False,False,False
332153,True,True,True,True
332159,False,False,False,True
332166,True,True,True,True
332217,True,True,True,True
332292,True,True,True,True
332300,True,True,True,True
332316,False,True,True,True
332352,False,True,True,True
332355,False,False,False,True
332397,True,True,True,True
332403,True,True,True,True
332407,False,False,False,False
332432,True,True,True,True
332463,False,True,False,True
332498,True,True,True,True
332537,False,False,True,True
332568,True,True,True,True
332613,False,False,False,True
332625,False,True,True,True
332684,False,False,False,True
332721,True,True,True,True
332739,False,True,True,True
332740,True,True,True,True
332925,False,True,False,True
332931,True,True,True,True
332943,False,False,False,False
332976,False,False,False,False
333081,True,True,True,True
333095,False,False,True,True
333130,True,True,True,True
333152,True,True,True,True
333181,False,False,False,False
333247,False,False,False,False
333267,True,True,True,True
333277,False,False,False,False
333302,False,False,True,True
333348,True,True,True,True
333363,False,False,False,True
333430,True,True,True,True
333443,True,True,True,True
333492,True,True,True,True
333537,False,True,True,True
333583,False,False,True,False
333634,False,True,True,True
333652,True,True,True,False
333653,False,True,True,True
333664,False,False,True,True
333683,False,False,False,True
333688,False,False,False,False
333703,False,False,True,True
333704,False,False,False,True
333708,True,True,True,True
333775,True,True,True,True
333807,False,False,True,False
333818,True,True,True,True
333820,True,True,True,True
333842,True,True,True,True
333848,False,False,False,False
333862,False,True,True,True
333868,False,True,True,True
333876,False,False,False,True
333904,False,True,True,True
334007,False,False,False,True
334034,True,True,True,True
334056,False,True,True,True
334109,True,True,True,True
334125,False,True,False,True
334161,False,False,False,False
334171,False,True,True,True
334187,True,True,True,True
334208,True,True,True,True
334215,False,True,True,False
334291,False,True,False,False
334320,True,True,True,True
334327,True,True,True,True
334352,False,False,False,False
334416,False,True,True,True
334423,True,True,True,True
334432,False,True,True,True
334441,True,True,True,True
334509,False,False,False,True
334523,False,False,False,False
334529,False,False,True,True
334549,False,True,True,True
334594,True,True,True,True
334596,False,True,True,True
334616,False,True,True,True
334625,False,False,False,True
334671,True,True,True,True
334703,False,False,True,True
334713,False,True,True,True
334732,True,True,True,True
334742,False,False,False,False
334752,True,True,True,True
334760,True,True,True,True
334810,False,False,False,False
334837,True,True,True,True
334850,True,True,True,True
334858,False,False,False,False
334867,False,True,False,False
334868,False,False,False,False
334881,True,True,True,True
334936,True,True,True,True
334953,False,False,False,True
335047,True,False,True,False
335065,False,False,True,True
335076,True,True,True,True
335087,False,True,True,True
335099,False,True,True,True
335109,True,True,True,True
335111,True,True,True,True
335207,True,True,True,True
335241,True,True,True,True
335243,True,True,True,True
335332,False,True,True,True
335336,True,True,True,True
335339,True,True,True,True
335340,False,False,False,False
335344,True,True,True,True
335366,True,True,True,True
335383,False,False,False,False
335434,False,True,True,True
335440,False,False,False,False
335486,True,True,True,True
335500,False,True,True,False
335503,True,True,True,True
335513,False,True,True,True
335539,False,False,True,True
335552,False,True,True,True
335650,True,True,True,True
335656,True,True,True,True
335696,True,True,True,True
335735,False,False,True,True
335758,False,False,False,False
335827,True,True,True,True
335840,False,False,False,False
335855,False,False,False,False
335857,False,True,True,True
335866,True,True,True,True
335929,True,True,True,True
335940,True,True,True,True
336003,True,True,True,True
336047,False,False,False,False
336063,False,False,False,False
336075,False,False,False,False
336077,False,False,False,False
336088,False,True,True,True
336101,False,False,True,True
336166,True,True,True,True
336185,True,True,True,True
336195,True,True,True,True
336230,True,True,True,True
336276,True,True,True,True
336314,True,True,True,True
336320,False,False,False,False
336333,False,False,False,True
336354,False,False,False,True
336397,True,True,True,True
336445,False,False,False,False
336452,True,True,True,True
336474,False,False,False,False
336484,False,False,False,True
336487,True,True,True,True
336489,False,False,False,False
336568,False,False,False,False
336576,False,True,False,False
336578,True,True,True,True
336629,False,False,False,False
336637,True,True,True,True
336663,False,True,True,True
336668,False,True,True,True
336688,False,True,True,True
336723,False,False,False,False
336783,False,False,False,False
336840,False,False,True,False
336854,True,True,True,True
336874,False,False,False,False
336892,False,False,False,False
336980,False,False,True,True
336984,False,False,False,False
336990,True,True,True,True
337042,True,True,True,True
337068,False,True,True,True
337083,True,True,True,True
337147,False,True,True,True
337188,False,False,False,True
337207,False,True,True,True
337232,False,False,True,True
337264,False,True,True,True
337277,False,True,True,True
337297,True,True,True,True
337314,True,True,True,True
337354,False,False,True,True
337403,False,True,True,True
337448,True,True,True,True
337472,True,True,True,True
337517,True,True,True,True
337522,True,True,True,True
337536,False,True,True,True
337546,True,True,True,True
337552,False,True,True,False
337561,False,True,True,True
337579,True,True,True,True
337585,False,False,True,True
337619,False,False,False,False
337682,True,True,True,True
337691,True,True,True,True
337711,False,True,True,True
337728,True,True,True,True
337745,False,True,False,False
337748,True,True,True,True
337761,False,False,False,True
337780,True,True,True,True
337784,False,True,False,False
337808,False,True,True,True
337814,False,True,True,True
337818,False,True,True,True
337827,True,True,True,True
337877,False,False,False,False
337883,False,False,True,True
337902,False,False,False,False
337976,True,True,True,True
337984,True,True,True,True
337993,True,True,True,True
338030,False,True,True,True
338041,False,True,True,True
338050,True,False,True,True
338087,True,True,True,True
338118,False,False,False,True
338143,True,True,True,True
338210,True,True,True,True
338258,False,False,False,True
338289,False,True,False,True
338291,False,False,False,False
338342,True,True,True,True
338363,True,True,True,True
338407,False,False,True,False
338417,False,False,False,False
338458,False,False,True,True
338478,True,True,True,True
338522,False,False,False,False
338549,True,True,True,True
338592,True,True,True,True
338629,False,True,True,False
338807,True,True,True,True
338872,False,False,False,False
338884,True,True,True,True
338911,True,True,True,True
338954,False,True,True,True
338963,True,True,True,True
338964,True,True,True,True
338972,False,False,True,True
338988,True,True,True,True
339007,True,True,True,True
339120,True,True,True,True
339211,False,False,False,False
339250,False,True,True,True
339266,False,False,False,False
339270,True,True,True,True
339356,True,True,True,True
339468,False,False,False,False
339499,True,True,True,True
339501,True,False,False,False
339536,True,True,True,True
339579,True,True,True,True
339591,True,True,True,True
339676,True,True,True,True
339681,False,False,False,False
339709,True,True,True,True
339711,False,False,False,False
339815,True,True,True,True
339816,False,True,True,True
339830,False,False,True,True
339845,False,True,True,True
339914,False,False,False,False
339916,False,False,False,False
339919,False,True,True,True
339940,False,True,True,True
339988,False,True,True,True
340003,True,True,True,True
340019,False,True,True,True
340034,False,True,True,True
340069,False,True,True,True
340145,False,False,True,True
340152,False,True,False,True
340184,False,True,True,True
340197,True,True,True,True
340220,False,False,True,True
340226,True,True,True,True
340261,False,True,True,True
340278,False,False,False,False
340331,True,True,True,True
340406,True,False,True,True
340488,False,False,False,False
340503,True,True,True,True
340529,False,False,False,True
340535,False,True,True,True
340537,False,False,False,True
340611,False,True,True,True
340703,False,False,False,False
340727,True,True,True,True
340734,False,False,True,True
340736,False,False,False,False
340758,False,True,True,True
340771,False,False,False,False
340804,False,True,True,True
340829,True,True,True,True
340841,False,False,True,True
340897,False,True,True,False
340929,True,True,True,True
341006,False,True,True,True
341039,True,False,False,True
341040,False,False,True,True
341056,True,True,True,True
341060,True,False,True,True
341061,False,True,True,True
341062,False,True,True,True
341087,False,False,False,False
341118,False,False,True,True
341193,False,True,True,True
341206,True,True,True,True
341247,False,False,False,True
341437,True,True,True,True
341487,False,True,True,True
341529,True,True,True,True
341617,True,True,True,True
341676,True,True,True,True
341695,False,False,True,True
341716,False,False,False,False
341756,True,True,True,True
341768,True,True,True,True
341818,True,True,True,True
341891,False,True,True,True
341941,False,True,True,True
342010,False,False,True,True
342051,False,False,False,False
342060,False,True,True,True
342130,True,True,True,True
342142,True,True,True,True
342150,True,False,True,True
342159,True,True,True,False
342185,False,True,True,True
342203,True,True,True,True
342211,False,False,False,False
342323,True,True,True,True
342325,True,True,True,True
342342,True,True,True,True
342353,True,True,True,True
342403,False,False,False,False
342432,False,True,True,True
342483,True,True,True,True
342521,False,True,True,True
342532,False,False,True,True
342566,False,True,True,True
342583,True,True,True,True
342591,False,True,True,True
342614,False,True,True,True
342639,False,True,True,True
342643,False,True,True,True
342681,True,True,True,True
342696,False,True,True,True
342742,False,True,True,True
342745,True,True,True,True
342757,True,True,True,True
342814,True,True,True,True
342851,False,True,True,True
342921,False,False,False,False
342942,True,True,True,True
342958,False,False,True,True
342996,False,True,True,True
343057,False,False,False,False
343062,False,True,True,True
343135,True,True,True,True
343166,False,False,True,True
343185,False,False,False,True
343187,False,True,True,True
343204,False,False,False,True
343213,True,True,True,True
343264,True,True,True,True
343307,True,True,True,True
343319,True,True,True,True
343322,False,False,False,False
343341,False,True,True,True
343349,True,True,True,True
343385,True,True,True,True
343413,True,True,True,True
343418,False,False,False,False
343422,False,False,True,True
343425,True,True,True,True
343432,False,True,True,True
343498,False,True,True,True
343571,True,True,True,True
343603,False,False,False,False
343650,False,False,False,False
343703,False,False,False,False
343749,True,True,True,True
343770,True,True,True,True
343799,False,True,True,True
343849,True,True,True,True
343867,True,True,True,True
343881,False,False,False,False
343892,True,True,True,True
343912,True,True,True,True
344073,False,True,True,True
344126,True,True,True,True
344146,False,True,True,True
344180,True,True,True,True
344181,False,False,False,False
344231,False,False,False,False
344254,True,True,True,True
344264,False,False,True,True
344308,False,False,True,True
344319,True,True,True,True
344399,False,False,False,False
344507,False,True,True,True
344561,True,True,True,True
344566,False,False,False,False
344599,True,True,True,True
344629,False,False,False,False
344637,True,True,True,True
344702,False,False,True,True
344726,True,True,True,True
344782,True,True,True,True
344793,False,False,True,True
344805,True,True,True,True
344830,True,True,True,True
344844,False,False,True,True
344857,False,True,True,True
344897,True,True,True,True
344930,True,True,True,True
344955,False,False,False,False
344989,False,False,False,False
345009,False,False,False,False
345014,False,True,True,True
345020,False,False,False,False
345029,True,True,True,True
345047,False,False,False,True
345114,True,True,True,True
345142,True,True,True,True
345188,False,True,True,True
345225,False,True,True,True
345275,True,True,True,True
345389,False,True,True,True
345390,True,True,True,True
345400,False,False,False,False
345497,True,True,True,True
345498,False,False,False,True
345560,True,True,True,True
345595,False,True,True,True
345617,False,False,False,False
345644,False,False,False,True
345701,False,False,False,False
345781,True,True,True,True
345786,False,False,False,False
345879,False,False,False,True
345930,True,True,True,True
345952,False,False,False,False
345973,True,True,False,False
345979,True,True,True,True
345988,True,True,True,True
346026,True,True,True,True
346083,True,True,True,True
346084,False,False,False,True
346095,True,True,True,True
346121,False,False,False,True
346161,True,True,True,True
346178,False,True,True,True
346270,False,False,False,True
346337,True,True,True,True
346341,True,True,True,True
346344,True,True,True,True
346425,False,True,True,True
346458,True,True,True,True
346469,False,False,True,True
346497,False,False,False,False
346596,False,False,True,False
346614,False,True,True,True
346653,True,True,True,True
346687,True,True,True,True
346717,False,False,False,True
346724,False,True,True,True
346754,False,False,False,False
346774,False,False,True,True
346813,True,True,True,True
346817,True,True,True,True
346823,True,True,True,True
346839,True,True,True,True
346934,False,False,False,False
346947,False,False,False,False
346954,False,True,True,True
346965,False,True,True,True
347037,True,True,True,True
347055,False,True,False,True
347087,False,False,True,True
347101,False,True,True,True
347115,False,False,False,True
347135,True,True,True,True
347139,False,False,False,False
347144,False,False,False,False
347167,False,False,True,True
347177,False,True,True,False
347210,True,True,True,True
347216,True,True,True,True
347243,True,True,True,True
347253,False,False,False,True
347292,True,True,True,True
347297,True,True,True,True
347300,False,False,False,True
347340,False,False,False,False
347463,False,True,True,True
347467,False,False,False,True
347482,False,True,True,True
347542,True,True,True,True
347555,False,True,True,True
347570,True,True,True,True
347571,True,True,True,True
347650,True,True,True,True
347675,True,True,True,True
347697,False,False,False,True
347728,True,True,True,True
347766,True,True,True,True
347819,True,True,True,True
347878,True,True,True,True
347885,True,True,True,True
347921,True,True,True,True
347926,True,True,True,True
347976,True,True,True,True
347982,False,False,False,False
347995,True,True,True,True
348046,True,True,True,True
348059,False,True,True,True
348074,True,True,True,True
348076,True,True,True,True
348162,True,True,True,True
348221,True,True,True,True
348290,False,True,True,True
348314,False,False,False,True
348371,True,True,True,True
348480,False,False,True,True
348496,True,False,True,True
348517,False,True,True,True
348538,True,False,False,True
348621,False,False,False,False
348684,True,True,True,True
348701,True,False,False,False
348723,True,True,True,True
348785,True,True,True,True
348790,True,True,True,True
348801,True,True,True,True
348822,False,True,False,True
348922,True,True,True,True
349006,False,False,False,False
349007,True,True,True,True
349074,False,False,False,False
349103,False,True,True,True
349130,False,True,False,True
349199,False,False,False,True
349230,False,False,False,False
349234,True,True,True,True
349267,True,True,True,True
349278,False,True,True,True
349319,False,False,False,False
349322,False,True,True,True
349354,False,False,False,False
349363,False,False,False,False
349403,True,True,True,True
349410,True,True,True,True
349437,False,True,True,True
349447,True,True,True,True
349525,False,True,True,True
349697,True,True,True,True
349709,False,True,True,True
349754,True,False,True,True
349782,True,True,True,True
349809,True,True,True,True
349817,True,True,True,True
349827,False,True,True,True
349912,True,True,True,True
349918,False,False,False,False
350009,False,False,False,False
350014,False,True,True,True
350073,False,False,False,True
350077,False,False,False,False
350089,False,True,True,True
350107,False,True,True,False
350174,False,False,False,False
350231,True,True,True,True
350272,False,False,True,True
350303,False,True,True,True
350313,True,True,True,True
350331,False,True,True,True
350340,True,False,False,True
350341,True,True,True,True
350360,True,True,True,True
350361,False,True,True,True
350457,False,True,True,True
350468,False,True,True,True
350506,False,True,True,True
350614,True,True,True,True
350620,True,True,True,True
350621,True,True,True,True
350640,False,True,True,True
350648,False,True,True,True
350649,True,True,True,True
350675,True,True,True,True
350681,True,True,True,True
350701,False,False,True,True
350737,True,True,True,True
350741,False,True,True,True
350799,True,True,True,True
350854,True,True,True,True
350855,False,True,True,True
350874,True,True,True,True
350879,True,True,True,True
350930,False,True,True,True
350961,False,True,True,True
350987,True,True,True,True
351036,True,True,True,True
351053,True,True,True,True
351081,False,False,False,False
351141,False,False,False,False
351166,True,True,True,True
351242,False,True,True,True
351262,False,False,True,True
351298,True,True,True,True
351322,False,True,True,True
351422,False,True,True,True
351463,True,True,True,True
351470,False,True,True,True
351480,False,False,False,False
351483,False,False,True,True
351489,False,False,False,True
351577,False,False,True,True
351597,True,True,True,True
351621,True,True,True,True
351715,False,True,True,True
351972,False,False,True,False
351975,True,True,True,True
351981,True,True,True,True
352005,False,True,True,False
352011,False,False,True,True
352019,False,False,True,True
352065,True,True,True,True
352120,True,True,True,True
352142,True,True,True,True
352145,True,True,True,True
352148,True,True,True,True
352173,True,True,True,True
352180,False,False,False,False
352185,True,True,True,True
352192,False,True,True,True
352194,False,False,False,True
352199,False,True,True,True
352213,False,True,True,False
352217,True,True,True,True
352234,False,True,True,True
352247,False,True,True,True
352286,False,True,True,True
352288,False,False,True,True
352361,True,True,True,True
352407,True,True,True,True
352412,True,True,True,True
352425,True,True,True,True
352476,True,True,True,True
352478,False,True,True,True
352484,True,True,True,True
352533,True,True,True,True
352651,False,False,False,False
352694,True,True,True,True
352703,False,True,True,True
352709,False,False,False,False
352794,False,True,True,True
352821,False,False,False,False
352835,True,True,True,True
352877,False,True,True,True
352938,True,True,True,True
352985,False,False,False,False
353028,True,True,True,True
353046,True,True,True,True
353056,True,True,True,True
353090,True,True,True,True
353197,False,False,False,False
353223,True,True,True,True
353231,False,False,True,True
353274,True,True,True,True
353288,False,True,True,True
353321,True,True,True,True
353357,True,True,True,True
353370,True,True,True,True
353411,False,False,False,False
353427,False,False,False,True
353435,False,False,True,True
353460,False,False,False,False
353483,True,True,True,True
353505,False,True,True,True
353561,False,False,False,False
353582,False,True,True,True
353590,True,True,True,True
353608,False,False,False,True
353622,False,True,True,True
353634,False,True,False,True
353671,True,True,True,True
353709,True,True,True,True
353740,True,True,True,True
353754,True,True,True,True
353787,True,True,True,True
353803,True,True,True,True
353860,True,True,True,True
353907,False,True,True,True
353912,False,False,False,False
353915,True,True,True,True
353919,True,True,True,True
353929,False,True,True,False
353933,False,False,True,False
353938,False,False,False,True
353999,False,True,True,True
354035,False,False,False,False
354095,False,False,False,False
354132,True,True,True,True
354218,True,True,True,True
354221,True,True,True,True
354306,False,False,True,True
354333,True,True,True,True
354368,True,True,True,False
354483,False,False,True,True
354537,True,True,True,True
354539,False,False,True,True
354557,False,False,True,True
354603,False,False,False,False
354626,False,False,False,True
354655,False,True,True,True
354661,False,False,True,True
354699,False,False,True,False
354721,False,True,True,True
354724,False,True,False,False
354738,True,True,True,True
354794,False,False,True,True
354804,True,True,True,True
354843,False,True,False,True
354846,False,True,True,True
355106,False,False,False,False
355110,True,True,True,True
355111,False,True,True,True
355123,False,False,False,False
355143,True,True,True,True
355168,True,True,True,True
355175,True,True,True,True
355182,False,False,False,False
355210,False,False,False,False
355221,False,True,True,True
355276,True,True,True,True
355297,True,True,True,True
355301,True,True,True,True
355304,True,True,True,True
355345,False,True,True,True
355360,False,False,False,True
355385,False,True,True,True
355425,False,False,False,False
355440,True,True,True,True
355480,True,True,True,True
355487,True,True,True,True
355552,False,False,False,True
355589,True,True,True,True
355603,False,True,True,True
355647,True,True,True,False
355651,True,True,True,True
355674,False,False,False,False
355727,False,True,True,True
355736,False,False,False,False
355741,True,True,True,True
355762,True,True,True,True
355778,False,False,False,True
355828,True,True,True,True
355857,False,False,False,False
355866,True,True,True,True
355870,False,False,False,False
355894,False,False,False,False
355919,True,True,True,True
355956,False,False,False,False
355967,False,False,False,False
355971,True,False,True,True
355974,False,False,True,False
356060,False,True,True,True
356086,False,False,True,False
356131,True,True,True,True
356145,True,True,True,True
356153,False,False,True,True
356253,False,False,True,True
356290,True,True,True,True
356337,True,True,True,True
356344,False,False,True,True
356358,False,False,False,False
356374,True,True,True,True
356379,True,True,True,True
356380,False,False,False,False
356394,False,False,False,False
356400,False,True,True,True
356445,True,True,True,True
356622,False,True,True,True
356645,False,True,True,True
356648,False,True,True,True
356704,False,True,False,True
356783,True,True,True,True
356788,False,True,True,True
356790,False,False,False,False
356869,False,True,True,True
356906,True,True,True,True
356921,True,True,True,True
356922,True,True,True,True
356923,True,True,True,True
357013,False,True,True,True
357023,True,True,True,True
357089,False,False,False,False
357164,True,True,True,True
357169,False,False,False,True
357202,True,True,True,True
357220,True,True,True,True
357229,True,True,True,True
357242,True,True,True,True
357272,True,True,False,False
357502,False,True,True,True
357526,True,True,True,True
357532,True,True,True,True
357533,True,True,True,True
357568,True,True,True,True
357586,False,False,True,True
357604,True,True,True,True
357614,False,False,True,True
357659,True,True,True,True
357663,True,True,True,True
357750,False,False,False,False
357790,False,True,True,True
357800,False,False,False,False
357810,True,True,False,True
357812,False,False,True,True
357860,False,True,True,True
357865,False,True,True,True
357898,True,True,True,True
357944,False,False,False,False
357966,False,False,False,False
357976,False,False,False,False
357984,False,True,True,True
358024,True,True,True,True
358075,True,True,True,True
358079,False,True,True,True
358103,False,False,True,False
358176,False,True,True,True
358200,False,False,False,True
358237,True,True,True,True
358265,False,True,False,False
358291,False,False,False,False
358293,False,True,False,True
358312,True,True,True,True
358378,True,True,True,True
358384,False,False,False,False
358405,False,True,True,True
358411,False,False,True,False
358421,False,False,True,False
358429,False,True,True,True
358438,False,False,True,True
358482,True,True,True,True
358492,True,True,True,True
358502,True,True,True,True
358534,True,True,True,True
358543,False,False,False,False
358558,False,True,True,True
358576,False,False,False,True
358584,True,True,True,False
358633,False,False,False,False
358664,True,True,True,True
358724,True,True,True,True
358730,False,False,False,False
358748,True,True,True,True
358770,True,True,True,True
358891,True,True,True,True
358901,True,True,True,True
358980,False,True,True,True
358982,False,True,True,True
359020,True,True,True,True
359073,True,True,True,True
359085,True,True,True,True
359094,True,True,True,True
359110,True,True,True,True
359139,False,True,True,True
359140,True,True,True,True
359168,False,False,False,False
359200,True,False,True,True
359201,False,False,False,False
359220,False,True,False,True
359234,True,True,True,True
359253,False,False,False,False
359339,False,True,True,True
359357,True,True,True,True
359399,False,True,True,True
359451,False,False,False,False
359481,False,True,True,True
359492,True,True,True,True
359519,True,True,True,True
359521,True,True,True,True
359569,False,False,False,False
359595,False,False,False,True
359620,True,False,False,False
359625,False,False,False,False
359676,False,True,True,True
359688,True,True,True,True
359695,True,True,True,True
359701,False,True,True,True
359715,True,True,True,True
359719,False,False,False,True
359762,True,True,True,True
359791,False,True,True,True
359801,False,False,False,True
359843,True,True,True,True
359868,True,True,True,True
359977,True,True,True,True
360017,True,True,True,True
360068,False,False,True,True
360071,True,True,True,True
360101,False,False,True,True
360114,False,True,True,True
360170,False,True,False,False
360182,False,True,True,True
360189,True,True,True,True
360208,False,False,True,False
360211,False,False,False,True
360216,False,False,False,True
360217,False,True,True,True
360306,False,True,True,True
360346,False,False,False,False
360352,False,True,True,True
360370,True,True,True,True
360427,True,True,True,True
360447,False,True,True,True
360452,True,True,True,True
360473,False,True,True,True
360485,True,True,True,True
360494,False,False,False,True
360504,True,True,True,True
360528,True,True,True,True
360536,False,False,False,False
360579,False,False,False,False
360585,True,True,True,True
360595,False,False,False,False
360605,True,True,True,True
360610,False,False,False,False
360611,False,True,True,True
360624,False,False,False,False
360629,False,False,False,False
360637,False,False,True,True
360665,True,True,True,True
360695,True,True,False,False
360700,True,True,True,True
360730,False,False,False,True
360759,False,True,True,True
360762,False,False,False,False
360778,False,False,True,True
360798,False,True,True,True
360868,True,True,True,True
360869,True,True,True,True
360870,False,False,False,True
360877,True,True,True,True
360931,True,True,True,True
360991,False,False,False,False
361021,False,True,True,True
361030,True,True,True,True
361038,False,True,True,True
361111,False,False,True,False
361120,False,True,True,True
361149,True,True,True,True
361171,True,True,True,True
361197,True,False,False,True
361208,False,True,True,True
361217,True,True,True,True
361233,True,True,True,True
361256,True,True,True,True
361316,True,True,True,False
361351,True,True,False,True
361359,False,False,False,True
361381,True,True,True,True
361394,False,False,True,True
361399,False,True,True,True
361430,True,True,True,True
361439,False,False,True,True
361454,False,True,True,True
361460,True,True,True,True
361480,True,True,True,True
361512,False,False,False,True
361578,False,False,False,False
361585,False,True,True,True
361604,True,True,True,True
361618,False,True,True,True
361660,False,False,True,False
361669,True,True,True,True
361687,False,True,True,True
361739,False,False,False,False
361755,False,False,False,False
361769,True,True,True,True
361778,True,True,True,True
361799,True,True,True,True
361842,False,True,True,True
361860,True,True,True,True
361896,True,True,True,True
361920,True,True,True,True
361923,True,True,True,True
361959,False,False,False,False
361992,False,False,False,False
362007,False,True,True,True
362008,True,True,True,True
362031,False,True,True,True
362035,False,True,True,True
362079,True,True,True,True
362090,False,True,False,True
362091,True,False,True,True
362094,False,False,False,False
362103,True,True,True,True
362108,False,False,True,False
362131,True,True,True,True
362166,False,False,True,False
362189,False,True,True,True
362226,True,True,True,True
362229,False,False,False,True
362282,False,True,True,True
362306,False,True,False,True
362309,False,True,True,True
362318,True,True,True,True
362340,False,False,False,False
362348,True,True,True,True
362349,False,False,True,False
362363,True,True,True,True
362365,True,True,True,True
362409,True,True,True,True
362438,False,True,True,True
362446,True,True,True,True
362465,True,True,True,True
362500,False,False,False,False
362530,False,True,False,True
362547,False,True,True,True
362553,True,True,True,True
362558,True,True,True,True
362563,False,False,True,True
362599,False,True,True,True
362640,False,True,True,True
362643,False,True,True,True
362654,False,True,True,True
362711,False,False,True,True
362744,True,True,True,True
362745,True,True,True,True
362778,False,True,True,True
362825,True,True,True,True
362936,False,False,False,False
363031,True,True,True,True
363038,False,True,False,True
363048,False,False,True,True
363067,True,True,True,True
363079,True,True,True,True
363100,False,True,True,True
363114,True,True,True,True
363136,True,True,True,True
363146,True,True,True,True
363224,False,False,False,False
363243,False,False,False,False
363257,False,True,True,True
363276,True,True,True,True
363303,False,False,True,True
363341,True,True,True,True
363358,False,True,False,False
363370,True,True,True,True
363504,False,False,True,False
363514,False,False,False,False
363525,True,True,True,True
363541,False,False,False,False
363594,True,True,True,False
363624,False,True,True,True
363645,False,False,True,True
363718,True,True,True,True
363767,False,False,True,True
363826,False,False,False,False
363829,False,True,True,True
363847,True,True,True,True
363869,False,True,True,False
363887,False,True,False,False
363908,True,False,False,False
363922,False,True,True,True
363956,False,False,False,True
363957,False,False,False,True
364016,True,True,True,True
364064,True,True,True,True
364067,False,False,True,True
364125,True,True,True,True
364135,False,True,False,True
364169,False,True,True,True
364173,True,True,True,True
364201,True,True,True,True
364222,True,True,True,True
364249,True,True,True,True
364336,True,True,True,True
364340,False,False,False,False
364372,True,True,True,True
364437,True,True,True,True
364444,False,True,True,True
364457,True,True,True,True
364493,True,True,True,True
364517,True,True,True,True
364561,True,True,True,True
364571,False,False,True,True
364580,True,True,True,True
364618,True,True,True,True
364745,False,True,True,False
364868,False,False,False,True
364913,True,True,True,True
364937,False,False,False,False
364939,False,False,False,False
364959,True,True,True,True
364994,False,True,True,True
365021,True,True,True,True
365103,False,False,True,True
365132,True,True,True,True
365133,False,False,True,True
365205,True,True,True,True
365282,False,False,False,True
365339,True,True,True,True
365359,False,False,True,True
365366,True,True,True,True
365372,False,True,True,True
365419,False,False,True,False
365426,True,True,True,True
365431,False,True,True,True
365485,False,False,False,False
365527,True,True,True,True
365536,True,True,True,True
365587,False,True,True,True
365619,False,True,True,True
365659,True,True,True,True
365696,False,False,False,False
365701,False,False,False,False
365724,False,False,False,False
365772,False,False,True,True
365880,True,True,True,True
365993,True,True,True,True
366068,False,False,False,False
366104,False,False,True,True
366139,False,True,True,True
366282,True,True,True,True
366373,False,True,True,True
366406,False,True,True,True
366417,True,False,True,True
366435,True,True,True,True
366461,True,True,True,True
366493,False,False,False,True
366510,True,True,True,True
366517,True,True,True,True
366527,True,True,True,True
366576,False,False,False,True
366641,True,True,True,True
366695,False,False,False,True
366723,True,True,True,True
366724,True,True,True,True
366740,False,False,True,True
366795,False,True,False,True
366799,False,False,True,True
366831,True,True,True,True
366852,True,True,True,True
366927,True,True,True,True
366956,True,True,True,True
366961,True,True,True,True
366972,False,True,True,True
366994,False,True,True,True
367020,True,True,True,True
367029,True,True,True,True
367048,True,True,True,True
367100,True,True,True,True
367128,True,True,True,True
367335,True,True,True,True
367389,False,True,True,True
367398,False,False,False,False
367425,False,False,False,False
367471,False,True,True,True
367489,True,False,True,False
367491,False,True,True,True
367528,True,True,True,True
367582,True,True,True,False
367630,False,True,False,True
367670,True,True,True,True
367700,False,True,True,True
367848,False,False,False,False
367853,False,True,False,True
367917,False,True,False,True
367929,True,True,True,True
368086,False,False,True,False
368142,True,False,False,False
368148,True,True,True,True
368153,True,True,True,True
368249,False,True,True,True
368274,True,True,True,True
368302,False,False,False,False
368348,True,True,True,True
368409,True,True,True,True
368439,False,False,False,False
368450,True,True,True,True
368515,True,True,True,True
368541,False,False,False,False
368564,True,True,True,True
368565,False,True,True,True
368581,False,True,False,True
368588,True,True,True,True
368702,False,False,False,False
368821,True,True,True,True
368879,True,True,True,True
368896,False,True,True,True
368931,True,True,True,True
368956,True,True,True,True
368980,False,False,False,False
368983,False,True,True,True
369023,True,True,True,True
369071,False,True,True,True
369122,True,True,True,True
369128,False,False,False,False
369185,True,False,True,True
369202,False,True,True,True
369250,False,True,True,True
369259,False,True,True,True
369283,True,True,True,True
369285,True,True,True,True
369321,False,True,True,True
369437,True,True,True,True
369446,False,True,False,True
369482,False,False,False,False
369491,False,True,True,True
369511,False,False,False,True
369546,False,True,True,True
369594,False,True,False,True
369603,True,True,True,True
369631,True,True,False,True
369681,False,True,True,True
369770,True,True,True,True
369801,True,True,True,True
369805,True,True,True,True
369817,True,True,True,True
369848,True,False,True,True
369857,True,True,True,True
369860,True,False,False,True
369872,True,True,True,True
369886,False,False,False,True
369889,True,True,True,True
369920,False,False,False,False
369934,True,True,True,True
370009,False,True,True,True
370013,False,False,False,False
370120,True,True,True,True
370152,False,False,False,False
370162,False,False,True,True
370170,True,True,True,True
370234,True,True,True,True
370242,False,False,True,True
370260,True,True,True,True
370273,True,True,True,True
370278,False,True,True,True
370448,False,False,False,False
370479,False,False,True,True
370493,False,True,True,True
370524,True,True,True,True
370537,True,True,True,True
370596,True,True,True,True
370626,True,True,True,True
370669,True,True,True,True
370718,False,False,False,False
370722,True,True,True,True
370724,True,True,True,True
370783,True,True,True,True
370793,False,False,True,True
370805,True,False,True,True
370808,True,True,True,True
370827,True,True,True,True
370899,False,False,False,True
370918,False,False,False,False
370922,True,True,False,True
370929,False,False,True,True
370935,True,True,True,True
370953,False,True,True,True
370996,False,False,False,False
371021,True,True,True,True
371047,True,True,True,True
371072,False,False,False,False
371090,False,True,True,True
371092,True,True,True,True
371132,False,False,False,True
371137,False,False,False,False
371250,True,True,True,True
371256,True,True,True,True
371258,True,True,True,True
371360,False,False,True,True
371364,False,False,True,False
371365,False,False,True,True
371376,False,False,False,False
371402,False,False,False,False
371412,False,True,True,True
371536,True,True,True,True
371577,False,False,False,True
371587,False,True,True,True
371603,True,True,True,True
371643,False,False,False,False
371648,False,True,True,True
371651,False,True,True,True
371702,True,True,True,True
371717,True,True,True,True
371718,False,False,True,True
371773,True,True,True,True
371854,False,False,True,True
371861,False,True,False,True
371879,False,True,True,True
371928,False,True,True,False
372009,True,True,True,True
372087,False,False,False,True
372113,False,False,False,True
372121,False,False,True,True
372122,False,False,False,False
372163,True,True,True,True
372172,True,True,True,True
372180,True,True,True,True
372191,False,False,False,False
372197,True,True,True,True
372229,False,False,False,False
372265,False,True,True,True
372288,False,True,True,True
372405,True,True,True,True
372433,True,True,True,True
372443,True,True,True,True
372482,False,False,False,True
372489,False,False,False,True
372535,False,True,True,True
372551,False,False,False,False
372558,True,True,True,True
372560,True,True,True,True
372583,True,True,True,True
372599,False,False,True,True
372603,True,True,True,True
372613,False,True,False,False
372641,True,True,True,True
372669,False,False,True,True
372678,False,False,False,False
372714,True,True,True,True
372726,False,False,True,True
372731,True,True,True,True
372740,False,False,False,False
372748,True,True,True,True
372764,True,True,True,True
372768,False,False,True,False
372795,True,True,True,True
372804,True,True,True,True
372817,True,True,True,True
372844,True,True,True,True
372874,False,True,True,True
372885,True,True,True,True
372937,False,False,False,False
372979,True,True,True,True
373073,False,True,True,True
373076,True,True,True,True
373089,False,False,True,True
373137,True,True,True,True
373193,True,True,True,True
373219,False,True,True,True
373223,True,True,True,True
373255,False,False,False,False
373259,False,True,True,True
373318,True,True,True,True
373344,True,True,True,True
373346,False,False,True,True
373373,False,True,True,True
373375,True,True,True,True
373395,True,True,True,True
373409,True,True,True,True
373424,True,True,True,True
373500,True,True,True,True
373536,True,True,True,True
373539,False,True,True,True
373540,True,True,True,True
373645,True,True,True,True
373662,True,True,True,True
373664,False,True,True,True
373686,True,True,True,True
373722,False,False,True,True
373729,False,True,True,True
373747,True,True,True,True
373765,False,True,True,True
373782,True,False,True,True
373830,True,True,True,True
373848,False,True,True,True
373866,True,True,True,True
373895,True,True,True,True
373964,True,True,True,True
373988,False,True,True,True
374027,False,True,True,True
374042,False,True,True,True
374061,False,False,False,False
374077,True,True,True,True
374087,False,True,True,True
374133,True,True,True,True
374166,True,True,True,True
374248,False,False,True,False
374282,False,True,True,True
374325,True,True,True,True
374326,True,True,True,True
374352,False,True,True,True
374391,False,True,True,True
374451,True,True,True,True
374486,True,True,True,True
374490,False,True,True,True
374516,False,False,False,False
374563,True,True,True,True
374598,False,False,False,False
374628,False,False,False,False
374629,True,True,True,True
374649,False,True,False,True
374666,False,False,False,True
374685,False,True,True,True
374806,False,True,True,True
374829,False,True,True,True
374846,True,True,True,True
374858,False,False,False,True
374873,False,True,True,True
374955,False,True,True,True
374974,True,True,True,True
375001,False,False,False,True
375143,False,False,False,True
375219,True,True,True,True
375245,True,True,True,True
375256,True,True,True,True
375324,True,True,True,True
375331,False,False,True,True
375426,False,False,False,False
375440,True,True,True,True
375449,True,True,True,True
375461,True,True,True,True
375464,False,True,False,True
375484,True,True,True,True
375500,False,False,False,False
375503,False,True,True,True
375575,False,False,False,False
375621,True,True,True,True
375637,False,False,True,True
375645,True,True,True,True
375680,False,False,False,False
375688,False,False,False,False
375743,True,True,True,True
375760,False,True,True,True
375783,True,True,True,True
375809,False,True,True,True
375810,False,True,False,True
375815,True,True,True,True
375823,False,False,True,True
375826,True,True,True,True
375902,True,True,True,True
375915,True,True,True,True
375960,True,True,True,True
375961,True,True,True,True
375992,True,True,True,True
375996,False,False,False,False
376013,False,False,False,False
376087,False,True,True,True
376089,False,False,False,False
376160,False,False,False,True
376233,False,False,False,False
376263,False,False,True,True
376315,True,True,True,True
376320,False,False,False,False
376377,False,False,True,True
376381,False,False,False,False
376416,True,True,True,True
376434,False,False,True,True
376450,False,True,True,True
376454,True,True,True,True
376492,True,True,True,True
376505,False,True,True,True
376531,True,True,False,True
376549,False,True,True,True
376559,False,True,True,True
376572,True,True,True,True
376590,False,False,False,False
376603,False,True,True,True
376679,False,True,True,True
376731,False,True,False,False
376750,False,True,True,True
376791,False,True,True,True
376796,False,False,False,False
376819,True,True,True,True
376828,False,True,True,True
376843,False,False,False,False
376848,True,True,True,True
376864,False,True,True,True
376891,False,True,True,True
376896,True,True,True,True
376907,True,True,True,True
376912,True,True,True,True
376921,True,True,True,True
376945,True,True,True,True
377008,True,True,True,True
377019,False,False,False,False
377060,True,True,True,True
377183,False,True,True,True
377195,True,True,True,True
377205,False,False,False,True
377213,False,True,True,True
377262,False,False,False,False
377319,True,True,True,True
377326,False,True,True,True
377331,False,True,True,True
377342,False,False,False,False
377361,True,True,True,True
377416,False,False,False,False
377432,False,False,False,False
377513,True,True,True,True
377518,False,False,True,True
377576,True,True,True,True
377578,False,True,True,True
377594,False,False,False,False
377595,False,True,True,True
377730,False,False,True,False
377760,False,False,True,True
377808,False,True,True,True
377816,True,True,True,True
377832,False,True,True,False
377853,False,True,True,True
377901,False,False,True,True
377952,True,True,True,True
377973,True,True,True,True
377984,True,True,True,True
378055,True,True,True,True
378081,True,True,True,True
378092,True,True,True,True
378096,False,False,False,True
378098,True,True,True,True
378146,True,True,True,True
378312,False,False,True,False
378347,False,False,True,False
378415,False,False,False,False
378458,False,False,False,False
378461,True,True,True,True
378467,False,True,True,True
378558,False,False,True,True
378561,False,False,False,False
378611,False,False,False,False
378628,True,True,True,True
378636,False,True,True,True
378637,False,False,True,True
378657,True,True,True,True
378711,False,False,False,False
378720,False,False,True,False
378769,False,False,True,True
378778,True,True,True,True
378786,False,True,True,True
378823,True,True,True,True
378831,True,True,True,True
378832,False,False,True,True
378907,False,False,True,False
378921,False,False,False,False
378970,True,True,True,True
379086,False,True,True,True
379122,True,True,True,True
379130,False,True,False,True
379165,False,True,True,True
379201,True,True,True,True
379226,False,False,False,False
379232,True,True,True,True
379304,True,True,True,True
379308,False,True,True,True
379313,True,True,True,True
379343,True,False,False,True
379370,True,True,True,True
379378,True,True,True,True
379401,True,True,True,True
379402,False,False,True,False
379404,False,True,True,True
379448,False,False,False,False
379517,True,True,True,True
379520,True,True,True,True
379522,False,True,True,True
379552,True,True,True,True
379558,False,True,False,False
379585,True,True,True,True
379612,False,True,True,True
379620,True,True,True,True
379630,False,True,True,True
379638,True,True,True,True
379678,False,False,False,False
379711,False,True,True,True
379742,True,True,True,True
379766,False,False,False,False
379767,True,True,True,True
379777,False,True,True,True
379830,True,True,True,True
379837,False,True,True,True
379865,False,True,True,True
379914,True,False,False,True
379962,True,True,True,True
380016,True,True,False,True
380057,True,True,True,True
380058,True,True,True,True
380072,True,True,True,True
380117,True,True,True,True
380143,True,True,True,True
380162,True,True,True,True
380279,False,True,True,True
380299,False,False,True,True
380304,False,True,False,False
380319,True,True,True,True
380350,True,True,True,True
380395,False,False,False,False
380416,False,True,True,True
380447,False,True,True,True
380449,False,False,True,True
380510,True,True,True,True
380524,False,True,True,True
380539,True,True,True,True
380586,True,True,True,True
380588,False,False,False,False
380632,False,False,True,True
380639,False,False,True,True
380661,False,True,True,True
380797,False,False,False,False
380820,True,True,True,True
380854,False,False,True,True
380900,True,True,True,True
380909,False,False,True,True
380928,True,True,True,True
380957,False,True,True,False
380979,False,False,True,False
381008,True,True,True,True
381021,False,True,True,True
381025,True,True,True,True
381031,False,True,True,True
381032,True,True,True,True
381051,True,True,True,True
381065,False,False,True,False
381107,True,True,True,True
381139,False,False,False,False
381173,True,True,True,True
381192,True,True,True,True
381217,False,False,True,True
381221,True,True,True,True
381246,True,True,True,True
381254,False,True,False,False
381257,True,True,True,True
381270,True,True,True,True
381274,True,True,True,True
381305,False,False,False,True
381330,False,True,True,False
381332,True,True,True,True
381384,False,False,False,False
381400,False,True,True,True
381403,True,True,True,True
381416,False,True,True,True
381460,False,False,False,False
381470,False,False,True,True
381533,False,False,False,True
381544,True,True,True,True
381546,False,True,True,True
381595,True,True,True,True
381619,True,True,True,True
381629,False,True,False,False
381664,False,True,True,True
381667,False,False,True,True
381723,True,True,True,True
381789,True,True,True,True
381811,True,True,True,True
381851,True,True,True,True
381908,True,True,True,True
381945,True,True,True,True
381968,True,True,True,True
381972,True,True,True,True
382005,True,True,True,True
382046,True,True,True,True
382101,True,True,True,True
382148,True,True,True,True
382182,False,True,True,False
382188,False,True,True,True
382189,True,True,True,True
382207,True,True,True,True
382261,False,False,True,True
382399,False,False,False,False
382448,True,True,True,True
382469,True,True,True,True
382472,False,True,False,True
382527,True,True,True,True
382559,False,False,True,True
382589,True,True,True,True
382630,False,False,False,False
382664,False,False,False,True
382670,False,True,True,True
382683,True,True,True,True
382689,True,True,True,True
382706,False,True,True,True
382717,False,False,True,False
382724,False,False,False,False
382737,True,True,True,True
382854,False,False,False,False
382873,True,True,True,True
382890,True,True,True,True
382945,False,True,True,False
382951,True,True,True,True
382997,False,True,True,True
382999,False,True,False,True
383014,False,False,False,False
383085,True,True,True,True
383106,True,True,True,True
383154,False,False,False,False
383220,True,True,True,True
383244,False,False,False,False
383263,False,False,True,True
383324,True,True,True,True
383372,True,True,True,True
383397,False,False,False,False
383414,False,True,True,True
383448,False,True,True,True
383462,False,False,False,True
383464,True,True,True,True
383533,True,True,True,True
383564,False,False,False,False
383576,False,False,True,True
383611,False,True,True,True
383680,False,False,False,False
383726,True,True,True,True
383786,True,True,True,True
383787,False,False,False,False
383816,False,True,True,True
383826,True,True,True,True
383873,False,False,True,True
383875,False,False,False,True
383890,False,False,True,False
383893,False,False,False,False
383902,False,True,True,True
383909,False,True,True,True
383930,True,True,True,True
383950,True,True,True,True
383958,False,False,True,True
383967,True,True,True,True
383991,True,True,True,True
384007,True,True,True,True
384036,True,True,True,True
384040,False,False,False,False
384093,False,False,True,True
384122,True,True,True,True
384168,False,True,True,True
384213,False,True,False,True
384231,False,True,True,True
384260,True,True,True,True
384261,False,False,True,True
384269,True,True,True,True
384389,True,True,True,True
384486,True,True,True,True
384520,False,True,True,True
384617,True,True,True,True
384659,False,False,False,False
384745,False,True,True,True
384750,True,True,True,True
384793,False,True,True,True
384794,True,True,True,True
384826,False,True,False,True
384827,True,True,True,True
384834,True,True,True,True
384888,False,True,True,True
384931,False,True,True,True
384952,False,True,True,True
384957,True,True,True,True
384964,True,True,True,True
384967,False,False,True,True
384995,True,True,True,True
385168,True,True,False,False
385182,False,False,True,True
385188,False,False,False,False
385259,False,True,True,True
385272,True,True,True,True
385313,True,True,True,True
385323,True,True,True,True
385326,False,False,False,False
385346,False,False,True,False
385378,False,False,False,True
385381,False,True,True,True
385389,False,False,False,True
385401,True,False,True,False
385406,False,True,True,True
385428,True,True,True,True
385438,False,True,True,True
385485,False,True,False,True
385494,False,False,False,False
385508,True,True,True,True
385533,False,True,True,True
385627,False,True,False,True
385704,False,False,True,True
385861,False,False,False,True
385882,False,True,True,True
385896,True,True,True,True
385940,True,True,True,True
386009,True,True,True,True
386032,False,True,True,True
386092,True,True,True,True
386116,True,True,True,True
386164,False,True,False,True
386165,False,True,False,False
386185,True,True,True,True
386187,True,True,True,True
386189,True,True,True,True
386224,False,False,False,True
386236,True,True,True,True
386253,True,True,True,True
386298,False,False,True,True
386304,False,False,False,True
386313,False,False,True,True
386326,False,True,True,True
386374,True,True,True,True
386414,False,True,True,True
386419,True,True,True,True
386424,True,True,True,True
386540,True,True,True,True
386581,True,True,True,True
386592,False,False,False,False
386632,True,True,True,True
386650,False,True,True,True
386768,False,False,False,False
386788,True,True,True,True
386794,False,False,True,True
386854,False,False,False,False
386884,False,True,True,True
386890,False,True,True,True
386967,False,True,True,True
386968,False,True,True,True
387102,True,True,True,True
387109,True,True,True,True
387121,True,True,True,True
387212,True,True,True,True
387296,True,True,True,True
387335,False,True,True,False
387356,False,True,True,True
387358,True,True,True,True
387362,True,True,True,True
387388,True,True,True,True
387392,False,False,False,True
387410,False,False,False,True
387421,True,True,True,True
387463,False,True,False,True
387515,False,False,False,False
387518,True,True,True,True
387529,True,True,True,True
387551,True,True,True,True
387561,True,True,True,True
387567,False,True,True,True
387595,False,False,False,True
387599,False,True,True,True
387601,False,False,True,True
387661,True,True,True,True
387678,False,False,False,False
387706,True,True,True,True
387712,False,False,True,True
387724,False,False,False,False
387731,True,True,False,True
387759,False,False,False,False
387772,True,True,True,True
387809,False,False,False,False
387824,True,True,True,True
387857,False,True,True,True
387875,False,True,True,True
387876,True,True,True,True
387895,False,True,True,True
387928,False,False,False,False
387950,False,False,False,False
387976,False,False,True,False
387977,False,False,False,True
387990,False,False,False,False
388008,False,False,False,True
388014,True,True,True,True
388027,True,True,True,True
388031,True,True,True,True
388066,True,True,True,True
388074,False,False,True,True
388130,True,True,True,True
388135,True,True,True,True
388148,False,False,False,False
388161,True,True,True,True
388203,True,False,False,False
388217,False,False,True,True
388284,True,True,True,True
388294,True,True,True,True
388297,False,False,False,False
388298,True,True,True,True
388303,False,False,False,False
388330,True,True,True,True
388348,False,False,True,False
388376,False,True,True,False
388381,True,True,True,True
388412,True,True,True,True
388512,True,True,True,True
388564,True,True,True,True
388568,False,False,False,False
388569,True,True,True,True
388601,True,True,True,True
388616,True,True,True,True
388712,False,True,True,True
388818,True,True,True,True
388829,True,True,True,True
388854,True,True,True,True
388865,True,True,True,True
388905,False,True,True,True
388926,False,False,True,True
388940,False,False,False,False
388974,False,False,False,False
388992,False,True,True,True
389020,False,False,True,True
389037,True,True,True,True
389048,False,True,True,True
389108,False,True,True,True
389123,False,True,False,True
389129,True,True,True,True
389145,True,True,True,True
389182,False,True,True,True
389184,True,True,True,True
389190,True,True,True,True
389205,False,False,False,False
389256,True,True,True,True
389292,False,False,False,False
389295,False,False,False,False
389350,True,True,True,True
389351,True,True,True,True
389378,False,False,False,False
389392,False,False,False,False
389401,True,True,True,True
389418,False,True,False,False
389425,False,False,False,False
389441,True,True,True,True
389445,False,False,True,True
389466,True,True,True,True
389472,True,True,False,True
389480,True,True,True,True
389516,False,True,True,True
389541,False,True,True,True
389542,True,True,True,True
389549,False,True,True,True
389577,False,False,False,False
389595,False,True,True,True
389615,False,False,False,False
389630,False,False,True,True
389638,False,False,False,True
389660,False,True,True,True
389698,False,True,True,True
389738,True,True,True,True
389753,False,False,True,True
389772,True,True,True,True
389824,False,False,True,False
389914,True,True,True,True
389957,True,True,True,True
389974,False,False,False,False
390000,True,True,True,True
390068,False,False,False,False
390073,False,True,True,True
390087,True,True,True,True
390120,True,True,True,True
390125,True,True,True,True
390129,True,True,True,True
390130,False,False,True,True
390134,True,True,True,True
390157,True,True,True,True
390161,True,True,True,True
390183,True,True,True,True
390292,False,True,True,True
390311,True,True,True,True
390326,False,True,True,True
390368,False,False,True,True
390513,False,True,True,True
390546,True,True,True,True
390571,True,True,True,True
390593,True,True,True,True
390663,True,True,True,True
390671,True,True,False,False
390749,False,False,True,True
390814,False,False,False,True
390879,True,True,True,True
390883,False,False,True,True
390893,True,True,True,True
390915,True,True,True,True
390923,True,True,True,True
390956,False,True,True,True
390966,True,True,True,True
390999,True,True,True,True
391016,True,True,True,True
391031,True,True,True,True
391063,False,True,True,True
391141,True,True,True,True
391199,False,False,False,True
391216,False,False,False,False
391297,True,True,True,True
391300,False,False,True,False
391304,False,False,True,True
391320,True,True,True,True
391332,False,False,False,False
391351,False,False,False,False
391397,False,False,False,False
391419,False,True,True,True
391474,False,False,False,True
391518,False,True,True,True
391543,True,True,True,True
391603,True,True,True,True
391733,True,True,True,True
391754,True,True,True,True
391794,True,True,True,True
391892,False,False,True,True
391933,True,True,True,True
391940,False,False,False,False
392068,False,False,False,True
392087,False,True,True,True
392107,False,False,False,False
392152,False,True,False,True
392174,True,True,True,True
392183,False,False,True,True
392222,True,True,True,True
392251,True,True,True,True
392319,False,True,True,True
392320,False,False,False,False
392364,False,False,False,False
392381,True,True,True,True
392391,False,False,False,False
392426,False,True,False,True
392458,False,True,True,True
392480,False,False,False,False
392520,False,False,False,True
392564,False,False,False,True
392611,False,False,False,False
392643,False,False,False,False
392657,True,True,True,True
392665,True,True,True,True
392684,True,True,True,True
392725,False,False,True,True
392776,False,True,True,True
392781,True,True,True,True
392839,False,False,False,False
392915,True,True,True,True
392991,True,True,True,True
393031,False,False,True,True
393037,False,False,True,False
393091,False,True,True,True
393094,False,True,True,True
393095,False,True,True,True
393169,True,True,True,True
393195,False,True,True,True
393221,False,False,False,False
393241,True,True,True,True
393277,True,True,True,True
393303,False,False,False,False
393362,False,False,True,True
393412,False,True,True,True
393489,True,True,True,True
393511,True,True,True,True
393544,True,True,True,True
393592,False,False,False,False
393608,True,True,True,True
393634,True,True,True,True
393656,True,True,True,True
393777,True,True,True,True
393795,False,False,False,False
393840,True,True,True,True
393845,False,False,True,True
393869,True,True,True,True
393954,False,True,True,True
394002,False,False,True,True
394009,True,True,True,True
394058,False,False,True,True
394071,True,True,True,True
394100,True,True,True,True
394115,False,True,True,True
394133,True,True,True,True
394139,False,True,True,True
394149,False,True,True,True
394190,False,False,False,False
394276,False,False,False,True
394303,True,True,True,True
394418,False,False,False,False
394447,False,False,True,True
394460,False,False,False,False
394480,True,True,True,True
394518,False,False,False,False
394533,True,True,True,True
394546,False,True,True,True
394583,False,True,True,True
394659,True,True,True,True
394739,True,True,True,True
394776,True,True,True,True
394784,True,True,True,True
394806,False,False,False,True
394879,False,False,False,True
394889,False,False,True,True
394892,True,True,True,True
394941,False,False,True,False
395053,True,True,True,True
395155,True,True,True,True
395178,False,False,False,True
395225,False,True,True,False
395284,True,True,True,False
395340,False,False,True,True
395379,True,True,True,True
395409,False,False,True,False
395432,True,True,True,True
395452,False,False,False,False
395462,True,True,True,True
395469,True,True,True,True
395498,True,True,True,True
395514,True,False,True,True
395555,True,True,True,True
395576,True,True,True,True
395673,False,True,True,True
395684,True,True,True,True
395718,True,True,True,True
395745,False,False,True,True
395758,False,False,False,True
395766,True,True,True,True
395822,False,True,True,True
395830,True,True,True,True
395838,True,True,True,True
395865,False,True,False,False
395904,True,True,True,True
395928,False,False,False,False
395964,False,True,True,True
395965,False,False,False,True
395966,False,False,True,False
395974,False,True,True,True
395987,True,True,True,True
395995,False,True,True,True
396029,False,True,False,False
396042,True,True,True,True
396068,False,True,True,True
396084,False,False,False,False
396094,False,True,True,True
396097,False,True,False,False
396110,True,True,False,False
396188,False,False,False,False
396228,False,False,True,True
396326,False,True,False,True
396330,False,False,False,False
396369,False,False,False,True
396385,False,True,True,True
396400,True,True,True,True
396412,False,False,False,False
396420,False,True,False,False
396495,False,False,False,False
396528,False,True,True,True
396541,True,True,True,True
396596,True,True,True,True
396608,True,True,True,True
396622,True,True,True,True
396688,True,True,True,True
396696,False,False,True,True
396768,False,False,True,True
396779,True,True,True,True
396793,False,True,True,True
396838,False,False,False,True
396858,False,True,True,True
396862,False,False,True,False
396868,False,True,True,True
396890,False,False,True,True
396997,True,False,True,False
397004,True,True,True,True
397005,True,True,True,True
397008,False,True,True,True
397034,True,True,True,True
397041,True,True,True,True
397044,False,False,False,False
397063,True,True,True,True
397069,False,True,True,True
397117,True,True,True,True
397135,False,False,False,False
397190,True,True,True,True
397203,False,True,True,True
397212,True,True,True,True
397217,True,True,True,True
397225,True,True,True,True
397253,False,True,False,False
397274,False,True,True,True
397286,False,False,True,True
397294,True,True,True,True
397362,False,True,True,True
397365,False,True,True,True
397375,True,True,True,True
397423,False,False,False,False
397445,True,True,True,True
397522,False,True,True,True
397543,False,True,True,True
397665,True,False,True,True
397678,True,True,True,True
397746,False,True,True,True
397786,True,True,True,True
397860,False,True,True,True
397877,True,True,True,True
397925,True,True,True,True
397959,True,True,True,True
397997,False,False,True,True
398037,False,False,True,True
398099,False,False,False,False
398119,True,True,True,True
398225,True,True,True,True
398236,True,True,True,True
398246,False,False,False,False
398271,True,True,True,True
398285,False,False,False,False
398382,True,True,True,True
398393,False,True,True,True
398423,True,True,True,True
398428,False,False,False,False
398433,True,True,True,True
398434,True,True,True,True
398435,False,False,True,False
398450,False,True,True,True
398463,True,True,True,True
398488,True,False,True,True
398534,False,True,True,True
398569,False,False,False,False
398702,False,True,True,True
398722,False,True,True,True
398770,False,False,False,False
398799,False,True,True,True
398803,False,False,False,False
398808,True,True,True,True
398813,True,True,True,True
398858,False,False,False,False
398872,False,False,False,False
398957,True,True,True,True
398986,False,True,True,True
398992,True,True,True,True
399001,True,True,True,True
399012,True,True,True,True
399031,False,True,True,True
399058,False,True,True,True
399122,False,True,True,True
399148,True,True,True,True
399154,False,True,True,True
399181,False,False,False,False
399191,False,True,True,True
399214,True,True,True,True
399241,False,False,False,False
399252,True,True,True,True
399294,False,True,True,True
399382,False,True,True,True
399384,True,True,True,True
399392,False,False,False,True
399441,False,False,False,False
399461,False,False,False,False
399476,False,False,False,True
399510,False,True,True,True
399534,True,True,True,True
399540,True,True,True,True
399542,True,True,True,True
399567,True,True,True,True
399570,True,True,True,True
399615,False,False,False,False
399664,False,False,False,False
399665,True,True,True,True
399686,False,True,True,True
399703,True,True,True,True
399747,False,False,False,True
399780,True,True,True,True
399839,True,True,True,True
399862,True,True,True,True
399878,False,False,False,True
399879,False,False,True,False
399893,True,True,True,True
399981,False,False,False,False
399984,True,True,True,True
400000,True,True,True,True
400028,True,True,True,True
400039,False,True,True,True
400052,True,False,False,False
400060,False,True,False,False
400075,True,True,True,True
400104,True,True,True,True
400238,False,True,True,True
400253,False,False,False,False
400298,False,False,True,True
400313,False,True,True,True
400317,False,False,True,True
400371,False,False,False,False
400377,True,True,True,True
400379,True,True,True,True
400409,False,False,False,True
400417,False,False,False,False
400535,False,True,True,True
400606,False,False,False,True
400655,True,True,True,True
400706,True,True,True,True
400719,True,True,True,True
400726,False,True,True,True
400734,False,True,True,True
400742,False,False,False,False
400763,False,True,True,True
400809,True,True,True,True
400822,False,True,True,True
400828,False,False,False,False
400838,False,False,False,False
400851,False,False,False,False
400916,True,True,True,True
400993,False,True,True,True
401007,False,True,True,True
401027,True,True,True,True
401054,True,True,True,True
401067,False,True,True,True
401088,False,False,False,False
401094,True,True,True,True
401132,False,False,False,True
401157,False,True,True,True
401163,True,True,True,True
401167,False,True,True,True
401171,True,True,True,True
401232,False,False,False,False
401249,True,True,True,True
401291,False,False,False,False
401400,False,False,False,False
401425,True,True,True,True
401435,False,True,False,True
401440,False,False,False,False
401484,False,True,True,True
401509,False,False,False,False
401532,False,True,True,True
401642,False,False,True,True
401681,False,False,True,True
401688,False,True,True,True
401703,False,False,False,True
401705,True,True,True,True
401707,False,False,True,True
401743,True,True,True,True
401766,False,True,True,False
401780,True,False,True,True
401828,True,True,True,True
401829,False,False,False,False
401835,True,True,True,True
401846,True,True,True,True
401907,False,True,True,True
401951,True,True,True,True
402041,False,True,False,True
402071,True,True,True,True
402082,True,True,True,True
402097,True,True,True,True
402109,False,True,True,True
402142,False,False,False,False
402170,False,True,True,True
402212,False,False,False,True
402248,False,True,True,True
402281,False,False,False,True
402381,True,True,True,True
402420,False,True,True,True
402425,True,True,True,True
402451,True,True,True,True
402499,True,True,True,True
402507,True,True,True,True
402527,True,True,True,True
402570,True,True,True,True
402575,False,False,True,False
402632,False,True,True,True
402658,True,True,True,True
402662,True,True,True,True
402671,True,True,True,True
402715,True,True,True,True
402846,False,True,True,False
402941,True,True,True,True
402971,True,True,True,True
402977,False,True,True,True
403004,True,True,True,True
403013,False,True,True,True
403054,False,True,True,True
403132,False,True,True,True
403222,True,True,True,True
403271,True,True,True,True
403301,False,True,True,True
403307,False,False,False,False
403358,False,False,False,False
403389,False,True,False,False
403427,False,False,True,False
403459,False,False,False,False
403482,False,True,True,True
403489,False,False,True,True
403593,False,False,True,False
403627,False,False,False,False
403652,True,True,True,True
403666,False,False,False,False
403677,True,True,True,True
403687,False,False,False,False
403723,False,True,True,True
403743,False,False,True,True
403813,False,False,False,False
403854,False,False,False,False
403899,True,True,True,True
403907,False,True,True,True
403986,False,True,True,True
404013,True,True,True,True
404015,False,False,False,False
404027,False,False,True,True
404050,True,True,True,True
404101,False,False,False,False
404145,True,True,True,True
404172,False,False,False,False
404194,False,False,False,False
404271,False,True,True,True
404283,True,True,True,True
404292,True,True,True,True
404302,False,False,False,False
404351,False,True,True,True
404367,True,True,True,True
404385,False,True,False,True
404395,False,True,True,False
404398,True,True,True,True
404403,True,True,True,True
404475,False,False,False,False
404476,False,False,False,False
404502,True,True,True,True
404507,True,True,True,True
404530,True,True,True,True
404545,True,True,True,True
404592,False,False,False,True
404607,False,True,False,True
404621,False,True,True,True
404702,True,True,True,True
404740,True,True,True,True
404759,False,False,True,True
404812,False,True,True,True
404823,False,False,True,True
404828,True,True,True,True
404849,True,True,True,True
404897,False,False,False,True
404948,False,True,True,True
404982,True,True,True,True
404983,True,True,True,True
405004,False,False,False,False
405007,False,True,True,True
405047,True,True,True,True
405057,True,True,True,True
405068,False,False,True,False
405079,True,True,True,True
405133,True,True,True,True
405136,True,True,True,True
405166,True,True,True,True
405183,False,True,True,True
405192,True,True,True,True
405210,False,False,True,True
405213,True,True,True,True
405316,True,True,True,True
405361,True,True,True,True
405401,True,True,True,True
405418,False,False,False,False
405461,False,False,False,False
405543,True,True,True,True
405561,True,True,True,True
405582,False,False,True,True
405632,True,True,True,True
405645,True,True,True,True
405660,True,True,True,True
405721,True,True,True,True
405742,True,True,True,True
405800,False,False,False,False
405823,False,True,False,False
405848,True,True,True,True
405851,True,True,True,True
405882,False,True,True,True
405897,True,True,True,True
405959,False,True,True,True
405980,True,True,True,True
405995,True,True,True,True
405998,False,False,False,False
406021,True,True,True,True
406024,False,True,True,True
406047,True,True,True,True
406139,True,True,True,True
406168,True,True,True,True
406215,True,True,True,True
406224,True,True,True,True
406242,True,True,True,True
406282,False,True,True,True
406340,True,True,True,True
406359,True,True,True,True
406422,False,True,True,True
406426,True,True,True,True
406446,False,False,False,True
406514,True,True,True,True
406534,True,True,True,True
406535,True,True,True,True
406666,True,True,True,True
406681,False,True,True,True
406734,False,False,True,True
406739,True,True,True,True
406755,True,True,True,True
406760,False,False,False,True
406810,False,False,True,False
406841,False,True,True,True
406867,True,True,True,True
406873,False,True,True,True
406908,False,False,False,False
406934,False,True,True,True
406938,True,True,True,True
406948,False,True,True,True
406949,True,True,True,True
406957,False,False,False,False
407017,True,True,True,True
407027,False,True,True,True
407061,False,True,True,True
407063,True,True,True,True
407092,False,False,False,False
407162,True,True,True,True
407196,False,False,False,False
407201,False,False,False,False
407210,True,True,True,True
407221,False,False,False,False
407291,False,False,True,False
407369,False,True,False,False
407441,False,True,True,True
407465,True,True,True,True
407482,True,True,True,True
407520,True,True,True,True
407566,False,False,False,True
407570,False,False,False,True
407589,False,True,True,True
407617,False,False,False,False
407634,True,True,True,True
407683,False,False,True,True
407687,False,True,True,True
407700,False,True,True,True
407743,False,True,True,True
407783,True,True,True,True
407808,False,True,True,True
407820,False,True,False,True
407891,False,True,False,True
407948,True,True,True,True
407949,True,True,True,True
408039,False,True,True,True
408099,False,True,True,True
408116,False,True,True,True
408190,True,True,True,True
408208,False,True,True,True
408249,False,False,False,False
408266,True,True,True,True
408288,True,True,True,True
408307,True,True,True,True
408324,False,True,False,False
408351,True,True,True,True
408362,False,True,True,True
408364,False,False,False,False
408393,True,True,True,True
408407,True,True,True,True
408431,True,True,True,True
408492,True,True,True,True
408528,False,False,True,False
408535,True,True,True,True
408680,False,False,False,True
408730,True,True,True,True
408736,True,True,True,True
408755,False,True,True,False
408773,True,True,True,True
408799,False,False,False,True
408805,True,True,True,True
408818,True,True,True,True
408906,True,True,True,True
408978,False,False,False,False
409092,True,True,True,True
409097,False,False,False,False
409099,False,True,True,True
409120,True,True,True,True
409135,False,False,True,True
409160,True,True,True,True
409184,True,True,True,True
409208,True,True,True,True
409209,False,False,False,False
409216,False,True,True,True
409220,False,True,True,True
409247,False,False,False,True
409327,False,False,True,True
409331,False,False,False,False
409338,False,False,False,False
409375,False,False,True,True
409438,False,True,True,True
409451,True,True,True,True
409491,False,True,False,False
409558,True,True,True,True
409570,False,False,False,False
409603,True,True,True,True
409627,True,True,True,True
409658,True,True,True,True
409661,True,True,True,True
409667,True,True,True,True
409669,False,False,False,False
409678,True,True,True,True
409681,True,True,True,True
409725,False,False,False,False
409728,True,True,True,True
409763,False,True,False,False
409767,False,False,True,True
409771,False,False,False,True
409784,False,True,True,True
409833,True,True,True,True
409872,False,False,False,False
409897,False,False,True,False
409963,False,True,True,True
409979,True,True,True,True
410023,False,True,True,True
410066,False,False,False,True
410105,False,False,True,True
410107,False,True,True,True
410114,False,False,False,False
410123,False,False,True,True
410155,True,True,True,True
410191,True,True,True,True
410225,True,True,True,True
410239,True,True,True,True
410261,False,True,False,False
410262,True,True,True,True
410305,False,False,False,False
410320,True,True,True,True
410323,True,True,True,True
410337,True,True,True,True
410436,True,True,True,True
410498,True,True,True,True
410535,True,True,True,True
410554,False,True,True,True
410587,False,False,False,False
410601,True,True,True,True
410627,False,False,True,True
410632,True,True,True,True
410633,True,True,True,True
410708,False,False,True,True
410710,True,True,True,True
410715,True,True,True,True
410724,True,True,True,True
410731,True,True,True,True
410774,True,True,True,True
410817,False,True,False,False
410887,True,False,False,True
410912,True,True,True,True
410980,False,True,True,True
410981,True,True,True,True
411043,True,True,True,True
411070,False,False,False,False
411111,False,False,False,False
411171,False,False,False,False
411177,False,False,False,False
411226,True,True,True,True
411241,True,True,True,True
411277,True,True,True,True
411291,True,True,True,True
411303,False,False,False,False
411327,False,False,False,False
411329,True,True,True,True
411341,True,True,True,True
411358,True,True,True,True
411417,False,True,False,True
411430,False,True,True,True
411474,True,True,True,True
411480,False,False,True,False
411484,True,True,True,True
411554,True,True,True,True
411603,False,False,False,False
411624,False,False,False,False
411686,True,True,True,True
411726,False,False,False,False
411775,True,True,True,True
411778,True,True,True,True
411875,True,True,True,True
411885,True,True,True,True
411934,False,False,False,False
411941,False,True,True,True
411943,True,True,True,True
411975,False,True,True,True
411979,True,True,True,True
412001,True,True,True,True
412019,True,False,True,True
412059,True,True,True,True
412174,False,True,False,False
412190,False,False,False,False
412200,True,True,True,True
412208,False,False,False,False
412277,False,False,False,False
412296,True,True,True,True
412326,False,False,False,True
412330,True,True,True,True
412339,False,True,True,True
412371,False,False,True,True
412377,False,False,False,False
412384,True,True,True,True
412390,False,False,False,False
412407,False,False,False,False
412431,True,True,True,True
412437,True,True,True,True
412440,False,True,True,True
412442,False,False,False,False
412443,False,True,True,True
412453,True,True,True,True
412516,False,True,True,True
412525,True,True,True,True
412544,True,True,True,True
412587,True,True,True,True
412632,True,True,True,True
412641,True,True,True,True
412666,False,False,False,False
412680,False,False,False,False
412755,False,True,True,True
412781,False,False,False,False
412830,False,False,True,False
412835,True,True,True,True
412848,False,True,True,True
412878,False,True,True,True
412901,False,True,True,True
412931,True,True,True,True
412975,True,False,True,True
413057,True,True,True,True
413070,False,False,True,True
413115,True,True,True,True
413128,False,False,False,False
413202,False,False,False,False
413206,False,False,True,True
413287,False,False,False,False
413324,True,True,True,True
413346,False,True,True,True
413401,False,True,True,False
413459,False,False,False,False
413556,False,True,True,True
413572,False,True,True,True
413616,True,True,True,True
413699,True,True,True,True
413707,False,False,False,False
413713,False,False,False,False
413734,False,False,False,True
413746,False,True,True,True
413791,False,False,True,True
413792,False,False,False,True
413822,True,True,True,True
413847,False,True,True,True
413879,False,True,True,True
413927,True,True,True,True
413947,False,False,False,True
413948,True,True,True,True
413971,True,True,True,True
413984,False,False,False,True
413999,False,False,False,False
414046,True,True,True,True
414130,False,False,False,False
414137,False,False,False,True
414156,False,False,True,True
414212,False,False,False,False
414236,True,True,True,True
414249,True,True,True,True
414285,False,False,False,False
414289,False,True,True,True
414379,False,False,True,True
414381,False,False,True,True
414389,True,True,True,True
414397,False,False,True,True
414401,False,False,False,False
414516,False,True,True,True
414571,True,True,True,True
414577,True,True,True,True
414624,False,False,False,False
414648,True,True,True,True
414663,True,True,True,True
414684,True,True,True,True
414701,True,True,True,True
414706,False,False,True,True
414709,True,True,True,True
414711,True,True,True,True
414747,False,True,True,True
414764,False,False,False,False
414772,False,False,True,True
414787,True,True,True,True
414849,False,False,True,True
414881,False,True,True,True
414916,False,True,True,True
414923,True,True,True,True
414954,True,True,True,True
414975,False,False,False,False
415008,True,True,True,True
415026,True,True,True,True
415054,True,True,True,True
415076,False,False,False,False
415119,True,True,True,True
415146,False,True,False,True
415174,False,False,False,False
415183,False,False,True,True
415222,True,True,True,True
415275,False,False,False,False
415420,False,False,False,False
415492,True,True,True,True
415493,True,True,True,True
415500,True,True,True,True
415539,True,True,True,True
415548,True,True,True,True
415589,False,False,True,False
415594,True,True,True,True
415604,False,True,True,True
415611,False,False,False,True
415613,False,False,False,True
415619,True,True,True,True
415660,True,True,True,True
415663,False,False,True,True
415672,False,False,False,False
415710,False,True,True,True
415723,False,False,False,False
415728,False,True,True,True
415771,True,True,True,True
415806,False,False,False,False
415822,False,False,False,False
415880,False,True,True,True
415889,True,True,True,True
415904,True,True,True,True
415971,True,True,True,True
415976,False,True,True,True
416002,True,True,True,True
416006,True,True,True,True
416018,False,True,True,True
416047,False,True,True,True
416059,False,False,False,False
416072,True,True,True,True
416088,True,True,True,True
416095,False,False,False,False
416101,True,True,True,True
416115,True,True,True,True
416117,True,True,True,True
416181,False,True,True,True
416184,False,True,True,True
416186,True,True,True,True
416215,False,False,False,False
416258,False,True,True,True
416297,False,True,True,True
416304,True,True,False,True
416308,False,True,True,True
416311,False,False,True,True
416315,True,True,True,True
416320,True,True,True,True
416337,True,True,True,True
416345,False,False,False,False
416372,False,False,False,False
416467,False,False,False,False
416473,False,True,True,True
416478,False,True,True,True
416489,False,True,True,True
416528,False,True,True,True
416544,False,True,True,True
416585,True,True,True,True
416612,True,True,True,True
416656,False,True,True,True
416660,False,True,True,True
416697,False,True,True,True
416700,True,True,True,True
416718,False,True,True,True
416723,False,True,True,True
416729,True,True,True,True
416730,True,True,True,True
416733,False,False,False,False
416739,True,True,True,True
416741,False,True,True,True
416795,True,True,True,True
416810,True,True,False,False
416816,True,True,True,True
416860,True,True,True,True
416864,True,True,True,True
416878,False,False,False,False
416930,False,False,False,False
416943,False,False,False,False
416948,True,True,True,True
416960,False,False,False,False
416979,False,True,True,False
417037,True,True,True,True
417105,False,False,True,True
417142,True,True,True,True
417160,False,False,False,False
417216,True,True,True,True
417265,False,True,True,True
417276,True,True,True,True
417293,False,False,True,True
417315,True,True,True,True
417330,True,True,True,True
417347,False,False,False,True
417373,False,True,False,True
417384,True,True,True,True
417430,False,True,True,True
417469,False,False,False,True
417481,True,True,True,True
417570,True,True,True,True
417571,True,True,True,True
417674,False,False,False,True
417727,False,True,True,True
417766,False,True,True,True
417818,True,True,True,True
417830,True,True,True,True
417885,False,True,False,False
417965,False,True,True,True
418054,True,True,True,True
418057,False,False,False,False
418069,True,True,True,True
418110,False,False,True,True
418134,True,True,True,True
418135,True,True,True,True
418152,True,True,True,True
418155,False,True,True,True
418168,True,True,True,True
418173,False,False,False,True
418180,False,True,True,True
418196,True,True,True,True
418219,True,True,True,True
418229,True,True,True,True
418318,False,False,False,False
418329,True,True,True,True
418385,False,True,True,True
418397,True,True,True,True
418429,False,True,True,True
418445,True,True,True,True
418512,False,False,False,True
418569,True,True,True,True
418586,True,True,True,True
418634,True,True,True,True
418680,True,True,True,True
418697,False,True,True,True
418701,True,True,True,True
418723,False,True,True,True
418726,False,False,False,False
418737,False,False,False,False
418812,True,True,True,True
418824,False,False,True,False
418825,False,False,True,False
418882,False,True,True,True
418894,False,False,False,False
418927,False,True,False,True
418964,False,False,False,False
418968,False,False,True,False
419008,True,True,False,True
419019,True,True,True,True
419052,True,True,True,True
419053,True,True,True,True
419117,False,False,True,True
419119,False,False,False,False
419125,True,True,True,True
419143,False,False,False,True
419145,False,False,False,True
419211,True,True,True,True
419255,True,True,True,True
419271,True,True,True,True
419276,True,True,True,True
419327,True,True,True,True
419364,True,True,True,True
419378,True,True,True,True
419391,False,True,True,True
419489,True,True,True,True
419544,False,False,False,False
419550,True,True,True,True
419559,True,True,True,True
419609,True,True,True,True
419644,True,True,True,True
419666,True,True,True,True
419678,True,True,True,True
419712,False,False,False,False
419714,False,False,True,True
419738,True,True,True,True
419774,False,True,True,True
419777,True,True,True,True
419790,True,True,True,True
419815,True,True,True,True
419816,True,True,True,True
419848,True,True,True,True
419860,True,True,True,True
419892,False,True,True,True
419904,False,False,True,True
419908,False,True,True,True
419971,True,True,True,True
419978,False,False,True,True
420025,True,True,True,True
420054,False,False,True,True
420090,True,True,True,True
420110,False,True,True,True
420120,True,False,True,True
420156,False,True,True,True
420167,True,True,True,True
420231,False,False,False,False
420287,True,True,True,True
420291,False,True,True,True
420300,False,False,True,True
420375,True,True,True,True
420412,False,True,True,True
420488,False,False,False,False
420575,True,True,True,True
420608,True,True,True,True
420617,False,False,False,False
420626,False,False,False,False
420627,True,True,True,True
420629,False,False,True,True
420643,True,True,True,True
420650,False,False,False,True
420658,False,False,True,True
420673,True,True,True,True
420688,False,True,True,True
420692,True,False,False,True
420697,False,False,False,False
420713,False,True,True,True
420827,True,True,True,True
420831,True,True,True,True
420862,True,True,True,True
420864,True,True,True,True
420882,False,False,True,True
420883,True,True,True,True
420892,False,False,False,False
420912,False,True,True,False
420922,False,False,False,False
421010,False,False,False,False
421024,False,False,False,False
421028,True,True,True,True
421042,True,True,True,True
421146,False,False,False,False
421169,True,True,True,True
421228,True,True,True,True
421231,True,True,True,True
421241,False,False,False,True
421338,False,False,False,False
421360,False,True,True,True
421544,True,True,True,True
421557,True,True,True,True
421569,True,True,True,True
421599,False,False,False,True
421611,True,True,True,True
421618,False,False,False,True
421639,True,True,True,True
421684,True,True,True,True
421733,True,True,True,True
421735,True,True,True,True
421771,True,True,True,True
421811,True,True,True,True
421882,True,True,True,True
421884,True,True,True,True
421969,False,True,True,True
421991,True,True,True,True
421995,False,True,True,True
421999,True,True,True,True
422020,False,True,True,True
422040,False,False,True,True
422050,False,False,True,True
422100,True,True,True,True
422211,True,True,True,True
422255,False,True,True,True
422261,False,True,True,True
422269,True,True,True,True
422274,True,True,True,True
422296,True,True,True,True
422301,False,True,True,True
422350,False,False,True,True
422354,False,False,True,True
422432,False,False,True,True
422469,True,True,True,True
422515,False,False,False,False
422522,False,False,False,False
422536,True,True,True,True
422558,False,False,False,False
422640,True,True,True,True
422661,True,True,True,True
422676,False,True,True,True
422696,False,False,False,False
422700,False,False,False,False
422737,False,True,True,True
422774,False,False,False,True
422782,True,True,True,True
422785,False,False,False,False
422804,False,False,False,False
422828,True,True,True,True
422850,True,True,True,True
422865,True,True,True,True
422866,True,True,True,True
422876,False,False,True,False
422894,False,False,False,False
422918,False,True,True,True
422959,False,False,True,True
422995,True,True,True,True
423037,False,True,True,True
423050,True,True,True,True
423058,True,True,True,True
423083,False,False,False,False
423125,True,True,True,True
423165,False,False,False,False
423189,False,True,True,True
423202,True,True,True,True
423214,False,False,False,False
423223,False,False,False,False
423250,False,False,False,False
423256,True,True,True,True
423267,False,False,False,False
423275,False,False,True,False
423309,True,True,True,True
423310,False,False,True,True
423313,False,True,False,False
423327,True,True,True,True
423349,False,False,False,False
423358,True,True,True,True
423395,True,True,True,True
423445,False,True,True,True
423464,True,True,True,True
423481,True,True,True,True
423602,True,True,True,True
423619,False,True,True,True
423710,True,True,True,True
423723,True,True,True,True
423740,False,False,True,True
423761,False,False,False,True
423768,True,True,True,True
423782,False,True,True,True
423815,True,True,True,True
423826,False,False,False,False
423834,False,True,False,True
423850,False,True,True,True
423890,False,False,True,False
423932,False,True,True,True
423935,True,True,True,True
423984,True,True,True,True
424002,False,False,False,False
424105,False,True,True,True
424111,True,True,True,True
424155,False,False,False,False
424161,False,False,False,False
424222,False,True,True,True
424271,False,True,True,True
424284,False,False,False,False
424293,True,True,True,True
424388,False,True,False,False
424408,False,True,True,True
424412,True,True,True,True
424435,False,True,True,True
424443,True,True,True,True
424458,True,True,True,True
424470,False,False,False,True
424483,False,True,True,True
424489,True,True,True,True
424502,False,True,True,False
424505,False,True,True,True
424533,False,True,True,True
424582,False,False,False,True
424607,True,True,True,True
424632,False,False,False,False
424637,True,True,True,True
424793,False,True,True,False
424842,False,False,False,True
424844,True,True,True,True
424867,True,True,True,True
424927,False,True,True,True
424933,False,True,True,True
424991,False,False,False,True
425052,True,True,True,True
425055,True,True,True,True
425093,True,True,True,True
425114,False,True,True,True
425127,False,True,False,True
425136,True,True,True,True
425137,True,True,True,True
425175,False,True,True,True
425177,True,True,True,True
425208,True,True,True,True
425289,False,False,False,False
425296,False,True,True,True
425324,False,True,True,False
425325,True,True,True,True
425433,True,True,True,True
425441,False,False,True,False
425526,True,False,True,True
425550,True,True,True,True
425555,False,True,False,True
425556,False,False,False,False
425569,False,False,False,False
425578,False,False,False,False
425653,False,False,False,True
425743,False,False,True,True
425758,False,False,False,False
425788,False,True,True,True
425807,False,True,True,True
425815,True,True,True,True
425917,True,True,True,True
426011,False,True,True,True
426094,True,True,True,True
426096,False,True,True,True
426133,False,False,True,False
426151,True,True,True,True
426170,False,False,False,False
426201,False,False,False,False
426209,True,True,True,True
426238,True,True,True,True
426247,True,True,True,True
426300,False,True,False,False
426348,False,False,False,False
426383,False,False,False,False
426390,False,True,True,True
426421,False,False,False,False
426429,False,False,False,False
426443,True,True,True,True
426525,True,True,True,True
426528,False,False,False,False
426556,False,False,False,True
426568,False,False,True,True
426578,False,False,False,False
426585,False,False,False,False
426591,True,True,True,True
426602,True,True,True,True
426656,True,True,True,True
426663,False,True,True,True
426690,False,False,True,True
426712,False,False,True,True
426762,False,True,False,True
426773,True,True,True,True
426776,False,True,False,True
426829,False,True,True,True
426835,False,False,False,False
426839,False,True,True,False
426841,False,False,False,True
426850,True,True,True,True
426874,False,False,False,True
426876,True,False,False,False
426880,True,True,False,True
426972,True,True,True,True
426975,True,False,True,True
426983,False,True,True,True
426994,False,False,True,False
427070,True,True,True,True
427083,True,True,True,True
427091,False,True,True,True
427111,True,True,True,True
427123,True,True,True,True
427163,False,True,True,True
427166,True,True,True,True
427232,False,False,False,False
427238,False,True,True,True
427252,True,True,True,True
427306,True,True,True,True
427350,False,False,True,True
427384,False,True,False,True
427399,False,True,True,True
427438,True,True,True,True
427449,True,True,True,True
427526,True,True,True,True
427544,True,True,True,True
427583,True,True,True,True
427615,True,True,True,True
427657,False,True,False,False
427692,True,True,True,True
427733,True,True,True,True
427770,True,True,True,True
427783,True,True,True,True
427796,False,False,False,False
427832,False,False,False,False
427980,False,False,False,False
427981,False,False,False,True
428011,True,True,True,True
428015,True,True,True,True
428033,True,True,True,True
428065,True,True,True,True
428140,True,True,True,True
428148,False,False,False,False
428231,True,True,True,True
428267,True,True,True,True
428291,False,True,True,True
428305,True,True,True,True
428340,False,True,True,True
428375,False,True,True,True
428381,False,True,True,True
428403,False,False,False,False
428407,False,False,False,True
428420,False,True,False,True
428457,False,False,False,False
428576,False,True,True,True
428595,True,False,False,False
428698,False,True,False,False
428707,True,True,True,True
428787,False,True,True,True
428830,True,True,True,True
428895,True,True,True,True
428943,True,True,True,True
428991,False,True,True,True
429065,False,False,False,True
429113,True,True,True,True
429119,False,False,False,False
429142,True,True,True,True
429159,True,True,True,True
429215,True,True,True,True
429226,False,False,False,False
429233,True,True,True,True
429236,True,True,True,True
429246,False,True,True,True
429261,False,False,True,True
429266,True,True,True,True
429353,False,False,False,True
429361,True,True,True,True
429384,False,False,False,False
429408,False,False,False,True
429416,False,False,True,True
429476,True,True,True,True
429505,False,True,True,True
429536,True,False,False,True
429539,True,True,True,True
429587,True,True,True,True
429635,False,True,True,True
429644,False,False,False,False
429679,False,True,False,True
429685,True,True,True,True
429811,False,True,True,True
429829,False,True,True,True
429834,True,True,True,True
429892,False,True,True,True
429913,False,False,False,True
430036,False,False,True,True
430054,False,True,True,True
430061,True,True,True,True
430148,True,True,False,True
430175,True,True,True,True
430191,True,True,True,True
430251,True,True,True,True
430261,True,True,True,True
430341,True,True,True,True
430345,False,False,False,True
430346,True,True,True,True
430351,True,True,True,True
430428,False,False,False,True
430469,True,True,True,True
430489,False,True,True,True
430521,False,False,True,True
430531,True,True,True,True
430597,True,True,True,True
430598,False,False,False,True
430617,False,True,True,True
430652,True,True,True,True
430681,True,True,True,True
430731,False,False,False,True
430744,True,True,True,True
430790,False,False,False,False
430889,False,False,True,True
430940,True,True,True,True
430950,False,False,True,True
431009,True,True,True,True
431024,False,False,False,True
431044,True,True,True,True
431060,False,True,True,True
431085,True,True,True,True
431116,True,True,True,True
431169,False,False,True,True
431177,True,True,True,True
431197,False,True,True,True
431201,True,True,True,True
431207,False,False,False,False
431236,False,True,True,False
431272,True,True,True,True
431281,True,True,True,True
431297,True,True,True,True
431312,True,True,True,True
431322,True,True,True,True
431323,True,True,True,True
431352,False,True,False,False
431376,False,False,False,True
431398,True,True,True,True
431400,False,False,False,False
431439,False,False,False,False
431464,True,True,True,True
431479,False,True,True,True
431503,False,False,False,True
431504,True,True,True,True
431521,True,True,True,True
431557,False,True,True,True
431566,True,True,True,True
431570,False,False,False,False
431606,True,True,True,True
431655,False,False,False,False
431660,True,True,True,True
431671,False,True,True,True
431681,False,True,True,True
431691,True,True,True,True
431731,False,False,False,True
431756,True,True,True,True
431764,True,False,True,True
431775,False,True,True,False
431808,True,True,True,True
431820,False,False,False,False
431873,True,True,True,True
431904,True,True,True,True
431921,False,False,False,False
431922,True,True,True,True
431923,True,True,True,True
431943,True,True,True,True
431948,False,True,False,True
431972,False,False,False,False
432019,False,False,True,False
432038,True,True,True,True
432053,False,True,True,True
432062,False,False,True,False
432134,True,True,True,True
432138,False,False,True,True
432153,True,True,True,True
432239,True,True,True,True
432255,False,True,True,True
432273,False,False,False,False
432293,True,True,True,True
432317,False,True,True,True
432333,False,False,True,False
432363,True,True,True,True
432419,False,True,True,True
432421,False,False,False,False
432453,True,True,True,True
432461,False,False,True,True
432484,True,True,True,True
432502,False,False,False,True
432503,False,False,False,False
432626,True,True,True,True
432627,True,True,True,True
432742,False,False,False,False
432744,True,True,True,True
432748,True,True,True,True
432754,False,False,False,True
432799,False,True,True,True
432831,True,True,True,True
432859,True,True,True,True
432873,False,False,False,False
432884,True,True,True,True
432891,False,False,True,True
432897,True,True,True,True
432947,False,False,False,False
432956,False,False,False,False
433055,True,True,False,False
433110,False,False,False,False
433124,True,True,True,True
433125,True,True,True,True
433133,True,True,True,True
433145,True,True,True,True
433170,False,False,False,False
433214,True,True,True,True
433232,False,False,False,False
433279,False,True,True,True
433296,False,False,False,True
433334,True,True,True,True
433370,True,True,True,True
433373,True,True,True,True
433398,False,True,True,True
433438,False,False,False,False
433505,False,True,True,True
433536,False,False,False,False
433568,True,True,True,True
433574,False,True,False,True
433605,True,True,True,True
433676,False,True,False,True
433716,False,False,False,False
433787,False,False,True,False
433804,False,True,True,True
433806,True,True,True,True
433822,True,True,True,True
433854,True,True,True,True
433900,False,False,False,True
433904,True,True,True,True
433921,False,True,False,True
433984,True,True,True,True
433985,False,False,False,False
433993,False,True,True,True
433998,False,False,False,False
434036,True,True,True,True
434043,False,True,True,True
434069,False,False,False,True
434127,False,False,False,True
434135,True,True,True,True
434192,True,True,True,True
434208,True,True,True,True
434262,False,False,False,False
434305,True,True,True,True
434328,True,True,True,True
434338,False,True,True,True
434354,False,False,False,False
434358,False,False,False,True
434370,False,False,False,False
434371,False,False,False,False
434372,False,False,False,False
434385,False,False,False,False
434389,False,False,True,True
434513,False,True,True,True
434539,True,True,True,True
434673,True,True,True,True
434753,False,True,True,True
434782,False,True,False,True
434787,True,True,True,True
434828,True,True,True,True
434877,False,False,False,False
434894,True,True,True,True
434930,True,True,True,True
434940,True,True,True,True
434962,False,False,True,True
434992,True,True,True,True
435046,False,False,True,True
435047,False,True,True,True
435145,False,True,False,False
435152,False,True,True,True
435170,True,True,True,True
435218,False,False,True,False
435257,True,True,True,True
435260,False,False,False,False
435309,True,True,True,True
435322,True,True,False,False
435328,False,False,True,True
435359,True,True,True,True
435389,True,True,True,True
435391,True,True,True,True
435445,True,True,True,True
435452,True,True,True,True
435554,True,True,True,True
435562,False,False,False,False
435569,True,True,True,True
435573,True,True,True,True
435620,True,True,True,True
435653,True,True,True,True
435664,True,True,True,True
435673,True,True,True,True
435682,True,True,True,True
435690,False,True,True,True
435751,False,False,False,True
435755,False,True,True,False
435805,True,True,True,True
435809,False,False,False,True
435820,True,False,False,False
435855,False,False,False,False
435869,False,True,True,True
435889,True,True,True,True
435920,True,True,True,True
435929,False,False,False,False
435951,True,True,True,True
435986,True,True,True,True
436038,True,True,True,True
436056,True,True,True,True
436078,False,False,True,True
436117,True,True,True,True
436127,False,False,True,True
436130,False,False,False,True
436168,False,False,True,True
436185,False,True,True,True
436199,False,False,True,True
436218,False,False,False,False
436273,False,False,False,True
436287,False,True,True,True
436288,False,False,False,False
436295,False,True,True,False
436302,False,False,True,True
436306,False,True,True,True
436323,True,True,True,True
436349,False,False,False,False
436492,False,True,False,False
436504,False,True,False,True
436508,True,True,True,True
436519,True,True,True,True
436555,True,True,True,True
436626,False,True,True,True
436627,False,True,True,True
436722,False,True,True,True
436774,True,True,True,True
436791,True,True,True,True
436802,True,True,True,True
436835,True,True,True,True
436901,False,False,False,False
436918,True,True,True,True
436963,True,True,False,False
436990,False,False,True,True
437010,False,True,True,True
437082,False,False,False,False
437100,True,True,True,True
437102,False,False,False,False
437139,True,True,True,True
437282,True,True,True,True
437297,True,False,True,True
437303,True,True,True,True
437304,True,True,True,True
437325,True,True,True,True
437363,False,True,True,True
437373,False,False,False,True
437446,True,True,True,True
437452,True,True,True,True
437481,True,True,True,True
437510,True,True,True,True
437516,False,False,True,True
437518,False,False,True,True
437537,False,False,False,False
437543,True,True,True,True
437594,False,False,False,False
437732,True,True,True,True
437756,True,True,True,True
437783,False,True,True,True
437785,False,False,False,False
437862,False,False,False,False
437865,False,False,True,True
437895,False,True,False,True
437902,True,True,True,True
437904,False,False,True,True
437923,False,False,False,True
437944,False,True,True,True
437949,False,False,True,True
437964,False,False,False,False
438004,False,True,False,False
438045,False,True,True,True
438053,False,False,False,False
438059,True,True,True,True
438063,False,False,True,True
438073,False,False,False,False
438081,True,True,True,True
438101,True,True,True,True
438154,True,True,True,True
438167,True,True,True,True
438191,True,True,True,True
438267,True,True,True,True
438348,False,False,False,False
438349,False,False,True,True
438413,False,False,False,False
438453,False,False,False,True
438462,False,False,True,True
438477,True,True,True,True
438485,False,False,False,False
438500,True,True,True,True
438531,True,True,True,True
438560,True,True,True,True
438567,False,False,False,True
438575,False,True,False,False
438594,False,False,False,False
438619,True,True,False,True
438701,False,True,True,True
438734,False,True,True,True
438738,True,True,True,True
438769,True,True,True,True
438788,True,True,True,True
438811,True,True,True,True
438867,True,True,True,True
438905,False,True,True,True
438909,True,True,True,True
438978,True,True,True,True
438979,False,False,True,True
438985,True,True,True,True
438995,True,True,True,True
439084,False,False,False,False
439141,False,True,True,True
439185,False,True,True,True
439262,True,True,True,True
439268,True,True,True,True
439274,True,True,True,True
439306,False,False,False,False
439322,True,True,True,True
439333,True,True,True,True
439364,False,False,False,False
439386,True,True,True,True
439445,True,True,True,True
439463,True,True,True,True
439486,True,True,True,True
439518,False,False,False,True
439531,True,True,True,True
439650,True,True,True,True
439676,True,True,True,True
439777,True,True,True,True
439781,True,True,True,True
439817,False,True,True,True
439840,False,False,False,False
439855,False,True,False,False
439868,False,False,False,False
439906,False,False,False,True
439907,False,True,True,True
439932,True,True,True,True
439987,False,False,False,False
440002,False,False,False,False
440003,True,True,True,True
440037,False,False,False,False
440087,False,True,True,True
440105,False,True,True,True
440189,False,False,False,False
440244,False,False,False,False
440286,True,True,True,True
440313,False,True,True,True
440314,True,True,True,True
440329,False,False,False,False
440352,True,True,True,True
440372,False,True,True,True
440377,False,True,True,True
440460,True,True,True,True
440480,True,True,False,True
440522,False,True,False,True
440528,False,True,True,True
440539,True,True,True,True
440611,False,True,True,True
440663,False,True,False,False
440673,False,True,True,True
440707,False,False,False,False
440766,True,True,True,True
440769,True,True,True,True
440779,True,True,True,True
440783,True,True,True,True
440793,True,True,True,True
440822,False,False,False,False
440885,False,False,True,True
440891,False,True,True,True
440938,False,False,True,True
441054,True,True,True,True
441108,False,False,False,False
441169,True,True,True,True
441199,True,True,True,True
441240,True,True,True,True
441345,False,False,True,False
441385,True,True,True,True
441387,False,False,False,False
441411,False,True,True,True
441430,False,True,True,True
441461,False,False,True,True
441464,True,True,True,True
441500,False,True,True,True
441576,True,True,True,True
441652,True,True,True,True
441655,True,True,True,True
441714,False,True,True,True
441734,True,True,True,True
441816,True,True,True,True
441840,False,True,True,True
441856,True,False,True,True
441884,False,False,False,False
441906,True,True,True,True
441952,False,False,False,False
442001,False,True,True,True
442016,False,False,False,False
442043,True,True,True,True
442097,False,True,True,True
442099,False,True,True,True
442104,False,False,False,True
442106,True,True,True,True
442128,False,True,True,True
442136,True,True,True,True
442154,False,False,False,True
442225,False,False,False,True
442268,True,True,True,True
442298,True,True,True,True
442321,False,False,False,False
442348,True,True,True,True
442356,False,False,False,False
442367,False,True,True,True
442387,True,True,True,True
442414,True,False,True,True
442567,False,True,True,True
442572,False,True,True,True
442587,True,True,True,True
442603,True,True,True,True
442609,False,True,True,True
442682,True,True,True,True
442687,False,True,True,True
442725,False,True,True,True
442727,False,True,True,False
442774,True,True,True,True
442861,True,True,True,True
442874,False,False,True,True
442878,True,True,True,True
442886,True,True,True,True
442915,True,True,True,True
442926,False,False,False,False
442929,False,True,True,True
442945,False,True,False,False
442962,True,True,True,True
442982,False,False,False,False
443049,True,True,True,True
443065,True,True,True,True
443074,False,True,True,True
443082,True,True,True,True
443160,True,True,True,True
443169,True,True,True,True
443224,False,True,True,True
443240,False,False,False,False
443259,False,False,True,True
443296,False,True,True,True
443299,False,False,True,True
443301,True,True,True,True
443343,True,True,True,True
443349,False,False,False,True
443405,False,True,True,False
443427,False,False,False,True
443455,False,False,False,False
443465,True,True,True,True
443492,False,True,True,True
443496,True,True,True,True
443556,False,True,True,True
443599,False,True,True,True
443650,False,True,True,True
443667,False,False,False,False
443671,True,True,True,True
443673,True,True,True,True
443681,True,True,True,True
443718,False,False,False,False
443725,True,True,True,True
443727,True,True,True,True
443772,False,False,True,True
443805,False,False,False,True
443835,True,True,True,True
443868,True,True,True,True
443944,False,False,False,False
443964,False,False,False,False
443999,True,True,True,True
444010,False,False,True,True
444018,False,True,True,True
444036,False,False,True,False
444168,True,True,True,False
444214,False,False,True,True
444226,False,False,True,True
444236,True,True,True,True
444272,False,False,False,True
444280,True,True,True,True
444308,True,True,True,True
444315,False,True,True,True
444344,False,False,True,True
444382,False,False,True,True
444386,False,True,False,False
444390,False,False,True,True
444418,False,False,False,False
444467,False,False,False,True
444470,True,True,True,True
444503,False,False,False,False
444515,True,True,True,True
444568,True,True,True,True
444576,False,False,False,True
444582,True,True,True,True
444591,True,True,True,True
444626,True,True,True,True
444631,False,False,False,False
444691,False,False,False,True
444735,True,True,True,True
444744,False,False,True,True
444764,True,True,True,True
444769,True,True,True,True
444804,False,True,True,True
444880,True,True,True,True
444887,False,False,False,True
444888,False,False,False,False
444895,False,False,True,True
444916,True,True,True,True
444953,False,True,True,True
445002,False,False,False,True
445007,True,True,True,True
445019,False,True,True,True
445088,True,True,True,True
445091,True,True,True,True
445098,True,True,True,True
445111,False,False,False,False
445127,False,True,True,True
445156,False,True,True,True
445175,True,True,True,True
445216,True,True,True,True
445233,False,True,True,True
445244,True,True,True,True
445249,False,False,False,False
445250,True,True,True,True
445257,False,False,False,False
445263,False,False,False,True
445295,True,True,True,True
445309,False,True,True,True
445323,False,False,False,True
445338,False,False,False,False
445368,True,True,True,True
445392,True,True,True,True
445397,False,False,False,True
445405,True,True,True,True
445462,True,True,True,True
445556,False,True,True,True
445561,True,True,True,True
445567,False,False,False,False
445573,False,False,False,False
445592,False,False,False,False
445620,False,True,True,True
445670,False,True,False,False
445784,False,False,False,False
445785,False,True,True,True
445825,False,True,True,True
445853,False,False,True,True
445859,True,True,True,True
445893,True,True,True,True
445915,True,True,True,True
445950,False,False,True,True
445953,True,True,True,True
445965,True,True,True,True
446034,False,False,False,False
446106,True,True,True,True
446136,False,True,True,True
446199,False,False,False,False
446271,False,False,False,False
446303,False,False,True,False
446413,True,True,True,True
446421,False,True,True,True
446497,True,True,True,True
446506,False,True,True,True
446512,False,True,True,True
446517,False,True,True,True
446533,False,True,True,True
446557,False,True,True,True
446623,True,False,True,True
446677,False,False,True,False
446688,False,False,False,True
446733,True,True,True,True
446763,True,True,True,True
446813,False,False,False,False
446818,True,True,True,True
446819,True,True,True,True
446829,True,True,True,True
446834,False,False,False,False
446853,False,False,False,False
446863,True,True,True,True
446881,False,False,True,True
446882,True,True,True,True
446894,False,False,False,False
446899,False,True,True,True
446901,True,True,True,True
446935,True,True,True,True
446956,False,False,False,False
446971,False,False,True,True
446983,False,True,True,True
447037,False,False,False,False
447044,True,True,True,True
447065,True,True,True,True
447070,True,True,True,True
447075,False,False,False,False
447095,False,True,True,True
447119,True,True,True,True
447130,True,True,True,True
447147,True,True,True,True
447150,True,True,True,True
447182,True,True,True,True
447197,False,True,True,True
447204,False,True,True,True
447224,True,True,True,True
447302,True,True,True,True
447336,True,True,True,True
447345,False,False,True,True
447407,True,True,True,True
447432,True,True,True,True
447460,False,True,True,True
447479,False,False,True,True
447487,True,True,True,True
447510,False,True,True,True
447543,False,False,False,True
447558,False,True,True,True
447613,True,True,True,True
447623,False,False,False,False
447627,False,True,True,True
447663,True,True,True,True
447694,True,True,True,True
447714,True,True,True,True
447787,False,True,True,True
447795,True,True,True,True
447854,True,True,True,True
447862,False,False,False,False
447877,False,False,False,False
447885,True,False,False,True
447902,True,True,True,True
447913,False,True,True,True
447967,False,True,True,True
447991,False,False,True,False
447993,False,True,False,False
447994,False,False,False,True
448046,True,True,True,True
448061,False,False,False,False
448064,False,True,True,True
448078,True,True,True,True
448275,False,True,True,False
448288,False,True,False,True
448308,True,True,True,True
448317,False,False,False,False
448343,True,True,True,True
448351,True,True,True,True
448368,False,False,True,True
448509,False,True,True,True
448518,True,True,True,True
448555,True,True,True,True
448558,False,True,True,True
448560,False,False,False,False
448571,False,True,False,True
448653,False,False,False,False
448780,True,True,True,True
448801,False,False,False,False
448803,True,True,True,True
448849,False,False,False,False
448854,False,True,True,True
448871,True,True,True,True
448893,False,True,True,True
448930,False,True,True,True
449004,True,True,True,True
449031,True,True,True,True
449037,True,True,True,True
449066,False,False,False,True
449088,True,True,True,True
449102,True,True,True,True
449114,True,True,True,True
449150,True,True,True,True
449179,True,True,True,True
449197,False,False,True,True
449238,False,True,True,True
449302,False,True,True,False
449330,False,True,False,False
449369,False,True,True,True
449379,False,False,False,True
449400,True,True,True,True
449414,False,True,True,True
449422,False,False,True,True
449433,True,True,True,True
449462,False,False,True,True
449469,True,True,True,True
449471,True,True,True,True
449484,False,True,True,True
449522,True,True,True,True
449560,True,True,True,True
449573,False,True,True,True
449599,True,True,True,True
449613,False,True,True,True
449675,False,False,True,True
449676,True,True,True,True
449686,False,True,True,True
449712,True,True,True,True
449749,True,True,True,True
449778,False,False,False,False
449826,False,False,False,False
449844,True,True,True,True
449866,False,False,False,False
449879,False,False,False,False
449936,False,False,False,False
449939,True,True,True,True
449981,False,False,False,False
449990,True,False,True,True
450006,True,True,True,True
450102,True,True,True,True
450136,True,True,True,True
450173,False,False,False,True
450182,True,True,True,True
450194,False,True,True,True
450215,True,True,True,True
450263,True,True,True,True
450275,False,True,True,True
450313,True,True,True,True
450457,True,True,True,True
450493,True,True,True,True
450526,False,False,True,True
450570,True,True,True,True
450584,True,True,True,True
450590,True,True,True,True
450598,False,False,False,False
450608,True,True,True,True
450655,False,True,True,False
450672,False,True,True,True
450704,True,True,True,True
450747,False,False,True,True
450806,True,True,True,True
450845,True,True,True,True
450856,True,True,True,True
450860,True,True,True,True
450878,False,True,True,True
450889,False,True,True,True
450897,False,False,False,False
450904,False,True,True,True
450910,False,False,False,False
450993,False,True,False,True
451003,False,True,True,True
451012,True,True,True,True
451018,False,True,True,True
451053,True,True,True,True
451077,False,False,False,False
451095,True,True,True,True
451123,False,False,False,False
451154,False,True,True,True
451165,True,True,True,True
451178,True,True,True,True
451213,False,False,True,True
451234,False,False,False,True
451248,True,True,True,True
451278,False,False,False,False
451279,True,True,True,True
451284,False,False,False,True
451336,False,False,False,False
451352,False,True,True,True
451359,False,True,False,True
451364,False,False,False,False
451391,True,True,True,True
451406,False,False,False,False
451412,False,False,True,True
451449,True,True,True,True
451468,False,False,False,False
451496,True,True,True,True
451520,True,True,True,True
451574,False,False,True,False
451647,True,True,True,True
451680,True,True,True,True
451698,True,True,True,True
451703,True,True,True,True
451767,False,True,True,True
451818,False,False,False,False
451824,False,False,False,False
451834,True,True,True,True
451863,False,False,True,False
451902,False,False,True,True
451943,False,False,False,False
451990,True,True,True,True
452003,True,True,True,True
452022,True,True,True,True
452078,True,True,True,True
452113,False,False,False,False
452115,False,True,False,True
452170,True,True,True,True
452179,False,True,True,True
452236,False,False,False,True
452263,True,True,True,True
452302,True,True,True,True
452343,True,True,True,True
452382,False,False,False,True
452465,True,True,True,True
452471,True,True,True,True
452488,True,True,True,True
452597,False,True,True,True
452622,True,True,True,True
452638,True,True,True,True
452643,True,True,True,True
452674,True,True,True,True
452693,False,True,True,True
452696,True,True,True,True
452756,True,True,True,True
452759,False,False,True,True
452837,False,False,False,True
452852,False,True,False,True
452878,False,False,False,True
452892,True,True,True,True
452909,True,True,True,True
452912,False,False,False,False
452930,False,True,True,True
452938,False,True,True,True
452964,False,True,True,True
452966,False,False,True,True
452985,True,True,True,True
453010,False,False,False,True
453013,False,False,True,True
453016,True,True,True,True
453025,True,True,True,True
453065,False,True,True,True
453138,True,True,True,True
453140,False,True,True,True
453167,False,False,False,True
453219,True,True,True,True
453221,True,True,True,True
453250,True,True,True,True
453297,True,True,True,True
453299,False,True,False,False
453417,False,False,True,False
453496,True,True,True,True
453512,True,True,True,True
453582,False,False,False,True
453620,False,False,False,False
453643,False,False,False,False
453680,False,False,False,False
453704,True,True,True,True
453738,True,True,True,True
453755,False,False,False,False
453815,True,True,True,True
453853,False,False,True,True
453883,False,False,True,False
453895,False,False,True,True
453979,True,False,True,True
454002,True,True,True,True
454018,True,True,True,True
454068,False,False,False,False
454110,True,True,True,True
454144,False,True,True,True
454154,True,True,True,True
454199,False,True,True,True
454205,False,False,True,False
454210,True,True,True,True
454225,True,True,True,True
454253,True,True,True,True
454258,True,True,True,True
454282,False,True,True,True
454325,True,True,True,True
454348,False,True,True,True
454437,False,True,False,True
454449,False,True,True,True
454659,False,False,False,False
454725,True,True,True,True
454730,False,True,True,True
454731,True,True,True,True
454755,False,True,True,True
454769,True,True,True,True
454796,False,True,True,True
454863,True,True,True,True
454894,True,True,True,True
455004,True,True,True,True
455037,True,True,True,True
455081,False,False,False,False
455112,False,False,False,False
455156,True,True,True,True
455188,True,True,True,True
455210,True,True,True,True
455227,True,True,True,True
455275,True,True,True,True
455334,True,True,True,True
455358,False,True,True,True
455366,True,True,True,True
455374,False,False,True,True
455393,True,True,True,True
455427,False,False,False,False
455508,False,False,False,False
455532,False,True,True,True
455545,True,True,True,True
455632,True,True,True,True
455666,True,True,True,True
455672,False,True,True,True
455675,True,True,True,True
455735,True,True,True,True
455744,False,True,True,True
455756,False,True,False,True
455808,False,True,True,True
455832,True,True,True,True
455856,False,False,False,True
455948,True,True,True,True
455959,False,True,True,True
456012,True,True,True,True
456035,False,False,False,False
456064,True,True,True,True
456070,True,True,True,True
456076,False,False,True,False
456083,False,False,True,True
456113,False,False,True,True
456127,True,True,True,True
456155,True,True,True,True
456161,False,False,False,False
456191,True,True,True,True
456236,True,True,True,True
456254,False,True,True,True
456261,False,False,True,True
456323,False,False,True,True
456341,False,False,False,False
456356,True,True,False,False
456389,False,True,True,False
456422,False,True,True,True
456433,False,True,True,True
456436,True,True,True,True
456563,True,True,True,True
456565,False,False,False,False
456640,True,True,True,True
456658,False,True,True,True
456670,True,True,True,True
456678,False,True,True,True
456708,True,True,True,True
456750,True,True,True,True
456755,False,False,False,True
456782,False,False,False,False
456819,False,True,True,True
456827,False,True,True,True
456845,False,False,False,False
456936,False,False,True,True
456972,False,True,True,True
456991,False,True,True,True
457021,True,True,True,True
457041,True,True,True,True
457054,False,False,False,False
457067,True,True,True,True
457085,True,True,True,True
457086,False,True,True,True
457087,False,False,False,False
457123,True,True,True,True
457149,True,True,True,True
457204,False,False,True,True
457205,False,False,True,False
457217,False,False,False,False
457226,False,True,True,True
457229,True,True,True,True
457254,True,True,True,True
457268,False,True,True,True
457334,False,False,False,False
457344,True,True,True,True
457348,False,True,True,True
457373,True,True,True,True
457383,False,True,False,True
457400,False,False,False,True
457436,False,True,True,True
457453,True,True,True,True
457560,True,True,True,True
457581,False,True,False,True
457599,True,True,True,True
457631,False,True,True,True
457656,True,True,True,True
457660,False,False,True,True
457678,False,True,False,False
457691,False,True,False,False
457718,False,True,True,False
457766,False,False,True,True
457777,False,True,True,True
457791,False,False,False,True
457797,True,True,True,True
457805,True,True,True,True
457827,False,False,False,True
457834,False,False,False,False
457843,False,False,False,False
457861,True,True,True,True
457871,False,False,True,False
457926,False,False,True,True
457962,False,True,True,True
457976,True,True,True,True
457986,False,False,True,True
458016,False,False,True,True
458022,True,True,True,True
458027,False,False,True,True
458069,True,True,True,True
458082,False,False,False,False
458123,True,True,True,True
458132,False,False,False,False
458139,True,True,True,True
458175,True,True,True,True
458205,True,True,True,True
458248,True,True,True,True
458282,False,False,False,True
458286,False,False,False,True
458321,False,False,False,False
458323,True,True,True,True
458338,False,True,True,True
458361,True,True,True,True
458401,False,False,False,True
458413,True,True,True,True
458478,True,True,True,True
458522,True,True,True,True
458549,False,False,False,False
458583,False,False,False,True
458594,False,True,False,False
458598,True,True,True,True
458604,False,False,True,False
458668,False,False,False,True
458675,True,True,True,True
458727,False,False,False,False
458846,False,True,True,True
458857,False,False,True,True
458864,True,True,True,True
458891,True,True,True,True
458950,True,True,True,True
458960,True,True,True,True
459003,True,False,False,False
459018,False,False,False,True
459037,True,True,True,True
459082,True,True,False,True
459113,False,False,False,False
459152,False,True,True,True
459170,True,True,True,True
459176,True,True,True,True
459189,False,False,True,True
459203,False,False,False,True
459347,True,True,True,True
459349,True,True,True,True
459355,False,False,False,False
459401,True,True,True,True
459449,False,True,True,True
459659,False,False,True,True
459668,True,True,True,True
459694,True,True,True,True
459706,False,False,True,True
459733,False,True,True,True
459749,False,True,True,True
459755,False,False,False,False
459787,False,True,True,True
459793,True,True,True,True
459794,True,True,True,True
459799,False,True,True,True
459943,True,True,True,True
459959,False,False,False,True
459997,False,False,False,False
459999,False,False,False,True
460010,True,True,True,True
460022,False,False,False,True
460053,False,True,True,True
460131,False,False,False,True
460145,True,True,True,True
460149,True,True,True,True
460164,True,True,True,True
460228,False,False,False,False
460279,False,True,True,True
460287,True,True,True,True
460364,False,True,True,True
460370,True,False,False,True
460408,False,True,True,True
460448,True,True,True,True
460458,False,True,True,True
460491,False,False,False,False
460496,True,True,True,True
460503,True,True,True,True
460575,False,False,False,False
460576,True,True,True,True
460661,True,True,True,True
460665,True,False,True,True
460711,True,True,True,True
460739,False,True,True,True
460821,True,True,True,True
460896,False,False,True,True
460897,True,True,True,True
460903,True,False,True,True
460950,False,True,True,True
460962,True,True,True,True
460991,False,True,True,True
461002,True,True,True,True
461016,False,False,False,False
461027,True,True,True,True
461030,True,True,True,True
461110,True,True,True,True
461114,True,True,True,True
461124,False,True,True,True
461130,False,True,True,True
461221,False,True,True,True
461254,True,True,True,True
461255,False,True,True,True
461281,False,True,True,True
461371,True,True,True,True
461408,False,True,True,True
461414,False,False,True,True
461442,True,True,True,True
461447,True,True,True,True
461491,True,True,True,True
461494,True,True,True,True
461501,True,True,True,True
461505,True,True,True,True
461510,False,False,False,False
461572,False,False,False,True
461620,False,False,False,False
461650,True,True,True,False
461695,True,True,True,True
461715,False,True,True,True
461759,True,True,True,True
461805,True,True,True,True
461819,True,True,True,True
461826,True,True,True,True
461835,False,True,True,True
461836,True,True,True,True
461839,False,False,True,True
461868,True,True,True,True
461876,True,True,True,True
461908,False,True,True,True
461957,False,True,True,True
462011,False,False,False,False
462022,False,False,True,True
462023,False,False,False,False
462211,False,True,False,True
462261,True,True,True,True
462298,True,True,True,True
462341,False,True,True,True
462353,True,True,True,True
462381,False,True,True,True
462395,False,False,False,False
462477,False,False,True,True
462501,False,False,False,False
462549,False,True,True,True
462559,True,True,True,True
462599,True,True,True,True
462618,True,True,True,True
462773,True,True,True,True
462784,True,True,True,True
462791,False,False,False,True
462792,False,False,True,True
462809,False,True,True,True
462811,False,False,False,False
462813,False,False,True,True
462814,True,True,True,True
462819,False,False,False,False
462908,False,False,False,False
462928,False,False,False,False
462929,False,True,False,False
462968,True,True,True,True
462997,True,True,True,True
463021,True,True,True,True
463044,False,False,True,True
463066,True,True,True,True
463101,False,False,False,True
463120,True,True,True,True
463175,False,True,True,True
463176,True,True,True,True
463203,False,True,True,True
463222,True,True,True,True
463284,False,True,True,True
463290,False,False,False,False
463304,True,True,True,True
463308,True,True,True,True
463325,False,False,True,True
463347,False,False,False,False
463360,False,False,False,False
463388,True,True,True,True
463458,False,True,True,True
463464,False,False,True,True
463498,False,False,True,True
463557,False,False,False,True
463599,False,True,False,True
463616,False,False,True,True
463649,True,True,True,True
463669,False,False,False,False
463670,False,True,False,False
463695,False,True,False,False
463696,True,True,True,True
463699,True,True,True,True
463722,True,True,True,True
463732,False,False,False,True
463783,False,False,False,False
463825,True,True,True,True
463837,True,True,True,True
463844,True,True,True,True
463856,False,False,False,False
463859,True,True,True,True
463865,True,True,True,True
463883,True,True,True,True
463925,True,True,True,True
463932,True,True,True,True
463953,True,True,True,True
463984,True,True,True,True
464134,False,False,False,False
464183,True,True,True,True
464265,True,True,True,True
464271,False,False,True,True
464328,True,True,True,True
464340,False,True,True,True
464415,True,True,True,True
464490,False,True,False,False
464515,False,True,True,True
464519,True,True,True,True
464603,False,True,True,True
464650,False,True,True,True
464652,False,False,False,False
464692,True,True,True,True
464695,False,False,True,False
464732,True,True,True,True
464744,False,True,True,False
464766,False,True,True,True
464854,False,True,False,False
464857,False,True,True,True
464875,False,True,True,True
464888,True,True,False,True
464894,False,True,True,True
464902,False,True,True,True
464909,False,True,True,True
464921,True,True,True,True
464928,False,False,True,True
464937,True,True,True,True
465007,False,True,True,True
465017,False,False,False,False
465058,True,True,True,True
465074,False,True,True,True
465092,True,True,True,True
465101,False,True,True,True
465123,False,False,False,True
465124,True,True,True,True
465137,True,True,True,True
465204,False,True,True,True
465213,True,True,True,True
465265,False,False,False,False
465272,False,False,False,False
465333,False,True,True,True
465346,False,False,False,True
465360,True,True,True,True
465395,True,True,True,True
465418,False,True,True,True
465457,True,True,True,True
465466,False,False,False,False
465495,False,False,False,True
465507,True,False,True,True
465545,False,False,False,False
465552,True,True,True,True
465556,False,True,True,True
465595,True,True,True,True
465613,False,False,False,False
465638,False,True,False,True
465643,False,False,False,True
465692,False,True,False,True
465702,False,False,False,False
465734,True,True,True,True
465735,False,False,False,False
465740,True,True,True,True
465759,False,True,False,False
465776,True,True,True,True
465813,False,True,True,True
465854,False,False,False,False
465859,False,False,False,True
465874,True,True,True,True
465877,True,True,True,True
465973,True,True,True,True
466052,True,True,True,True
466196,False,False,True,False
466202,True,True,True,True
466229,False,True,True,True
466247,False,False,False,False
466273,False,False,False,False
466378,False,False,True,True
466410,True,False,True,True
466447,False,True,True,True
466466,False,True,True,True
466505,True,True,True,True
466519,False,True,True,True
466549,True,False,True,True
466557,False,False,False,False
466565,False,True,True,True
466570,True,True,True,True
466583,False,False,True,True
466608,False,False,False,False
466621,False,False,False,False
466627,False,True,True,True
466664,False,False,False,False
466680,True,True,True,True
466694,False,True,True,True
466730,False,False,False,False
466750,True,True,True,True
466752,True,True,True,True
466772,True,True,True,True
466774,True,True,True,True
466775,False,False,False,False
466789,False,False,True,True
466828,True,True,True,True
466882,False,False,False,True
466901,False,False,False,False
466949,True,True,True,True
466992,True,True,True,True
467022,False,False,True,False
467027,True,True,True,True
467037,True,True,True,True
467076,False,True,True,True
467081,True,True,True,True
467146,True,True,True,True
467151,True,True,True,True
467157,True,True,True,True
467223,True,True,True,True
467246,False,False,False,False
467252,False,True,True,True
467262,False,False,False,False
467334,False,True,True,False
467397,True,True,True,True
467411,False,True,True,True
467447,False,True,True,True
467460,True,True,True,True
467500,True,True,True,True
467512,False,False,False,False
467516,False,True,True,False
467528,False,False,True,True
467537,False,False,True,True
467572,False,True,True,True
467579,False,False,False,False
467604,True,True,True,True
467674,True,True,True,True
467675,True,True,True,True
467686,False,False,True,True
467696,True,True,True,True
467705,False,False,False,True
467738,False,True,True,True
467746,False,False,False,False
467752,True,True,True,True
467791,True,True,True,True
467809,True,True,True,True
467821,False,True,True,True
467840,False,True,True,True
467951,True,True,True,True
467956,True,True,True,True
468005,False,False,True,True
468061,True,True,True,True
468125,False,False,False,True
468162,False,True,True,True
468224,False,True,True,True
468249,True,True,True,True
468258,False,True,True,True
468373,True,True,True,True
468405,True,True,True,True
468408,True,False,True,True
468456,True,True,True,True
468465,False,False,False,False
468483,False,False,True,True
468541,False,True,True,True
468613,False,False,True,False
468615,True,True,True,True
468619,True,True,True,True
468670,True,True,True,True
468783,False,True,True,False
468792,False,False,False,True
468796,False,False,True,True
468798,False,False,True,True
468801,False,False,True,True
468846,False,False,False,False
468951,True,True,True,True
468966,True,True,True,True
468981,True,True,True,True
469014,True,True,True,True
469024,True,True,True,True
469026,True,True,True,True
469103,False,True,True,True
469139,False,False,False,True
469145,True,True,True,True
469203,True,True,True,True
469235,True,True,True,True
469248,False,True,True,True
469300,True,True,True,True
469356,False,False,False,False
469398,False,False,False,True
469405,True,True,True,True
469467,True,True,True,True
469471,True,True,True,True
469509,False,True,True,True
469545,True,True,True,True
469599,False,False,False,False
469638,False,False,True,False
469639,True,True,True,True
469671,True,True,True,True
469728,False,True,True,True
469834,True,True,True,True
469840,True,True,True,True
469859,False,False,True,True
469870,True,True,True,True
469878,True,True,True,True
469912,True,True,True,True
469914,False,False,False,True
469918,False,False,True,True
469921,True,True,True,True
469936,False,True,True,True
469982,False,True,True,True
469995,True,True,True,True
470005,False,True,True,True
470029,False,False,True,False
470053,True,True,True,True
470068,False,False,True,True
470073,False,False,False,False
470172,False,False,False,False
470174,False,True,True,True
470256,False,False,True,False
470284,True,True,True,True
470292,True,True,True,True
470300,True,True,True,True
470308,True,True,True,True
470310,True,True,True,True
470313,False,False,False,False
470364,False,False,False,False
470417,True,True,True,True
470487,False,False,False,False
470501,False,True,True,True
470516,False,False,False,True
470536,True,True,True,True
470604,True,True,True,True
470618,False,False,False,False
470642,True,True,True,True
470658,True,True,True,True
470691,False,False,False,False
470781,False,True,True,True
470797,False,True,False,True
470799,False,True,False,True
470811,False,False,True,True
470819,True,True,True,True
470871,True,True,True,True
470893,True,True,True,True
470932,False,False,False,False
470960,True,True,True,True
470976,True,True,True,True
470988,False,False,True,False
471064,False,False,False,True
471082,True,True,True,True
471097,True,True,True,True
471107,True,True,True,True
471182,False,False,False,False
471188,False,False,False,False
471202,True,True,True,True
471222,False,False,True,False
471238,False,False,True,False
471273,False,True,True,True
471309,True,True,True,True
471332,True,True,True,True
471345,True,True,True,True
471375,False,False,False,False
471446,False,False,False,True
471483,True,True,True,True
471513,False,True,True,True
471515,False,True,True,True
471558,False,True,True,True
471573,True,True,True,True
471599,False,False,True,True
471606,False,True,True,False
471654,True,True,True,True
471680,False,True,False,True
471686,False,False,False,False
471690,True,True,True,True
471697,True,True,True,True
471698,True,True,True,True
471731,False,False,False,True
471773,True,True,True,True
471788,True,True,True,True
471816,False,True,True,True
471842,False,True,True,True
471851,False,True,True,True
471900,False,False,False,True
471901,True,True,True,True
471929,True,True,True,True
471966,False,True,True,True
472026,False,True,True,True
472058,False,False,True,False
472097,False,False,False,False
472148,True,False,False,False
472173,True,True,True,True
472211,False,False,False,False
472246,True,True,True,True
472253,True,True,True,True
472293,True,True,True,True
472314,True,True,True,True
472318,False,True,False,False
472344,False,False,False,False
472364,False,False,False,False
472367,True,True,True,True
472399,True,True,True,True
472415,True,True,True,True
472439,False,False,False,False
472452,True,True,True,True
472519,True,True,True,True
472551,False,True,True,True
472552,False,True,True,True
472581,False,False,True,True
472727,True,True,True,True
472733,False,False,True,True
472772,False,False,False,False
472830,False,False,True,True
472831,False,False,False,False
472878,True,True,True,True
472880,True,True,True,True
472893,False,False,False,False
472942,False,False,True,True
473002,True,True,True,True
473040,False,False,True,True
473042,True,True,True,True
473050,True,True,True,True
473057,False,True,False,True
473072,False,False,False,False
473075,False,True,True,True
473082,False,True,True,True
473095,True,True,True,True
473102,False,True,True,True
473125,False,False,False,False
473131,False,False,False,True
473156,False,False,False,True
473206,False,True,True,True
473256,False,True,False,False
473318,True,True,True,True
473370,False,False,True,True
473373,False,True,True,True
473384,False,True,True,True
473391,True,True,True,True
473411,False,True,True,True
473508,False,True,True,True
473517,True,True,True,True
473549,False,True,True,True
473587,False,False,False,False
473604,False,False,True,False
473631,False,False,False,True
473632,True,True,True,True
473634,True,True,True,True
473641,True,True,True,True
473691,True,True,True,True
473723,False,True,True,True
473745,False,False,False,False
473762,False,True,True,True
473774,True,True,True,True
473779,False,False,False,True
473797,False,True,True,True
473815,False,False,True,True
473818,True,True,True,True
473839,True,True,True,True
473879,False,False,False,False
473910,True,True,True,True
473922,True,True,True,True
473935,True,True,True,True
473936,True,True,True,True
474004,False,False,True,False
474006,True,True,True,True
474012,True,True,True,True
474024,False,True,True,False
474031,True,True,True,True
474069,True,True,True,True
474075,False,False,True,True
474118,False,False,False,False
474237,True,True,True,True
474404,False,False,False,False
474419,True,True,True,True
474461,False,False,True,True
474499,False,False,False,False
474519,True,True,True,True
474554,False,True,True,True
474562,False,True,True,True
474571,True,True,True,True
474609,False,False,True,True
474667,True,True,True,True
474709,False,True,True,True
474720,True,True,True,True
474785,False,False,False,False
474868,True,True,True,True
474869,False,False,False,False
474906,True,True,True,True
475001,False,False,True,True
475024,True,False,False,True
475053,True,True,True,True
475146,True,True,True,True
475158,False,True,True,True
475244,False,False,False,False
475245,True,True,True,True
475258,True,True,True,False
475309,False,False,False,False
475313,True,True,True,True
475316,False,False,False,True
475330,True,True,True,True
475407,False,False,False,False
475415,True,True,True,True
475443,False,False,False,False
475466,True,True,True,True
475488,True,True,True,True
475527,False,True,True,False
475576,True,True,True,True
475580,True,True,True,True
475588,False,True,True,True
475656,True,True,True,True
475660,False,True,True,True
475692,True,True,True,False
475693,False,True,True,True
475763,False,True,True,True
475810,True,True,True,True
475839,True,True,True,True
475883,True,True,True,True
475889,True,True,True,True
475902,True,True,False,True
475947,False,False,False,False
475995,False,True,True,True
476065,False,False,False,True
476080,False,False,False,False
476093,True,True,True,True
476155,True,True,True,True
476175,True,True,True,True
476220,False,True,False,False
476230,False,False,False,False
476233,True,True,True,True
476235,True,True,True,True
476298,False,False,True,True
476335,False,True,False,True
476363,True,True,True,True
476398,False,False,False,False
476468,True,True,True,True
476493,False,False,False,False
476520,True,True,True,True
476531,True,True,True,True
476607,True,True,True,True
476642,True,True,True,True
476664,False,True,True,True
476681,False,False,False,True
476736,True,True,True,True
476738,True,True,True,True
476754,False,False,False,False
476767,True,True,True,True
476785,False,True,True,True
476851,True,True,True,True
476856,False,False,True,True
476881,True,True,True,True
476893,False,False,False,True
476936,True,True,True,True
476950,False,True,True,True
476965,False,False,True,True
477069,True,True,True,True
477120,False,True,False,True
477136,False,True,False,True
477143,True,True,True,True
477195,True,True,True,True
477243,False,False,False,False
477259,False,False,False,False
477263,True,True,True,True
477273,False,True,True,True
477336,False,True,True,True
477383,False,False,False,False
477398,False,False,False,False
477434,False,True,True,False
477468,True,True,True,True
477470,False,True,True,True
477473,False,False,True,True
477491,True,True,True,True
477497,False,False,False,False
477537,False,False,False,False
477643,False,False,True,True
477658,True,True,True,True
477673,True,True,True,True
477705,False,False,True,False
477741,True,True,True,True
477782,False,True,False,False
477797,True,True,True,True
477800,False,False,False,True
477853,True,True,True,True
477860,True,True,True,True
477911,True,True,False,False
477943,False,False,True,True
478005,True,True,True,True
478052,True,True,True,True
478099,False,False,False,False
478204,True,True,True,True
478260,True,False,True,True
478262,False,True,True,True
478287,True,True,True,True
478306,True,True,True,True
478344,True,True,True,True
478349,False,False,False,True
478351,False,False,True,True
478356,True,True,True,True
478380,True,True,True,True
478415,True,True,True,True
478445,False,True,True,True
478485,False,True,True,True
478499,False,True,True,True
478517,False,False,True,True
478518,False,False,True,True
478537,True,True,False,True
478550,True,True,True,True
478567,True,True,True,True
478597,True,True,True,True
478646,False,True,False,False
478652,False,False,False,False
478665,True,True,True,True
478670,True,True,True,True
478689,True,True,True,True
478712,True,True,True,True
478724,True,True,True,True
478726,True,True,True,True
478731,True,True,True,True
478736,True,True,True,True
478742,True,True,True,True
478785,True,True,True,True
478811,True,True,True,True
478817,False,True,True,True
478833,False,False,False,True
478835,False,False,True,True
478857,True,True,True,True
478927,False,False,False,False
478958,False,True,True,True
478985,True,True,True,True
478992,False,False,False,False
479067,False,True,True,True
479068,False,False,False,False
479075,True,True,True,True
479078,True,True,True,True
479095,False,False,False,False
479198,False,False,False,False
479202,False,True,True,True
479208,False,False,False,True
479213,False,False,False,True
479218,True,True,True,True
479292,True,True,True,True
479333,True,True,True,True
479350,False,True,True,True
479372,True,True,True,True
479387,False,False,False,False
479462,True,True,True,True
479501,False,True,False,True
479508,True,True,True,True
479563,True,True,True,True
479586,True,True,True,True
479591,False,True,True,True
479598,False,True,True,True
479629,False,True,True,False
479651,True,True,True,True
479670,False,False,False,True
479687,False,True,True,True
479721,False,False,False,False
479727,True,False,True,False
479729,False,False,True,True
479886,True,True,True,True
479899,True,True,True,True
479919,True,True,True,True
479938,False,True,True,True
480056,True,True,True,True
480088,True,True,True,True
480133,False,False,False,False
480140,True,True,True,True
480160,True,True,True,True
480181,False,False,True,True
480241,True,True,True,True
480243,False,True,False,True
480295,False,False,False,False
480333,True,True,True,True
480400,True,True,True,True
480412,False,False,False,False
480433,True,True,True,True
480437,True,False,False,True
480454,True,True,True,True
480482,True,True,True,True
480536,False,True,True,True
480652,False,False,False,False
480717,False,False,False,False
480723,False,False,False,False
480752,False,False,False,False
480797,False,True,True,True
480798,True,True,True,True
480839,True,True,True,True
480914,False,False,False,True
480917,False,False,False,True
480960,False,False,True,True
480979,False,False,True,True
480996,False,True,False,True
481002,True,False,False,False
481012,False,True,True,True
481036,False,True,True,True
481057,False,False,False,False
481120,False,False,False,False
481125,True,True,True,True
481147,True,True,True,True
481178,True,True,True,True
481185,True,True,True,True
481212,True,True,True,True
481214,False,True,True,False
481239,True,True,True,True
481254,False,False,True,True
481370,True,True,True,True
481398,True,True,True,True
481407,False,True,True,True
481415,False,True,True,True
481446,True,True,True,True
481549,False,True,True,True
481553,False,False,False,True
481565,True,True,True,True
481626,True,True,True,True
481710,False,False,True,True
481748,False,True,True,True
481773,False,True,True,True
481804,False,True,True,True
481819,True,True,True,True
481820,False,False,False,False
481866,False,False,False,False
481868,True,True,True,True
481996,False,False,False,True
482024,True,True,True,True
482091,True,True,True,True
482148,False,False,False,False
482160,True,True,True,True
482161,False,False,True,True
482201,False,True,True,True
482210,True,True,True,True
482234,False,False,False,False
482236,False,False,True,True
482237,True,True,True,True
482251,False,True,True,True
482310,True,True,True,True
482346,False,True,True,True
482367,True,True,True,True
482381,False,True,True,True
482393,False,False,False,False
482433,False,True,True,True
482451,True,True,True,True
482474,True,True,True,True
482507,True,True,True,True
482525,True,True,True,True
482561,False,False,True,True
482665,False,False,False,True
482733,False,True,True,True
482801,False,False,True,True
482829,True,True,True,True
482834,True,True,True,True
482912,True,True,True,True
482929,True,True,True,True
482951,True,True,True,True
483027,False,False,False,False
483033,False,True,True,True
483078,True,True,True,True
483154,True,True,True,True
483165,False,False,False,False
483175,True,True,True,True
483213,False,True,True,True
483234,True,True,True,True
483316,False,False,False,False
483328,True,True,True,True
483348,True,True,True,True
483368,True,True,True,True
483389,False,False,False,False
483418,False,False,False,True
483425,True,True,True,True
483432,True,True,True,True
483484,False,True,True,True
483534,True,True,True,True
483639,False,True,True,True
483677,False,False,False,True
483714,False,True,True,True
483760,True,True,True,True
483855,True,True,True,True
483867,False,True,True,True
483889,False,False,False,True
483956,False,False,False,False
483965,True,True,True,True
483976,False,False,False,False
483992,False,True,True,True
484013,True,True,False,True
484062,True,True,True,True
484080,False,False,True,True
484100,True,True,True,True
484215,False,False,False,True
484256,False,True,True,True
484273,False,False,False,False
484280,True,True,True,True
484331,False,False,False,False
484336,False,False,False,False
484338,False,False,False,False
484377,True,True,True,True
484401,True,True,True,True
484405,False,True,True,True
484414,False,False,False,False
484488,False,True,True,True
484500,False,False,True,True
484504,False,True,True,True
484531,False,True,True,True
484547,True,True,True,True
484549,False,False,False,False
484604,True,True,True,True
484617,False,False,False,False
484619,True,True,True,True
484636,False,False,False,False
484674,True,True,True,True
484790,False,False,False,False
484912,True,True,True,True
485002,False,True,False,False
485014,True,True,True,True
485080,True,True,True,True
485081,False,False,False,True
485090,True,True,True,True
485129,True,True,True,True
485139,False,True,True,True
485212,True,True,True,True
485234,True,True,True,True
485267,False,False,False,False
485294,True,True,True,True
485297,False,True,True,True
485317,False,True,True,True
485413,False,False,False,False
485419,True,True,True,True
485426,False,False,True,True
485440,False,False,False,True
485447,False,True,True,True
485481,False,False,False,True
485494,False,False,False,True
485506,False,False,False,False
485529,False,False,False,False
485602,False,True,True,True
485649,False,False,False,True
485731,False,False,False,False
485769,True,True,True,True
485822,False,False,True,True
485894,False,True,True,True
485931,True,True,True,True
485933,True,True,True,True
485984,True,True,True,True
485994,True,True,True,True
486005,True,True,True,True
486013,False,True,True,True
486018,False,True,True,True
486034,False,False,True,True
486045,False,False,False,True
486072,True,True,True,True
486123,False,False,False,True
486125,True,True,True,True
486154,False,False,False,False
486175,False,False,True,False
486186,True,True,True,True
486187,False,True,True,False
486240,True,True,True,True
486244,True,True,True,True
486298,False,False,False,False
486404,True,True,True,True
486415,True,True,True,True
486501,False,True,True,True
486506,False,False,False,True
486536,True,True,True,True
486543,False,False,True,True
486568,False,True,True,True
486581,True,True,True,True
486605,False,True,True,True
486609,True,False,True,True
486626,False,True,True,True
486627,False,True,True,True
486628,False,True,True,True
486644,False,True,True,True
486777,False,False,False,True
486789,True,True,True,True
486803,True,True,True,True
486847,False,True,False,False
486899,False,False,True,True
486912,False,False,False,False
486936,True,True,True,True
486983,True,True,True,True
486986,True,True,True,True
487002,False,False,False,False
487061,False,False,False,True
487112,False,True,True,True
487181,True,True,True,True
487192,False,True,False,False
487198,True,True,True,True
487217,False,False,False,False
487239,True,True,True,True
487256,False,False,False,True
487266,True,True,True,True
487269,True,True,True,True
487333,True,True,True,True
487338,False,False,True,True
487391,True,True,True,True
487418,True,True,True,True
487438,False,True,True,False
487507,False,False,False,False
487525,True,True,True,True
487539,True,True,True,True
487555,False,False,False,False
487571,False,False,False,False
487575,False,False,False,True
487589,False,True,True,True
487630,False,True,True,True
487631,True,True,True,True
487665,True,True,True,True
487685,False,True,False,False
487698,False,True,True,True
487722,True,True,True,True
487775,False,False,False,False
487796,False,False,False,False
487903,True,True,True,True
487957,False,True,True,True
487990,False,False,True,False
488011,True,True,True,True
488018,True,True,True,True
488086,False,False,False,True
488089,True,True,True,True
488135,True,True,True,True
488201,False,True,True,True
488215,False,True,True,True
488234,False,True,True,True
488363,False,True,True,True
488373,False,False,False,True
488375,False,False,False,False
488377,True,True,True,True
488396,True,True,True,True
488424,True,True,True,True
488440,False,True,True,True
488454,True,True,True,True
488522,False,True,False,True
488539,False,False,False,False
488563,False,False,False,False
488584,False,True,True,True
488686,False,False,False,False
488746,True,True,True,True
488768,True,False,True,True
488792,False,False,True,True
488796,True,True,True,True
488812,True,True,True,True
488857,False,True,True,False
488862,False,False,False,False
488866,False,True,True,True
488894,False,True,True,True
488932,True,True,True,True
488942,False,False,False,False
488960,False,True,True,True
488962,False,True,True,True
488965,True,True,True,True
489088,False,True,False,True
489093,True,True,True,True
489123,True,True,True,True
489140,False,False,False,False
489159,True,True,True,True
489195,False,False,True,True
489203,False,True,True,True
489255,True,True,True,True
489263,True,True,True,True
489333,False,True,True,True
489374,False,True,True,True
489407,False,False,False,True
489440,False,True,True,True
489452,True,False,False,True
489524,False,True,True,True
489622,False,False,False,False
489624,False,False,False,False
489723,False,True,True,True
489728,False,True,True,True
489733,False,True,True,True
489735,True,True,True,True
489778,False,True,True,True
489785,False,True,True,True
489798,False,False,True,True
489818,False,False,False,False
489838,False,True,True,True
489845,True,True,True,False
489856,True,False,False,False
489873,True,True,True,True
489879,True,True,True,True
489896,False,False,False,False
489899,True,True,True,True
489995,True,True,True,True
490012,True,True,True,True
490022,True,True,True,True
490031,True,True,True,True
490044,False,True,True,True
490081,True,True,True,True
490087,True,True,True,True
490099,True,True,True,True
490105,False,False,True,True
490117,False,False,True,True
490168,False,False,False,True
490221,False,True,False,True
490312,True,True,True,True
490320,False,False,False,False
490328,False,False,False,True
490356,False,True,True,True
490381,False,False,False,False
490400,False,True,True,True
490441,True,True,True,True
490471,False,True,True,True
490491,False,True,True,True
490529,False,False,False,False
490546,True,True,True,True
490555,False,False,False,False
490620,True,True,True,True
490648,False,True,True,True
490688,True,False,True,False
490701,True,True,True,True
490847,True,True,True,True
490869,False,False,False,False
490931,False,True,True,True
490952,True,True,True,True
490964,True,True,True,True
490993,False,True,True,True
491061,False,False,True,True
491118,True,True,True,True
491140,True,True,True,True
491211,True,True,True,True
491255,False,True,True,True
491272,False,True,True,True
491282,True,True,True,True
491302,False,True,True,True
491450,True,True,True,True
491474,False,False,False,False
491492,False,False,False,False
491494,True,True,True,True
491502,False,True,True,True
491556,True,True,True,True
491636,False,False,False,False
491659,True,True,False,False
491703,False,True,True,True
491830,False,False,False,True
491835,True,True,True,True
491851,True,True,True,True
491879,True,True,True,True
491902,True,True,True,True
491921,True,True,True,True
491942,True,True,True,True
491959,False,False,True,False
491976,True,True,True,True
491985,True,True,True,True
491999,True,True,True,True
492016,True,True,True,True
492020,False,False,False,False
492040,False,False,True,False
492060,True,True,True,True
492078,False,False,False,False
492079,False,True,True,True
492096,False,True,True,True
492125,True,True,True,True
492131,False,True,True,True
492164,False,False,False,False
492171,False,False,True,True
492243,True,True,True,True
492259,True,True,True,True
492267,False,True,True,True
492286,True,True,True,True
492325,False,True,True,True
492349,True,True,True,True
492368,False,True,False,True
492506,True,True,True,True
492524,True,True,True,True
492545,False,True,True,True
492654,True,True,True,True
492769,False,True,True,True
492810,True,True,True,True
492816,True,True,True,True
492882,False,False,False,False
492954,False,False,True,True
492974,False,True,False,True
492993,False,False,True,True
493000,False,False,False,False
493020,False,False,False,False
493022,False,True,True,True
493066,True,True,True,True
493114,False,False,True,False
493121,True,True,True,True
493187,True,True,True,True
493199,True,True,True,True
493202,False,True,True,True
493219,True,True,True,True
493252,False,False,False,False
493278,True,True,True,True
493294,True,True,True,True
493307,False,True,True,True
493339,False,False,False,False
493341,False,False,True,True
493416,False,False,False,False
493439,False,False,False,False
493526,True,True,True,True
493544,False,False,True,True
493552,True,True,True,True
493563,True,True,True,True
493570,True,True,True,True
493597,True,True,True,True
493618,True,True,True,True
493623,True,True,True,True
493626,False,True,True,True
493683,True,True,True,True
493699,False,False,True,True
493702,False,False,False,False
493724,False,True,True,True
493732,False,False,False,False
493751,False,False,True,True
493753,False,False,False,False
493774,True,False,True,True
493815,False,True,False,True
493822,False,False,True,True
493828,True,True,True,True
493840,False,True,True,True
493841,True,True,True,True
493873,True,True,True,True
493888,True,True,True,True
493941,False,False,False,True
493947,True,True,True,True
493952,True,True,True,True
493972,True,True,True,True
493983,False,False,False,False
494019,True,True,True,True
494049,True,True,True,True
494055,False,True,True,True
494079,False,True,True,False
494139,False,True,True,True
494154,True,True,True,True
494211,True,True,True,True
494257,False,True,True,True
494261,True,True,True,True
494273,False,False,True,False
494285,False,True,True,True
494297,False,False,True,False
494328,False,True,False,False
494330,True,True,True,True
494439,True,True,True,True
494446,False,True,True,True
494462,False,False,False,False
494480,True,True,True,True
494518,True,True,True,True
494528,False,False,True,True
494579,False,True,True,True
494594,True,False,True,True
494599,False,False,False,False
494620,True,True,True,True
494629,True,True,True,True
494680,False,True,True,True
494711,True,True,True,True
494780,False,True,True,True
494896,True,True,True,True
494900,True,True,True,True
494941,True,True,True,True
494970,True,True,True,True
494985,False,False,False,True
494998,True,True,True,True
495014,True,True,True,True
495022,True,True,True,True
495031,True,True,True,True
495077,False,True,True,True
495169,True,True,True,True
495171,False,True,True,True
495349,False,False,False,True
495395,True,True,True,True
495435,True,True,True,True
495477,False,False,False,True
495536,False,False,False,False
495557,True,True,True,True
495570,False,True,True,True
495580,False,True,True,True
495587,False,True,True,True
495610,True,True,True,True
495633,True,True,True,True
495677,True,True,True,True
495695,False,False,False,False
495731,False,False,False,False
495734,False,False,False,False
495750,False,False,True,True
495793,False,True,False,False
495875,False,False,False,False
495894,True,True,True,True
495902,True,True,True,True
495919,True,True,False,False
495929,True,True,True,True
495984,True,True,True,True
495988,True,True,True,True
495989,True,True,True,True
496031,False,True,True,True
496064,False,False,False,True
496089,False,False,True,False
496102,True,True,True,True
496106,False,True,True,True
496115,True,True,True,True
496160,False,True,False,False
496183,False,False,True,True
496192,False,True,True,True
496253,True,True,True,True
496300,True,True,True,True
496360,False,False,False,False
496373,True,True,True,True
496399,False,False,False,False
496402,True,True,True,True
496429,False,True,True,True
496509,False,False,True,True
496548,True,True,True,True
496554,True,True,True,True
496556,True,True,True,True
496605,False,True,True,True
496606,False,False,True,False
496657,True,True,True,True
496673,True,True,True,True
496678,False,False,False,False
496683,True,True,True,True
496687,True,True,True,True
496718,False,False,False,False
496732,False,False,True,True
496740,True,True,True,True
496783,False,False,True,True
496826,True,True,True,True
496829,False,True,True,True
496832,False,False,False,False
496839,False,False,False,False
496897,False,False,False,False
496902,False,False,True,True
496942,False,True,True,True
496959,True,True,True,True
496980,True,True,True,True
497032,True,True,True,True
497103,True,True,True,True
497141,True,True,True,True
497158,False,True,True,True
497194,True,True,True,True
497199,True,True,True,True
497227,True,True,True,True
497246,True,True,True,True
497273,False,False,False,False
497274,True,True,True,True
497297,True,True,True,True
497327,True,True,True,True
497335,True,True,True,True
497351,True,True,True,True
497375,False,False,False,False
497390,True,True,True,True
497438,False,False,False,True
497466,True,True,True,True
497476,True,True,True,True
497483,False,True,True,True
497494,False,False,False,False
497572,True,True,True,True
497593,False,True,True,True
497788,True,True,True,True
497819,True,True,True,True
497825,False,False,False,False
497826,False,False,False,False
497838,True,True,True,True
498015,True,True,True,True
498061,False,False,True,True
498082,True,True,True,True
498125,False,False,True,True
498137,True,True,True,True
498138,True,False,True,True
498218,True,True,False,True
498270,True,True,True,True
498280,False,True,True,True
498284,True,True,True,True
498346,True,True,True,True
498350,True,True,True,True
498418,True,True,True,True
498436,False,True,True,True
498508,False,True,True,True
498537,True,True,False,True
498541,False,True,True,True
498570,False,False,False,False
498587,True,True,True,True
498610,True,True,True,True
498651,True,True,True,True
498702,False,True,True,True
498721,False,False,False,False
498758,True,True,True,True
498769,True,True,True,True
498786,False,False,False,True
498840,True,True,True,True
498860,True,True,True,True
498918,False,False,False,False
498982,True,True,True,True
499026,True,True,True,True
499037,True,True,True,True
499177,True,True,True,True
499179,True,True,True,True
499210,False,True,True,True
499239,True,True,True,True
499267,False,True,True,True
499268,False,True,True,True
499274,True,True,True,True
499281,True,True,True,True
499300,True,True,True,True
499309,False,False,False,False
499369,False,True,False,True
499376,True,True,True,False
499391,True,True,True,True
499408,True,True,True,True
499423,True,True,True,True
499428,True,True,True,True
499451,True,False,True,True
499469,True,True,True,True
499480,True,True,True,True
499538,True,True,True,True
499615,False,False,False,False
499621,True,True,True,True
499627,True,True,True,True
499639,True,True,True,True
499672,True,True,True,True
499731,True,True,True,True
499760,True,True,True,True
499785,False,False,False,True
499865,True,True,True,True
499866,False,False,True,True
499884,True,True,True,True
499912,False,False,False,True
499952,False,True,True,True
499957,False,False,False,False
499966,False,False,False,False
499978,False,False,False,False
500018,False,False,False,True
500057,False,True,True,True
500060,False,True,True,True
500071,False,False,False,True
500084,True,True,True,True
500152,False,False,False,False
500165,True,True,True,True
500196,False,False,True,True
500226,True,True,True,True
500267,True,True,True,True
500324,False,True,True,True
500330,False,True,True,True
500400,True,True,True,True
500405,True,True,True,True
500408,True,True,True,True
500420,True,True,True,True
500467,False,False,True,False
500499,False,True,True,True
500531,True,True,True,True
500603,False,False,False,False
500612,False,False,False,False
500616,True,True,True,True
500662,True,True,True,True
500664,False,True,False,False
500679,False,False,True,True
500705,False,True,False,False
500740,False,True,True,True
500752,True,True,True,True
500761,False,True,True,True
500782,True,True,True,True
500822,True,True,True,True
500877,True,True,True,True
500891,True,True,True,True
500941,False,True,True,True
500945,True,True,True,True
500954,False,True,True,True
500977,True,True,True,True
500982,False,True,True,True
500991,True,True,True,True
501015,True,True,True,True
501026,True,True,True,True
501059,False,False,True,True
501067,True,True,True,True
501080,True,True,True,True
501085,True,False,True,True
501189,False,False,False,False
501204,False,True,True,True
501229,True,True,True,True
501260,False,False,True,True
501269,False,False,False,False
501278,True,True,True,True
501325,True,True,True,True
501348,False,True,True,True
501358,False,True,True,True
501377,True,True,True,True
501420,True,True,True,True
501442,True,True,True,True
501443,False,True,True,True
501506,False,True,True,True
501534,True,True,True,True
501614,True,True,True,True
501635,False,False,True,True
501647,False,True,True,True
501652,False,False,False,False
501665,False,True,True,True
501742,True,True,True,True
501835,True,True,True,True
501874,True,True,True,True
501875,False,False,True,False
501909,True,True,True,True
501957,False,True,True,True
501999,False,True,False,True
502091,True,True,True,True
502107,True,False,True,True
502114,True,True,True,True
502116,True,True,True,True
502117,True,True,True,True
502126,True,True,False,True
502134,False,False,False,False
502202,True,True,True,True
502212,True,True,True,True
502220,True,True,True,True
502275,True,True,True,True
502285,False,True,True,True
502286,False,False,False,True
502288,False,False,False,True
502300,True,True,True,True
502317,True,True,True,True
502321,False,True,True,True
502433,True,True,True,True
502493,True,True,True,True
502495,False,True,True,True
502517,False,False,False,False
502581,False,False,False,False
502604,False,False,True,False
502620,False,True,True,True
502670,False,True,True,True
502749,False,False,False,True
502857,True,True,True,True
502877,True,True,True,True
502884,False,True,True,True
502894,False,True,False,False
502895,True,True,True,True
502935,True,True,True,True
502963,True,True,True,True
502971,True,True,True,True
502984,True,True,True,True
503074,False,False,True,True
503081,False,False,True,False
503099,True,True,True,True
503148,True,True,True,True
503149,False,True,True,True
503178,True,True,True,True
503321,True,False,False,True
503332,True,True,True,True
503404,True,True,True,True
503412,False,True,True,True
503416,True,True,True,True
503479,False,True,True,True
503502,True,True,True,True
503518,True,True,True,True
503535,False,True,True,True
503536,True,True,True,True
503557,False,False,False,False
503606,False,True,True,True
503674,True,True,True,True
503683,True,True,True,True
503687,True,True,True,True
503707,True,True,True,True
503717,True,True,True,True
503734,False,True,True,True
503765,True,True,True,True
503772,False,False,False,False
503799,False,False,True,False
503875,True,True,True,True
503906,False,False,True,True
503928,False,False,False,False
503943,True,True,True,True
504065,False,True,True,True
504069,False,True,False,True
504091,False,True,True,True
504122,True,True,True,True
504125,False,False,True,True
504130,False,False,True,False
504154,False,True,True,True
504159,False,False,True,False
504178,False,False,True,True
504211,True,True,True,True
504224,False,False,False,True
504235,True,True,True,True
504257,False,False,False,False
504259,True,True,True,True
504287,True,True,True,True
504289,True,True,True,True
504293,False,True,True,True
504298,True,True,True,True
504318,True,True,True,True
504493,True,True,True,True
504500,True,True,True,True
504531,False,False,False,False
504599,False,False,False,False
504620,True,True,True,True
504639,True,True,True,True
504732,False,True,True,True
504861,False,True,True,True
504878,False,True,True,True
504958,False,False,False,False
504987,False,False,True,True
504988,False,True,True,True
505020,True,True,True,True
505028,True,True,True,True
505033,True,True,True,True
505104,False,False,True,True
505111,True,True,True,True
505113,True,True,True,True
505152,False,False,False,False
505226,True,True,True,True
505279,True,True,True,True
505375,True,True,True,True
505384,False,False,False,False
505477,False,True,True,True
505492,False,False,False,False
505501,True,True,True,True
505516,False,True,True,True
505520,False,False,True,True
505542,False,True,False,True
505552,False,False,True,True
505553,True,True,True,True
505579,True,True,True,True
505622,True,True,True,True
505627,True,True,True,True
505645,False,False,False,False
505666,True,True,True,True
505709,False,False,False,True
505728,False,True,False,False
505729,False,False,False,True
505750,True,True,True,True
505768,False,False,False,False
505792,True,True,True,True
505796,True,True,True,True
505814,True,True,True,True
505876,True,True,True,True
505885,False,False,False,False
505898,True,True,True,True
505899,True,True,True,True
505903,False,True,True,True
505933,False,False,False,False
505962,True,True,True,True
505967,False,False,False,False
506030,True,True,True,True
506039,True,True,True,True
506095,False,True,True,True
506126,True,True,True,True
506141,False,False,True,True
506151,False,True,True,True
506172,False,False,False,True
506224,True,True,True,True
506270,True,True,True,True
506296,False,True,True,True
506322,True,True,True,True
506327,False,True,True,True
506372,False,False,True,True
506401,False,False,True,True
506414,True,True,True,True
506417,True,True,True,True
506441,True,True,True,True
506458,True,True,True,True
506470,False,False,False,False
506576,False,True,True,True
506582,False,False,False,False
506598,False,True,True,True
506628,True,True,True,True
506640,True,True,True,True
506659,True,True,True,True
506691,True,True,True,True
506699,True,True,True,True
506723,True,True,True,True
506751,False,True,True,False
506792,True,True,True,True
506799,True,True,True,True
506862,True,True,True,True
506874,True,False,True,False
506880,True,True,True,True
506890,False,False,True,True
506919,False,True,True,True
506920,False,False,False,True
506964,False,False,False,True
506979,True,True,True,True
507136,False,True,True,True
507154,False,False,True,True
507168,True,True,True,True
507196,False,False,False,False
507317,True,True,True,True
507384,False,True,True,True
507385,False,True,True,True
507438,False,False,False,False
507460,True,True,True,True
507516,True,True,True,True
507532,True,True,True,True
507570,False,False,False,True
507665,False,True,False,True
507744,False,False,True,False
507750,True,True,True,True
507812,False,True,True,True
507826,False,False,False,False
507833,True,True,True,True
507875,False,True,False,True
507927,True,True,True,True
507952,False,False,False,True
507972,True,False,True,True
508006,False,True,True,True
508017,True,True,True,True
508025,True,True,True,True
508045,False,True,True,True
508115,False,False,False,False
508147,False,True,True,True
508167,True,True,True,True
508202,True,True,True,True
508220,True,True,True,True
508230,True,True,True,True
508269,True,True,True,True
508278,False,True,True,True
508288,True,True,True,True
508292,False,False,False,False
508354,True,True,True,True
508403,False,False,False,False
508485,False,False,True,True
508548,True,True,True,True
508561,False,False,False,False
508577,True,True,True,True
508592,False,False,False,True
508606,False,False,False,False
508710,True,True,True,True
508724,True,False,True,True
508725,False,False,False,False
508741,False,True,True,True
508822,False,True,True,True
508931,False,True,True,True
508962,False,True,True,True
508990,False,True,True,True
509005,False,True,True,True
509020,True,True,True,True
509034,False,True,True,True
509039,True,True,True,True
509129,False,True,True,True
509244,False,False,False,True
509339,True,True,True,True
509416,False,False,False,False
509442,True,True,True,True
509485,False,False,False,False
509514,False,False,True,False
509526,False,False,False,False
509555,False,False,True,False
509589,False,False,True,True
509607,False,False,True,True
509620,False,False,False,False
509626,False,True,True,True
509718,True,True,True,True
509749,True,True,True,True
509772,False,False,False,False
509786,False,False,False,False
509800,False,True,True,True
509859,False,False,False,True
509870,False,False,False,True
509971,False,True,True,True
509986,True,True,True,True
510117,False,True,True,True
510141,False,True,True,True
510169,False,False,False,True
510211,False,True,True,True
510290,False,False,True,False
510313,False,True,False,True
510391,False,False,False,False
510399,False,True,True,True
510414,True,True,True,True
510434,True,True,True,True
510519,False,True,True,True
510536,False,False,False,True
510552,False,False,True,True
510593,True,True,True,True
510596,False,False,False,True
510616,False,True,True,True
510636,False,False,False,False
510642,True,True,True,True
510643,False,False,True,False
510652,True,True,True,True
510665,False,False,True,False
510681,False,False,False,False
510707,False,True,True,True
510730,False,False,False,False
510734,False,False,False,True
510798,True,True,True,True
510820,False,False,False,False
510827,False,False,False,True
510857,True,True,True,True
510860,False,False,False,False
510914,True,True,True,True
510942,True,True,True,True
510949,False,False,True,False
510992,False,True,False,True
511036,False,False,True,True
511050,True,True,True,True
511053,False,True,True,True
511056,True,True,True,True
511179,False,True,True,True
511200,False,False,False,True
511271,False,False,False,False
511324,False,True,True,True
511328,False,False,True,True
511345,False,True,True,True
511402,False,True,True,True
511406,True,True,True,True
511407,False,False,False,True
511410,False,True,True,True
511425,True,True,True,True
511446,True,True,True,True
511455,True,True,True,True
511463,False,False,False,True
511508,True,True,True,True
511550,False,False,False,False
511572,True,True,True,True
511642,False,False,False,False
511644,True,True,True,True
511670,False,False,False,True
511674,False,False,False,False
511763,True,True,True,True
511777,False,False,True,True
511789,False,False,False,True
511866,True,True,True,True
511869,False,True,True,True
511930,False,False,False,False
512007,False,False,False,False
512070,True,True,True,True
512112,True,True,True,True
512118,False,True,True,True
512123,False,True,True,True
512143,True,True,True,True
512182,False,True,True,True
512206,True,True,True,True
512217,False,True,True,True
512282,False,False,False,False
512292,False,False,True,True
512298,True,True,True,True
512316,True,True,True,True
512390,True,True,True,True
512394,False,False,False,False
512416,False,True,True,True
512418,True,True,True,True
512419,False,False,True,True
512421,True,True,True,True
512515,True,True,True,True
512533,True,True,True,True
512561,False,True,False,False
512644,True,True,True,True
512787,False,False,True,True
512829,True,True,True,True
512872,False,False,False,False
512902,True,True,True,True
512944,True,True,True,True
512968,True,True,True,True
512995,False,True,False,True
513016,True,True,True,True
513027,True,True,True,True
513042,True,True,True,True
513054,False,True,True,True
513096,True,True,True,True
513124,False,False,True,True
513174,True,True,True,True
513188,True,True,True,True
513189,True,True,True,True
513280,False,True,True,True
513282,True,True,True,True
513298,False,False,True,False
513381,False,True,True,True
513451,True,False,False,True
513703,True,True,True,True
513704,True,True,True,True
513708,False,False,False,False
513727,False,False,False,True
513748,True,True,True,True
513765,True,True,True,True
513795,True,True,True,True
513796,False,False,True,False
513863,True,True,True,True
513881,False,True,True,True
513891,True,True,True,True
513899,False,True,True,False
513917,True,True,True,True
513933,True,True,True,True
513936,False,True,True,True
513965,False,True,True,True
513966,True,True,True,True
514016,False,False,False,False
514049,False,False,False,False
514099,True,True,True,True
514127,False,True,True,True
514191,False,False,True,True
514207,False,False,False,False
514245,False,False,False,False
514249,False,False,False,False
514280,True,True,True,True
514294,False,False,False,False
514295,True,True,True,True
514296,True,True,True,True
514346,False,False,False,False
514362,True,True,True,True
514393,True,True,True,True
514402,True,True,True,True
514440,True,True,True,True
514525,True,False,False,True
514553,True,True,True,True
514559,True,False,True,True
514563,True,True,True,True
514598,True,True,True,True
514600,True,True,True,True
514605,False,False,False,False
514619,False,False,True,False
514622,False,True,False,True
514628,False,True,True,True
514676,False,False,False,False
514685,False,True,True,True
514773,False,False,False,False
514806,True,True,True,True
514864,False,False,False,True
514881,False,False,False,False
514988,False,True,True,True
514990,True,True,True,True
514997,True,True,True,True
515102,True,True,True,True
515125,True,True,True,True
515126,False,True,False,True
515158,True,True,True,True
515186,False,True,True,True
515191,False,True,True,True
515206,False,False,False,False
515224,False,False,True,True
515240,False,False,False,False
515249,False,True,True,True
515333,True,True,True,True
515360,False,False,False,False
515376,True,True,True,True
515377,False,False,False,False
515392,True,True,True,True
515401,True,True,True,True
515430,False,False,False,False
515464,True,True,True,True
515623,True,True,True,True
515642,True,True,True,True
515710,False,False,False,True
515716,False,True,True,True
515728,True,True,True,True
515754,True,True,True,True
515796,True,True,True,True
515871,True,True,True,True
515876,False,False,False,False
515893,False,False,False,False
515899,False,True,True,True
515916,False,False,False,False
515998,False,True,True,True
516043,False,True,True,True
516124,True,True,True,True
516190,True,True,True,True
516212,False,False,False,False
516224,True,True,True,True
516248,False,True,True,True
516261,True,True,True,True
516273,True,True,True,True
516297,True,True,True,True
516313,False,True,True,True
516328,False,False,True,True
516329,True,True,True,True
516352,False,False,False,False
516416,False,False,False,True
516417,True,True,True,True
516432,True,True,True,True
516458,True,True,True,True
516471,False,False,False,False
516476,True,False,False,True
516503,True,True,True,True
516517,True,True,True,True
516535,False,False,False,True
516553,True,True,True,True
516587,True,True,True,True
516624,False,False,False,True
516625,True,True,True,True
516633,False,False,False,False
516641,True,True,True,False
516655,False,False,False,False
516668,True,True,True,True
516774,False,False,False,True
516798,True,True,True,True
516799,True,True,True,True
516834,False,True,True,False
516849,True,True,True,True
516856,False,True,True,True
516875,True,True,True,True
516895,False,True,True,True
516902,True,True,True,True
516913,False,True,False,False
517018,False,True,True,True
517029,True,True,True,True
517045,True,True,True,True
517049,False,False,True,True
517068,True,True,True,True
517086,False,True,True,True
517101,False,True,True,True
517113,False,False,False,False
517140,False,False,False,False
517246,True,True,True,True
517296,False,False,False,False
517305,False,False,True,True
517313,False,True,False,False
517315,True,True,True,True
517321,True,True,True,True
517326,False,False,True,True
517340,True,True,True,True
517382,True,True,True,True
517438,True,True,True,True
517455,False,True,True,True
517460,False,False,True,True
517484,True,False,True,True
517515,False,True,True,True
517521,False,False,False,False
517522,True,True,True,True
517534,False,True,True,True
517570,True,True,True,True
517579,True,True,True,True
517603,False,True,True,True
517652,True,True,True,True
517702,True,True,True,True
517737,True,True,True,True
517755,True,True,True,True
517807,False,False,False,False
517819,True,True,True,True
517851,True,True,True,True
517861,True,True,True,True
517878,False,False,False,False
517899,False,True,True,True
517906,False,False,False,False
517909,True,True,True,True
517945,False,False,False,False
517972,False,False,True,True
517983,False,False,False,False
517985,False,True,False,True
518026,True,True,True,True
518109,False,False,False,False
518122,True,True,True,True
518127,False,True,True,True
518133,True,True,True,True
518139,True,True,True,True
518182,True,True,True,True
518203,False,False,False,False
518242,True,True,True,True
518249,False,False,True,True
518266,False,True,True,True
518290,True,True,True,True
518351,True,True,True,True
518359,True,True,True,True
518410,False,False,False,True
518451,True,True,True,True
518455,False,False,False,False
518473,False,False,False,True
518499,False,False,True,True
518509,True,True,True,True
518510,True,True,True,True
518524,False,False,False,False
518546,True,True,True,True
518555,True,True,True,True
518601,True,True,True,True
518604,True,True,True,True
518659,True,True,True,True
518667,False,True,False,False
518685,False,False,False,False
518701,False,True,True,False
518721,False,False,False,False
518725,True,True,True,True
518755,False,True,True,True
518814,True,True,True,True
518829,False,False,True,True
518853,True,True,True,True
518858,False,False,False,False
518873,False,False,True,True
518883,True,True,True,True
518889,False,False,False,False
518916,True,True,True,True
518918,True,True,True,True
518932,False,False,True,True
518941,False,True,True,True
518951,False,False,False,False
518966,False,True,True,True
519053,False,False,False,False
519055,False,True,True,True
519076,True,True,False,True
519105,True,True,True,True
519112,True,True,True,True
519124,False,True,True,True
519275,True,True,True,True
519287,True,True,True,True
519299,True,True,True,True
519319,False,False,False,False
519351,False,True,True,True
519387,False,False,False,False
519398,False,False,False,False
519405,True,True,True,True
519407,True,True,True,True
519431,True,True,True,True
519471,False,True,True,True
519489,True,True,True,True
519493,False,True,True,True
519494,True,True,True,True
519510,False,False,True,True
519541,False,False,False,False
519552,True,True,True,True
519558,True,True,True,True
519579,False,False,True,True
519607,False,True,True,True
519635,False,False,False,True
519649,False,False,True,False
519723,True,True,True,True
519783,False,False,False,False
519784,True,True,True,True
519815,False,False,False,False
519838,True,True,True,True
519939,False,True,True,True
519985,False,False,True,True
520039,True,True,True,True
520041,True,True,True,False
520049,True,True,True,True
520094,False,True,False,True
520124,False,True,False,False
520150,True,True,True,True
520199,False,False,True,False
520229,True,True,True,True
520251,False,True,False,True
520259,True,True,True,True
520278,False,True,False,False
520430,True,True,True,True
520435,True,True,True,True
520449,True,True,True,True
520475,True,True,True,True
520519,True,True,True,True
520546,True,True,True,True
520561,True,True,True,True
520569,False,False,False,False
520637,False,False,False,True
520683,True,True,True,True
520694,False,True,True,True
520703,False,True,True,True
520727,True,True,True,True
520736,True,True,True,True
520781,True,True,True,True
520808,False,False,False,False
520831,True,True,True,True
520852,False,True,True,False
520862,True,True,True,True
520873,True,True,True,True
520879,False,True,True,True
520940,True,True,True,True
520941,True,True,True,True
520975,True,True,True,True
520976,True,True,True,True
521003,True,True,True,True
521004,False,False,True,True
521071,True,True,True,True
521196,True,True,True,True
521205,True,True,True,True
521210,True,True,True,True
521218,True,True,True,True
521225,True,True,True,True
521232,False,True,True,True
521266,True,True,True,True
521269,False,True,True,True
521281,True,True,True,True
521288,True,True,True,True
521296,True,True,True,True
521334,False,False,True,True
521355,True,True,True,True
521404,True,True,True,True
521452,True,True,True,True
521465,True,True,True,True
521543,True,True,True,True
521555,True,True,True,True
521570,True,True,True,True
521613,True,True,True,True
521619,False,True,True,True
521620,False,False,False,True
521652,False,False,False,False
521679,True,True,True,True
521726,True,True,True,True
521729,True,True,True,True
521732,False,False,False,False
521775,False,False,False,False
521824,True,True,True,True
521872,False,False,False,True
521906,True,True,True,True
521972,False,False,False,False
521978,True,True,True,True
521982,True,True,True,True
522069,False,False,False,False
522119,True,True,True,True
522129,True,True,True,True
522160,True,True,True,True
522235,False,True,True,True
522338,True,True,True,True
522339,False,True,True,True
522362,True,True,True,True
522425,True,True,True,True
522427,False,False,False,True
522443,True,True,True,True
522452,False,False,True,False
522461,True,True,True,True
522489,False,False,False,False
522491,False,False,True,True
522492,True,True,True,True
522574,True,True,True,True
522579,True,True,True,True
522616,False,False,False,False
522620,False,False,False,False
522665,True,True,True,True
522704,False,True,True,True
522782,False,False,False,False
522788,True,True,True,True
522813,False,False,False,False
522862,True,True,True,True
522930,True,True,True,True
522938,False,False,False,True
522952,True,True,True,True
522959,False,False,True,False
523025,True,True,True,True
523034,True,True,True,True
523037,False,False,False,False
523055,False,False,False,True
523098,False,True,True,True
523137,True,True,True,True
523186,False,False,True,False
523199,False,False,False,False
523211,False,False,False,False
523212,False,True,True,True
523225,False,False,False,False
523230,False,False,True,False
523236,True,True,True,True
523281,True,False,True,True
523314,False,True,True,True
523334,True,True,True,True
523371,False,False,False,False
523390,True,True,True,True
523436,False,True,True,True
523466,False,False,False,False
523487,False,True,True,True
523494,False,False,True,False
523546,False,False,False,True
523608,True,True,True,True
523637,False,True,True,True
523641,False,True,False,False
523677,False,True,True,True
523718,True,True,True,True
523735,False,True,True,True
523869,True,True,True,True
523871,False,True,True,False
523893,True,True,True,True
523988,False,True,True,True
524064,True,True,True,True
524068,False,False,False,False
524167,True,True,True,True
524173,True,True,True,True
524249,False,True,True,True
524282,False,False,False,True
524361,False,False,True,False
524366,True,True,True,True
524373,False,False,True,True
524386,False,True,True,True
524387,False,False,False,True
524428,True,True,True,True
524450,False,False,True,False
524453,True,True,True,True
524470,False,False,False,False
524476,False,False,False,False
524486,False,False,False,False
524507,False,True,True,True
524522,False,False,False,False
524535,False,True,True,True
524572,True,True,True,True
524611,False,False,False,False
524625,True,True,False,False
524662,True,True,True,True
524677,True,True,True,True
524690,True,True,True,True
524695,False,False,True,False
524730,True,True,True,True
524786,False,True,False,True
524790,True,True,True,True
524822,False,False,True,True
524838,True,True,True,True
524848,True,True,True,True
524929,False,True,True,True
524975,False,False,False,False
524992,False,True,True,True
525039,False,True,True,True
525104,False,True,True,True
525153,False,True,True,True
525179,False,False,False,False
525180,False,False,False,False
525223,False,False,True,True
525266,False,False,False,False
525382,True,True,True,True
525398,True,True,True,True
525405,False,False,True,True
525438,True,True,True,True
525529,True,True,True,True
525567,True,True,True,True
525572,False,False,False,False
525587,True,True,True,True
525668,False,True,True,True
525695,False,True,False,False
525709,True,True,True,True
525721,True,True,True,True
525762,True,True,True,True
525860,True,True,True,True
525880,True,True,True,True
525891,True,True,True,True
525898,False,True,True,True
525904,True,True,True,True
525939,True,True,True,True
525971,True,True,True,True
526028,True,True,True,True
526030,False,True,True,True
526043,False,False,False,False
526085,False,True,True,True
526225,False,True,True,True
526288,False,False,True,True
526295,False,False,False,False
526321,False,False,True,True
526341,True,True,True,True
526342,False,True,True,True
526359,False,False,True,True
526403,True,False,True,True
526432,False,True,True,True
526446,False,True,True,True
526467,True,True,True,True
526473,True,True,True,True
526522,True,True,True,True
526542,True,True,True,True
526552,False,True,True,True
526594,True,True,True,True
526597,False,False,False,False
526648,True,True,True,True
526675,False,True,True,True
526681,True,True,True,True
526713,True,True,True,True
526732,False,False,False,True
526737,False,False,True,True
526750,False,True,True,True
526762,False,False,False,False
526840,False,True,True,False
526861,True,True,True,True
526867,True,True,True,True
526874,False,False,False,False
526896,True,True,True,True
526953,False,True,True,False
527023,False,False,False,False
527102,False,True,True,True
527118,True,True,True,True
527139,False,False,False,False
527224,True,True,True,True
527229,True,True,True,True
527248,True,True,True,True
527277,False,True,True,True
527338,True,True,True,True
527344,False,False,False,False
527364,False,False,False,False
527375,False,False,False,False
527440,True,True,True,True
527445,True,True,True,True
527492,True,True,True,True
527507,False,True,True,False
527529,False,False,False,True
527533,True,True,True,True
527554,False,True,True,True
527578,False,False,False,False
527649,False,True,True,True
527704,False,False,False,False
527717,True,True,True,True
527733,False,True,True,True
527828,False,True,True,True
527885,False,False,False,False
527899,False,False,False,True
527935,False,False,False,True
527961,False,False,False,False
527970,False,True,True,True
528062,False,True,True,True
528074,False,True,True,True
528091,True,True,True,True
528098,True,True,True,True
528112,False,True,False,True
528147,False,True,False,False
528151,True,True,True,True
528176,False,False,False,False
528198,False,False,False,True
528213,False,False,False,True
528251,False,True,True,True
528305,True,True,False,True
528311,True,True,True,True
528341,True,True,True,True
528344,True,True,True,True
528345,False,False,True,True
528351,True,True,True,True
528355,True,True,True,True
528358,True,True,True,True
528386,True,True,True,True
528411,True,True,True,True
528446,False,True,True,True
528452,True,True,True,True
528465,True,True,True,True
528466,False,False,True,True
528493,True,True,True,True
528525,True,True,True,True
528527,True,True,True,True
528550,False,False,False,False
528555,False,True,True,True
528563,False,False,True,True
528579,False,False,False,False
528582,False,False,True,True
528591,True,True,True,True
528664,False,True,False,True
528667,True,True,True,True
528729,False,True,False,False
528782,False,False,True,False
528832,False,True,False,False
528851,False,False,False,False
528903,True,True,True,True
528906,True,True,True,True
528936,False,False,False,False
528966,True,True,True,True
528971,True,True,True,True
528994,True,True,True,True
529017,False,True,True,True
529019,True,True,True,True
529056,True,True,True,True
529083,False,False,False,False
529087,True,True,True,True
529097,False,True,True,True
529133,False,True,True,True
529140,False,False,False,False
529159,False,True,False,True
529166,True,True,True,True
529188,False,True,True,True
529311,False,False,False,False
529350,False,True,True,True
529376,False,False,True,True
529377,False,True,False,True
529389,True,True,True,True
529411,False,False,True,True
529447,True,True,True,True
529454,True,True,True,True
529470,False,True,True,True
529477,False,True,True,True
529494,True,True,True,True
529507,True,True,True,True
529515,True,True,True,True
529522,True,True,True,True
529524,False,False,True,True
529545,False,False,False,False
529562,False,True,True,True
529592,False,False,False,False
529676,False,False,False,True
529698,True,True,True,True
529715,False,False,True,False
529788,True,True,True,True
529804,True,True,True,True
529806,False,True,True,True
529850,False,False,False,False
529886,True,True,True,True
529910,True,True,True,True
529917,False,False,False,False
529944,False,True,True,False
529954,True,True,True,True
530013,False,False,False,False
530037,False,False,True,True
530059,True,True,True,True
530197,True,True,True,True
530265,False,False,True,True
530285,False,True,True,True
530286,False,True,True,True
530287,True,True,True,True
530377,True,True,True,True
530383,True,True,True,True
530407,False,True,True,True
530475,True,True,True,True
530494,True,True,True,True
530497,True,True,True,True
530500,False,True,True,True
530508,True,False,True,True
530509,True,True,True,True
530546,False,True,True,True
530599,True,True,True,True
530610,False,True,True,True
530636,True,True,True,True
530652,True,True,True,True
530653,True,True,True,True
530656,True,True,True,True
530670,True,True,True,True
530683,False,True,True,True
530730,True,True,True,True
530731,True,True,True,True
530743,False,True,True,True
530832,False,False,False,False
530860,True,True,True,True
530875,True,True,True,True
530899,False,True,False,True
530903,False,False,True,True
530912,True,True,True,True
530934,True,True,True,True
530945,True,True,True,True
530987,True,True,True,True
531016,False,True,False,True
531032,True,True,True,True
531033,True,True,True,True
531056,False,False,False,True
531086,False,True,True,True
531144,False,True,True,True
531179,False,False,False,True
531290,False,True,True,True
531337,True,True,False,True
531369,True,True,True,True
531374,False,False,False,False
531441,True,True,True,True
531459,True,True,True,True
531465,True,True,True,True
531515,True,True,True,True
531523,True,True,True,True
531575,True,True,True,True
531591,False,True,True,True
531614,False,True,True,True
531644,False,True,True,True
531658,False,True,True,True
531662,False,False,False,False
531697,False,True,True,True
531721,True,True,True,True
531735,False,False,False,False
531796,False,False,False,False
531831,False,False,False,False
531834,True,True,True,True
531852,True,True,True,True
531860,False,True,True,True
531883,True,True,True,True
531928,False,False,False,False
531937,False,False,False,False
531944,True,True,True,True
531958,True,True,True,True
531964,False,True,True,True
531970,True,True,True,True
531983,False,True,True,True
532030,False,False,False,False
532107,False,False,False,False
532128,True,True,True,True
532137,False,True,True,True
532188,True,True,True,True
532194,False,False,False,False
532211,False,False,False,False
532216,False,False,False,False
532239,False,False,False,True
532263,True,True,True,True
532335,True,True,True,True
532358,False,True,True,True
532390,False,False,False,False
532411,False,False,True,False
532449,True,True,True,True
532501,False,True,True,True
532504,False,True,True,True
532520,True,True,True,True
532535,False,True,False,True
532543,True,True,True,True
532559,False,False,False,False
532565,True,True,True,True
532571,True,True,True,True
532589,False,False,False,False
532595,False,True,True,False
532624,False,True,True,True
532631,True,True,True,True
532638,False,False,True,True
532695,False,True,True,True
532744,False,True,True,True
532747,False,True,True,True
532768,True,True,True,True
532775,True,True,True,True
532780,True,True,True,True
532793,True,True,True,True
532809,True,True,True,True
532877,True,True,True,True
532895,False,True,True,True
532941,True,True,True,True
532976,True,True,True,True
532979,True,True,True,True
532988,False,True,True,True
533045,True,True,True,True
533069,False,False,False,False
533159,True,True,True,True
533166,False,True,True,True
533197,True,True,True,True
533218,True,False,True,True
533228,False,False,True,True
533239,True,True,False,True
533283,True,True,True,True
533315,True,True,True,True
533378,True,True,True,True
533396,True,True,True,True
533408,False,True,True,True
533424,False,False,False,False
533451,True,True,True,True
533477,True,True,True,True
533488,True,True,True,True
533512,True,True,True,True
533529,True,True,True,True
533545,True,True,True,True
533550,True,True,True,True
533553,True,True,True,True
533603,False,True,True,True
533619,True,True,True,True
533803,True,True,True,True
533826,True,True,True,True
533827,True,True,True,True
533869,False,True,True,False
533872,True,True,True,True
533942,False,True,True,True
533957,False,True,True,True
533976,True,True,True,True
534036,True,True,True,True
534037,True,True,True,True
534048,False,True,True,False
534121,False,False,False,True
534166,True,True,True,True
534194,False,True,True,True
534267,True,True,True,True
534300,True,True,True,True
534323,False,False,False,False
534336,True,True,True,True
534377,False,False,False,True
534406,False,True,True,True
534412,True,True,True,True
534419,False,True,True,True
534443,False,False,False,False
534468,False,True,True,True
534564,False,True,True,True
534637,False,True,True,True
534733,False,True,True,True
534786,False,False,True,True
534849,True,True,True,True
534857,False,True,True,True
534889,True,True,True,True
534914,False,True,True,True
534915,True,True,True,True
534976,False,False,False,True
535037,True,True,True,True
535143,True,True,True,True
535145,False,False,False,False
535151,False,True,True,True
535160,False,True,True,True
535202,False,True,True,True
535234,True,True,True,True
535292,True,True,True,True
535327,False,True,True,True
535335,False,True,True,True
535358,True,True,True,True
535457,True,True,True,True
535460,False,True,True,True
535467,True,True,True,True
535468,True,True,True,True
535483,False,True,True,True
535506,False,False,True,True
535536,True,True,True,True
535563,False,True,True,True
535713,False,False,False,False
535732,True,True,True,True
535748,False,False,True,True
535753,False,False,False,False
535795,False,False,False,False
535811,True,True,True,True
535852,False,False,False,False
535933,True,True,True,True
536000,False,True,True,True
536039,True,True,True,True
536059,True,True,True,True
536078,False,False,False,False
536103,False,False,False,False
536112,False,True,True,True
536146,False,False,True,True
536149,True,True,True,True
536167,False,False,False,False
536233,True,True,True,True
536244,True,True,True,True
536292,True,True,True,True
536312,False,True,True,True
536370,True,True,True,True
536374,True,True,True,True
536416,True,True,True,True
536428,False,True,True,True
536509,True,True,True,True
536519,False,False,True,True
536570,True,True,True,True
536575,True,False,True,True
536609,False,False,False,False
536641,True,True,True,True
536656,True,True,True,True
536663,False,True,True,True
536707,False,False,False,False
536725,False,False,True,True
536730,True,True,True,True
536896,True,True,True,True
536920,True,True,True,True
536939,False,False,False,False
536960,False,True,True,True
536969,False,False,False,False
536990,False,True,True,True
537041,True,True,True,True
537069,False,False,False,False
537090,False,False,True,False
537127,False,False,True,True
537145,False,True,True,False
537152,True,True,True,True
537160,False,False,True,True
537246,False,False,False,True
537248,False,False,False,False
537293,False,False,True,True
537297,True,True,True,True
537326,True,True,True,True
537372,True,True,True,True
537376,False,True,True,True
537417,True,True,True,True
537479,True,True,True,True
537579,True,True,True,True
537589,True,True,True,True
537611,False,False,False,False
537667,False,True,True,True
537689,False,False,False,False
537710,True,True,True,True
537727,True,True,True,True
537770,True,True,True,True
537773,False,False,False,True
537780,True,True,True,True
537807,False,True,False,False
537875,True,False,True,True
537878,False,False,False,False
537879,False,False,False,False
537905,True,True,True,True
537909,False,True,True,True
537954,True,True,True,True
537982,True,True,True,True
538126,False,False,False,False
538167,True,True,True,True
538182,False,False,False,False
538198,False,True,True,True
538223,True,True,True,True
538233,True,True,True,True
538242,False,True,True,True
538255,False,False,False,False
538263,True,True,True,True
538285,True,True,True,True
538299,False,False,False,False
538320,False,False,False,False
538334,False,False,False,False
538336,True,True,True,True
538414,True,True,True,True
538420,False,False,True,True
538422,False,False,False,True
538518,True,True,True,True
538586,False,False,False,True
538604,False,True,True,True
538633,False,False,True,True
538640,False,True,True,True
538682,False,False,True,True
538686,True,True,True,True
538701,False,True,True,True
538744,False,False,False,False
538775,True,True,True,True
538822,True,True,True,True
538832,True,True,True,True
538838,True,True,True,True
538844,False,False,False,False
538859,True,True,True,True
538922,False,True,True,True
538963,False,True,True,True
538993,False,False,True,True
539023,False,True,True,False
539124,False,True,False,True
539140,False,False,False,False
539167,True,True,True,True
539180,False,False,False,False
539233,False,False,True,True
539235,True,True,True,True
539251,False,True,True,True
539270,True,True,True,True
539296,False,True,True,True
539310,True,True,True,True
539313,False,False,False,True
539386,True,True,True,True
539406,True,True,True,True
539423,False,True,True,True
539449,False,False,False,False
539566,True,True,True,True
539671,True,True,True,True
539682,False,False,True,True
539694,True,True,True,True
539738,True,True,True,True
539754,True,True,True,True
539793,False,False,True,True
539797,False,True,True,True
539851,False,False,False,False
539888,False,False,False,False
539891,True,True,False,False
539897,False,True,True,False
539906,True,True,True,True
539908,True,True,True,True
539915,True,True,True,True
539920,True,True,True,True
539926,True,True,True,True
539934,False,False,False,True
539937,True,True,True,True
539967,False,True,True,True
539977,False,False,False,True
540012,True,True,True,True
540030,True,True,True,True
540059,True,True,True,True
540098,True,True,True,True
540101,True,True,True,True
540106,True,True,True,True
540122,False,False,False,False
540135,True,True,True,True
540174,True,True,True,True
540176,False,True,True,False
540180,True,True,True,True
540196,False,True,True,True
540203,False,False,False,True
540264,False,False,True,True
540270,False,True,True,False
540285,True,True,True,True
540287,True,True,True,True
540321,False,False,False,False
540326,False,True,True,False
540378,True,True,True,True
540469,False,False,True,True
540495,True,True,True,True
540498,False,False,True,False
540520,True,True,True,True
540547,False,False,True,True
540561,True,True,True,True
540582,False,False,True,True
540669,True,True,True,True
540681,True,True,True,True
540682,True,True,True,True
540733,True,True,True,True
540753,True,True,True,True
540765,False,False,False,False
540769,True,True,True,True
540820,True,True,True,True
540868,False,True,True,True
540922,False,False,True,True
541010,False,False,True,True
541017,True,True,True,True
541018,False,False,False,False
541029,True,True,True,True
541053,False,False,True,True
541071,False,False,True,True
541109,False,True,True,True
541113,True,True,True,True
541117,False,True,True,True
541193,True,True,True,True
541212,False,False,False,True
541231,True,True,True,True
541258,True,True,True,True
541279,False,False,False,False
541288,True,True,True,True
541314,False,True,True,True
541343,False,False,False,False
541367,False,False,False,False
541374,False,True,True,True
541422,False,False,True,True
541450,False,False,False,False
541491,False,False,True,False
541493,True,False,True,True
541538,False,True,False,True
541591,True,True,True,True
541601,True,True,True,True
541643,True,True,True,True
541676,True,True,True,True
541687,True,True,True,True
541709,True,True,True,True
541767,True,True,True,True
541813,True,True,True,True
541823,False,False,False,False
541832,False,False,True,True
541879,False,False,False,False
541887,True,True,True,True
541898,True,True,True,True
541918,True,True,True,True
541938,False,True,True,True
541949,True,True,True,True
541950,False,True,True,True
542020,True,True,True,True
542024,False,True,True,True
542027,False,True,True,True
542035,False,True,True,True
542054,True,True,True,True
542060,False,True,False,True
542084,True,True,True,True
542145,False,False,False,False
542165,False,True,False,False
542173,True,True,True,True
542178,True,True,True,True
542186,False,True,True,True
542202,False,False,False,False
542231,False,False,True,True
542234,True,True,True,True
542255,False,False,False,False
542391,False,False,False,False
542426,False,False,False,False
542450,False,True,True,True
542452,False,True,True,True
542587,True,True,True,True
542640,True,True,True,True
542642,True,True,True,True
542643,False,False,False,False
542662,False,True,False,False
542678,False,False,True,True
542685,False,True,False,True
542713,True,True,True,True
542758,True,True,True,True
542799,False,True,True,True
542832,True,True,True,True
542853,False,True,True,True
542888,False,True,True,True
542959,True,True,True,True
542974,True,True,True,True
542984,False,False,False,False
543042,False,True,True,True
543057,True,True,True,True
543090,False,False,False,True
543118,False,False,False,False
543183,True,True,True,True
543194,False,False,True,True
543200,True,True,True,True
543217,False,False,False,False
543268,False,True,True,True
543272,True,True,True,True
543276,False,True,True,True
543289,True,True,True,True
543376,True,True,True,True
543378,False,False,True,False
543407,True,True,True,True
543409,True,True,True,True
543411,True,True,True,True
543490,False,False,True,True
543492,True,True,True,True
543515,False,True,True,True
543525,False,False,False,False
543585,False,True,False,False
543617,False,False,True,True
543635,True,True,True,True
543645,True,True,True,True
543684,True,True,True,True
543686,False,True,True,True
543719,False,True,True,True
543732,False,False,False,True
543782,True,True,True,True
543817,False,True,True,True
543833,True,False,True,True
543860,True,True,True,True
543881,True,True,True,True
543882,False,False,False,False
543930,True,True,True,True
543957,False,True,True,True
543992,False,False,True,True
544005,False,False,False,False
544018,False,True,True,True
544046,False,False,False,False
544117,False,False,False,False
544122,True,True,True,True
544150,True,True,True,True
544198,False,False,False,False
544222,False,True,True,True
544240,False,False,False,False
544264,True,True,True,True
544299,False,False,False,True
544414,True,True,True,True
544601,False,False,True,True
544655,False,False,False,True
544692,True,True,True,True
544705,False,False,False,True
544731,True,True,False,True
544732,True,True,True,True
544782,True,False,False,False
544876,False,False,True,True
544893,True,True,True,True
544956,False,True,True,True
545002,True,True,True,True
545039,True,True,True,True
545056,False,False,False,False
545082,False,False,False,False
545088,False,False,False,False
545114,False,False,True,True
545126,False,True,True,True
545128,False,True,True,True
545135,False,False,False,False
545160,False,True,True,True
545163,True,True,True,True
545181,True,True,True,True
545257,False,True,True,True
545275,True,True,True,True
545289,True,True,True,True
545308,True,True,True,True
545317,False,True,True,True
545325,False,True,True,True
545381,False,False,True,False
545411,True,True,True,True
545500,False,False,False,False
545525,True,True,True,True
545556,False,False,True,True
545566,False,False,False,False
545611,False,True,True,True
545632,False,False,True,False
545651,False,True,True,True
545673,True,True,True,True
545705,False,False,False,True
545735,True,True,True,True
545793,False,False,False,False
545832,True,True,True,True
545874,False,False,True,True
545919,False,False,False,False
545929,True,True,True,True
545944,False,True,True,True
545948,True,True,True,True
545953,True,True,True,True
545982,True,True,True,True
546002,True,True,True,True
546010,False,False,True,False
546018,False,True,True,True
546020,True,True,True,True
546052,False,True,True,True
546079,True,True,True,True
546091,False,False,False,False
546171,True,True,True,True
546193,True,True,True,True
546203,False,False,True,True
546218,True,True,True,True
546245,False,True,True,True
546285,False,True,False,False
546296,True,True,True,True
546366,True,True,True,True
546379,True,True,True,True
546401,False,False,False,False
546454,False,False,False,False
546473,True,True,True,True
546515,True,True,True,True
546538,True,True,True,True
546586,True,True,True,True
546594,False,False,False,False
546631,False,True,True,True
546646,False,False,False,True
546649,False,True,True,True
546651,True,True,True,True
546664,True,True,True,True
546674,True,False,True,True
546687,True,True,True,True
546702,True,True,True,True
546708,True,True,True,True
546730,False,True,True,True
546792,True,True,True,True
546800,False,True,False,False
546832,False,False,True,True
546846,True,True,True,True
546928,True,True,True,False
546952,False,False,True,True
546966,False,False,False,False
546983,False,False,False,False
547043,True,True,True,True
547066,False,False,True,True
547083,False,False,False,False
547135,True,True,True,True
547212,True,True,True,True
547222,False,True,True,True
547224,True,True,True,True
547293,False,False,False,False
547348,True,True,True,True
547352,False,True,True,True
547417,False,True,True,True
547439,True,True,True,True
547459,True,True,True,True
547475,True,True,True,True
547498,False,False,False,False
547504,True,True,True,True
547524,False,True,True,True
547630,True,True,True,True
547636,False,False,False,False
547644,True,True,True,True
547645,True,True,True,True
547675,False,False,False,True
547726,False,True,True,True
547738,True,False,True,True
547742,False,False,False,False
547783,True,True,True,True
547790,True,True,True,True
547797,False,True,False,True
547798,False,False,False,False
547839,False,True,True,True
547879,True,True,True,True
547979,True,True,True,True
548020,False,True,True,True
548029,False,False,False,False
548039,True,True,True,True
548095,True,True,True,True
548168,False,True,True,True
548175,False,False,True,True
548177,True,True,True,True
548240,False,True,True,True
548278,True,True,True,True
548296,False,False,False,False
548318,False,True,True,True
548363,False,False,False,False
548391,True,True,True,True
548471,False,True,False,True
548498,True,True,True,True
548515,True,True,True,True
548532,False,False,True,True
548537,True,True,True,True
548548,True,True,True,True
548670,False,True,False,False
548703,True,True,True,True
548773,True,True,True,True
548795,True,True,True,True
548824,True,True,True,True
548882,True,True,True,True
548943,True,True,True,True
548951,True,True,True,True
548964,True,True,True,True
548974,False,False,False,False
549044,False,False,False,True
549104,True,True,True,True
549112,False,True,True,True
549133,False,False,False,False
549171,False,True,True,True
549209,True,True,True,True
549216,True,True,True,True
549231,True,True,True,False
549236,False,False,True,True
549268,True,True,True,True
549301,False,False,True,True
549317,True,True,True,True
549347,True,True,True,True
549361,False,False,True,True
549378,False,False,False,False
549386,False,False,True,True
549394,True,True,True,True
549426,False,False,True,True
549454,False,False,False,False
549459,True,True,False,False
549496,False,False,False,False
549527,True,True,True,True
549539,True,True,True,True
549568,True,True,True,True
549599,True,False,True,True
549617,False,False,True,True
549626,False,False,False,False
549685,True,True,True,True
549713,False,False,False,False
549729,True,False,False,True
549754,True,True,True,True
549763,False,False,False,False
549789,False,False,True,True
549876,False,False,True,True
549910,True,True,True,True
549933,True,True,True,True
549978,True,True,True,True
550021,False,False,False,False
550023,False,False,False,False
550049,False,False,False,False
550112,False,False,True,True
550133,False,False,False,True
550206,True,True,True,True
550237,False,False,False,False
550239,False,False,False,False
550258,True,True,True,True
550287,True,True,True,True
550333,False,False,False,True
550392,True,True,True,True
550395,True,True,True,True
550400,False,True,True,True
550403,True,True,True,True
550405,False,True,True,True
550410,False,False,False,True
550432,True,True,True,True
550521,False,False,False,True
550532,False,False,False,False
550536,True,True,False,True
550545,True,True,True,True
550547,True,True,True,True
550610,False,False,False,False
550643,True,True,True,True
550655,False,False,False,False
550759,False,False,False,False
550783,False,True,True,True
550834,False,False,False,False
550845,False,False,False,False
550853,False,True,True,True
550874,True,True,True,True
550912,True,True,True,True
550995,True,True,True,True
551023,True,True,True,True
551036,False,False,True,True
551082,True,True,True,True
551107,False,True,False,True
551118,False,False,True,False
551169,False,False,False,False
551189,True,True,True,True
551194,True,True,True,True
551267,False,False,True,False
551275,False,False,False,True
551285,False,True,True,True
551303,False,True,True,True
551383,False,False,False,True
551413,True,True,True,True
551427,False,False,True,True
551441,False,True,True,True
551472,False,False,False,True
551481,True,True,True,True
551533,True,False,False,True
551553,True,True,True,True
551571,False,False,False,True
551581,True,True,True,True
551590,False,True,True,True
551595,True,True,True,True
551630,True,True,True,True
551648,False,False,False,False
551701,False,False,False,False
551733,True,False,True,True
551791,False,True,True,True
551795,True,True,True,True
551814,True,True,True,True
551823,False,False,False,False
551888,False,True,True,True
551907,False,False,False,False
551934,True,True,True,True
551936,False,False,False,False
551952,False,True,True,True
551957,True,True,True,False
551959,True,True,True,True
551963,False,False,False,False
551983,False,False,False,False
552028,False,False,False,True
552054,False,False,False,False
552061,False,True,True,True
552068,False,False,True,True
552093,True,True,True,True
552148,True,True,True,True
552163,True,True,True,True
552167,True,True,True,True
552186,False,False,False,False
552221,False,True,True,True
552222,False,False,False,False
552247,False,True,True,True
552304,False,False,True,True
552364,False,True,True,True
552377,True,True,True,True
552380,True,True,True,True
552392,True,True,True,True
552440,True,True,True,True
552441,True,True,True,True
552446,False,False,True,True
552467,False,False,True,True
552502,False,False,False,False
552503,False,True,True,True
552520,False,False,False,False
552553,True,True,True,True
552563,False,False,False,False
552569,False,False,False,False
552575,True,True,True,True
552623,False,True,True,True
552630,False,False,False,False
552717,False,False,False,False
552744,True,True,True,True
552752,False,True,True,True
552832,True,True,True,True
552866,True,True,True,True
552880,True,True,True,True
552938,True,True,True,True
552942,True,True,True,True
552945,False,True,False,True
553000,False,False,True,True
553021,False,True,True,False
553067,True,True,True,True
553079,False,False,False,False
553118,True,True,True,True
553129,False,False,False,False
553224,False,True,True,True
553232,True,True,True,True
553267,False,True,True,True
553326,False,False,False,False
553353,False,True,True,True
553373,False,False,False,False
553413,True,True,True,True
553503,False,False,False,False
553505,True,True,True,True
553528,False,True,True,True
553531,True,True,True,True
553609,True,True,True,True
553667,False,True,True,True
553735,True,True,True,True
553736,False,True,True,True
553774,True,False,False,False
553847,False,False,True,True
553852,True,True,True,True
553859,True,True,True,True
553865,True,True,True,True
553872,True,True,True,True
553913,False,False,True,True
553918,False,True,True,True
553942,True,True,True,True
553998,True,True,True,True
554059,True,True,True,True
554070,True,True,True,True
554083,False,False,True,True
554104,False,False,False,False
554125,False,False,False,False
554138,False,True,True,True
554152,False,False,True,True
554217,False,True,True,True
554232,True,True,True,True
554285,False,False,True,True
554348,True,True,True,True
554364,True,True,True,True
554392,False,False,False,False
554408,True,False,True,True
554445,False,True,False,True
554471,False,True,True,True
554490,False,True,True,True
554523,False,False,False,False
554541,False,False,False,True
554556,True,True,True,True
554598,False,False,False,True
554617,True,True,True,True
554618,False,True,True,True
554665,False,False,False,False
554674,True,True,True,True
554689,False,False,True,True
554698,False,False,False,False
554706,False,True,True,True
554727,True,True,True,True
554743,True,True,True,True
554744,True,True,True,True
554852,False,True,True,True
554854,True,True,True,True
554855,False,False,True,False
554863,False,False,True,False
554866,True,True,True,True
554891,False,True,True,True
554920,True,True,True,True
554958,True,True,True,True
554980,False,True,False,True
555015,False,True,True,True
555038,False,False,False,False
555080,True,True,True,True
555088,False,False,True,True
555101,False,True,False,True
555102,True,True,True,True
555118,False,False,False,False
555206,False,False,True,False
555230,True,True,True,True
555271,True,True,True,True
555298,True,True,True,True
555299,True,True,True,True
555516,False,False,False,True
555574,False,False,False,False
555582,False,False,False,True
555622,False,False,False,False
555658,True,True,True,True
555722,True,True,True,True
555743,True,True,True,True
555755,False,True,True,True
555800,True,True,True,True
555808,False,False,False,False
555848,True,True,True,True
555898,False,False,True,True
555905,False,False,False,True
555906,True,True,True,True
555956,True,True,True,True
555974,False,True,True,True
555976,True,True,True,True
556012,False,True,True,True
556025,False,True,True,True
556065,True,True,True,True
556101,False,True,False,False
556143,False,False,False,False
556145,False,True,True,True
556192,True,True,True,True
556202,True,True,True,True
556222,True,True,True,True
556230,False,False,False,False
556246,False,False,False,False
556341,True,True,True,True
556349,False,False,False,False
556372,True,True,True,True
556399,False,True,True,True
556409,True,True,True,True
556453,True,True,True,True
556458,True,True,True,True
556461,True,True,True,True
556462,True,True,True,True
556472,True,True,True,True
556473,True,True,True,True
556478,False,False,False,True
556485,True,True,True,True
556512,True,True,True,True
556516,False,False,False,False
556518,True,True,True,True
556542,True,True,True,True
556569,False,False,False,False
556637,False,False,True,True
556683,True,True,True,True
556698,False,True,True,True
556745,True,True,True,True
556748,False,False,False,False
556763,True,True,True,True
556775,True,True,True,True
556822,True,True,True,True
556823,True,True,True,True
556855,False,True,False,True
556901,False,False,True,False
556955,True,True,True,True
556956,False,True,True,True
556986,False,False,True,True
557021,False,False,False,False
557023,False,False,False,False
557155,False,False,False,True
557163,False,False,True,True
557187,True,True,True,True
557188,False,False,False,False
557251,False,True,True,True
557321,True,True,True,True
557343,False,False,True,True
557355,True,False,True,True
557467,False,False,False,True
557507,True,True,True,True
557514,False,False,False,True
557517,True,True,True,True
557527,True,True,True,True
557548,False,False,True,True
557552,False,True,True,True
557595,True,True,True,True
557648,False,False,False,False
557677,False,False,False,False
557685,True,True,True,True
557725,True,True,True,True
557746,False,False,True,True
557780,False,False,False,False
557829,True,True,True,False
557830,False,False,True,True
557869,True,False,False,False
557875,False,False,False,False
557922,False,False,False,True
557985,True,True,False,True
558013,False,False,False,False
558113,True,True,True,True
558127,True,True,True,True
558134,False,False,True,True
558137,False,False,False,False
558166,False,False,True,True
558169,False,True,True,True
558221,False,True,False,True
558248,True,True,True,True
558274,True,True,True,True
558286,False,False,False,False
558291,True,True,True,True
558294,True,True,True,True
558318,False,False,True,True
558396,False,True,True,True
558405,False,True,True,True
558406,True,True,True,True
558424,True,True,True,True
558426,True,True,True,True
558436,True,True,True,True
558454,True,True,True,True
558524,True,True,True,True
558577,False,True,True,True
558602,False,True,True,True
558608,True,True,True,True
558615,True,False,True,True
558616,True,True,True,True
558671,False,False,False,False
558673,False,False,True,True
558700,True,True,True,True
558741,True,True,True,True
558748,False,True,True,True
558798,False,False,False,False
558808,False,True,True,True
558826,False,True,True,True
558834,True,True,True,True
558836,False,True,False,False
558860,True,True,True,True
558876,True,True,True,True
558915,True,True,True,True
558966,False,True,True,True
559073,True,True,True,True
559079,False,False,False,False
559101,True,True,True,True
559113,True,True,True,True
559127,False,True,True,True
559132,True,True,True,True
559136,True,True,True,True
559195,False,False,False,False
559261,True,True,True,True
559356,False,True,True,True
559395,False,False,False,False
559416,False,False,False,True
559438,True,True,True,True
559442,False,True,True,True
559463,False,True,True,True
559470,False,False,True,True
559511,True,True,True,True
559550,False,False,False,False
559651,False,True,True,False
559665,True,True,True,True
559747,True,True,True,True
559778,False,False,True,True
559821,True,True,True,True
559873,True,True,True,True
559877,False,False,True,True
559907,False,False,False,False
559949,False,False,False,False
560009,False,False,False,False
560018,True,True,True,True
560055,True,True,True,True
560087,False,True,True,True
560148,False,True,True,True
560152,True,True,True,True
560158,False,False,True,False
560173,False,False,False,False
560204,True,True,True,True
560235,True,True,True,True
560254,True,True,True,True
560260,False,False,False,False
560262,False,True,False,True
560270,False,True,True,True
560282,False,True,True,True
560311,False,True,True,True
560325,False,True,True,True
560365,True,True,True,True
560391,True,True,True,True
560422,False,False,False,False
560427,True,True,True,True
560431,True,True,True,True
560463,True,True,True,True
560489,True,True,True,True
560505,True,True,True,True
560511,True,True,True,True
560525,True,True,True,True
560561,True,True,True,True
560581,False,False,True,False
560591,True,True,True,True
560604,True,True,True,True
560691,False,False,False,False
560726,False,False,False,False
560797,False,False,False,False
560804,True,True,True,True
560850,False,False,False,False
560879,False,False,False,False
560885,True,True,True,True
560891,False,False,False,False
560943,False,False,False,False
560967,True,True,True,True
560969,False,True,True,True
560997,False,True,True,False
561013,False,False,True,False
561066,True,True,True,True
561069,False,False,False,True
561082,False,False,False,False
561106,False,False,True,True
561131,True,False,True,True
561145,False,False,True,True
561156,False,True,True,True
561176,True,True,True,True
561190,False,True,True,True
561346,True,True,True,True
561382,True,True,True,True
561386,True,True,True,True
561399,True,True,True,True
561411,False,False,False,True
561437,True,True,True,True
561453,False,True,True,True
561479,True,True,True,True
561514,False,True,True,True
561517,False,True,True,True
561565,True,True,True,True
561570,True,True,True,True
561622,False,False,True,True
561624,False,False,False,False
561635,False,True,True,True
561636,True,True,True,True
561724,True,True,True,True
561729,False,False,False,True
561794,True,True,True,True
561818,True,True,True,True
561821,False,False,True,False
561842,True,True,True,True
561865,False,False,False,True
561894,True,True,True,True
561953,True,True,True,True
561962,False,True,True,True
562045,False,True,True,True
562082,True,True,True,True
562101,True,False,False,True
562106,False,True,True,True
562124,True,True,True,True
562150,False,True,True,True
562157,False,True,True,True
562171,True,False,True,True
562192,False,True,True,True
562222,True,True,True,True
562305,False,True,True,True
562308,False,True,True,True
562335,False,False,False,False
562388,False,False,False,True
562394,False,True,True,True
562428,True,True,True,True
562485,True,True,True,True
562507,False,True,True,True
562516,False,False,False,True
562556,True,True,True,True
562573,True,True,True,True
562602,False,True,True,True
562614,True,True,True,True
562623,False,False,False,False
562628,False,True,True,False
562632,True,True,True,True
562645,False,True,False,True
562650,True,True,True,True
562664,False,False,False,True
562735,False,False,False,True
562740,True,True,True,True
562745,True,True,True,True
562766,True,True,True,True
562777,False,False,False,False
562805,False,True,True,True
562819,False,False,False,False
562835,False,False,False,False
562848,True,True,True,True
562870,True,True,True,True
562897,False,False,True,True
562904,True,True,True,True
562911,False,False,True,True
562960,True,True,True,True
562973,True,False,True,True
563065,True,True,True,True
563122,True,True,True,True
563164,False,False,True,True
563170,True,True,True,True
563177,False,False,False,False
563208,False,True,False,True
563340,False,False,False,False
563355,True,True,True,True
563396,False,False,True,True
563411,True,True,True,True
563447,False,False,False,False
563511,True,True,True,True
563535,True,True,True,True
563542,False,True,True,True
563625,True,True,True,True
563680,True,True,True,True
563711,False,False,False,False
563717,True,True,True,True
563730,False,False,False,True
563771,False,False,False,False
563803,False,False,False,False
563870,True,True,True,True
563871,False,False,False,False
563885,False,True,False,False
563926,False,False,False,False
563935,False,False,False,False
563945,False,True,True,True
563948,False,True,True,True
563999,True,True,True,True
564088,True,True,True,True
564109,True,True,True,True
564132,False,False,False,True
564185,False,False,False,False
564197,False,True,True,True
564232,True,True,True,True
564264,True,True,True,True
564267,False,False,True,True
564270,False,False,True,True
564271,True,True,True,True
564283,False,False,True,True
564302,False,False,False,False
564304,True,True,True,True
564339,True,True,True,True
564348,False,False,False,True
564366,False,False,False,False
564418,True,True,True,True
564545,True,True,True,True
564557,False,True,True,True
564573,False,True,True,True
564589,False,True,True,True
564599,True,True,True,True
564611,False,True,True,True
564781,False,True,True,True
564799,True,True,True,True
564822,False,True,True,True
564830,False,False,False,False
564865,False,False,False,True
564915,False,True,True,True
564931,True,True,True,True
564933,False,True,True,True
564951,True,True,True,True
565110,True,True,True,True
565117,True,True,True,True
565194,False,False,False,False
565233,False,False,False,False
565248,True,True,True,False
565258,False,True,True,True
565303,False,True,True,True
565312,True,True,True,True
565313,False,True,False,True
565341,False,False,False,False
565387,True,True,True,True
565424,False,False,False,False
565438,False,False,True,True
565479,True,True,True,True
565582,False,True,True,True
565595,True,True,True,True
565612,False,False,True,True
565683,True,True,True,True
565740,False,False,True,True
565781,True,True,True,True
565799,False,True,False,True
565869,True,True,True,True
565870,True,True,True,True
565875,False,False,False,True
565886,False,False,False,False
565921,True,True,True,True
565954,True,True,True,True
565986,False,False,False,True
566021,False,False,False,False
566032,False,True,True,True
566054,True,True,True,True
566096,True,True,True,True
566105,True,True,True,True
566145,True,True,True,True
566159,True,True,True,True
566173,True,True,True,True
566188,False,False,False,False
566234,True,True,True,True
566264,False,True,False,True
566319,True,True,True,True
566321,True,True,True,True
566346,True,True,False,True
566357,False,True,True,True
566432,False,True,True,True
566448,True,True,True,True
566450,False,False,False,False
566488,False,True,True,True
566514,False,False,False,False
566568,False,True,True,True
566584,False,True,True,True
566642,True,True,True,True
566644,False,True,True,False
566651,False,True,True,True
566687,False,False,False,True
566704,False,True,True,True
566713,True,True,True,True
566717,True,True,True,True
566743,False,True,True,True
566746,False,False,True,False
566762,True,True,True,True
566876,True,True,True,True
566931,True,True,True,True
566935,True,True,True,True
566969,True,True,True,True
566984,True,True,True,True
567000,False,True,True,True
567008,False,False,False,False
567013,True,True,True,True
567018,False,False,False,False
567076,False,False,False,True
567082,False,False,True,True
567085,False,True,False,False
567106,False,True,True,True
567121,True,True,True,True
567142,False,False,False,False
567145,False,True,False,False
567161,True,True,True,True
567208,False,True,False,False
567219,False,False,True,True
567252,True,True,True,True
567254,False,False,False,False
567304,False,False,False,False
567308,False,True,True,True
567320,True,True,True,True
567346,False,False,False,False
567363,False,True,True,True
567407,True,True,True,True
567416,True,True,True,True
567448,True,True,True,True
567535,False,False,True,False
567565,True,True,True,True
567627,True,True,True,True
567637,True,True,True,True
567652,True,True,True,True
567665,True,True,True,True
567683,False,False,False,False
567693,True,True,True,True
567706,False,False,False,False
567730,True,True,True,True
567764,True,True,True,True
567768,True,True,True,True
567780,True,True,True,True
567812,True,True,True,True
567944,False,False,False,True
567989,True,True,True,True
568000,False,True,True,True
568004,True,True,True,True
568050,True,True,True,True
568076,False,False,False,False
568090,False,True,True,True
568098,False,False,False,False
568113,False,False,False,False
568115,False,True,True,True
568117,True,False,False,True
568143,False,True,False,False
568148,True,True,True,True
568240,False,False,False,False
568265,False,False,False,False
568272,True,True,True,True
568358,False,True,False,False
568367,False,False,False,True
568369,False,True,True,True
568393,True,True,True,True
568454,True,True,True,True
568462,False,False,False,False
568471,True,True,True,True
568492,False,True,True,True
568507,False,False,False,False
568559,False,True,True,True
568587,False,True,False,True
568623,False,True,True,True
568668,False,False,True,False
568677,False,False,True,True
568687,True,True,True,True
568725,True,True,True,True
568765,True,True,True,True
568790,True,True,True,True
568840,True,True,True,True
568848,False,True,True,True
568854,False,False,False,False
568878,True,True,True,True
568879,True,True,True,True
568880,False,False,True,False
568925,False,False,False,False
568927,True,True,True,True
568956,False,True,True,True
568962,False,False,False,False
568963,False,True,True,True
569037,False,True,True,True
569158,True,True,True,True
569188,False,False,False,False
569190,False,True,True,True
569223,False,True,True,True
569289,True,True,True,True
569308,True,True,True,True
569319,True,True,True,True
569415,True,True,True,True
569484,False,False,False,False
569505,False,True,True,True
569511,True,True,True,True
569530,False,True,True,True
569535,False,False,True,True
569550,True,True,True,True
569560,True,True,True,True
569584,True,True,True,True
569697,True,True,True,True
569723,False,False,False,False
569742,False,False,True,True
569767,True,True,True,True
569769,True,True,True,True
569839,False,True,True,True
569872,True,True,True,True
569900,True,True,True,True
569958,True,True,True,True
569988,True,False,True,True
569989,True,True,True,True
570022,True,True,True,True
570107,False,False,True,True
570115,True,True,True,True
570141,True,True,True,True
570196,False,True,True,True
570203,False,False,True,True
570215,True,True,True,True
570225,True,True,True,True
570295,True,True,True,True
570338,True,True,True,True
570351,True,True,True,True
570353,True,True,True,True
570390,True,True,True,True
570406,False,False,True,True
570440,True,True,True,True
570518,True,True,True,True
570528,True,True,True,True
570548,False,False,True,True
570567,True,True,True,True
570568,True,True,True,True
570574,False,False,False,False
570588,True,True,True,True
570608,False,False,True,False
570656,False,False,False,False
570660,True,True,True,True
570680,False,True,True,False
570705,True,True,True,True
570741,False,False,True,False
570768,False,True,True,True
570786,True,True,True,True
570810,False,True,True,True
570848,False,False,False,True
570879,True,True,True,True
570942,False,True,False,True
570978,True,True,True,True
570981,True,True,True,True
571038,False,True,True,True
571059,False,False,False,True
571146,False,True,True,True
571157,False,False,True,True
571236,True,True,True,True
571357,True,True,True,True
571364,True,True,True,True
571384,False,True,True,True
571407,False,True,True,True
571451,True,True,True,True
571499,True,True,True,True
571544,False,False,False,True
571554,True,True,True,True
571563,True,True,True,True
571573,False,True,True,True
571584,False,False,False,False
571585,False,True,True,True
571627,False,True,True,True
571644,False,False,True,True
571654,False,False,True,True
571658,True,True,True,True
571673,True,True,True,True
571683,True,True,True,True
571721,False,False,True,True
571737,True,True,True,True
571768,True,True,True,True
571786,True,True,True,True
571791,False,True,True,True
571847,True,True,True,True
571885,True,False,True,True
571887,True,True,True,True
571920,False,True,True,True
571946,True,True,True,True
571990,True,True,True,True
572001,False,False,False,True
572042,True,True,True,True
572061,False,True,True,True
572063,False,True,True,True
572081,False,True,True,True
572110,False,False,True,False
572181,True,True,True,True
572252,True,True,True,True
572295,False,False,False,False
572296,False,True,True,True
572304,True,True,True,True
572326,True,True,True,True
572353,True,True,True,True
572362,True,True,True,True
572370,False,True,True,True
572391,True,True,True,True
572427,False,False,False,False
572469,False,False,False,False
572477,False,True,True,True
572487,True,True,True,True
572499,False,True,True,False
572554,False,True,True,True
572561,True,True,True,True
572584,False,True,True,True
572586,True,True,True,True
572602,False,True,True,True
572754,False,False,True,True
572786,False,True,True,True
572826,False,True,True,True
572897,False,False,False,False
572978,False,False,True,True
573085,False,False,False,False
573087,False,True,True,True
573132,False,True,True,True
573142,True,True,True,True
573146,True,True,True,True
573169,True,True,True,True
573196,True,True,True,True
573206,False,True,True,True
573209,False,True,True,True
573214,False,True,True,True
573252,True,False,True,True
573337,False,True,True,True
573341,False,True,False,True
573357,False,False,False,False
573482,False,False,True,True
573536,False,True,True,True
573570,True,True,False,True
573572,True,True,True,True
573584,False,False,False,False
573635,False,False,False,True
573647,False,False,False,False
573670,False,True,True,True
573732,True,True,True,True
573749,False,True,True,True
573759,True,True,True,True
573775,False,False,False,False
573784,False,False,False,True
573786,True,True,True,True
573819,True,True,True,True
573823,True,True,True,True
573825,True,True,True,True
573829,False,False,False,False
573841,True,True,True,True
573882,False,False,False,False
573896,True,True,True,True
573898,False,False,False,True
573913,True,True,True,True
573930,True,True,True,True
573935,False,False,True,True
573941,True,True,True,True
573954,True,True,True,True
573963,True,True,True,True
573980,True,True,True,True
574028,False,True,True,True
574034,True,True,True,True
574037,True,True,True,True
574052,True,True,True,True
574077,False,False,False,False
574095,True,True,True,True
574103,True,True,True,True
574106,True,True,True,True
574114,True,True,True,True
574130,True,True,True,True
574132,True,True,True,True
574140,True,True,True,True
574154,True,True,True,True
574166,True,True,True,True
574203,False,False,False,False
574215,False,False,True,True
574218,True,True,True,True
574227,False,True,True,True
574232,False,True,True,True
574277,False,True,True,True
574280,True,True,True,True
574281,True,True,True,True
574299,False,True,False,False
574308,False,True,True,True
574402,True,True,True,True
574419,True,True,True,True
574455,True,True,True,True
574462,True,True,True,True
574476,False,False,False,False
574487,False,False,False,False
574506,True,True,True,True
574525,True,True,True,True
574541,True,True,True,True
574590,False,True,False,True
574672,False,False,True,True
574673,True,True,True,True
574755,True,True,True,True
574760,False,False,False,True
574796,False,True,False,False
574804,False,False,False,False
574825,False,True,True,True
574837,False,False,True,False
574908,False,True,True,True
574953,True,True,True,True
574961,False,True,True,True
575005,True,True,True,True
575018,True,True,True,True
575040,True,True,True,True
575121,True,True,True,True
575128,True,True,True,True
575202,True,True,True,True
575206,True,True,True,True
575209,True,True,True,True
575222,True,True,True,True
575273,False,True,True,True
575287,False,False,False,False
575303,True,True,True,True
575307,True,True,True,True
575331,False,False,True,True
575349,False,False,False,False
575354,True,True,True,True
575361,True,True,True,False
575391,False,True,True,True
575406,False,False,False,False
575417,True,True,True,True
575428,False,False,False,False
575535,False,True,True,True
575594,False,False,False,False
575610,True,True,True,True
575649,False,False,False,True
575701,False,True,True,True
575702,False,False,True,False
575719,True,True,True,False
575734,True,True,True,True
575743,True,True,True,True
575751,False,False,False,False
575754,True,True,True,True
575755,False,False,False,False
575786,False,False,False,True
575857,True,True,True,True
575867,False,False,False,False
575904,False,False,True,True
575978,True,True,True,True
576015,False,True,True,True
576040,True,True,True,True
576045,False,False,False,False
576047,False,False,True,False
576070,True,True,True,True
576085,True,True,True,True
576138,True,True,True,True
576158,False,True,True,False
576187,False,False,True,True
576206,True,True,True,True
576214,True,True,True,True
576219,True,True,True,True
576225,False,True,True,True
576247,False,False,False,False
576248,True,False,True,True
576369,False,False,True,True
576386,False,False,True,True
576397,False,False,False,False
576500,False,True,True,False
576598,False,True,True,True
576612,True,True,True,True
576629,True,True,True,True
576630,True,True,True,True
576638,False,True,True,True
576684,False,False,False,False
576700,False,False,False,False
576714,True,True,True,True
576732,True,True,True,True
576752,False,False,True,True
576789,False,True,True,True
576801,True,True,True,True
576849,True,True,True,True
576855,False,False,False,False
576973,False,True,True,True
576987,True,True,True,True
577030,True,True,True,True
577052,False,True,True,True
577072,True,True,True,True
577077,False,True,True,True
577083,False,False,False,False
577122,True,True,True,True
577146,False,False,False,False
577160,True,True,True,True
577169,False,False,False,False
577219,False,False,True,True
577265,True,True,True,True
577310,False,False,False,True
577358,True,True,True,True
577378,True,True,True,True
577380,True,True,True,True
577488,True,True,True,True
577513,False,False,False,False
577527,True,True,True,True
577532,True,True,True,True
577651,False,False,False,False
577653,False,True,False,True
577654,False,False,False,False
577669,False,True,True,False
577718,False,False,False,False
577725,False,True,True,True
577738,False,False,False,False
577762,True,True,True,True
577887,True,True,True,True
577891,True,True,True,True
577912,False,False,False,False
577924,False,False,False,False
577995,False,False,False,True
578002,False,False,False,False
578019,False,True,True,True
578103,True,True,True,True
578108,False,True,True,True
578137,False,False,True,True
578174,False,False,False,False
578184,False,False,False,False
578193,True,True,True,True
578197,True,True,True,True
578250,False,False,False,True
578255,True,True,True,True
578261,False,False,False,False
578295,True,True,True,True
578308,False,False,False,False
578324,True,True,True,True
578330,False,True,True,True
578331,False,False,False,False
578341,True,True,True,True
578347,False,False,False,False
578350,True,True,True,True
578356,False,True,True,True
578369,False,False,False,True
578454,False,True,True,True
578459,False,False,True,True
578467,True,True,True,True
578493,True,True,True,True
578506,False,True,True,True
578523,False,False,True,True
578533,False,True,False,True
578553,False,False,False,False
578594,False,False,False,False
578597,False,True,True,True
578620,True,True,True,True
578698,True,True,True,True
578752,False,False,False,False
578770,True,True,True,True
578808,False,True,True,True
578813,False,False,False,False
578836,True,True,True,True
578848,False,True,True,True
578849,True,True,True,True
578861,False,True,True,True
578902,True,True,True,True
578903,False,False,False,False
578915,True,True,True,True
578950,False,True,False,True
578993,True,True,True,True
579042,False,True,True,True
579051,False,False,False,False
579056,False,True,True,True
579057,True,True,True,True
579060,True,True,True,True
579134,True,True,True,True
579137,True,True,True,True
579145,True,True,True,True
579170,True,True,True,True
579186,False,False,True,False
579188,False,False,False,False
579201,False,False,True,True
579299,False,True,True,True
579312,False,False,True,True
579404,True,True,True,True
579418,True,True,True,True
579440,True,True,True,True
579446,False,True,True,True
579466,True,True,True,True
579487,True,True,True,True
579534,False,True,True,True
579543,True,False,False,True
579567,True,True,True,True
579666,False,False,False,False
579673,True,True,True,True
579680,True,True,True,True
579735,False,False,False,True
579785,True,False,False,False
579815,False,False,False,True
579846,False,False,True,False
579906,True,True,True,True
579926,False,False,False,False
580051,False,False,True,True
580191,False,True,True,True
580257,True,True,True,True
580274,False,True,False,True
580396,False,False,False,False
580408,False,False,True,True
580414,False,True,True,True
580461,True,True,True,True
580511,False,True,True,True
580541,True,True,True,True
580542,False,True,True,True
580586,False,True,True,True
580591,True,True,True,True
580620,False,True,True,True
580629,False,True,True,True
580651,False,True,True,True
580693,True,True,True,True
580735,True,True,True,True
580741,True,True,True,True
580765,False,True,True,False
580778,True,True,True,True
580781,False,True,True,True
580785,False,False,False,True
580837,True,True,True,True
580843,False,True,False,False
580847,False,False,False,False
580856,False,False,False,False
580930,True,True,True,True
580942,False,False,False,True
580979,True,False,True,True
581010,False,True,True,True
581036,True,True,True,True
581097,True,False,True,True
581108,False,True,True,True
581136,False,True,True,True
581199,True,True,True,True
581283,False,False,False,False
581332,True,True,True,True
581394,False,False,False,False
581415,False,False,False,False
581422,False,False,True,True
581629,False,False,True,False
581637,True,True,True,True
581662,False,False,True,True
581686,True,True,True,True
581697,False,False,False,False
581715,False,True,True,True
581726,True,True,True,True
581732,False,False,False,False
581829,True,True,False,False
581839,True,True,True,True
581863,True,True,True,True
581904,False,True,True,True
581921,True,True,True,True
